Customer_ID,Age,Gender,Tenure,Contract_Type,Internet_Service,Monthly_Charges,Total_Charges,Satisfaction_Score,Customer_Support_Calls,Churn,RF_Churn_Probability,LR_Churn_Probability,Ensemble_Probability,Predicted_Churn,Risk_Category
CUST-00001,48,Female,5,Month-to-Month,Fiber Optic,73.66,456.05,2.5,5,Yes,98.67,100.0,99.33,Yes,High
CUST-00002,40,Female,11,Month-to-Month,DSL,59.48,672.8,5.0,2,No,53.4,33.47,43.44,Yes,Medium
CUST-00003,51,Female,7,Month-to-Month,DSL,28.93,237.59,4.8,4,No,19.05,7.94,13.49,No,Low
CUST-00004,63,Male,2,One Year,No,29.3,80.46,3.3,2,No,0.16,0.0,0.08,No,Low
CUST-00005,38,Male,42,Month-to-Month,DSL,35.21,1402.05,2.6,5,Yes,80.59,87.79,84.19,Yes,High
CUST-00006,38,Female,46,Month-to-Month,Fiber Optic,120.0,5209.63,2.2,1,Yes,91.01,86.53,88.77,Yes,High
CUST-00007,64,Female,5,One Year,Fiber Optic,82.02,488.16,4.9,5,No,1.51,0.58,1.05,No,Low
CUST-00008,52,Female,1,Month-to-Month,Fiber Optic,116.12,222.56,3.3,2,Yes,98.72,99.28,99.0,Yes,High
CUST-00009,35,Female,32,One Year,DSL,62.07,2108.77,2.4,2,No,1.57,0.1,0.83,No,Low
CUST-00010,49,Male,5,Month-to-Month,No,19.98,116.63,3.1,5,Yes,76.22,90.95,83.58,Yes,High
CUST-00011,35,Male,11,Month-to-Month,No,33.44,411.59,2.9,2,No,16.57,17.63,17.1,No,Low
CUST-00012,35,Male,1,Two Year,Fiber Optic,74.54,139.55,5.0,5,No,5.04,1.15,3.09,No,Low
CUST-00013,45,Male,6,One Year,Fiber Optic,71.6,521.1,3.4,0,No,1.98,0.04,1.01,No,Low
CUST-00014,18,Male,37,Month-to-Month,Fiber Optic,51.63,1952.59,3.2,2,Yes,91.27,98.07,94.67,Yes,High
CUST-00015,18,Female,39,Month-to-Month,DSL,53.98,2107.05,1.7,4,Yes,32.7,26.55,29.62,No,Low
CUST-00016,34,Male,5,Two Year,No,26.36,156.79,3.7,0,No,0.06,0.0,0.03,No,Low
CUST-00017,27,Male,9,Month-to-Month,Fiber Optic,83.85,870.0,3.2,1,Yes,97.58,91.03,94.31,Yes,High
CUST-00018,46,Male,3,Month-to-Month,Fiber Optic,76.43,290.86,3.8,3,Yes,98.04,95.94,96.99,Yes,High
CUST-00019,29,Female,1,One Year,DSL,45.31,84.9,3.3,0,No,0.08,0.0,0.04,No,Low
CUST-00020,22,Female,72,One Year,DSL,62.02,4241.38,2.8,4,No,2.15,0.07,1.11,No,Low
CUST-00021,62,Female,25,One Year,Fiber Optic,64.21,1746.1,3.3,6,No,4.27,1.75,3.01,No,Low
CUST-00022,38,Female,18,One Year,No,32.33,583.94,2.4,2,No,0.23,0.0,0.11,No,Low
CUST-00023,42,Male,34,One Year,Fiber Optic,62.48,2258.05,3.4,4,No,2.51,0.81,1.66,No,Low
CUST-00024,22,Female,43,Two Year,No,19.5,789.89,4.6,3,No,0.01,0.0,0.0,No,
CUST-00025,34,Male,39,One Year,Fiber Optic,75.71,2921.17,4.2,2,No,1.69,0.17,0.93,No,Low
CUST-00026,43,Male,0,Month-to-Month,Fiber Optic,77.68,77.13,2.9,2,Yes,98.57,99.54,99.05,Yes,High
CUST-00027,25,Female,4,Month-to-Month,Fiber Optic,79.99,417.76,3.0,3,Yes,97.96,99.48,98.72,Yes,High
CUST-00028,47,Female,25,One Year,Fiber Optic,83.37,2171.08,3.8,6,No,2.49,1.19,1.84,No,Low
CUST-00029,33,Male,11,Two Year,DSL,48.67,525.81,3.6,2,No,0.1,0.1,0.1,No,Low
CUST-00030,37,Male,72,Month-to-Month,DSL,34.11,2524.94,3.2,3,No,42.69,84.26,63.47,No,High
CUST-00031,33,Female,26,Month-to-Month,DSL,63.92,1721.48,2.6,4,No,14.25,22.4,18.33,No,Low
CUST-00032,67,Male,72,Two Year,DSL,72.15,4886.53,2.2,3,No,0.23,0.0,0.11,No,Low
CUST-00033,41,Male,5,One Year,Fiber Optic,103.88,618.96,2.2,2,No,3.66,2.5,3.08,No,Low
CUST-00034,27,Male,47,Month-to-Month,Fiber Optic,87.93,4384.59,3.0,1,Yes,95.82,97.28,96.55,Yes,High
CUST-00035,53,Male,9,One Year,No,28.2,253.99,3.6,2,No,0.21,0.01,0.11,No,Low
CUST-00036,24,Female,72,Two Year,No,30.24,2309.42,1.3,2,No,0.73,0.0,0.37,No,Low
CUST-00037,44,Male,4,Two Year,Fiber Optic,99.96,472.03,4.0,1,No,4.22,0.45,2.33,No,Low
CUST-00038,18,Male,17,One Year,DSL,56.93,1015.65,2.0,2,No,0.79,0.24,0.51,No,Low
CUST-00039,23,Female,37,Month-to-Month,DSL,55.76,1995.21,2.4,4,Yes,90.55,97.15,93.85,Yes,High
CUST-00040,44,Female,13,Two Year,Fiber Optic,59.9,846.68,2.9,3,No,1.65,1.29,1.47,No,Low
CUST-00041,52,Male,15,Month-to-Month,DSL,56.93,890.27,3.6,1,No,8.06,5.26,6.66,No,Low
CUST-00042,44,Male,72,Two Year,DSL,68.44,4693.55,4.9,3,No,3.78,0.01,1.9,No,Low
CUST-00043,40,Male,13,Month-to-Month,Fiber Optic,64.27,877.75,2.7,1,Yes,96.4,98.95,97.67,Yes,High
CUST-00044,37,Female,22,Month-to-Month,Fiber Optic,94.76,2076.49,4.4,4,Yes,98.1,89.23,93.67,Yes,High
CUST-00045,21,Female,1,Month-to-Month,DSL,61.68,115.64,2.8,6,No,22.79,16.49,19.64,No,Low
CUST-00046,31,Female,44,Month-to-Month,Fiber Optic,107.35,4777.22,4.7,6,Yes,93.35,97.97,95.66,Yes,High
CUST-00047,35,Female,25,One Year,Fiber Optic,82.58,2137.93,3.1,5,No,0.79,1.54,1.17,No,Low
CUST-00048,56,Female,12,Two Year,DSL,54.17,648.63,1.6,4,No,0.91,0.72,0.82,No,Low
CUST-00049,46,Female,0,One Year,DSL,53.24,55.34,2.4,3,No,2.02,0.31,1.16,No,Low
CUST-00050,18,Male,21,Two Year,Fiber Optic,67.23,1332.63,3.2,1,No,1.84,0.49,1.16,No,Low
CUST-00051,46,Male,0,Month-to-Month,No,24.43,23.0,3.0,3,No,29.79,17.48,23.64,No,Low
CUST-00052,36,Female,0,One Year,DSL,38.28,36.42,2.1,5,No,1.39,0.01,0.7,No,Low
CUST-00053,32,Male,22,Two Year,Fiber Optic,85.65,1792.59,1.7,2,No,15.29,27.98,21.64,No,Low
CUST-00054,50,Male,5,One Year,Fiber Optic,81.56,447.03,4.1,3,No,1.88,0.09,0.99,No,Low
CUST-00055,56,Female,5,Month-to-Month,DSL,58.56,360.89,1.0,1,Yes,84.31,98.1,91.21,Yes,High
CUST-00056,55,Male,25,One Year,Fiber Optic,94.23,2337.96,3.8,5,No,1.97,0.19,1.08,No,Low
CUST-00057,30,Female,1,One Year,DSL,59.44,113.51,2.0,1,No,1.21,0.03,0.62,No,Low
CUST-00058,37,Female,9,Month-to-Month,DSL,66.54,667.59,5.0,0,No,7.67,1.06,4.36,No,Low
CUST-00059,46,Male,3,Two Year,DSL,57.36,231.42,1.0,2,No,0.98,0.1,0.54,No,Low
CUST-00060,55,Female,20,Two Year,DSL,56.94,1203.07,1.0,3,No,1.67,0.58,1.12,No,Low
CUST-00061,35,Male,26,Month-to-Month,DSL,68.38,1791.5,2.7,2,Yes,80.27,72.08,76.18,Yes,High
CUST-00062,39,Male,30,One Year,Fiber Optic,88.94,2773.69,4.3,2,No,2.21,0.18,1.2,No,Low
CUST-00063,26,Female,7,One Year,Fiber Optic,96.01,797.72,5.0,4,No,45.3,31.53,38.41,No,Medium
CUST-00064,25,Female,2,One Year,DSL,29.14,80.45,4.3,2,No,0.09,0.0,0.05,No,Low
CUST-00065,53,Female,1,Month-to-Month,DSL,50.7,100.0,3.4,3,No,14.91,15.64,15.27,No,Low
CUST-00066,60,Male,13,Two Year,DSL,48.08,694.53,2.1,1,No,0.34,0.0,0.17,No,Low
CUST-00067,40,Female,69,Month-to-Month,Fiber Optic,80.73,5904.58,2.4,2,No,63.27,97.37,80.32,Yes,High
CUST-00068,56,Male,5,Month-to-Month,No,24.22,132.71,2.5,4,No,18.61,7.91,13.26,No,Low
CUST-00069,47,Female,7,Two Year,Fiber Optic,67.13,559.85,2.8,2,No,2.21,0.68,1.44,No,Low
CUST-00070,32,Male,2,One Year,Fiber Optic,95.94,290.4,2.9,1,No,4.2,1.01,2.6,No,Low
CUST-00071,47,Female,22,Two Year,Fiber Optic,66.28,1537.7,3.4,0,No,1.53,0.13,0.83,No,Low
CUST-00072,63,Male,27,Month-to-Month,Fiber Optic,98.68,2547.9,2.6,1,Yes,97.36,98.97,98.17,Yes,High
CUST-00073,41,Male,24,Month-to-Month,DSL,62.73,1546.88,3.4,2,No,4.77,1.02,2.9,No,Low
CUST-00074,63,Male,47,Two Year,Fiber Optic,66.05,3023.88,3.6,3,No,0.42,0.06,0.24,No,Low
CUST-00075,18,Female,15,Month-to-Month,Fiber Optic,86.74,1370.96,2.0,5,Yes,98.34,98.92,98.63,Yes,High
CUST-00076,53,Female,3,Two Year,Fiber Optic,94.82,383.3,1.8,0,No,35.71,58.26,46.99,No,Medium
CUST-00077,43,Female,8,Two Year,DSL,66.58,555.78,4.4,0,No,0.26,0.0,0.13,No,Low
CUST-00078,37,Male,26,One Year,No,18.0,448.55,3.3,2,No,0.76,0.08,0.42,No,Low
CUST-00079,43,Male,22,Month-to-Month,No,22.44,492.13,3.0,3,Yes,88.25,96.32,92.28,Yes,High
CUST-00080,18,Male,18,One Year,Fiber Optic,112.71,2133.67,1.6,1,No,1.28,0.19,0.73,No,Low
CUST-00081,38,Female,27,Two Year,DSL,42.33,1186.51,4.0,1,No,0.01,0.0,0.0,No,
CUST-00082,46,Male,24,Month-to-Month,Fiber Optic,92.49,2292.19,3.2,6,Yes,99.09,100.0,99.55,Yes,High
CUST-00083,62,Female,51,Month-to-Month,Fiber Optic,97.37,5202.08,4.8,8,Yes,90.44,99.01,94.73,Yes,High
CUST-00084,34,Female,21,Month-to-Month,No,24.23,538.51,3.4,4,No,10.9,15.38,13.14,No,Low
CUST-00085,30,Female,36,Month-to-Month,DSL,60.03,2167.15,2.9,0,No,9.39,3.13,6.26,No,Low
CUST-00086,34,Female,6,Two Year,Fiber Optic,95.08,647.18,2.5,1,No,2.23,0.84,1.53,No,Low
CUST-00087,54,Female,27,Two Year,Fiber Optic,76.82,2193.24,4.9,4,No,1.54,0.27,0.9,No,Low
CUST-00088,46,Female,55,Two Year,Fiber Optic,107.96,6242.82,4.3,3,No,2.46,0.07,1.26,No,Low
CUST-00089,34,Male,11,One Year,Fiber Optic,79.28,977.39,3.4,4,No,2.72,1.99,2.35,No,Low
CUST-00090,49,Female,36,One Year,DSL,77.79,2804.7,4.2,2,No,0.03,0.0,0.01,No,Low
CUST-00091,43,Male,30,Month-to-Month,Fiber Optic,82.27,2516.91,3.6,1,No,93.35,82.89,88.12,Yes,High
CUST-00092,55,Male,1,One Year,No,28.42,57.86,1.2,1,No,0.47,0.0,0.24,No,Low
CUST-00093,32,Male,20,One Year,DSL,35.9,744.03,4.2,3,No,0.8,0.0,0.4,No,Low
CUST-00094,37,Male,3,Two Year,No,30.11,112.46,4.0,2,No,1.31,0.06,0.69,No,Low
CUST-00095,36,Male,72,Two Year,DSL,51.8,3906.26,2.0,0,No,1.41,0.02,0.72,No,Low
CUST-00096,21,Male,40,Two Year,DSL,54.24,2166.03,3.8,4,No,0.21,0.0,0.1,No,Low
CUST-00097,46,Female,2,Two Year,DSL,75.19,236.24,2.3,1,No,0.23,0.0,0.12,No,Low
CUST-00098,45,Male,3,Two Year,Fiber Optic,65.83,258.84,2.7,2,No,3.29,1.77,2.53,No,Low
CUST-00099,42,Female,21,Month-to-Month,DSL,46.59,981.97,3.4,2,No,6.95,6.36,6.65,No,Low
CUST-00100,38,Male,10,Two Year,Fiber Optic,65.56,672.12,3.3,2,No,1.57,0.7,1.13,No,Low
CUST-00101,22,Female,0,One Year,Fiber Optic,87.03,82.83,3.1,2,No,35.23,56.06,45.64,No,Medium
CUST-00102,36,Female,18,Month-to-Month,DSL,58.93,1044.75,1.4,4,No,17.7,11.98,14.84,No,Low
CUST-00103,37,Female,11,Month-to-Month,DSL,56.92,709.16,3.3,2,No,7.2,1.09,4.14,No,Low
CUST-00104,30,Female,2,One Year,No,20.17,59.91,5.0,2,No,0.06,0.0,0.03,No,Low
CUST-00105,39,Male,38,Month-to-Month,Fiber Optic,75.87,3027.07,3.5,3,Yes,99.41,99.99,99.7,Yes,High
CUST-00106,47,Female,59,Month-to-Month,DSL,52.63,2940.68,3.0,4,No,5.42,1.19,3.3,No,Low
CUST-00107,68,Male,33,One Year,No,18.62,575.67,4.0,2,No,0.03,0.0,0.01,No,Low
CUST-00108,44,Male,41,Two Year,Fiber Optic,94.81,3834.03,3.4,1,No,3.04,0.21,1.62,No,Low
CUST-00109,45,Female,5,Two Year,Fiber Optic,100.17,625.32,2.7,1,No,1.96,0.08,1.02,No,Low
CUST-00110,40,Male,7,Month-to-Month,Fiber Optic,93.56,686.33,4.2,3,Yes,99.03,99.94,99.48,Yes,High
CUST-00111,18,Female,5,Month-to-Month,No,19.09,116.63,3.5,2,No,15.25,9.32,12.29,No,Low
CUST-00112,41,Female,34,Month-to-Month,Fiber Optic,90.36,2874.42,3.6,3,No,87.5,89.87,88.69,Yes,High
CUST-00113,42,Male,70,Month-to-Month,Fiber Optic,89.89,5902.11,3.0,0,No,48.26,63.59,55.92,No,Medium
CUST-00114,76,Male,30,Month-to-Month,DSL,60.13,1881.72,3.1,3,No,54.02,73.34,63.68,Yes,High
CUST-00115,39,Male,51,Two Year,No,21.39,1036.25,4.1,5,No,0.09,0.0,0.04,No,Low
CUST-00116,46,Female,24,One Year,No,18.0,406.49,2.6,2,No,0.83,0.0,0.41,No,Low
CUST-00117,41,Female,11,Month-to-Month,Fiber Optic,97.88,1095.76,5.0,2,Yes,97.16,97.02,97.09,Yes,High
CUST-00118,25,Male,13,Month-to-Month,No,18.0,254.5,2.6,5,Yes,90.35,98.85,94.6,Yes,High
CUST-00119,57,Male,1,Month-to-Month,Fiber Optic,99.08,194.16,2.5,3,Yes,98.27,99.82,99.04,Yes,High
CUST-00120,52,Female,0,Month-to-Month,Fiber Optic,84.06,82.55,4.3,7,Yes,96.3,99.73,98.01,Yes,High
CUST-00121,53,Female,28,Month-to-Month,No,20.35,567.47,3.2,0,No,65.94,81.77,73.85,Yes,High
CUST-00122,29,Male,13,Two Year,DSL,37.57,484.89,3.9,4,No,0.67,0.15,0.41,No,Low
CUST-00123,61,Male,19,Month-to-Month,Fiber Optic,72.35,1349.08,4.9,3,Yes,98.45,99.98,99.22,Yes,High
CUST-00124,22,Female,19,Month-to-Month,DSL,62.46,1158.97,3.6,5,No,17.39,23.8,20.6,No,Low
CUST-00125,50,Male,7,Month-to-Month,DSL,50.52,406.62,3.6,3,No,15.51,16.7,16.1,No,Low
CUST-00126,72,Male,15,One Year,No,24.96,410.17,2.6,2,No,0.96,0.15,0.55,No,Low
CUST-00127,28,Female,15,Month-to-Month,No,20.46,306.29,2.3,1,Yes,75.53,70.18,72.86,Yes,High
CUST-00128,34,Female,11,Month-to-Month,DSL,46.36,515.08,1.5,0,No,16.2,16.09,16.14,No,Low
CUST-00129,43,Male,41,Month-to-Month,No,24.26,955.5,2.4,2,Yes,75.57,71.99,73.78,Yes,High
CUST-00130,34,Male,14,One Year,DSL,51.4,802.47,2.7,2,No,0.26,0.0,0.13,No,Low
CUST-00131,20,Male,22,Month-to-Month,DSL,33.57,719.64,2.4,4,Yes,22.47,33.76,28.11,No,Low
CUST-00132,42,Male,54,Month-to-Month,DSL,66.99,3697.33,2.9,5,No,12.42,13.58,13.0,No,Low
CUST-00133,27,Female,48,Month-to-Month,Fiber Optic,87.54,3935.63,2.7,4,Yes,96.9,98.95,97.93,Yes,High
CUST-00134,48,Male,53,Month-to-Month,Fiber Optic,113.46,6120.96,4.1,1,Yes,95.48,92.27,93.88,Yes,High
CUST-00135,29,Female,7,Month-to-Month,Fiber Optic,67.3,504.31,1.8,4,Yes,98.36,100.0,99.18,Yes,High
CUST-00136,63,Female,0,Month-to-Month,DSL,56.07,57.5,4.3,2,No,15.19,5.19,10.19,No,Low
CUST-00137,31,Male,7,Month-to-Month,Fiber Optic,102.02,737.39,4.0,3,Yes,97.46,99.17,98.32,Yes,High
CUST-00138,37,Male,7,Month-to-Month,Fiber Optic,77.09,601.33,2.2,2,Yes,99.53,100.0,99.76,Yes,High
CUST-00139,53,Female,57,Month-to-Month,Fiber Optic,78.41,4545.49,1.8,8,Yes,96.61,99.92,98.27,Yes,High
CUST-00140,24,Female,25,Month-to-Month,Fiber Optic,113.68,2989.75,3.8,5,Yes,98.07,99.28,98.67,Yes,High
CUST-00141,45,Female,2,Month-to-Month,DSL,59.08,183.45,3.8,1,Yes,80.55,87.13,83.84,Yes,High
CUST-00142,60,Male,3,Two Year,Fiber Optic,93.63,372.23,2.3,4,No,3.53,5.14,4.33,No,Low
CUST-00143,19,Female,4,One Year,Fiber Optic,89.8,412.76,1.7,2,No,2.76,3.64,3.2,No,Low
CUST-00144,44,Female,23,Two Year,DSL,54.86,1327.87,2.8,2,No,0.23,0.0,0.11,No,Low
CUST-00145,45,Female,31,Two Year,No,18.0,564.02,1.0,2,No,0.43,0.0,0.22,No,Low
CUST-00146,52,Male,47,Two Year,Fiber Optic,87.95,3862.52,3.8,4,No,1.21,0.39,0.8,No,Low
CUST-00147,24,Female,67,One Year,Fiber Optic,75.03,4699.25,2.5,2,No,5.5,0.35,2.93,No,Low
CUST-00148,23,Female,5,One Year,No,18.0,110.62,3.4,3,No,0.05,0.13,0.09,No,Low
CUST-00149,49,Male,8,Month-to-Month,Fiber Optic,74.83,663.25,5.0,4,Yes,97.81,98.86,98.34,Yes,High
CUST-00150,46,Male,6,Month-to-Month,No,37.01,239.3,2.8,0,No,7.48,1.11,4.29,No,Low
CUST-00151,45,Male,10,One Year,Fiber Optic,64.97,727.73,3.9,6,No,2.35,2.37,2.36,No,Low
CUST-00152,46,Male,59,Two Year,Fiber Optic,94.89,5624.92,2.9,0,No,1.86,0.09,0.97,No,Low
CUST-00153,32,Male,20,Month-to-Month,Fiber Optic,106.82,2075.22,2.7,3,Yes,98.57,99.64,99.1,Yes,High
CUST-00154,45,Female,32,One Year,Fiber Optic,71.93,2296.46,4.9,1,No,0.86,0.01,0.43,No,Low
CUST-00155,46,Male,16,Month-to-Month,No,18.0,318.04,2.6,2,No,6.58,2.67,4.63,No,Low
CUST-00156,31,Male,0,Month-to-Month,No,18.0,18.23,3.8,2,Yes,82.04,93.1,87.57,Yes,High
CUST-00157,68,Female,1,Month-to-Month,No,32.63,62.52,3.5,3,No,20.12,15.64,17.88,No,Low
CUST-00158,48,Male,18,Month-to-Month,No,24.43,418.12,3.7,1,No,12.11,6.06,9.08,No,Low
CUST-00159,25,Male,30,Month-to-Month,No,27.44,794.41,3.9,7,No,10.04,28.05,19.05,No,Low
CUST-00160,51,Female,5,One Year,DSL,43.43,241.59,3.8,2,No,0.99,0.0,0.5,No,Low
CUST-00161,28,Female,30,Two Year,No,30.26,897.4,2.6,3,No,0.19,0.0,0.1,No,Low
CUST-00162,53,Female,39,Two Year,Fiber Optic,71.35,2946.4,2.7,4,No,3.01,0.94,1.97,No,Low
CUST-00163,58,Female,12,Month-to-Month,Fiber Optic,69.87,842.0,3.5,2,Yes,98.34,99.92,99.13,Yes,High
CUST-00164,30,Male,32,Two Year,DSL,63.09,1889.31,1.2,3,No,1.48,0.55,1.01,No,Low
CUST-00165,55,Female,12,Month-to-Month,No,30.69,366.93,3.6,2,Yes,83.19,92.0,87.6,Yes,High
CUST-00166,47,Male,27,Month-to-Month,DSL,42.52,1151.19,2.6,3,No,21.16,21.45,21.3,No,Low
CUST-00167,53,Female,34,One Year,No,20.07,639.32,4.3,3,No,0.29,0.04,0.16,No,Low
CUST-00168,68,Male,72,Month-to-Month,DSL,55.76,4003.23,1.0,4,Yes,51.24,32.15,41.7,Yes,Medium
CUST-00169,38,Female,10,Month-to-Month,DSL,54.48,563.97,3.7,1,No,6.63,4.42,5.52,No,Low
CUST-00170,31,Female,12,Month-to-Month,No,26.39,328.06,3.5,2,No,9.07,0.97,5.02,No,Low
CUST-00171,29,Female,4,One Year,Fiber Optic,74.72,344.99,3.4,4,No,2.22,1.45,1.84,No,Low
CUST-00172,30,Male,5,Month-to-Month,No,30.11,182.8,4.7,1,No,59.19,31.15,45.17,Yes,Medium
CUST-00173,40,Male,28,One Year,DSL,58.53,1624.73,3.2,0,No,0.07,0.0,0.03,No,Low
CUST-00174,46,Female,59,One Year,DSL,49.82,2741.9,3.5,4,No,1.0,0.01,0.5,No,Low
CUST-00175,45,Female,12,One Year,No,28.06,348.08,1.9,2,No,0.41,0.0,0.2,No,Low
CUST-00176,53,Male,4,Two Year,Fiber Optic,71.71,375.59,3.3,1,No,36.9,41.56,39.23,No,Medium
CUST-00177,42,Female,8,Month-to-Month,Fiber Optic,95.99,870.04,2.9,1,Yes,98.37,94.06,96.22,Yes,High
CUST-00178,62,Female,14,Month-to-Month,DSL,58.93,910.82,2.9,4,No,9.96,3.35,6.65,No,Low
CUST-00179,38,Male,8,Month-to-Month,Fiber Optic,73.9,687.58,1.4,1,Yes,98.11,99.76,98.93,Yes,High
CUST-00180,80,Female,6,Month-to-Month,DSL,62.49,429.7,5.0,3,No,16.52,5.23,10.88,No,Low
CUST-00181,50,Female,31,One Year,Fiber Optic,105.63,3324.49,2.1,1,No,20.54,9.62,15.08,No,Low
CUST-00182,29,Male,0,Month-to-Month,No,32.18,33.34,2.9,0,No,24.66,9.59,17.12,No,Low
CUST-00183,27,Male,18,Month-to-Month,Fiber Optic,70.94,1389.63,1.6,3,Yes,98.19,99.8,98.99,Yes,High
CUST-00184,48,Female,37,One Year,DSL,65.95,2524.78,1.6,0,No,0.35,0.0,0.18,No,Low
CUST-00185,38,Female,7,One Year,No,37.54,307.32,1.6,2,No,0.28,0.0,0.14,No,Low
CUST-00186,51,Male,22,One Year,No,31.27,727.27,4.9,4,No,0.25,0.01,0.13,No,Low
CUST-00187,48,Female,26,Two Year,DSL,33.9,866.03,1.4,6,No,1.12,0.01,0.56,No,Low
CUST-00188,40,Female,25,One Year,DSL,40.37,963.67,2.6,0,No,0.04,0.0,0.02,No,Low
CUST-00189,30,Female,14,One Year,Fiber Optic,67.57,1021.23,2.8,2,No,0.87,0.09,0.48,No,Low
CUST-00190,20,Male,10,Month-to-Month,Fiber Optic,78.84,898.33,2.4,2,Yes,98.21,99.54,98.88,Yes,High
CUST-00191,35,Female,43,Two Year,Fiber Optic,74.6,3435.95,2.2,1,No,2.97,0.41,1.69,No,Low
CUST-00192,53,Male,34,One Year,DSL,46.44,1474.78,2.7,4,No,0.81,0.3,0.56,No,Low
CUST-00193,44,Male,9,Month-to-Month,Fiber Optic,88.76,883.63,1.8,2,Yes,99.72,100.0,99.86,Yes,High
CUST-00194,24,Male,2,Month-to-Month,DSL,50.95,151.72,4.2,4,No,17.61,14.7,16.15,No,Low
CUST-00195,44,Male,1,One Year,Fiber Optic,61.78,118.05,4.9,2,No,3.52,0.05,1.79,No,Low
CUST-00196,47,Female,2,Two Year,DSL,57.57,169.75,4.6,1,No,0.03,0.0,0.02,No,Low
CUST-00197,29,Male,20,Month-to-Month,DSL,32.31,657.05,1.1,9,Yes,29.4,91.04,60.22,No,High
CUST-00198,44,Female,1,Month-to-Month,No,35.56,73.87,1.0,0,No,10.32,4.18,7.25,No,Low
CUST-00199,42,Male,9,Two Year,Fiber Optic,79.55,751.65,1.5,4,No,2.92,8.72,5.82,No,Low
CUST-00200,25,Male,33,Two Year,Fiber Optic,120.0,3781.74,3.8,2,No,5.03,0.34,2.69,No,Low
CUST-00201,47,Female,8,Month-to-Month,Fiber Optic,54.28,488.99,2.6,6,Yes,97.92,100.0,98.96,Yes,High
CUST-00202,49,Female,34,Month-to-Month,Fiber Optic,102.8,3392.47,5.0,1,Yes,86.49,90.66,88.57,Yes,High
CUST-00203,57,Male,32,One Year,DSL,66.13,1982.29,3.2,5,No,0.26,0.0,0.13,No,Low
CUST-00204,56,Female,6,Month-to-Month,Fiber Optic,71.46,510.34,4.4,3,Yes,97.92,99.99,98.95,Yes,High
CUST-00205,22,Male,31,Two Year,Fiber Optic,92.45,2806.59,4.4,2,No,1.41,0.02,0.72,No,Low
CUST-00206,28,Male,33,Month-to-Month,No,27.92,995.68,2.1,0,No,4.31,0.94,2.63,No,Low
CUST-00207,49,Female,12,Month-to-Month,DSL,68.22,839.68,2.3,3,No,19.49,24.36,21.92,No,Low
CUST-00208,49,Female,5,Month-to-Month,Fiber Optic,80.31,473.84,4.9,1,Yes,98.08,99.71,98.89,Yes,High
CUST-00209,49,Male,17,Month-to-Month,Fiber Optic,79.12,1316.16,1.3,0,Yes,99.35,100.0,99.68,Yes,High
CUST-00210,80,Female,61,Month-to-Month,Fiber Optic,89.49,5437.03,3.0,2,Yes,96.0,99.83,97.91,Yes,High
CUST-00211,49,Female,24,Month-to-Month,DSL,74.39,1747.71,4.0,0,No,45.86,25.56,35.71,No,Medium
CUST-00212,57,Male,4,One Year,DSL,67.23,336.93,3.7,1,No,0.83,0.0,0.42,No,Low
CUST-00213,55,Female,27,Month-to-Month,DSL,50.17,1270.27,2.8,1,Yes,85.18,91.97,88.58,Yes,High
CUST-00214,51,Female,13,Two Year,Fiber Optic,90.39,1271.61,2.7,3,No,0.96,0.15,0.56,No,Low
CUST-00215,37,Female,21,Month-to-Month,DSL,46.17,993.04,1.8,1,No,15.92,2.7,9.31,No,Low
CUST-00216,52,Male,31,One Year,Fiber Optic,58.99,1806.51,2.2,3,Yes,44.31,71.37,57.84,No,Medium
CUST-00217,31,Female,17,Month-to-Month,DSL,47.86,783.68,5.0,2,No,14.32,2.97,8.65,No,Low
CUST-00218,38,Male,40,Month-to-Month,No,24.26,904.51,3.4,6,No,7.15,24.03,15.59,No,Low
CUST-00219,35,Female,30,One Year,Fiber Optic,84.87,2680.5,2.5,6,No,1.13,3.1,2.11,No,Low
CUST-00220,43,Female,22,One Year,Fiber Optic,91.19,2120.65,3.9,1,No,2.1,0.03,1.07,No,Low
CUST-00221,74,Male,3,One Year,No,18.0,69.83,2.7,0,No,2.02,0.0,1.01,No,Low
CUST-00222,18,Female,43,One Year,Fiber Optic,77.24,3062.22,2.0,3,No,2.82,0.96,1.89,No,Low
CUST-00223,51,Female,65,One Year,Fiber Optic,72.28,4875.24,2.6,1,No,2.25,0.13,1.19,No,Low
CUST-00224,19,Female,3,Month-to-Month,DSL,59.36,237.4,1.6,3,Yes,92.62,98.99,95.81,Yes,High
CUST-00225,35,Male,16,Two Year,DSL,55.3,856.92,5.0,0,No,0.04,0.0,0.02,No,Low
CUST-00226,57,Male,7,One Year,No,34.4,259.1,3.9,2,No,0.72,0.07,0.39,No,Low
CUST-00227,42,Female,33,Two Year,Fiber Optic,73.47,2273.59,3.9,3,No,1.84,0.31,1.08,No,Low
CUST-00228,26,Male,30,Two Year,Fiber Optic,96.25,3074.68,2.6,2,No,34.15,40.68,37.41,No,Medium
CUST-00229,31,Female,3,Month-to-Month,Fiber Optic,66.27,258.6,3.1,2,Yes,96.18,94.67,95.43,Yes,High
CUST-00230,51,Male,50,Month-to-Month,DSL,54.05,2635.64,2.7,1,No,4.47,5.19,4.83,No,Low
CUST-00231,31,Male,4,One Year,Fiber Optic,94.66,470.82,1.6,0,No,18.23,24.13,21.18,No,Low
CUST-00232,45,Male,38,One Year,DSL,55.58,2193.35,4.2,1,No,0.0,0.0,0.0,No,
CUST-00233,42,Male,14,One Year,Fiber Optic,65.88,986.18,4.1,2,No,28.2,33.4,30.8,No,Low
CUST-00234,32,Female,9,One Year,Fiber Optic,103.11,1056.18,3.6,1,No,19.18,5.17,12.17,No,Low
CUST-00235,72,Male,4,Month-to-Month,Fiber Optic,60.49,299.17,3.2,4,Yes,94.31,99.76,97.04,Yes,High
CUST-00236,50,Male,4,Month-to-Month,No,31.29,140.88,2.2,1,No,20.02,19.97,19.99,No,Low
CUST-00237,18,Male,26,Month-to-Month,No,26.58,660.55,3.6,4,No,11.09,16.4,13.75,No,Low
CUST-00238,44,Female,19,One Year,No,32.5,669.55,2.1,2,No,0.23,0.0,0.12,No,Low
CUST-00239,32,Male,3,One Year,Fiber Optic,69.53,255.64,2.3,1,No,2.99,0.17,1.58,No,Low
CUST-00240,53,Female,2,Month-to-Month,Fiber Optic,90.29,268.96,2.1,3,Yes,98.01,98.5,98.26,Yes,High
CUST-00241,30,Female,1,One Year,Fiber Optic,91.35,170.08,2.5,2,No,1.88,1.45,1.67,No,Low
CUST-00242,40,Female,32,Month-to-Month,DSL,59.15,2037.97,2.4,6,Yes,88.88,98.75,93.82,Yes,High
CUST-00243,49,Female,29,Month-to-Month,Fiber Optic,92.88,2601.95,4.0,4,Yes,99.26,99.99,99.62,Yes,High
CUST-00244,54,Female,1,One Year,Fiber Optic,104.86,200.13,2.1,1,No,37.03,68.58,52.81,No,Medium
CUST-00245,25,Female,19,Month-to-Month,Fiber Optic,108.61,2207.08,3.2,5,Yes,98.02,99.56,98.79,Yes,High
CUST-00246,37,Male,2,One Year,DSL,46.56,139.5,3.9,1,No,0.63,0.01,0.32,No,Low
CUST-00247,35,Male,56,Two Year,Fiber Optic,97.23,5255.27,4.5,0,No,18.91,4.31,11.61,No,Low
CUST-00248,32,Male,57,Two Year,Fiber Optic,71.47,4164.73,3.6,1,No,0.79,0.09,0.44,No,Low
CUST-00249,66,Female,28,Month-to-Month,Fiber Optic,110.91,3367.52,1.1,3,Yes,98.76,100.0,99.38,Yes,High
CUST-00250,47,Female,62,Month-to-Month,Fiber Optic,71.79,4168.84,2.9,1,Yes,89.75,95.93,92.84,Yes,High
CUST-00251,24,Female,40,One Year,DSL,52.81,2026.78,4.0,1,No,0.2,0.0,0.1,No,Low
CUST-00252,54,Male,42,One Year,DSL,55.21,2296.54,2.1,2,No,1.37,0.16,0.76,No,Low
CUST-00253,71,Female,20,One Year,Fiber Optic,77.12,1533.71,4.7,1,No,1.44,0.12,0.78,No,Low
CUST-00254,56,Male,8,Month-to-Month,No,18.0,153.5,4.6,2,No,9.44,0.67,5.06,No,Low
CUST-00255,20,Male,5,Month-to-Month,Fiber Optic,80.75,467.23,3.8,3,Yes,98.72,99.31,99.01,Yes,High
CUST-00256,35,Male,9,One Year,DSL,55.19,562.08,4.3,2,No,0.08,0.01,0.05,No,Low
CUST-00257,59,Male,23,One Year,DSL,60.96,1395.08,4.5,3,No,0.28,0.0,0.14,No,Low
CUST-00258,32,Female,4,Month-to-Month,No,36.14,169.59,3.3,2,No,11.96,8.72,10.34,No,Low
CUST-00259,48,Male,7,Month-to-Month,DSL,41.65,327.41,4.2,1,No,8.72,3.65,6.18,No,Low
CUST-00260,52,Male,15,One Year,Fiber Optic,55.12,909.04,1.9,2,No,1.47,1.75,1.61,No,Low
CUST-00261,29,Female,6,Month-to-Month,DSL,64.79,455.76,4.0,2,No,11.5,0.78,6.14,No,Low
CUST-00262,41,Female,21,Month-to-Month,Fiber Optic,81.75,1710.41,3.6,3,Yes,96.52,92.07,94.29,Yes,High
CUST-00263,18,Female,61,Month-to-Month,DSL,58.51,3793.85,5.0,3,No,16.9,0.95,8.92,No,Low
CUST-00264,27,Male,33,Month-to-Month,Fiber Optic,89.56,3056.07,2.8,3,Yes,96.65,99.18,97.92,Yes,High
CUST-00265,38,Female,26,One Year,DSL,52.65,1308.88,4.6,1,No,0.03,0.0,0.01,No,Low
CUST-00266,24,Female,20,Month-to-Month,Fiber Optic,68.01,1434.19,4.2,1,Yes,95.95,99.97,97.96,Yes,High
CUST-00267,64,Male,16,Month-to-Month,DSL,41.33,727.81,3.1,3,Yes,85.34,96.5,90.92,Yes,High
CUST-00268,21,Female,4,Month-to-Month,DSL,40.34,195.84,1.2,3,Yes,91.44,99.26,95.35,Yes,High
CUST-00269,35,Male,54,Month-to-Month,Fiber Optic,68.13,3782.43,2.8,2,Yes,97.86,99.98,98.92,Yes,High
CUST-00270,43,Male,6,One Year,No,39.06,252.26,3.1,6,No,1.68,0.88,1.28,No,Low
CUST-00271,62,Female,2,Month-to-Month,DSL,61.4,168.84,4.2,6,Yes,84.39,98.13,91.26,Yes,High
CUST-00272,21,Female,33,One Year,Fiber Optic,90.09,3045.3,3.5,2,No,1.83,0.26,1.05,No,Low
CUST-00273,58,Male,4,Month-to-Month,Fiber Optic,74.91,359.59,3.2,5,Yes,98.85,99.81,99.33,Yes,High
CUST-00274,42,Female,11,Month-to-Month,DSL,76.24,886.43,4.1,2,No,12.06,4.8,8.43,No,Low
CUST-00275,28,Female,0,Month-to-Month,Fiber Optic,81.48,77.09,4.1,4,Yes,97.27,99.24,98.25,Yes,High
CUST-00276,48,Female,3,Month-to-Month,No,22.1,85.6,4.3,6,Yes,84.72,96.92,90.82,Yes,High
CUST-00277,44,Male,4,One Year,Fiber Optic,80.85,369.83,2.3,1,No,1.78,0.21,1.0,No,Low
CUST-00278,33,Female,1,Month-to-Month,Fiber Optic,75.03,137.48,4.3,3,Yes,93.91,99.12,96.51,Yes,High
CUST-00279,42,Male,25,Two Year,No,27.05,679.83,4.6,1,No,0.94,0.01,0.48,No,Low
CUST-00280,36,Female,43,Month-to-Month,No,20.64,879.07,5.0,1,Yes,70.07,49.63,59.85,Yes,Medium
CUST-00281,43,Male,11,Month-to-Month,Fiber Optic,112.37,1389.85,3.7,3,Yes,98.73,99.99,99.36,Yes,High
CUST-00282,51,Male,49,Month-to-Month,DSL,35.7,1694.96,4.4,2,No,66.97,75.08,71.03,Yes,High
CUST-00283,64,Female,5,One Year,Fiber Optic,111.86,672.19,3.7,1,Yes,52.04,33.74,42.89,Yes,Medium
CUST-00284,24,Male,9,Month-to-Month,DSL,36.35,343.68,3.9,4,Yes,82.42,96.62,89.52,Yes,High
CUST-00285,71,Male,3,Month-to-Month,No,26.81,101.47,4.4,0,No,44.68,33.47,39.07,No,Medium
CUST-00286,18,Male,23,Month-to-Month,Fiber Optic,111.17,2684.96,1.4,0,Yes,99.04,99.99,99.52,Yes,High
CUST-00287,39,Female,13,Month-to-Month,Fiber Optic,81.09,1117.44,3.5,2,Yes,97.68,90.48,94.08,Yes,High
CUST-00288,50,Male,22,Two Year,Fiber Optic,69.5,1528.07,3.6,4,No,9.07,13.73,11.4,No,Low
CUST-00289,45,Female,34,Month-to-Month,Fiber Optic,84.09,2862.2,2.5,2,Yes,97.29,99.94,98.61,Yes,High
CUST-00290,33,Male,18,One Year,Fiber Optic,94.46,1842.6,1.5,2,No,1.66,2.39,2.02,No,Low
CUST-00291,39,Male,23,One Year,No,18.0,437.13,2.7,5,No,0.02,0.0,0.01,No,Low
CUST-00292,35,Male,65,Month-to-Month,Fiber Optic,80.62,5534.8,3.5,4,Yes,89.58,98.24,93.91,Yes,High
CUST-00293,33,Male,8,Month-to-Month,DSL,50.0,464.19,3.0,1,No,10.39,10.4,10.39,No,Low
CUST-00294,53,Male,10,One Year,DSL,64.36,708.27,3.5,1,No,0.28,0.0,0.14,No,Low
CUST-00295,46,Male,30,Month-to-Month,DSL,56.78,1634.34,2.2,0,No,62.94,61.76,62.35,Yes,High
CUST-00296,32,Female,22,Month-to-Month,Fiber Optic,91.74,2013.57,3.4,1,Yes,98.66,99.87,99.27,Yes,High
CUST-00297,54,Female,4,One Year,Fiber Optic,107.88,530.33,3.6,3,No,2.57,0.81,1.69,No,Low
CUST-00298,46,Male,11,One Year,DSL,52.83,573.78,1.8,1,No,0.76,0.0,0.38,No,Low
CUST-00299,53,Male,15,One Year,Fiber Optic,107.17,1718.48,1.7,5,No,0.92,1.1,1.01,No,Low
CUST-00300,50,Female,13,One Year,DSL,46.77,685.56,4.1,3,No,1.48,0.06,0.77,No,Low
CUST-00301,30,Male,4,Month-to-Month,Fiber Optic,110.14,563.99,3.3,3,Yes,98.23,96.17,97.2,Yes,High
CUST-00302,34,Male,61,Month-to-Month,DSL,69.11,4298.45,2.1,1,No,17.46,6.99,12.22,No,Low
CUST-00303,52,Female,34,Month-to-Month,DSL,44.42,1557.32,2.7,2,No,8.77,1.53,5.15,No,Low
CUST-00304,50,Female,15,One Year,DSL,44.62,738.59,3.7,5,No,0.43,0.0,0.22,No,Low
CUST-00305,41,Female,27,Two Year,Fiber Optic,75.36,1997.29,2.2,3,No,2.45,1.08,1.76,No,Low
CUST-00306,43,Male,54,Month-to-Month,Fiber Optic,87.37,4646.76,4.9,2,Yes,95.11,99.92,97.52,Yes,High
CUST-00307,59,Male,3,Month-to-Month,No,19.75,78.93,3.8,6,No,21.04,31.73,26.39,No,Low
CUST-00308,33,Female,6,Month-to-Month,Fiber Optic,93.54,645.55,4.1,5,Yes,97.67,96.2,96.94,Yes,High
CUST-00309,49,Male,18,Two Year,Fiber Optic,91.01,1775.21,3.4,2,Yes,42.25,35.78,39.01,No,Medium
CUST-00310,39,Female,38,One Year,DSL,62.93,2343.68,3.9,7,No,0.12,0.0,0.06,No,Low
CUST-00311,38,Female,0,Month-to-Month,No,26.66,25.66,5.0,4,No,10.71,0.68,5.7,No,Low
CUST-00312,57,Male,72,Two Year,Fiber Optic,88.88,6081.98,2.7,3,No,0.99,0.05,0.52,No,Low
CUST-00313,53,Female,14,Two Year,DSL,46.27,691.13,2.8,4,No,0.91,0.26,0.59,No,Low
CUST-00314,53,Female,10,Month-to-Month,DSL,47.29,498.63,5.0,2,No,10.74,0.48,5.61,No,Low
CUST-00315,60,Female,8,Two Year,Fiber Optic,91.32,807.32,4.6,4,Yes,59.53,36.05,47.79,Yes,Medium
CUST-00316,42,Male,4,Month-to-Month,DSL,72.6,330.0,3.0,3,No,23.56,30.54,27.05,No,Low
CUST-00317,51,Male,37,Month-to-Month,No,18.0,687.87,2.3,3,No,13.41,21.27,17.34,No,Low
CUST-00318,37,Male,72,Month-to-Month,No,22.42,1603.75,2.7,3,No,3.16,0.83,2.0,No,Low
CUST-00319,46,Male,12,Two Year,Fiber Optic,84.95,1116.87,5.0,2,No,40.01,17.08,28.55,No,Low
CUST-00320,40,Female,72,One Year,DSL,52.41,3586.82,3.3,2,No,0.01,0.0,0.0,No,
CUST-00321,43,Male,41,Month-to-Month,Fiber Optic,78.35,3383.9,4.4,3,Yes,97.78,99.82,98.8,Yes,High
CUST-00322,50,Male,15,Two Year,Fiber Optic,103.7,1710.0,3.5,0,No,4.04,0.26,2.15,No,Low
CUST-00323,30,Male,26,Month-to-Month,DSL,70.7,1843.16,3.6,6,No,14.41,25.22,19.81,No,Low
CUST-00324,71,Female,13,One Year,Fiber Optic,88.45,1132.16,3.9,2,No,3.11,0.05,1.58,No,Low
CUST-00325,27,Male,19,One Year,Fiber Optic,74.29,1450.26,3.1,2,No,11.23,11.69,11.46,No,Low
CUST-00326,25,Male,1,Month-to-Month,Fiber Optic,67.73,135.06,2.9,5,Yes,97.57,99.88,98.73,Yes,High
CUST-00327,58,Male,28,Month-to-Month,Fiber Optic,83.25,2389.91,4.9,2,Yes,97.64,99.95,98.8,Yes,High
CUST-00328,53,Female,1,Two Year,DSL,68.12,140.96,3.0,1,No,0.25,0.0,0.13,No,Low
CUST-00329,50,Male,40,Month-to-Month,Fiber Optic,69.71,2965.96,3.8,1,Yes,98.69,99.96,99.33,Yes,High
CUST-00330,50,Female,41,One Year,DSL,64.97,2710.51,4.4,2,No,0.04,0.0,0.02,No,Low
CUST-00331,41,Female,6,Month-to-Month,Fiber Optic,64.93,452.85,3.8,0,Yes,93.65,96.24,94.94,Yes,High
CUST-00332,29,Male,9,One Year,DSL,67.86,623.95,4.0,3,No,5.5,0.1,2.8,No,Low
CUST-00333,43,Female,15,Month-to-Month,No,23.67,363.19,1.4,0,Yes,85.92,96.12,91.02,Yes,High
CUST-00334,32,Male,21,Month-to-Month,Fiber Optic,101.06,2111.08,3.5,2,Yes,98.88,99.93,99.4,Yes,High
CUST-00335,55,Female,8,Month-to-Month,DSL,58.52,501.33,4.6,3,No,13.75,7.61,10.68,No,Low
CUST-00336,39,Female,21,Two Year,DSL,55.0,1221.02,5.0,0,No,0.13,0.0,0.07,No,Low
CUST-00337,30,Male,8,Month-to-Month,DSL,54.5,477.35,4.5,1,No,11.94,4.15,8.05,No,Low
CUST-00338,37,Male,1,Month-to-Month,Fiber Optic,66.27,129.28,3.5,3,Yes,93.74,99.39,96.57,Yes,High
CUST-00339,47,Male,0,Two Year,DSL,60.56,56.75,3.8,2,No,2.0,0.08,1.04,No,Low
CUST-00340,34,Female,2,One Year,Fiber Optic,74.45,206.61,4.0,4,No,2.78,1.15,1.96,No,Low
CUST-00341,30,Male,37,Month-to-Month,Fiber Optic,70.2,2564.64,1.0,2,Yes,97.15,99.78,98.46,Yes,High
CUST-00342,45,Female,72,Two Year,DSL,63.39,4204.78,1.9,2,No,0.74,0.06,0.4,No,Low
CUST-00343,45,Male,13,One Year,Fiber Optic,79.86,1032.99,3.4,2,No,2.05,0.72,1.38,No,Low
CUST-00344,34,Female,17,Month-to-Month,DSL,45.16,831.4,3.1,2,No,5.03,1.36,3.2,No,Low
CUST-00345,35,Male,3,Month-to-Month,DSL,64.33,248.47,2.8,2,No,18.74,4.54,11.64,No,Low
CUST-00346,45,Female,19,One Year,DSL,53.99,1129.96,3.6,4,No,0.15,0.0,0.07,No,Low
CUST-00347,21,Male,3,One Year,Fiber Optic,85.99,309.79,3.8,7,No,1.5,5.06,3.28,No,Low
CUST-00348,22,Female,22,Month-to-Month,No,34.37,820.62,1.5,0,No,13.05,8.98,11.02,No,Low
CUST-00349,31,Male,64,Month-to-Month,DSL,62.17,4032.43,1.7,2,Yes,75.27,67.35,71.31,Yes,High
CUST-00350,39,Male,5,Month-to-Month,Fiber Optic,70.43,419.82,2.7,2,Yes,98.57,99.51,99.04,Yes,High
CUST-00351,46,Male,34,One Year,Fiber Optic,87.61,3146.25,3.8,2,No,1.84,0.2,1.02,No,Low
CUST-00352,62,Female,0,Month-to-Month,DSL,56.0,55.67,3.0,5,Yes,49.86,34.04,41.95,No,Medium
CUST-00353,54,Male,11,Month-to-Month,No,31.08,337.61,2.6,2,No,16.99,16.6,16.8,No,Low
CUST-00354,39,Female,2,One Year,DSL,45.9,142.63,4.8,4,No,0.76,0.0,0.38,No,Low
CUST-00355,41,Male,10,One Year,DSL,44.86,508.75,3.9,2,No,0.22,0.0,0.11,No,Low
CUST-00356,27,Female,4,Month-to-Month,Fiber Optic,110.79,541.76,3.0,2,Yes,99.74,99.99,99.87,Yes,High
CUST-00357,41,Female,11,Month-to-Month,Fiber Optic,74.32,819.51,5.0,3,Yes,96.8,97.93,97.36,Yes,High
CUST-00358,37,Female,12,Month-to-Month,Fiber Optic,84.26,1120.82,3.3,0,Yes,98.15,99.98,99.06,Yes,High
CUST-00359,46,Male,8,Month-to-Month,DSL,68.04,599.79,4.3,2,Yes,66.18,52.08,59.13,Yes,Medium
CUST-00360,30,Male,25,Two Year,Fiber Optic,103.31,2548.9,2.1,2,No,1.58,1.09,1.34,No,Low
CUST-00361,49,Male,60,One Year,Fiber Optic,90.65,5800.58,1.7,2,Yes,56.46,40.12,48.29,Yes,Medium
CUST-00362,63,Male,12,Month-to-Month,Fiber Optic,73.74,886.41,2.3,2,Yes,98.62,99.62,99.12,Yes,High
CUST-00363,40,Female,5,Month-to-Month,No,21.28,118.06,3.8,0,No,11.79,3.16,7.48,No,Low
CUST-00364,47,Female,7,Month-to-Month,DSL,67.91,537.82,3.1,2,No,21.74,13.78,17.76,No,Low
CUST-00365,51,Female,46,One Year,Fiber Optic,95.08,4200.84,3.0,4,No,1.22,0.61,0.91,No,Low
CUST-00366,36,Male,20,Month-to-Month,No,18.0,363.57,3.5,3,Yes,84.09,94.05,89.07,Yes,High
CUST-00367,45,Female,14,Two Year,Fiber Optic,94.71,1329.84,3.4,6,No,1.2,2.72,1.96,No,Low
CUST-00368,42,Male,3,One Year,Fiber Optic,65.88,268.1,4.6,2,No,1.86,0.04,0.95,No,Low
CUST-00369,43,Female,14,Month-to-Month,Fiber Optic,76.44,1079.18,2.6,6,Yes,99.55,100.0,99.77,Yes,High
CUST-00370,31,Male,7,Two Year,Fiber Optic,82.64,678.53,1.6,3,No,55.22,85.71,70.46,Yes,High
CUST-00371,42,Male,68,One Year,Fiber Optic,88.69,6183.19,5.0,2,No,18.33,4.07,11.2,No,Low
CUST-00372,48,Male,51,One Year,DSL,65.85,3234.73,2.7,1,No,0.21,0.0,0.1,No,Low
CUST-00373,62,Female,2,Two Year,DSL,48.83,149.4,4.5,4,No,0.73,0.0,0.37,No,Low
CUST-00374,55,Female,17,Month-to-Month,DSL,65.08,1110.31,3.6,1,Yes,80.02,87.87,83.95,Yes,High
CUST-00375,72,Male,6,Month-to-Month,DSL,52.63,354.04,4.8,1,No,5.46,0.37,2.92,No,Low
CUST-00376,31,Male,12,Two Year,DSL,59.08,700.25,2.5,1,No,0.38,0.15,0.26,No,Low
CUST-00377,54,Male,50,One Year,Fiber Optic,87.29,4386.41,4.2,4,No,1.77,0.37,1.07,No,Low
CUST-00378,44,Female,17,Two Year,DSL,36.81,677.45,2.9,1,No,0.14,0.0,0.07,No,Low
CUST-00379,72,Male,9,Month-to-Month,DSL,47.87,475.56,2.5,2,Yes,67.21,82.88,75.05,Yes,High
CUST-00380,30,Female,5,One Year,No,22.0,129.72,5.0,2,No,0.07,0.0,0.04,No,Low
CUST-00381,30,Female,38,Month-to-Month,Fiber Optic,68.35,2758.12,2.4,3,Yes,95.66,99.05,97.36,Yes,High
CUST-00382,33,Female,23,Month-to-Month,Fiber Optic,59.09,1370.22,2.3,4,Yes,94.97,99.71,97.34,Yes,High
CUST-00383,18,Male,15,Month-to-Month,DSL,47.21,792.65,2.0,3,Yes,88.02,98.3,93.16,Yes,High
CUST-00384,34,Female,5,Month-to-Month,DSL,58.28,338.88,2.7,1,Yes,83.86,95.07,89.47,Yes,High
CUST-00385,31,Female,9,Month-to-Month,Fiber Optic,88.83,885.18,3.4,4,Yes,99.69,100.0,99.84,Yes,High
CUST-00386,44,Male,72,One Year,DSL,51.72,3424.28,3.0,2,No,0.22,0.0,0.11,No,Low
CUST-00387,46,Female,17,Month-to-Month,Fiber Optic,103.46,1871.18,3.6,6,Yes,98.33,99.61,98.97,Yes,High
CUST-00388,68,Female,12,Month-to-Month,No,19.84,244.49,1.5,1,Yes,85.21,97.18,91.2,Yes,High
CUST-00389,55,Male,17,Month-to-Month,Fiber Optic,95.91,1586.82,3.2,4,Yes,98.4,99.62,99.01,Yes,High
CUST-00390,33,Male,36,Month-to-Month,Fiber Optic,108.66,3707.72,1.6,4,Yes,98.15,99.99,99.07,Yes,High
CUST-00391,29,Male,9,Two Year,Fiber Optic,62.49,610.05,2.7,5,Yes,62.99,82.4,72.69,Yes,High
CUST-00392,48,Female,4,Month-to-Month,Fiber Optic,86.89,429.42,2.9,4,Yes,98.24,98.05,98.14,Yes,High
CUST-00393,23,Male,21,Month-to-Month,Fiber Optic,77.09,1705.3,3.2,1,Yes,98.17,99.9,99.04,Yes,High
CUST-00394,67,Female,26,Two Year,DSL,65.42,1707.9,3.6,5,No,2.05,0.13,1.09,No,Low
CUST-00395,58,Female,29,One Year,No,30.9,954.54,1.8,1,No,0.27,0.0,0.14,No,Low
CUST-00396,35,Female,51,One Year,Fiber Optic,84.45,3997.4,2.7,1,No,0.84,0.03,0.44,No,Low
CUST-00397,18,Male,11,One Year,DSL,64.4,709.6,5.0,1,No,0.22,0.0,0.11,No,Low
CUST-00398,60,Female,1,Two Year,Fiber Optic,97.1,181.42,3.1,1,No,3.82,0.68,2.25,No,Low
CUST-00399,40,Male,72,Month-to-Month,Fiber Optic,77.5,5178.09,3.0,4,Yes,87.42,98.21,92.81,Yes,High
CUST-00400,59,Male,13,Two Year,Fiber Optic,61.64,874.51,1.1,2,No,2.66,4.11,3.38,No,Low
CUST-00401,19,Female,23,Two Year,Fiber Optic,92.0,2107.39,3.4,2,No,2.11,0.06,1.08,No,Low
CUST-00402,33,Male,26,One Year,DSL,56.02,1498.38,1.5,2,No,0.08,0.0,0.04,No,Low
CUST-00403,42,Female,18,One Year,Fiber Optic,71.68,1381.99,1.0,5,No,1.67,1.17,1.42,No,Low
CUST-00404,42,Male,5,One Year,No,24.23,142.78,3.7,4,No,0.18,0.0,0.09,No,Low
CUST-00405,35,Male,33,Month-to-Month,DSL,66.94,2230.48,3.7,3,No,8.83,6.35,7.59,No,Low
CUST-00406,50,Male,39,Month-to-Month,DSL,52.61,2036.11,1.4,2,No,10.74,18.93,14.84,No,Low
CUST-00407,27,Female,19,Two Year,No,20.45,410.77,1.7,3,No,0.59,0.0,0.3,No,Low
CUST-00408,40,Female,16,Month-to-Month,No,25.89,431.08,2.3,4,Yes,28.3,29.49,28.89,No,Low
CUST-00409,43,Female,2,Month-to-Month,DSL,65.95,190.04,5.0,1,No,64.15,74.48,69.31,Yes,High
CUST-00410,49,Male,2,One Year,DSL,47.94,142.77,3.5,2,No,0.36,0.0,0.18,No,Low
CUST-00411,51,Male,9,Month-to-Month,Fiber Optic,91.27,953.07,3.8,1,Yes,98.6,98.39,98.49,Yes,High
CUST-00412,26,Female,8,Month-to-Month,DSL,59.43,546.22,4.6,2,No,67.01,82.26,74.64,Yes,High
CUST-00413,20,Male,72,One Year,DSL,55.31,3904.65,4.9,1,No,0.01,0.0,0.01,No,Low
CUST-00414,59,Male,36,One Year,No,25.42,932.21,3.4,3,No,0.18,0.0,0.09,No,Low
CUST-00415,46,Female,25,Month-to-Month,Fiber Optic,78.23,1949.98,3.7,4,Yes,97.9,98.99,98.45,Yes,High
CUST-00416,31,Male,17,Two Year,Fiber Optic,120.0,2112.56,3.2,5,No,2.92,2.79,2.85,No,Low
CUST-00417,63,Female,4,Month-to-Month,Fiber Optic,96.55,487.6,1.0,2,Yes,98.8,99.85,99.32,Yes,High
CUST-00418,43,Female,72,Month-to-Month,No,31.03,2323.38,3.5,3,No,45.45,76.87,61.16,No,High
CUST-00419,58,Male,11,Month-to-Month,Fiber Optic,88.37,964.13,2.6,0,Yes,99.29,99.99,99.64,Yes,High
CUST-00420,42,Male,2,One Year,DSL,58.63,162.65,1.0,3,No,0.42,0.0,0.21,No,Low
CUST-00421,70,Male,16,Month-to-Month,Fiber Optic,66.38,1113.85,2.3,2,Yes,96.55,99.44,98.0,Yes,High
CUST-00422,66,Female,49,Month-to-Month,Fiber Optic,58.4,2936.14,2.7,3,Yes,85.98,98.41,92.19,Yes,High
CUST-00423,38,Female,52,Two Year,Fiber Optic,85.28,4515.87,4.2,3,No,1.57,0.1,0.83,No,Low
CUST-00424,55,Male,0,Month-to-Month,DSL,60.51,56.72,3.0,4,No,37.06,34.12,35.59,No,Medium
CUST-00425,51,Male,52,One Year,Fiber Optic,91.02,4815.22,2.4,2,No,1.88,0.41,1.15,No,Low
CUST-00426,61,Female,7,One Year,DSL,30.69,237.98,1.7,1,No,0.51,0.0,0.26,No,Low
CUST-00427,28,Female,0,Two Year,No,20.34,19.05,2.9,7,No,3.24,0.84,2.04,No,Low
CUST-00428,51,Male,45,One Year,No,21.55,1023.71,3.4,2,No,0.88,0.04,0.46,No,Low
CUST-00429,56,Male,47,Month-to-Month,DSL,60.57,2847.76,3.8,1,No,61.72,73.21,67.46,Yes,High
CUST-00430,18,Male,21,Month-to-Month,DSL,55.03,1246.21,4.1,4,No,68.74,66.18,67.46,Yes,High
CUST-00431,25,Female,20,Two Year,Fiber Optic,96.31,1947.06,1.6,3,No,1.73,3.3,2.51,No,Low
CUST-00432,18,Female,40,Two Year,No,35.1,1431.82,3.5,2,No,0.08,0.0,0.04,No,Low
CUST-00433,38,Male,37,Month-to-Month,Fiber Optic,91.6,3559.27,3.0,3,Yes,97.0,98.77,97.88,Yes,High
CUST-00434,52,Female,52,One Year,DSL,52.15,2623.88,2.9,2,No,0.02,0.0,0.01,No,Low
CUST-00435,63,Male,19,Month-to-Month,Fiber Optic,70.21,1444.41,3.4,2,Yes,98.08,98.78,98.43,Yes,High
CUST-00436,43,Male,72,Two Year,Fiber Optic,86.37,6006.95,5.0,3,No,1.05,0.04,0.55,No,Low
CUST-00437,64,Male,72,Two Year,Fiber Optic,80.22,5447.93,2.9,4,No,23.61,37.44,30.52,No,Low
CUST-00438,22,Female,2,Two Year,DSL,55.99,169.82,3.3,0,No,0.63,0.04,0.33,No,Low
CUST-00439,18,Male,45,Two Year,DSL,54.46,2380.47,2.1,2,No,1.83,0.1,0.97,No,Low
CUST-00440,41,Female,16,Two Year,DSL,51.08,905.71,2.0,4,No,0.58,0.42,0.5,No,Low
CUST-00441,47,Male,11,Month-to-Month,Fiber Optic,68.48,838.75,1.9,6,Yes,98.45,99.95,99.2,Yes,High
CUST-00442,41,Male,22,Two Year,No,23.29,500.63,1.4,5,No,0.43,0.01,0.22,No,Low
CUST-00443,18,Male,1,One Year,Fiber Optic,97.05,203.41,2.5,2,No,36.73,69.92,53.32,No,Medium
CUST-00444,40,Female,16,Two Year,Fiber Optic,71.66,1162.86,5.0,3,No,1.18,0.14,0.66,No,Low
CUST-00445,23,Male,49,One Year,DSL,61.21,3010.57,2.3,0,No,0.31,0.0,0.16,No,Low
CUST-00446,51,Female,5,Month-to-Month,No,27.06,147.91,2.8,0,Yes,84.04,91.58,87.81,Yes,High
CUST-00447,47,Male,13,One Year,Fiber Optic,74.95,950.92,1.6,0,No,4.54,1.63,3.09,No,Low
CUST-00448,28,Male,67,One Year,DSL,58.12,3732.18,3.0,4,No,0.06,0.0,0.03,No,Low
CUST-00449,34,Male,13,Month-to-Month,DSL,42.59,537.74,2.0,1,Yes,38.43,24.09,31.26,No,Low
CUST-00450,27,Male,10,Month-to-Month,No,22.03,228.19,2.8,2,No,17.5,18.71,18.1,No,Low
CUST-00451,41,Male,13,One Year,Fiber Optic,93.49,1280.51,2.8,2,Yes,39.62,16.3,27.96,No,Low
CUST-00452,55,Male,17,Month-to-Month,Fiber Optic,62.12,1122.22,3.1,2,Yes,97.25,99.99,98.62,Yes,High
CUST-00453,28,Female,23,Month-to-Month,Fiber Optic,69.12,1555.53,4.4,2,Yes,98.47,99.97,99.22,Yes,High
CUST-00454,49,Female,38,Month-to-Month,Fiber Optic,97.68,3661.34,5.0,2,No,78.22,91.02,84.62,Yes,High
CUST-00455,34,Male,14,Two Year,Fiber Optic,65.36,938.67,5.0,2,Yes,42.96,19.5,31.23,No,Low
CUST-00456,30,Male,40,One Year,No,18.0,700.46,3.3,6,No,1.28,0.31,0.8,No,Low
CUST-00457,40,Male,18,Month-to-Month,Fiber Optic,81.85,1490.28,3.4,2,Yes,99.52,99.99,99.75,Yes,High
CUST-00458,27,Male,9,One Year,No,30.06,292.55,3.3,5,No,0.62,0.0,0.31,No,Low
CUST-00459,34,Male,25,One Year,Fiber Optic,116.39,2813.63,4.0,2,No,25.57,29.18,27.38,No,Low
CUST-00460,25,Female,30,Month-to-Month,No,18.69,561.83,2.4,1,Yes,87.85,91.59,89.72,Yes,High
CUST-00461,69,Male,19,Month-to-Month,DSL,45.24,849.67,2.1,1,No,13.75,14.94,14.35,No,Low
CUST-00462,42,Male,1,One Year,Fiber Optic,84.29,153.33,1.0,2,No,2.97,8.87,5.92,No,Low
CUST-00463,32,Male,4,Month-to-Month,DSL,54.44,253.7,4.2,3,Yes,69.71,69.95,69.83,Yes,High
CUST-00464,44,Male,8,One Year,Fiber Optic,89.22,835.19,3.4,3,Yes,64.68,58.45,61.57,Yes,High
CUST-00465,40,Female,7,Month-to-Month,Fiber Optic,77.64,606.08,2.3,2,Yes,98.76,99.5,99.13,Yes,High
CUST-00466,38,Male,26,Month-to-Month,DSL,50.8,1436.6,5.0,4,No,8.17,4.15,6.16,No,Low
CUST-00467,50,Male,0,Two Year,Fiber Optic,75.49,70.49,2.5,3,No,4.72,2.96,3.84,No,Low
CUST-00468,52,Female,33,Month-to-Month,DSL,46.36,1487.66,4.9,5,Yes,81.86,87.93,84.89,Yes,High
CUST-00469,34,Male,7,One Year,DSL,55.78,444.48,2.2,2,No,1.13,0.35,0.74,No,Low
CUST-00470,33,Female,8,Month-to-Month,Fiber Optic,98.96,849.05,3.4,2,Yes,98.18,92.5,95.34,Yes,High
CUST-00471,38,Female,18,Month-to-Month,No,21.0,380.72,3.7,0,No,9.47,2.64,6.06,No,Low
CUST-00472,18,Male,5,Month-to-Month,No,22.7,139.82,2.6,3,No,24.98,20.74,22.86,No,Low
CUST-00473,20,Female,51,Month-to-Month,Fiber Optic,67.04,3152.74,1.8,1,Yes,90.79,98.51,94.65,Yes,High
CUST-00474,61,Male,2,Month-to-Month,Fiber Optic,72.13,216.37,3.2,2,Yes,98.19,99.35,98.77,Yes,High
CUST-00475,65,Female,14,Month-to-Month,Fiber Optic,57.87,895.87,2.3,2,Yes,85.86,96.27,91.06,Yes,High
CUST-00476,38,Male,45,One Year,DSL,27.63,1177.1,1.5,2,No,0.18,0.0,0.09,No,Low
CUST-00477,50,Male,22,One Year,Fiber Optic,89.89,1985.85,1.2,2,No,3.05,3.94,3.5,No,Low
CUST-00478,46,Female,8,Month-to-Month,Fiber Optic,94.87,872.08,3.4,6,Yes,99.75,100.0,99.87,Yes,High
CUST-00479,80,Female,13,Two Year,DSL,48.83,670.13,1.0,0,No,0.42,0.0,0.21,No,Low
CUST-00480,57,Female,29,Month-to-Month,DSL,43.23,1236.8,2.9,7,No,24.4,43.49,33.94,No,Low
CUST-00481,40,Female,72,Month-to-Month,Fiber Optic,107.05,7766.89,4.0,3,No,42.03,57.25,49.64,No,Medium
CUST-00482,28,Male,53,One Year,No,42.72,2188.55,1.5,0,No,2.27,0.08,1.17,No,Low
CUST-00483,19,Male,10,Month-to-Month,DSL,65.67,718.0,1.7,3,No,12.6,7.12,9.86,No,Low
CUST-00484,44,Male,72,Month-to-Month,Fiber Optic,71.19,4790.24,3.5,3,Yes,83.67,97.65,90.66,Yes,High
CUST-00485,31,Male,0,Month-to-Month,DSL,57.92,54.09,1.0,4,No,29.56,22.79,26.18,No,Low
CUST-00486,22,Male,0,Two Year,Fiber Optic,98.74,89.08,3.1,4,No,40.72,77.56,59.14,No,Medium
CUST-00487,32,Female,41,One Year,DSL,39.68,1546.02,2.7,2,No,0.06,0.0,0.03,No,Low
CUST-00488,26,Male,5,Month-to-Month,Fiber Optic,109.99,606.89,4.8,1,Yes,98.19,99.97,99.08,Yes,High
CUST-00489,65,Male,1,Month-to-Month,Fiber Optic,59.94,118.65,5.0,0,No,51.42,94.43,72.92,Yes,High
CUST-00490,54,Male,6,Two Year,Fiber Optic,85.77,625.4,3.6,1,No,3.39,0.49,1.94,No,Low
CUST-00491,41,Female,13,One Year,Fiber Optic,68.03,887.95,2.4,4,Yes,57.0,80.01,68.51,Yes,High
CUST-00492,62,Female,31,Month-to-Month,DSL,61.55,1810.84,3.3,3,Yes,81.74,92.59,87.16,Yes,High
CUST-00493,43,Female,23,Month-to-Month,DSL,59.25,1393.98,4.2,5,No,9.26,10.4,9.83,No,Low
CUST-00494,29,Male,6,Month-to-Month,Fiber Optic,90.6,588.01,4.0,4,Yes,99.56,100.0,99.78,Yes,High
CUST-00495,63,Female,16,Month-to-Month,Fiber Optic,62.98,1050.58,1.0,2,Yes,94.78,99.81,97.29,Yes,High
CUST-00496,49,Male,62,Two Year,No,36.53,2245.39,1.6,4,No,0.1,0.0,0.05,No,Low
CUST-00497,27,Female,40,Month-to-Month,Fiber Optic,77.12,2854.93,4.0,0,Yes,96.4,99.92,98.16,Yes,High
CUST-00498,39,Female,9,Month-to-Month,Fiber Optic,98.82,1032.32,1.8,5,Yes,98.21,99.89,99.05,Yes,High
CUST-00499,29,Male,72,Two Year,DSL,47.52,3226.86,3.6,4,No,2.28,0.04,1.16,No,Low
CUST-00500,22,Male,29,One Year,No,42.62,1322.36,4.1,4,No,0.21,0.0,0.1,No,Low
CUST-00501,54,Female,1,One Year,No,28.81,55.17,3.9,0,No,2.1,0.03,1.07,No,Low
CUST-00502,68,Male,0,Month-to-Month,DSL,61.29,56.62,3.7,1,No,21.39,6.92,14.16,No,Low
CUST-00503,22,Female,4,One Year,Fiber Optic,95.42,437.03,2.7,4,No,1.35,2.5,1.92,No,Low
CUST-00504,49,Male,31,One Year,DSL,60.21,1881.64,1.7,4,No,1.05,0.0,0.53,No,Low
CUST-00505,32,Male,4,Month-to-Month,Fiber Optic,79.48,379.23,5.0,1,Yes,98.46,99.79,99.12,Yes,High
CUST-00506,35,Male,17,Two Year,Fiber Optic,84.9,1585.7,1.1,3,No,1.42,0.76,1.09,No,Low
CUST-00507,33,Male,2,Two Year,DSL,67.5,188.37,3.3,1,No,0.78,0.0,0.39,No,Low
CUST-00508,29,Male,60,One Year,DSL,60.23,3705.43,2.6,3,No,0.07,0.0,0.04,No,Low
CUST-00509,42,Male,10,Month-to-Month,Fiber Optic,89.7,915.53,4.7,3,Yes,99.47,99.99,99.73,Yes,High
CUST-00510,30,Female,57,Month-to-Month,Fiber Optic,95.34,5699.79,3.2,2,Yes,95.06,96.39,95.73,Yes,High
CUST-00511,45,Male,69,Month-to-Month,DSL,47.66,3258.03,2.2,1,No,58.82,50.03,54.42,Yes,Medium
CUST-00512,41,Female,0,Month-to-Month,No,23.63,24.21,2.7,1,No,19.71,9.79,14.75,No,Low
CUST-00513,38,Female,14,One Year,DSL,40.7,589.52,4.2,1,No,0.09,0.0,0.05,No,Low
CUST-00514,29,Female,0,Month-to-Month,Fiber Optic,70.3,65.12,4.4,3,Yes,95.65,99.99,97.82,Yes,High
CUST-00515,33,Male,57,Two Year,No,39.05,2221.64,3.9,3,No,1.71,0.0,0.86,No,Low
CUST-00516,52,Male,17,Month-to-Month,DSL,64.19,1087.11,3.3,6,No,24.72,44.5,34.61,No,Low
CUST-00517,49,Male,1,Month-to-Month,DSL,58.65,108.82,2.1,1,Yes,88.12,97.72,92.92,Yes,High
CUST-00518,28,Female,2,One Year,Fiber Optic,76.84,238.72,2.4,2,No,2.13,1.43,1.78,No,Low
CUST-00519,43,Female,11,Month-to-Month,Fiber Optic,74.72,881.14,3.7,4,Yes,98.73,99.96,99.35,Yes,High
CUST-00520,52,Male,67,Two Year,Fiber Optic,92.69,6429.27,4.3,1,No,1.74,0.03,0.89,No,Low
CUST-00521,18,Male,28,Two Year,Fiber Optic,92.63,2730.31,1.6,4,No,2.59,3.56,3.07,No,Low
CUST-00522,49,Female,48,Month-to-Month,Fiber Optic,62.5,2756.74,1.3,3,Yes,87.9,99.68,93.79,Yes,High
CUST-00523,32,Male,10,Month-to-Month,DSL,41.72,474.01,3.0,3,Yes,88.52,96.99,92.75,Yes,High
CUST-00524,49,Female,1,Month-to-Month,Fiber Optic,83.1,168.86,3.4,2,Yes,97.22,98.89,98.05,Yes,High
CUST-00525,31,Female,72,One Year,No,18.0,1235.57,3.4,4,No,0.2,0.0,0.1,No,Low
CUST-00526,18,Female,0,Month-to-Month,Fiber Optic,68.69,64.18,3.8,2,Yes,94.82,92.36,93.59,Yes,High
CUST-00527,19,Male,70,One Year,DSL,68.29,4405.06,2.6,2,No,2.44,0.04,1.24,No,Low
CUST-00528,42,Male,11,Month-to-Month,DSL,63.12,692.21,4.5,4,No,7.69,1.56,4.62,No,Low
CUST-00529,45,Female,0,One Year,DSL,68.81,63.94,4.9,1,No,0.73,0.0,0.36,No,Low
CUST-00530,29,Female,28,One Year,Fiber Optic,100.83,2633.19,3.8,2,No,2.63,0.31,1.47,No,Low
CUST-00531,50,Male,72,Month-to-Month,DSL,50.88,3518.78,2.6,0,No,4.59,1.97,3.28,No,Low
CUST-00532,18,Male,72,Month-to-Month,No,32.51,2464.21,1.0,5,Yes,44.72,40.03,42.37,No,Medium
CUST-00533,41,Female,4,Month-to-Month,No,18.0,88.5,2.5,2,Yes,88.16,96.09,92.12,Yes,High
CUST-00534,25,Female,4,Month-to-Month,DSL,64.39,317.79,3.3,3,Yes,84.77,96.15,90.46,Yes,High
CUST-00535,32,Female,20,Month-to-Month,No,27.7,544.19,3.9,1,No,10.57,4.0,7.29,No,Low
CUST-00536,42,Female,24,Month-to-Month,Fiber Optic,95.86,2237.78,2.8,1,Yes,96.76,90.24,93.5,Yes,High
CUST-00537,29,Male,32,Two Year,No,29.54,931.05,3.1,3,No,1.6,0.1,0.85,No,Low
CUST-00538,36,Male,4,Two Year,No,22.85,107.32,5.0,1,No,0.39,0.0,0.2,No,Low
CUST-00539,56,Female,72,Two Year,DSL,61.53,4620.87,2.0,3,No,0.01,0.0,0.0,No,
CUST-00540,33,Female,24,Month-to-Month,DSL,40.19,931.02,1.4,0,Yes,85.59,95.75,90.67,Yes,High
CUST-00541,53,Male,45,One Year,DSL,51.9,2390.34,1.0,3,No,1.32,0.07,0.69,No,Low
CUST-00542,26,Male,18,Month-to-Month,Fiber Optic,83.09,1536.78,4.2,7,Yes,98.0,97.64,97.82,Yes,High
CUST-00543,49,Female,12,Month-to-Month,No,33.37,434.5,1.7,0,Yes,84.73,94.81,89.77,Yes,High
CUST-00544,62,Male,72,Month-to-Month,DSL,52.16,3903.65,2.8,4,Yes,79.64,92.15,85.9,Yes,High
CUST-00545,18,Male,20,Month-to-Month,DSL,65.58,1309.98,4.1,0,No,15.73,2.61,9.17,No,Low
CUST-00546,30,Female,48,Month-to-Month,DSL,71.97,3459.91,4.9,2,No,11.39,1.22,6.3,No,Low
CUST-00547,50,Female,72,Month-to-Month,No,21.43,1525.02,3.2,3,No,2.74,0.52,1.63,No,Low
CUST-00548,39,Female,27,Two Year,DSL,55.65,1489.62,2.1,4,No,0.6,0.0,0.3,No,Low
CUST-00549,47,Male,19,Month-to-Month,Fiber Optic,55.47,1133.58,3.6,1,Yes,90.37,97.85,94.11,Yes,High
CUST-00550,33,Female,0,Two Year,DSL,69.59,62.74,2.0,2,No,0.29,0.0,0.15,No,Low
CUST-00551,43,Female,0,Month-to-Month,No,26.57,25.15,3.1,5,No,16.83,6.25,11.54,No,Low
CUST-00552,39,Female,5,Month-to-Month,DSL,50.65,311.44,1.7,3,Yes,88.14,98.8,93.47,Yes,High
CUST-00553,58,Female,4,Month-to-Month,No,35.05,180.65,2.3,2,No,77.67,96.46,87.07,Yes,High
CUST-00554,45,Male,7,One Year,No,18.0,144.58,5.0,1,No,0.03,0.0,0.01,No,Low
CUST-00555,46,Male,8,Month-to-Month,DSL,45.55,389.91,4.4,3,No,11.05,7.61,9.33,No,Low
CUST-00556,36,Male,10,Month-to-Month,Fiber Optic,91.9,1034.5,2.5,1,Yes,98.03,99.96,98.99,Yes,High
CUST-00557,35,Male,13,Month-to-Month,Fiber Optic,75.46,964.11,2.7,1,Yes,99.3,99.99,99.65,Yes,High
CUST-00558,35,Female,2,Month-to-Month,DSL,60.42,170.35,4.0,3,No,19.99,14.11,17.05,No,Low
CUST-00559,47,Female,1,One Year,Fiber Optic,69.41,126.86,2.7,1,No,34.5,53.99,44.25,No,Medium
CUST-00560,36,Female,26,Month-to-Month,No,23.06,570.66,4.5,3,No,3.55,0.48,2.02,No,Low
CUST-00561,46,Female,18,Month-to-Month,DSL,48.24,906.44,1.5,4,Yes,80.77,93.54,87.15,Yes,High
CUST-00562,71,Male,14,Two Year,Fiber Optic,75.75,1034.91,3.1,3,No,34.36,63.85,49.1,No,Medium
CUST-00563,54,Male,24,Month-to-Month,DSL,52.52,1315.59,2.3,1,No,12.49,2.43,7.46,No,Low
CUST-00564,37,Male,42,One Year,DSL,48.72,1995.08,3.5,5,No,0.84,0.0,0.42,No,Low
CUST-00565,58,Male,13,One Year,Fiber Optic,66.24,842.37,3.3,1,No,2.13,0.64,1.38,No,Low
CUST-00566,36,Male,24,Two Year,Fiber Optic,93.22,2197.29,3.2,2,No,2.37,0.55,1.46,No,Low
CUST-00567,18,Female,72,Month-to-Month,No,26.2,1835.89,3.7,3,No,5.58,2.21,3.89,No,Low
CUST-00568,27,Female,43,One Year,Fiber Optic,79.75,3351.04,3.5,1,No,2.45,0.15,1.3,No,Low
CUST-00569,18,Male,13,Month-to-Month,Fiber Optic,69.58,951.25,1.9,1,Yes,96.97,97.28,97.12,Yes,High
CUST-00570,37,Male,24,One Year,Fiber Optic,74.64,1820.13,3.1,2,No,2.77,0.09,1.43,No,Low
CUST-00571,42,Female,4,Month-to-Month,Fiber Optic,77.37,369.03,3.1,3,Yes,99.57,100.0,99.78,Yes,High
CUST-00572,65,Male,19,Month-to-Month,DSL,41.85,866.2,3.1,0,No,10.28,0.81,5.55,No,Low
CUST-00573,46,Female,72,Two Year,Fiber Optic,81.48,5549.54,5.0,3,No,1.08,0.01,0.54,No,Low
CUST-00574,38,Female,17,Month-to-Month,No,30.17,516.47,3.2,1,Yes,83.93,88.97,86.45,Yes,High
CUST-00575,53,Female,63,Two Year,Fiber Optic,100.55,6326.12,5.0,4,No,19.94,8.42,14.18,No,Low
CUST-00576,18,Male,12,Two Year,DSL,71.14,866.36,1.0,2,No,6.4,0.67,3.53,No,Low
CUST-00577,45,Female,72,Month-to-Month,Fiber Optic,41.65,2804.92,2.6,0,Yes,80.33,95.14,87.74,Yes,High
CUST-00578,52,Male,20,Month-to-Month,No,18.0,340.56,2.9,0,No,49.89,52.68,51.29,No,Medium
CUST-00579,21,Female,1,Month-to-Month,DSL,62.74,130.72,4.9,0,No,44.8,21.04,32.92,No,Low
CUST-00580,58,Male,21,Two Year,No,37.42,837.75,1.0,3,No,0.77,0.01,0.39,No,Low
CUST-00581,46,Male,7,Month-to-Month,DSL,48.59,401.68,4.3,2,No,11.0,0.94,5.97,No,Low
CUST-00582,36,Female,0,One Year,DSL,64.2,58.17,3.8,1,No,2.3,0.01,1.15,No,Low
CUST-00583,50,Female,41,One Year,No,18.0,688.72,3.8,4,No,0.21,0.0,0.1,No,Low
CUST-00584,73,Female,7,Two Year,Fiber Optic,71.83,564.75,3.0,3,No,50.27,62.53,56.4,Yes,Medium
CUST-00585,44,Female,38,One Year,DSL,25.06,883.0,3.4,3,No,0.07,0.0,0.03,No,Low
CUST-00586,45,Female,8,One Year,Fiber Optic,96.22,814.64,3.1,2,No,2.79,0.82,1.8,No,Low
CUST-00587,35,Male,5,Month-to-Month,DSL,53.9,338.24,2.5,5,No,26.3,44.7,35.5,No,Medium
CUST-00588,30,Female,72,Month-to-Month,No,38.51,2680.84,4.2,3,No,4.25,1.42,2.83,No,Low
CUST-00589,53,Female,10,Month-to-Month,No,33.39,384.52,3.3,5,Yes,80.74,83.88,82.31,Yes,High
CUST-00590,30,Female,22,Two Year,Fiber Optic,97.47,2057.48,2.3,3,No,1.17,1.27,1.22,No,Low
CUST-00591,43,Female,22,One Year,Fiber Optic,82.67,1821.11,3.6,3,Yes,23.18,41.01,32.09,No,Low
CUST-00592,35,Male,19,One Year,Fiber Optic,70.26,1265.9,3.0,1,No,12.09,11.08,11.59,No,Low
CUST-00593,48,Female,59,One Year,Fiber Optic,99.49,5902.11,2.7,1,No,2.43,0.14,1.28,No,Low
CUST-00594,46,Male,26,Month-to-Month,Fiber Optic,95.91,2463.36,1.3,4,Yes,98.44,99.89,99.17,Yes,High
CUST-00595,56,Male,12,Month-to-Month,Fiber Optic,77.25,979.74,2.6,1,Yes,98.73,99.1,98.91,Yes,High
CUST-00596,34,Female,47,Month-to-Month,No,18.0,880.6,2.6,2,Yes,84.13,89.76,86.94,Yes,High
CUST-00597,38,Male,4,Month-to-Month,DSL,50.73,249.26,3.5,4,No,17.73,24.69,21.21,No,Low
CUST-00598,28,Female,18,One Year,DSL,54.61,1037.37,2.8,3,No,1.26,0.15,0.7,No,Low
CUST-00599,35,Male,72,Month-to-Month,DSL,54.07,3831.97,5.0,3,No,6.84,0.99,3.92,No,Low
CUST-00600,47,Male,23,One Year,DSL,52.92,1285.56,1.5,4,No,0.75,0.11,0.43,No,Low
CUST-00601,52,Female,40,One Year,No,18.0,730.9,1.8,1,No,0.23,0.01,0.12,No,Low
CUST-00602,29,Female,25,Month-to-Month,DSL,68.26,1827.78,2.6,1,Yes,84.63,90.7,87.66,Yes,High
CUST-00603,54,Female,43,Month-to-Month,Fiber Optic,94.0,4191.35,3.6,1,Yes,94.73,94.28,94.5,Yes,High
CUST-00604,60,Female,69,Month-to-Month,DSL,70.85,4636.17,2.8,1,Yes,68.83,26.78,47.8,Yes,Medium
CUST-00605,47,Female,7,Month-to-Month,No,18.08,141.56,2.5,7,Yes,40.18,58.81,49.5,No,Medium
CUST-00606,68,Male,4,One Year,Fiber Optic,92.41,476.49,1.9,3,No,29.35,42.87,36.11,No,Medium
CUST-00607,31,Male,15,Month-to-Month,DSL,65.37,1076.08,3.7,2,Yes,81.35,90.49,85.92,Yes,High
CUST-00608,24,Male,29,Two Year,Fiber Optic,99.84,2910.05,5.0,2,No,3.04,0.14,1.59,No,Low
CUST-00609,18,Female,6,One Year,Fiber Optic,77.44,513.39,2.0,3,No,1.77,0.38,1.08,No,Low
CUST-00610,62,Female,0,Month-to-Month,No,21.77,20.28,3.8,4,Yes,86.67,95.71,91.19,Yes,High
CUST-00611,51,Male,10,One Year,Fiber Optic,120.0,1226.48,4.9,2,No,45.91,25.6,35.76,No,Medium
CUST-00612,41,Female,72,One Year,Fiber Optic,72.73,4892.91,3.4,4,No,1.6,0.03,0.82,No,Low
CUST-00613,45,Female,28,One Year,Fiber Optic,64.14,1952.96,3.6,1,No,15.76,20.35,18.05,No,Low
CUST-00614,26,Male,12,Month-to-Month,No,27.34,355.2,3.1,2,Yes,20.28,9.7,14.99,No,Low
CUST-00615,76,Male,5,Month-to-Month,Fiber Optic,92.31,524.61,5.0,2,Yes,98.16,99.98,99.07,Yes,High
CUST-00616,43,Female,10,Month-to-Month,No,27.01,280.47,4.1,4,No,13.45,2.19,7.82,No,Low
CUST-00617,43,Female,4,Month-to-Month,Fiber Optic,83.25,393.7,4.5,2,Yes,99.36,99.98,99.67,Yes,High
CUST-00618,52,Female,2,One Year,No,27.58,85.29,3.1,4,No,0.97,0.0,0.48,No,Low
CUST-00619,48,Male,56,One Year,No,18.0,1002.38,3.9,3,No,0.14,0.0,0.07,No,Low
CUST-00620,45,Female,72,Two Year,Fiber Optic,88.52,6078.92,3.1,5,No,1.88,0.39,1.14,No,Low
CUST-00621,30,Male,4,Month-to-Month,Fiber Optic,84.59,431.31,4.0,5,Yes,98.74,99.7,99.22,Yes,High
CUST-00622,48,Male,1,Month-to-Month,Fiber Optic,68.61,138.94,2.8,4,Yes,98.26,98.49,98.37,Yes,High
CUST-00623,68,Female,9,One Year,DSL,43.9,425.89,4.5,1,No,0.5,0.0,0.25,No,Low
CUST-00624,60,Male,14,Month-to-Month,Fiber Optic,79.05,1189.68,3.8,3,Yes,99.22,99.94,99.58,Yes,High
CUST-00625,64,Female,5,Month-to-Month,Fiber Optic,82.8,502.13,2.7,1,Yes,98.66,99.04,98.85,Yes,High
CUST-00626,34,Male,8,Month-to-Month,Fiber Optic,63.04,514.84,4.2,4,Yes,91.8,95.36,93.58,Yes,High
CUST-00627,28,Female,5,Month-to-Month,Fiber Optic,74.5,461.0,2.9,4,Yes,99.54,100.0,99.77,Yes,High
CUST-00628,40,Female,35,One Year,Fiber Optic,101.57,3448.27,1.8,3,No,1.64,1.46,1.55,No,Low
CUST-00629,42,Male,29,Month-to-Month,No,40.08,1259.11,2.9,4,No,15.72,20.59,18.15,No,Low
CUST-00630,57,Female,24,One Year,No,28.93,749.45,2.9,1,No,0.03,0.0,0.02,No,Low
CUST-00631,18,Male,11,Two Year,Fiber Optic,101.14,1095.82,1.9,3,No,1.9,3.39,2.64,No,Low
CUST-00632,63,Female,57,Month-to-Month,DSL,43.87,2527.0,3.7,4,Yes,31.38,6.32,18.85,No,Low
CUST-00633,39,Male,72,Two Year,DSL,38.05,2902.0,3.7,3,No,1.1,0.02,0.56,No,Low
CUST-00634,36,Male,4,Month-to-Month,DSL,52.11,256.58,3.2,2,No,3.26,1.69,2.48,No,Low
CUST-00635,27,Male,6,Two Year,DSL,54.2,376.5,4.1,2,No,0.75,0.0,0.38,No,Low
CUST-00636,18,Male,17,Month-to-Month,DSL,67.03,1254.38,2.8,4,Yes,77.9,86.43,82.17,Yes,High
CUST-00637,53,Female,2,One Year,DSL,60.33,178.44,1.6,2,No,0.22,0.0,0.11,No,Low
CUST-00638,43,Male,13,Month-to-Month,DSL,62.08,814.07,2.5,3,No,14.06,29.31,21.69,No,Low
CUST-00639,23,Male,20,One Year,Fiber Optic,80.84,1645.09,2.3,1,No,12.38,13.6,12.99,No,Low
CUST-00640,23,Male,17,One Year,Fiber Optic,65.12,1116.48,2.8,1,No,11.63,10.82,11.22,No,Low
CUST-00641,37,Male,9,Month-to-Month,Fiber Optic,89.68,829.6,3.3,1,Yes,98.96,99.99,99.48,Yes,High
CUST-00642,65,Female,18,Two Year,DSL,59.86,1060.13,5.0,1,No,0.38,0.0,0.19,No,Low
CUST-00643,38,Female,72,Month-to-Month,Fiber Optic,104.18,6914.32,1.5,2,Yes,89.55,98.48,94.01,Yes,High
CUST-00644,20,Male,5,Month-to-Month,DSL,56.03,311.07,4.2,4,No,8.12,2.24,5.18,No,Low
CUST-00645,38,Female,25,One Year,Fiber Optic,75.39,1840.36,2.1,0,Yes,42.01,40.27,41.14,No,Medium
CUST-00646,38,Female,1,One Year,No,29.61,60.03,3.7,4,No,0.42,0.0,0.21,No,Low
CUST-00647,18,Male,1,Month-to-Month,Fiber Optic,58.6,111.91,2.5,3,Yes,91.55,99.73,95.64,Yes,High
CUST-00648,41,Female,19,Month-to-Month,DSL,58.55,1175.27,3.5,2,No,5.32,0.85,3.09,No,Low
CUST-00649,38,Female,2,Two Year,DSL,43.03,135.47,5.0,4,No,1.82,0.01,0.92,No,Low
CUST-00650,51,Female,0,One Year,Fiber Optic,94.99,93.78,1.6,2,No,2.36,2.45,2.41,No,Low
CUST-00651,67,Female,4,Month-to-Month,Fiber Optic,86.74,430.28,3.5,4,Yes,98.85,99.56,99.21,Yes,High
CUST-00652,57,Male,19,Month-to-Month,No,33.29,654.37,3.6,3,Yes,84.46,93.67,89.06,Yes,High
CUST-00653,38,Female,29,Two Year,Fiber Optic,88.69,2552.48,4.3,2,No,2.73,0.17,1.45,No,Low
CUST-00654,26,Female,5,One Year,No,27.74,154.43,3.3,1,No,0.07,0.0,0.03,No,Low
CUST-00655,78,Male,26,Two Year,No,18.0,508.66,5.0,3,No,0.94,0.0,0.47,No,Low
CUST-00656,42,Female,4,Month-to-Month,DSL,45.61,221.6,4.5,1,No,7.8,3.1,5.45,No,Low
CUST-00657,42,Male,22,One Year,DSL,48.29,1155.52,3.9,3,No,0.3,0.08,0.19,No,Low
CUST-00658,41,Female,12,One Year,DSL,62.48,762.67,3.6,2,No,0.24,0.0,0.12,No,Low
CUST-00659,44,Female,25,Month-to-Month,DSL,59.32,1413.2,3.9,3,No,65.83,57.26,61.55,Yes,High
CUST-00660,39,Male,72,One Year,No,31.63,2298.67,3.4,3,No,1.15,0.04,0.59,No,Low
CUST-00661,33,Male,66,One Year,Fiber Optic,60.72,4180.93,3.4,3,No,1.69,0.19,0.94,No,Low
CUST-00662,34,Female,0,Month-to-Month,Fiber Optic,102.94,102.87,1.5,4,Yes,98.57,99.91,99.24,Yes,High
CUST-00663,41,Male,51,Two Year,Fiber Optic,104.25,5482.93,3.8,3,No,0.81,0.02,0.42,No,Low
CUST-00664,34,Male,1,Two Year,DSL,69.57,137.92,3.8,3,No,1.01,0.0,0.51,No,Low
CUST-00665,32,Male,72,Two Year,Fiber Optic,68.87,5087.62,3.6,1,No,0.25,0.01,0.13,No,Low
CUST-00666,43,Male,7,Two Year,No,27.06,206.02,3.6,1,No,0.14,0.0,0.07,No,Low
CUST-00667,38,Male,11,Month-to-Month,Fiber Optic,61.89,711.8,4.0,5,Yes,90.47,97.5,93.99,Yes,High
CUST-00668,63,Male,2,Month-to-Month,No,34.83,106.27,3.7,1,Yes,80.52,90.39,85.46,Yes,High
CUST-00669,18,Male,2,Two Year,Fiber Optic,68.96,211.06,3.3,3,No,41.33,58.14,49.74,No,Medium
CUST-00670,57,Female,31,Month-to-Month,Fiber Optic,90.33,2637.31,3.6,1,Yes,93.76,82.42,88.09,Yes,High
CUST-00671,59,Female,69,Month-to-Month,Fiber Optic,90.55,5720.76,4.6,2,No,45.61,85.63,65.62,No,High
CUST-00672,18,Male,22,Month-to-Month,Fiber Optic,87.88,2021.2,4.8,5,Yes,99.52,99.99,99.75,Yes,High
CUST-00673,37,Male,30,Month-to-Month,DSL,67.55,1911.17,2.1,3,Yes,87.23,97.87,92.55,Yes,High
CUST-00674,36,Female,34,One Year,No,31.2,1010.88,2.8,2,No,0.57,0.01,0.29,No,Low
CUST-00675,22,Male,7,Month-to-Month,Fiber Optic,84.62,629.29,4.2,2,Yes,98.04,98.4,98.22,Yes,High
CUST-00676,31,Male,1,Month-to-Month,DSL,75.66,147.75,3.8,0,No,50.75,87.24,68.99,Yes,High
CUST-00677,26,Male,0,Two Year,Fiber Optic,98.75,91.85,2.5,3,Yes,56.92,76.13,66.53,Yes,High
CUST-00678,66,Female,10,One Year,Fiber Optic,72.18,736.12,3.3,1,No,1.39,0.38,0.88,No,Low
CUST-00679,55,Female,6,One Year,DSL,56.27,355.13,4.1,4,No,1.15,0.0,0.58,No,Low
CUST-00680,59,Female,1,One Year,Fiber Optic,80.69,163.8,5.0,0,No,29.44,8.92,19.18,No,Low
CUST-00681,52,Female,4,Two Year,No,32.82,151.03,5.0,0,No,0.15,0.0,0.08,No,Low
CUST-00682,26,Female,3,One Year,DSL,67.35,265.44,1.2,2,No,6.0,0.58,3.29,No,Low
CUST-00683,34,Male,59,One Year,Fiber Optic,95.57,5418.56,4.1,2,No,2.5,0.1,1.3,No,Low
CUST-00684,48,Female,3,Two Year,DSL,66.08,245.14,2.5,3,No,4.54,0.3,2.42,No,Low
CUST-00685,24,Male,18,Month-to-Month,Fiber Optic,90.69,1640.45,4.5,2,Yes,97.24,97.54,97.39,Yes,High
CUST-00686,51,Female,21,Two Year,DSL,53.72,1109.3,1.7,2,No,0.26,0.0,0.13,No,Low
CUST-00687,38,Female,18,Month-to-Month,No,18.0,330.03,2.4,5,No,14.48,31.26,22.87,No,Low
CUST-00688,36,Female,2,Month-to-Month,No,24.96,75.14,3.0,4,Yes,90.41,97.62,94.01,Yes,High
CUST-00689,51,Male,9,Month-to-Month,Fiber Optic,54.02,490.31,3.9,3,Yes,90.62,99.36,94.99,Yes,High
CUST-00690,48,Male,1,Month-to-Month,Fiber Optic,64.68,119.98,2.8,3,Yes,98.26,100.0,99.13,Yes,High
CUST-00691,36,Female,12,One Year,DSL,55.07,652.94,2.4,0,No,0.06,0.0,0.03,No,Low
CUST-00692,58,Female,5,Two Year,No,33.5,210.08,1.3,4,No,1.28,0.01,0.64,No,Low
CUST-00693,26,Female,19,Two Year,No,18.0,354.99,2.5,1,No,0.03,0.0,0.01,No,Low
CUST-00694,50,Male,28,Two Year,Fiber Optic,81.55,2419.47,3.9,4,No,0.99,0.48,0.73,No,Low
CUST-00695,50,Female,18,Month-to-Month,DSL,40.84,729.4,4.8,5,No,10.04,1.38,5.71,No,Low
CUST-00696,37,Female,13,Two Year,No,21.66,313.64,2.1,0,No,0.04,0.0,0.02,No,Low
CUST-00697,46,Female,11,Month-to-Month,Fiber Optic,100.11,1194.53,2.2,0,Yes,98.35,93.69,96.02,Yes,High
CUST-00698,24,Female,44,Two Year,No,28.47,1231.05,2.4,4,No,0.59,0.0,0.3,No,Low
CUST-00699,54,Female,5,Month-to-Month,Fiber Optic,63.41,376.69,3.1,5,Yes,92.06,98.2,95.13,Yes,High
CUST-00700,39,Female,31,Month-to-Month,Fiber Optic,101.96,2998.83,3.4,0,Yes,94.01,95.53,94.77,Yes,High
CUST-00701,34,Female,34,Two Year,Fiber Optic,76.5,2535.52,2.9,1,No,1.45,0.25,0.85,No,Low
CUST-00702,56,Female,13,Two Year,DSL,58.28,800.32,1.5,3,No,0.41,0.0,0.21,No,Low
CUST-00703,32,Male,8,One Year,No,21.28,190.77,1.0,4,No,0.88,0.0,0.44,No,Low
CUST-00704,22,Male,15,One Year,DSL,59.94,894.32,2.7,1,No,0.52,0.0,0.26,No,Low
CUST-00705,20,Female,2,Month-to-Month,Fiber Optic,96.72,304.31,3.8,1,Yes,97.17,98.29,97.73,Yes,High
CUST-00706,50,Female,1,One Year,Fiber Optic,78.65,161.23,3.2,3,No,1.59,0.15,0.87,No,Low
CUST-00707,24,Female,2,One Year,DSL,55.09,163.12,5.0,5,No,1.7,0.0,0.85,No,Low
CUST-00708,66,Male,4,Month-to-Month,DSL,66.12,345.81,1.5,1,Yes,84.92,97.89,91.41,Yes,High
CUST-00709,18,Male,16,Month-to-Month,DSL,65.93,1094.91,3.3,3,No,17.77,17.59,17.68,No,Low
CUST-00710,65,Female,45,Month-to-Month,Fiber Optic,68.96,3305.63,4.7,5,Yes,92.63,97.5,95.07,Yes,High
CUST-00711,44,Female,6,One Year,DSL,51.11,362.34,2.9,1,No,0.88,0.01,0.45,No,Low
CUST-00712,40,Male,65,Month-to-Month,No,32.94,2027.51,1.8,1,No,4.46,6.55,5.51,No,Low
CUST-00713,34,Male,72,Month-to-Month,DSL,56.75,3980.47,1.0,3,No,9.96,22.43,16.19,No,Low
CUST-00714,47,Female,72,Month-to-Month,DSL,60.39,4141.42,2.8,4,No,8.98,5.86,7.42,No,Low
CUST-00715,41,Male,43,One Year,No,23.47,1041.22,2.6,4,No,0.26,0.0,0.13,No,Low
CUST-00716,57,Female,10,One Year,DSL,56.64,632.38,2.5,2,No,0.13,0.0,0.06,No,Low
CUST-00717,43,Male,1,One Year,DSL,61.42,123.16,3.5,4,No,0.11,0.0,0.05,No,Low
CUST-00718,44,Female,20,Month-to-Month,DSL,53.23,1097.53,5.0,4,No,57.71,45.12,51.41,Yes,Medium
CUST-00719,36,Female,19,Month-to-Month,Fiber Optic,73.04,1402.82,1.7,4,Yes,98.85,98.62,98.74,Yes,High
CUST-00720,41,Female,45,Month-to-Month,DSL,73.46,3540.15,2.1,0,No,13.54,0.71,7.13,No,Low
CUST-00721,46,Male,72,Two Year,No,18.0,1188.12,3.0,1,No,0.05,0.0,0.03,No,Low
CUST-00722,18,Female,17,Month-to-Month,Fiber Optic,84.34,1394.51,4.0,5,Yes,98.2,99.49,98.85,Yes,High
CUST-00723,23,Male,10,Month-to-Month,No,18.28,199.03,2.8,3,Yes,89.26,97.51,93.39,Yes,High
CUST-00724,52,Male,4,One Year,DSL,54.59,276.6,3.8,1,No,0.17,0.0,0.08,No,Low
CUST-00725,44,Female,0,Month-to-Month,Fiber Optic,86.26,90.02,1.6,2,Yes,98.5,99.79,99.15,Yes,High
CUST-00726,39,Female,17,Two Year,DSL,57.58,1009.05,3.3,1,No,1.19,0.04,0.62,No,Low
CUST-00727,42,Female,19,Month-to-Month,Fiber Optic,68.82,1293.65,3.2,2,Yes,97.49,92.05,94.77,Yes,High
CUST-00728,46,Male,41,One Year,No,18.0,778.3,4.9,0,No,0.17,0.0,0.09,No,Low
CUST-00729,34,Male,16,Month-to-Month,DSL,66.24,1087.89,4.4,6,No,11.85,4.43,8.14,No,Low
CUST-00730,31,Male,59,Month-to-Month,No,22.15,1221.83,3.3,0,No,2.55,0.21,1.38,No,Low
CUST-00731,44,Female,23,Month-to-Month,DSL,60.83,1428.26,2.2,1,Yes,85.64,94.68,90.16,Yes,High
CUST-00732,28,Female,44,Two Year,DSL,52.56,2315.12,1.0,1,No,0.19,0.0,0.09,No,Low
CUST-00733,47,Female,3,Two Year,No,21.31,79.65,2.2,4,No,1.24,0.46,0.85,No,Low
CUST-00734,18,Female,46,Month-to-Month,Fiber Optic,77.53,3357.12,5.0,3,Yes,91.13,93.71,92.42,Yes,High
CUST-00735,56,Male,26,Two Year,DSL,69.19,1721.25,1.2,2,No,0.75,0.0,0.38,No,Low
CUST-00736,48,Male,4,One Year,Fiber Optic,77.09,394.51,2.2,2,No,1.91,1.85,1.88,No,Low
CUST-00737,45,Male,5,Two Year,No,29.32,171.55,3.3,4,No,0.24,0.0,0.12,No,Low
CUST-00738,55,Male,62,Two Year,DSL,40.7,2590.9,4.6,1,No,0.26,0.0,0.13,No,Low
CUST-00739,65,Male,0,Month-to-Month,No,18.0,18.8,1.8,6,No,31.19,25.99,28.59,No,Low
CUST-00740,56,Female,14,One Year,No,18.0,275.08,3.7,2,No,0.06,0.0,0.03,No,Low
CUST-00741,18,Male,9,Month-to-Month,Fiber Optic,86.51,798.96,2.3,1,Yes,97.56,99.43,98.5,Yes,High
CUST-00742,24,Female,26,Month-to-Month,Fiber Optic,101.11,2628.92,1.9,1,Yes,99.51,99.99,99.75,Yes,High
CUST-00743,33,Male,43,Month-to-Month,DSL,57.26,2454.97,2.5,1,No,6.76,6.87,6.81,No,Low
CUST-00744,42,Female,10,Two Year,DSL,38.05,420.72,3.2,0,No,0.77,0.0,0.39,No,Low
CUST-00745,49,Female,13,Two Year,Fiber Optic,83.97,1228.17,1.8,1,No,1.32,0.8,1.06,No,Low
CUST-00746,31,Female,72,One Year,Fiber Optic,82.89,5704.6,4.4,2,No,0.76,0.05,0.4,No,Low
CUST-00747,44,Male,36,Two Year,DSL,65.16,2481.28,4.8,2,No,1.41,0.01,0.71,No,Low
CUST-00748,31,Female,54,Two Year,Fiber Optic,75.02,3758.15,2.4,4,No,2.12,0.76,1.44,No,Low
CUST-00749,33,Female,13,Month-to-Month,No,26.12,376.94,4.1,3,No,13.74,7.75,10.74,No,Low
CUST-00750,22,Male,6,Month-to-Month,No,18.0,126.53,1.5,0,Yes,85.06,96.77,90.92,Yes,High
CUST-00751,29,Male,12,Month-to-Month,DSL,56.36,662.55,3.0,1,No,9.33,9.36,9.35,No,Low
CUST-00752,23,Male,30,Month-to-Month,Fiber Optic,105.61,3246.45,4.1,1,Yes,94.88,95.31,95.09,Yes,High
CUST-00753,28,Female,2,Month-to-Month,Fiber Optic,88.96,277.48,4.0,3,Yes,99.54,99.99,99.77,Yes,High
CUST-00754,56,Female,7,Month-to-Month,DSL,58.99,455.35,3.4,0,Yes,77.15,85.23,81.19,Yes,High
CUST-00755,28,Female,1,Two Year,No,31.29,57.42,4.5,1,No,1.75,0.03,0.89,No,Low
CUST-00756,78,Male,13,Two Year,Fiber Optic,96.45,1415.51,2.4,1,No,4.59,0.16,2.38,No,Low
CUST-00757,48,Male,42,One Year,Fiber Optic,97.7,4043.59,3.3,4,No,26.65,48.58,37.61,No,Medium
CUST-00758,44,Female,0,Two Year,Fiber Optic,106.07,103.86,3.3,2,Yes,55.0,51.29,53.15,Yes,Medium
CUST-00759,29,Male,26,Month-to-Month,DSL,48.4,1365.73,3.7,5,No,11.76,3.19,7.48,No,Low
CUST-00760,51,Female,64,Two Year,DSL,61.35,3938.78,3.9,3,No,0.58,0.0,0.29,No,Low
CUST-00761,33,Female,6,Month-to-Month,Fiber Optic,80.98,567.67,1.8,2,Yes,98.72,99.69,99.21,Yes,High
CUST-00762,43,Male,28,Month-to-Month,DSL,34.05,993.86,4.0,4,Yes,72.67,68.1,70.39,Yes,High
CUST-00763,77,Female,72,Two Year,DSL,54.51,4031.05,1.9,1,No,0.68,0.0,0.34,No,Low
CUST-00764,40,Male,72,Month-to-Month,DSL,45.54,3390.99,4.2,1,No,2.25,0.74,1.49,No,Low
CUST-00765,58,Female,6,Month-to-Month,DSL,60.59,386.47,5.0,1,No,17.73,2.32,10.02,No,Low
CUST-00766,32,Male,2,Month-to-Month,No,39.07,121.92,2.6,5,No,27.85,13.11,20.48,No,Low
CUST-00767,41,Female,3,One Year,DSL,64.56,253.54,2.2,2,No,0.44,0.0,0.22,No,Low
CUST-00768,66,Male,29,Two Year,DSL,67.51,1984.95,5.0,1,No,3.53,0.01,1.77,No,Low
CUST-00769,33,Male,31,Month-to-Month,No,30.45,999.08,3.1,3,No,10.64,14.22,12.43,No,Low
CUST-00770,67,Female,26,Two Year,No,20.99,536.13,1.7,3,No,0.18,0.0,0.09,No,Low
CUST-00771,51,Male,9,Month-to-Month,Fiber Optic,89.98,898.35,2.2,1,Yes,98.77,97.06,97.91,Yes,High
CUST-00772,34,Female,4,Month-to-Month,Fiber Optic,63.73,301.94,2.2,2,Yes,96.21,99.63,97.92,Yes,High
CUST-00773,50,Male,20,Month-to-Month,No,24.71,526.24,4.5,6,No,14.44,18.93,16.69,No,Low
CUST-00774,55,Female,15,One Year,Fiber Optic,85.0,1312.32,2.1,3,No,1.11,2.12,1.62,No,Low
CUST-00775,50,Male,31,Month-to-Month,No,36.61,1087.16,1.0,0,No,7.69,15.47,11.58,No,Low
CUST-00776,20,Female,13,One Year,Fiber Optic,93.31,1353.8,3.1,1,No,1.61,0.06,0.83,No,Low
CUST-00777,31,Male,9,Month-to-Month,No,34.79,352.42,3.5,1,No,13.53,1.13,7.33,No,Low
CUST-00778,38,Male,8,Month-to-Month,DSL,54.25,440.46,3.8,4,No,10.83,3.18,7.0,No,Low
CUST-00779,40,Male,5,One Year,DSL,41.5,226.51,1.0,2,No,0.15,0.0,0.07,No,Low
CUST-00780,50,Female,7,Month-to-Month,Fiber Optic,63.92,489.3,3.0,1,Yes,96.16,98.69,97.42,Yes,High
CUST-00781,44,Male,2,Month-to-Month,No,24.41,74.48,2.7,3,No,21.78,22.1,21.94,No,Low
CUST-00782,23,Female,10,Month-to-Month,Fiber Optic,117.26,1214.27,3.7,3,Yes,98.56,99.95,99.25,Yes,High
CUST-00783,47,Female,0,One Year,Fiber Optic,75.66,79.34,1.0,3,No,2.77,0.95,1.86,No,Low
CUST-00784,50,Male,4,One Year,Fiber Optic,91.86,476.69,3.4,1,No,19.53,9.04,14.28,No,Low
CUST-00785,49,Female,32,Month-to-Month,No,28.07,953.82,3.4,1,No,8.2,3.71,5.96,No,Low
CUST-00786,57,Male,9,Month-to-Month,DSL,48.22,434.64,4.4,4,Yes,82.2,94.83,88.52,Yes,High
CUST-00787,53,Male,26,Month-to-Month,DSL,57.48,1621.18,3.6,1,No,12.79,5.02,8.9,No,Low
CUST-00788,48,Female,30,Month-to-Month,DSL,57.59,1765.14,4.0,3,No,7.05,3.8,5.43,No,Low
CUST-00789,41,Female,20,Two Year,No,39.46,819.29,1.8,3,No,0.88,0.0,0.44,No,Low
CUST-00790,18,Female,72,One Year,DSL,39.69,2650.51,3.1,4,No,0.11,0.0,0.06,No,Low
CUST-00791,48,Male,0,One Year,DSL,50.85,50.41,4.6,3,No,0.43,0.0,0.22,No,Low
CUST-00792,44,Male,32,Month-to-Month,DSL,56.39,1822.36,2.7,1,No,8.67,7.06,7.87,No,Low
CUST-00793,45,Male,72,One Year,DSL,55.3,3961.06,4.1,3,No,1.28,0.02,0.65,No,Low
CUST-00794,24,Female,47,Two Year,Fiber Optic,92.32,4115.47,2.1,2,No,24.5,44.22,34.36,No,Low
CUST-00795,26,Female,4,One Year,Fiber Optic,92.92,455.99,2.9,2,No,1.84,0.85,1.34,No,Low
CUST-00796,56,Female,9,One Year,Fiber Optic,109.31,995.65,1.4,7,No,21.86,83.28,52.57,No,Medium
CUST-00797,41,Male,4,One Year,Fiber Optic,93.46,422.07,3.1,0,No,3.28,0.1,1.69,No,Low
CUST-00798,51,Male,22,One Year,DSL,51.31,1099.85,2.3,5,No,0.84,0.79,0.81,No,Low
CUST-00799,42,Male,29,Month-to-Month,DSL,56.14,1718.31,4.5,2,No,7.68,0.45,4.07,No,Low
CUST-00800,42,Male,9,One Year,No,39.31,389.38,5.0,3,No,0.26,0.0,0.13,No,Low
CUST-00801,55,Male,18,Month-to-Month,Fiber Optic,88.86,1745.99,1.3,6,Yes,98.74,99.97,99.35,Yes,High
CUST-00802,34,Female,28,One Year,DSL,58.36,1621.95,1.8,3,No,0.88,0.34,0.61,No,Low
CUST-00803,43,Female,13,Two Year,DSL,59.19,789.28,4.2,3,No,0.81,0.06,0.43,No,Low
CUST-00804,35,Female,46,Two Year,Fiber Optic,87.83,4148.68,2.4,2,No,1.33,0.07,0.7,No,Low
CUST-00805,35,Male,35,Month-to-Month,DSL,55.62,1924.35,3.1,4,Yes,76.73,79.58,78.16,Yes,High
CUST-00806,37,Male,1,Month-to-Month,No,28.09,53.77,4.9,1,No,9.33,2.02,5.68,No,Low
CUST-00807,45,Female,23,Month-to-Month,Fiber Optic,68.55,1595.69,4.9,3,Yes,95.6,96.3,95.95,Yes,High
CUST-00808,35,Male,6,One Year,DSL,76.16,488.98,1.8,4,No,8.36,1.28,4.82,No,Low
CUST-00809,59,Female,19,Two Year,Fiber Optic,67.8,1261.65,5.0,0,No,2.41,0.06,1.24,No,Low
CUST-00810,29,Male,72,One Year,Fiber Optic,102.0,7375.25,3.9,3,No,2.55,0.12,1.34,No,Low
CUST-00811,39,Male,50,Month-to-Month,DSL,55.78,2819.94,4.3,3,No,50.31,35.82,43.06,Yes,Medium
CUST-00812,35,Female,12,Two Year,No,18.0,231.32,2.5,4,No,0.26,0.0,0.13,No,Low
CUST-00813,62,Male,8,Two Year,DSL,53.3,446.11,2.3,2,No,0.47,0.0,0.24,No,Low
CUST-00814,44,Female,6,Month-to-Month,DSL,23.87,161.3,1.3,0,Yes,41.96,22.43,32.2,No,Low
CUST-00815,56,Female,18,One Year,No,18.0,355.05,1.8,1,No,0.18,0.0,0.09,No,Low
CUST-00816,21,Male,2,One Year,Fiber Optic,101.91,314.64,3.9,1,No,26.46,33.03,29.75,No,Low
CUST-00817,45,Male,19,One Year,DSL,53.22,1046.97,3.7,2,No,0.05,0.0,0.02,No,Low
CUST-00818,54,Female,0,Two Year,DSL,70.24,72.71,4.1,2,No,0.91,0.0,0.45,No,Low
CUST-00819,43,Female,9,Month-to-Month,No,25.07,251.01,3.5,2,Yes,82.59,91.83,87.21,Yes,High
CUST-00820,56,Male,5,One Year,No,26.95,155.53,3.2,2,No,0.44,0.0,0.22,No,Low
CUST-00821,34,Female,72,One Year,No,38.78,2877.55,2.4,1,No,0.22,0.0,0.11,No,Low
CUST-00822,61,Male,31,Two Year,Fiber Optic,83.66,2530.69,2.9,2,No,2.24,0.7,1.47,No,Low
CUST-00823,74,Male,10,Two Year,DSL,52.55,594.35,4.2,6,No,0.24,0.0,0.12,No,Low
CUST-00824,36,Male,2,Two Year,DSL,69.2,197.1,4.1,5,No,0.42,0.0,0.21,No,Low
CUST-00825,35,Male,17,Month-to-Month,DSL,71.59,1313.34,3.5,4,No,12.18,2.73,7.45,No,Low
CUST-00826,62,Male,5,Two Year,DSL,60.42,341.56,2.2,0,No,0.5,0.0,0.25,No,Low
CUST-00827,64,Female,18,Month-to-Month,Fiber Optic,91.45,1802.77,2.7,2,Yes,98.38,99.07,98.72,Yes,High
CUST-00828,34,Male,43,Month-to-Month,Fiber Optic,113.97,4652.26,1.7,3,Yes,97.82,100.0,98.91,Yes,High
CUST-00829,36,Male,22,Month-to-Month,Fiber Optic,71.35,1653.93,2.8,2,Yes,96.65,94.35,95.5,Yes,High
CUST-00830,38,Male,24,Two Year,No,18.0,432.59,1.4,1,No,0.78,0.21,0.49,No,Low
CUST-00831,23,Female,18,Two Year,No,20.19,346.31,2.8,1,No,0.85,0.07,0.46,No,Low
CUST-00832,29,Female,62,Month-to-Month,Fiber Optic,103.03,6164.9,2.5,2,Yes,93.88,97.93,95.91,Yes,High
CUST-00833,27,Male,64,Month-to-Month,No,18.0,1088.56,3.2,4,No,5.65,0.99,3.32,No,Low
CUST-00834,31,Male,17,Two Year,Fiber Optic,73.44,1299.82,2.3,2,No,2.84,1.57,2.2,No,Low
CUST-00835,41,Male,8,One Year,Fiber Optic,92.9,785.08,4.0,2,No,2.33,0.07,1.2,No,Low
CUST-00836,45,Male,14,Two Year,Fiber Optic,77.55,1059.6,1.4,4,No,2.92,1.36,2.14,No,Low
CUST-00837,63,Male,4,Month-to-Month,No,25.14,131.1,1.4,2,No,27.05,41.27,34.16,No,Low
CUST-00838,28,Male,24,Month-to-Month,DSL,59.19,1519.36,2.9,5,Yes,76.67,88.28,82.48,Yes,High
CUST-00839,55,Male,16,Month-to-Month,Fiber Optic,75.87,1169.58,3.5,1,Yes,97.1,98.88,97.99,Yes,High
CUST-00840,39,Female,2,Month-to-Month,DSL,49.95,140.97,2.7,3,Yes,30.03,26.11,28.07,No,Low
CUST-00841,41,Male,5,Month-to-Month,Fiber Optic,88.62,528.83,2.8,1,Yes,98.24,99.2,98.72,Yes,High
CUST-00842,51,Female,15,Month-to-Month,Fiber Optic,82.09,1245.41,3.3,3,Yes,99.35,99.95,99.65,Yes,High
CUST-00843,26,Female,52,Month-to-Month,Fiber Optic,75.7,3780.48,3.7,0,Yes,96.82,99.31,98.07,Yes,High
CUST-00844,47,Female,20,Month-to-Month,Fiber Optic,88.7,1842.92,2.7,1,Yes,97.09,89.33,93.21,Yes,High
CUST-00845,44,Male,27,Two Year,No,28.37,738.08,3.4,2,No,0.1,0.0,0.05,No,Low
CUST-00846,48,Male,9,Month-to-Month,DSL,45.27,451.47,4.3,2,No,15.79,6.48,11.13,No,Low
CUST-00847,46,Male,20,Month-to-Month,Fiber Optic,86.61,1661.29,1.7,1,Yes,98.69,100.0,99.34,Yes,High
CUST-00848,76,Female,14,Two Year,Fiber Optic,83.24,1184.6,4.6,3,No,2.02,0.38,1.2,No,Low
CUST-00849,33,Male,25,One Year,Fiber Optic,79.39,1893.51,4.5,1,No,1.43,0.14,0.78,No,Low
CUST-00850,34,Female,1,One Year,Fiber Optic,94.78,179.04,2.3,3,No,2.14,0.44,1.29,No,Low
CUST-00851,33,Female,16,One Year,DSL,46.81,797.7,3.8,1,No,0.02,0.0,0.01,No,Low
CUST-00852,34,Male,8,Two Year,Fiber Optic,40.88,373.29,1.5,4,Yes,40.34,89.34,64.84,No,High
CUST-00853,33,Female,9,Two Year,DSL,45.66,420.87,3.5,3,No,0.43,0.0,0.21,No,Low
CUST-00854,58,Male,72,One Year,Fiber Optic,95.64,7065.03,4.7,1,No,13.13,2.84,7.98,No,Low
CUST-00855,61,Male,4,Two Year,Fiber Optic,77.82,355.11,2.0,2,No,16.02,33.8,24.91,No,Low
CUST-00856,34,Male,8,Month-to-Month,No,39.78,333.85,2.4,3,Yes,81.39,89.95,85.67,Yes,High
CUST-00857,30,Male,17,Month-to-Month,Fiber Optic,110.56,1940.43,3.6,3,Yes,97.69,92.68,95.18,Yes,High
CUST-00858,48,Female,47,Two Year,Fiber Optic,91.5,4592.67,2.8,6,No,1.84,1.1,1.47,No,Low
CUST-00859,34,Male,12,Month-to-Month,Fiber Optic,100.28,1363.65,3.4,4,Yes,98.11,96.69,97.4,Yes,High
CUST-00860,50,Male,32,Two Year,Fiber Optic,83.99,2693.38,5.0,4,No,1.03,0.19,0.61,No,Low
CUST-00861,44,Female,46,Month-to-Month,Fiber Optic,52.66,2526.37,2.7,2,Yes,94.47,99.99,97.23,Yes,High
CUST-00862,20,Female,8,Month-to-Month,Fiber Optic,81.63,722.18,1.5,2,Yes,97.9,99.8,98.85,Yes,High
CUST-00863,63,Male,11,Two Year,No,27.86,338.58,2.5,0,No,0.08,0.0,0.04,No,Low
CUST-00864,67,Female,10,Month-to-Month,DSL,68.87,756.03,3.4,0,No,19.02,2.98,11.0,No,Low
CUST-00865,33,Female,42,Two Year,DSL,52.52,2268.69,1.8,3,No,0.01,0.0,0.0,No,
CUST-00866,36,Male,1,Two Year,DSL,74.21,143.37,2.4,1,No,5.68,0.18,2.93,No,Low
CUST-00867,46,Male,8,Two Year,DSL,52.79,486.97,4.5,3,No,0.34,0.0,0.17,No,Low
CUST-00868,46,Male,27,One Year,Fiber Optic,78.39,2122.15,5.0,3,No,1.21,0.03,0.62,No,Low
CUST-00869,51,Female,20,One Year,Fiber Optic,94.68,1999.94,2.8,4,No,1.41,1.43,1.42,No,Low
CUST-00870,70,Female,13,Two Year,Fiber Optic,116.21,1676.62,2.8,3,No,4.83,1.36,3.1,No,Low
CUST-00871,39,Female,18,One Year,DSL,50.39,955.82,1.9,5,No,0.03,0.0,0.01,No,Low
CUST-00872,30,Male,5,One Year,Fiber Optic,86.48,506.67,3.5,1,Yes,46.96,41.34,44.15,No,Medium
CUST-00873,22,Male,13,Two Year,Fiber Optic,79.84,1094.56,5.0,4,No,1.07,0.05,0.56,No,Low
CUST-00874,31,Male,16,One Year,Fiber Optic,88.72,1517.78,2.8,3,No,0.55,0.18,0.37,No,Low
CUST-00875,41,Male,55,Two Year,Fiber Optic,120.0,6140.9,2.8,3,No,28.42,35.44,31.93,No,Low
CUST-00876,67,Female,7,Month-to-Month,Fiber Optic,63.93,509.13,3.7,4,Yes,96.8,99.96,98.38,Yes,High
CUST-00877,34,Female,48,Month-to-Month,Fiber Optic,75.98,3560.1,2.7,3,Yes,96.86,98.84,97.85,Yes,High
CUST-00878,45,Male,24,Month-to-Month,Fiber Optic,104.13,2395.73,2.7,3,Yes,99.57,100.0,99.78,Yes,High
CUST-00879,41,Male,0,Month-to-Month,Fiber Optic,91.65,95.03,4.7,4,Yes,99.49,99.99,99.74,Yes,High
CUST-00880,58,Male,30,One Year,Fiber Optic,96.94,2928.94,1.8,4,No,0.59,0.45,0.52,No,Low
CUST-00881,77,Male,0,Month-to-Month,Fiber Optic,78.53,76.06,2.0,1,Yes,97.84,99.59,98.72,Yes,High
CUST-00882,34,Male,72,Two Year,Fiber Optic,99.55,7131.69,3.9,1,No,16.99,5.97,11.48,No,Low
CUST-00883,35,Male,49,Month-to-Month,DSL,59.6,2960.28,3.0,5,No,12.18,16.53,14.36,No,Low
CUST-00884,56,Male,8,Month-to-Month,Fiber Optic,90.32,755.32,2.0,3,Yes,98.7,98.94,98.82,Yes,High
CUST-00885,51,Male,7,Month-to-Month,Fiber Optic,114.67,911.69,3.5,3,Yes,98.82,99.44,99.13,Yes,High
CUST-00886,67,Male,11,One Year,Fiber Optic,89.08,1018.58,2.8,2,No,1.19,1.02,1.11,No,Low
CUST-00887,50,Male,10,Month-to-Month,Fiber Optic,91.38,1012.43,3.4,3,Yes,99.04,99.39,99.21,Yes,High
CUST-00888,36,Female,11,Month-to-Month,Fiber Optic,78.38,955.4,2.9,4,Yes,99.5,100.0,99.75,Yes,High
CUST-00889,50,Male,9,One Year,No,25.68,231.41,1.6,6,No,1.14,0.02,0.58,No,Low
CUST-00890,57,Female,23,Month-to-Month,No,38.78,937.65,4.4,3,Yes,70.12,39.37,54.74,Yes,Medium
CUST-00891,53,Male,4,Month-to-Month,Fiber Optic,95.06,452.9,5.0,3,Yes,98.37,99.91,99.14,Yes,High
CUST-00892,49,Male,44,One Year,DSL,52.38,2228.77,2.2,4,No,0.3,0.0,0.15,No,Low
CUST-00893,56,Male,40,Month-to-Month,Fiber Optic,90.82,3559.54,5.0,4,Yes,94.26,99.81,97.04,Yes,High
CUST-00894,58,Male,15,Month-to-Month,Fiber Optic,78.73,1242.48,3.1,4,Yes,98.43,99.59,99.01,Yes,High
CUST-00895,61,Female,45,Month-to-Month,DSL,64.15,2706.51,1.0,4,No,13.46,40.39,26.93,No,Low
CUST-00896,51,Male,6,Month-to-Month,Fiber Optic,87.75,617.16,3.7,2,Yes,98.45,99.15,98.8,Yes,High
CUST-00897,39,Female,0,One Year,DSL,59.05,57.09,1.0,2,No,0.9,0.65,0.77,No,Low
CUST-00898,44,Female,23,Month-to-Month,DSL,74.38,1649.41,2.7,1,No,14.3,7.89,11.09,No,Low
CUST-00899,58,Female,14,Two Year,DSL,60.6,887.55,4.0,3,No,0.15,0.0,0.07,No,Low
CUST-00900,30,Female,20,Two Year,No,37.05,767.25,3.7,6,No,0.37,0.0,0.18,No,Low
CUST-00901,47,Female,55,Month-to-Month,DSL,51.99,2771.53,2.4,2,No,6.06,5.77,5.91,No,Low
CUST-00902,36,Male,72,Two Year,DSL,51.76,3910.52,3.9,2,No,1.2,0.01,0.61,No,Low
CUST-00903,42,Female,24,Month-to-Month,Fiber Optic,107.4,2697.31,4.2,5,Yes,99.67,99.99,99.83,Yes,High
CUST-00904,59,Male,34,Month-to-Month,Fiber Optic,104.87,3667.51,2.5,2,Yes,96.41,98.95,97.68,Yes,High
CUST-00905,44,Male,2,Month-to-Month,DSL,41.64,113.43,2.8,4,Yes,91.04,98.87,94.96,Yes,High
CUST-00906,42,Male,4,Month-to-Month,No,25.91,126.34,3.4,1,No,9.98,7.17,8.57,No,Low
CUST-00907,22,Female,31,One Year,Fiber Optic,80.86,2658.98,1.9,1,No,1.05,0.1,0.58,No,Low
CUST-00908,52,Female,13,Month-to-Month,No,28.41,397.84,2.3,0,No,15.46,1.5,8.48,No,Low
CUST-00909,51,Male,14,Two Year,Fiber Optic,58.22,816.47,4.3,1,No,2.68,0.17,1.43,No,Low
CUST-00910,72,Female,8,One Year,Fiber Optic,85.87,795.38,5.0,2,No,3.02,0.15,1.58,No,Low
CUST-00911,37,Male,22,Month-to-Month,Fiber Optic,88.74,1950.05,3.9,1,Yes,94.91,80.21,87.56,Yes,High
CUST-00912,45,Male,4,One Year,DSL,57.65,298.99,3.5,2,No,0.15,0.0,0.08,No,Low
CUST-00913,45,Male,23,Two Year,No,18.0,421.99,5.0,1,No,0.01,0.0,0.01,No,Low
CUST-00914,64,Male,4,Month-to-Month,Fiber Optic,94.22,479.58,2.2,0,Yes,96.49,99.26,97.88,Yes,High
CUST-00915,40,Male,1,Month-to-Month,No,20.41,40.48,3.3,2,No,12.23,12.77,12.5,No,Low
CUST-00916,45,Female,9,Month-to-Month,DSL,50.44,476.01,4.1,1,No,6.69,3.61,5.15,No,Low
CUST-00917,50,Female,6,Month-to-Month,DSL,51.0,356.31,2.3,2,No,16.1,18.58,17.34,No,Low
CUST-00918,44,Male,52,Month-to-Month,DSL,50.34,2405.05,1.4,1,Yes,75.23,74.5,74.87,Yes,High
CUST-00919,35,Male,1,Month-to-Month,Fiber Optic,78.89,161.77,4.1,1,Yes,97.23,99.99,98.61,Yes,High
CUST-00920,44,Female,4,One Year,DSL,63.33,330.86,4.2,1,No,1.05,0.0,0.53,No,Low
CUST-00921,57,Female,19,One Year,Fiber Optic,75.79,1411.3,4.1,4,No,9.94,9.0,9.47,No,Low
CUST-00922,27,Male,15,One Year,Fiber Optic,94.47,1560.71,4.1,3,No,2.91,0.59,1.75,No,Low
CUST-00923,43,Male,1,Month-to-Month,DSL,51.6,95.48,3.3,2,Yes,85.86,96.2,91.03,Yes,High
CUST-00924,32,Female,0,Month-to-Month,No,28.17,27.43,3.4,3,No,22.84,12.65,17.74,No,Low
CUST-00925,58,Female,72,Month-to-Month,DSL,41.36,2849.87,3.5,3,No,2.8,0.41,1.61,No,Low
CUST-00926,20,Male,25,Month-to-Month,DSL,60.22,1454.2,4.4,5,No,72.84,94.92,83.88,Yes,High
CUST-00927,34,Male,10,Two Year,DSL,42.28,471.29,3.5,0,No,0.25,0.0,0.13,No,Low
CUST-00928,47,Female,15,Month-to-Month,Fiber Optic,50.08,818.1,3.3,0,No,56.05,80.93,68.49,Yes,High
CUST-00929,63,Male,7,Month-to-Month,No,41.17,337.86,3.6,4,No,17.24,17.69,17.47,No,Low
CUST-00930,41,Female,10,Month-to-Month,Fiber Optic,87.78,870.25,3.7,0,Yes,87.63,97.19,92.41,Yes,High
CUST-00931,34,Male,25,Two Year,Fiber Optic,92.0,2457.01,2.0,2,No,1.19,1.11,1.15,No,Low
CUST-00932,68,Female,51,One Year,Fiber Optic,79.05,3731.27,4.7,7,No,2.13,0.55,1.34,No,Low
CUST-00933,21,Male,4,Month-to-Month,Fiber Optic,105.11,508.34,2.5,3,Yes,98.37,99.8,99.08,Yes,High
CUST-00934,18,Male,44,Month-to-Month,Fiber Optic,73.93,3081.64,3.3,6,Yes,99.06,100.0,99.53,Yes,High
CUST-00935,48,Female,3,Month-to-Month,Fiber Optic,103.75,429.94,2.2,2,Yes,98.01,96.44,97.23,Yes,High
CUST-00936,34,Male,5,One Year,Fiber Optic,70.26,415.87,3.0,3,Yes,63.59,71.47,67.53,Yes,High
CUST-00937,27,Female,0,Two Year,DSL,69.15,67.09,3.8,2,No,0.79,0.0,0.39,No,Low
CUST-00938,51,Male,3,One Year,DSL,78.13,302.09,3.5,1,No,1.21,0.0,0.6,No,Low
CUST-00939,45,Male,59,One Year,DSL,50.6,2916.58,2.6,5,No,0.5,0.0,0.25,No,Low
CUST-00940,34,Male,14,Month-to-Month,Fiber Optic,97.83,1425.03,2.4,4,Yes,99.74,100.0,99.87,Yes,High
CUST-00941,24,Female,1,Month-to-Month,DSL,40.87,80.5,3.5,3,No,11.43,2.85,7.14,No,Low
CUST-00942,54,Male,72,Two Year,Fiber Optic,98.89,7381.83,4.4,2,No,2.94,0.05,1.5,No,Low
CUST-00943,51,Male,50,Month-to-Month,DSL,67.59,3225.28,4.8,1,No,7.49,0.85,4.17,No,Low
CUST-00944,40,Male,33,Two Year,Fiber Optic,92.79,3220.03,5.0,2,No,9.33,1.51,5.42,No,Low
CUST-00945,67,Female,65,Month-to-Month,DSL,40.35,2728.54,2.4,2,No,8.43,4.19,6.31,No,Low
CUST-00946,27,Female,5,Month-to-Month,Fiber Optic,101.42,625.37,2.4,2,Yes,98.77,99.49,99.13,Yes,High
CUST-00947,20,Male,43,One Year,No,22.69,1039.53,3.1,3,No,0.34,0.0,0.17,No,Low
CUST-00948,32,Male,28,Month-to-Month,No,40.18,1215.89,3.0,0,No,9.34,3.6,6.47,No,Low
CUST-00949,41,Female,48,Month-to-Month,DSL,32.4,1454.54,1.6,1,No,9.91,9.68,9.79,No,Low
CUST-00950,45,Male,38,Month-to-Month,Fiber Optic,100.77,4054.44,4.1,1,Yes,98.29,99.96,99.12,Yes,High
CUST-00951,38,Female,10,One Year,Fiber Optic,82.28,929.35,2.3,3,Yes,57.88,71.91,64.89,Yes,High
CUST-00952,46,Female,35,Month-to-Month,No,19.52,672.23,2.5,3,No,3.97,1.85,2.91,No,Low
CUST-00953,24,Female,7,Month-to-Month,Fiber Optic,87.15,699.78,3.7,1,Yes,97.05,84.39,90.72,Yes,High
CUST-00954,62,Male,9,One Year,No,22.02,228.79,1.9,1,No,0.04,0.03,0.03,No,Low
CUST-00955,40,Female,2,Month-to-Month,Fiber Optic,79.29,217.34,2.9,3,Yes,98.05,99.54,98.79,Yes,High
CUST-00956,57,Female,65,Two Year,No,27.92,1756.44,4.0,2,No,0.18,0.0,0.09,No,Low
CUST-00957,46,Female,8,Month-to-Month,No,18.0,169.47,3.3,2,Yes,81.01,91.65,86.33,Yes,High
CUST-00958,48,Male,17,One Year,DSL,55.81,986.73,4.0,1,No,0.13,0.0,0.06,No,Low
CUST-00959,49,Male,11,Month-to-Month,Fiber Optic,120.0,1315.82,4.3,1,Yes,97.9,99.98,98.94,Yes,High
CUST-00960,48,Male,72,One Year,Fiber Optic,75.74,5773.16,3.1,0,No,29.68,7.34,18.51,No,Low
CUST-00961,50,Female,9,One Year,No,29.42,304.62,1.0,1,No,0.14,0.0,0.07,No,Low
CUST-00962,60,Female,36,Two Year,No,27.83,1051.3,4.6,5,No,0.94,0.0,0.47,No,Low
CUST-00963,44,Male,46,Month-to-Month,Fiber Optic,73.49,3519.78,3.1,4,Yes,99.43,99.99,99.71,Yes,High
CUST-00964,51,Male,13,Month-to-Month,Fiber Optic,93.72,1276.51,4.1,1,Yes,98.05,97.96,98.0,Yes,High
CUST-00965,40,Male,11,One Year,No,25.13,310.99,4.7,2,No,0.56,0.03,0.3,No,Low
CUST-00966,62,Female,33,Month-to-Month,DSL,55.52,1785.47,1.2,4,Yes,86.46,99.1,92.78,Yes,High
CUST-00967,32,Female,58,Month-to-Month,No,26.08,1467.61,3.2,2,No,59.25,81.47,70.36,Yes,High
CUST-00968,67,Male,33,Two Year,No,24.34,771.62,4.9,5,No,0.27,0.01,0.14,No,Low
CUST-00969,41,Male,6,Month-to-Month,No,23.55,158.33,3.0,2,Yes,86.15,96.08,91.11,Yes,High
CUST-00970,21,Male,52,Two Year,Fiber Optic,101.35,5022.65,4.3,4,No,1.2,0.22,0.71,No,Low
CUST-00971,43,Female,11,Month-to-Month,Fiber Optic,110.01,1255.4,2.0,5,Yes,98.92,99.91,99.42,Yes,High
CUST-00972,32,Female,20,One Year,Fiber Optic,95.66,2016.0,3.7,2,No,11.56,6.11,8.83,No,Low
CUST-00973,53,Female,42,One Year,No,28.11,1165.84,1.8,7,No,2.0,1.19,1.6,No,Low
CUST-00974,32,Male,5,Month-to-Month,DSL,45.66,278.11,4.2,4,Yes,81.39,95.59,88.49,Yes,High
CUST-00975,35,Female,36,Two Year,Fiber Optic,72.28,2599.08,2.7,1,No,1.1,0.04,0.57,No,Low
CUST-00976,18,Male,21,Month-to-Month,Fiber Optic,64.29,1302.48,4.8,0,Yes,83.39,92.82,88.11,Yes,High
CUST-00977,35,Female,53,Two Year,Fiber Optic,98.95,5403.76,4.8,3,No,20.35,8.41,14.38,No,Low
CUST-00978,18,Male,4,One Year,No,32.71,148.81,2.5,3,No,0.76,0.0,0.38,No,Low
CUST-00979,19,Female,13,Month-to-Month,DSL,64.64,942.39,5.0,4,No,14.45,5.19,9.82,No,Low
CUST-00980,52,Female,42,Two Year,DSL,65.12,2873.38,2.6,4,No,1.56,0.02,0.79,No,Low
CUST-00981,53,Female,0,Month-to-Month,Fiber Optic,81.02,84.62,3.9,3,Yes,96.86,98.92,97.89,Yes,High
CUST-00982,47,Female,2,Two Year,No,18.0,50.61,3.2,0,No,0.07,0.0,0.03,No,Low
CUST-00983,28,Male,72,Month-to-Month,Fiber Optic,96.99,6883.32,2.7,4,Yes,97.35,99.99,98.67,Yes,High
CUST-00984,41,Male,7,Two Year,DSL,70.32,522.59,4.1,5,No,1.63,0.0,0.81,No,Low
CUST-00985,41,Female,72,One Year,Fiber Optic,92.35,6494.61,2.6,5,No,2.55,0.58,1.57,No,Low
CUST-00986,25,Male,4,Month-to-Month,Fiber Optic,65.79,308.08,2.6,2,Yes,96.26,99.6,97.93,Yes,High
CUST-00987,63,Male,10,One Year,Fiber Optic,93.59,1058.23,3.2,1,No,5.7,0.62,3.16,No,Low
CUST-00988,54,Male,33,Month-to-Month,DSL,58.82,1836.36,4.2,3,No,14.68,7.55,11.12,No,Low
CUST-00989,38,Female,25,Month-to-Month,DSL,54.65,1326.79,3.5,3,No,15.64,10.4,13.02,No,Low
CUST-00990,42,Male,20,Month-to-Month,Fiber Optic,70.78,1396.62,2.8,1,Yes,97.77,98.89,98.33,Yes,High
CUST-00991,44,Male,18,Month-to-Month,Fiber Optic,112.34,2157.36,2.6,6,Yes,97.95,99.87,98.91,Yes,High
CUST-00992,18,Male,44,Month-to-Month,No,43.01,1924.91,3.0,1,No,54.07,43.45,48.76,Yes,Medium
CUST-00993,38,Male,6,Month-to-Month,Fiber Optic,79.87,514.61,3.8,1,Yes,97.39,98.19,97.79,Yes,High
CUST-00994,32,Female,14,Month-to-Month,Fiber Optic,68.48,1017.8,2.0,1,Yes,97.16,99.22,98.19,Yes,High
CUST-00995,27,Female,4,Month-to-Month,Fiber Optic,74.11,380.54,2.5,2,Yes,98.29,99.55,98.92,Yes,High
CUST-00996,38,Female,21,Month-to-Month,No,18.0,383.26,4.1,3,No,6.9,5.53,6.21,No,Low
CUST-00997,67,Male,6,One Year,Fiber Optic,85.74,595.24,2.3,2,No,0.5,0.23,0.36,No,Low
CUST-00998,50,Female,9,One Year,No,23.36,228.88,2.6,3,No,0.33,0.03,0.18,No,Low
CUST-00999,34,Female,15,Month-to-Month,Fiber Optic,92.63,1413.42,3.2,2,Yes,98.53,98.98,98.75,Yes,High
CUST-01000,50,Male,0,Two Year,Fiber Optic,120.0,108.05,2.3,1,No,1.95,0.23,1.09,No,Low
CUST-01001,61,Female,2,One Year,Fiber Optic,82.08,228.5,2.7,5,No,1.48,0.53,1.01,No,Low
CUST-01002,54,Female,27,One Year,DSL,73.18,2135.25,3.3,3,No,0.21,0.0,0.11,No,Low
CUST-01003,42,Female,13,Month-to-Month,Fiber Optic,105.66,1410.01,4.0,3,Yes,98.5,99.04,98.77,Yes,High
CUST-01004,32,Female,48,Month-to-Month,DSL,45.97,2127.67,2.4,2,No,8.6,1.5,5.05,No,Low
CUST-01005,51,Male,28,Two Year,Fiber Optic,109.75,3157.56,2.3,2,No,1.43,0.13,0.78,No,Low
CUST-01006,47,Male,0,Two Year,Fiber Optic,57.48,59.52,4.5,3,No,22.57,7.95,15.26,No,Low
CUST-01007,54,Female,23,Month-to-Month,No,20.41,463.08,2.5,1,Yes,86.77,92.58,89.67,Yes,High
CUST-01008,50,Male,2,Month-to-Month,DSL,42.87,120.05,2.4,4,Yes,52.08,50.87,51.47,Yes,Medium
CUST-01009,56,Male,36,One Year,Fiber Optic,70.32,2693.67,1.0,1,No,1.29,0.17,0.73,No,Low
CUST-01010,34,Female,72,One Year,DSL,52.66,3905.79,4.4,3,No,0.4,0.0,0.2,No,Low
CUST-01011,60,Female,18,Two Year,DSL,59.48,1136.21,4.7,0,No,0.75,0.0,0.37,No,Low
CUST-01012,44,Male,27,Month-to-Month,Fiber Optic,95.41,2627.61,3.2,5,Yes,97.28,97.52,97.4,Yes,High
CUST-01013,71,Female,6,Month-to-Month,DSL,66.6,449.34,3.4,1,Yes,79.05,91.22,85.14,Yes,High
CUST-01014,32,Female,13,Month-to-Month,Fiber Optic,97.97,1365.65,3.2,5,Yes,98.27,97.54,97.9,Yes,High
CUST-01015,66,Female,46,Month-to-Month,DSL,43.31,1898.24,2.0,1,No,7.6,6.58,7.09,No,Low
CUST-01016,44,Male,4,Month-to-Month,DSL,46.48,237.65,3.9,2,Yes,77.39,92.68,85.04,Yes,High
CUST-01017,32,Male,7,Two Year,Fiber Optic,76.35,587.87,4.7,9,Yes,55.6,46.92,51.26,Yes,Medium
CUST-01018,35,Male,14,Month-to-Month,Fiber Optic,82.75,1257.65,3.2,3,Yes,99.68,100.0,99.84,Yes,High
CUST-01019,37,Male,29,Two Year,Fiber Optic,76.88,2356.57,4.0,4,Yes,33.94,38.38,36.16,No,Medium
CUST-01020,47,Male,11,Month-to-Month,No,27.25,297.99,2.2,2,No,18.21,21.69,19.95,No,Low
CUST-01021,49,Male,63,Month-to-Month,DSL,57.66,3695.1,2.1,4,Yes,84.01,96.31,90.16,Yes,High
CUST-01022,33,Male,2,Month-to-Month,Fiber Optic,93.84,266.15,3.7,2,Yes,98.08,99.17,98.62,Yes,High
CUST-01023,41,Female,11,Month-to-Month,Fiber Optic,77.46,886.59,4.9,2,Yes,94.66,74.52,84.59,Yes,High
CUST-01024,71,Male,29,Two Year,Fiber Optic,69.18,2096.19,2.5,3,No,1.98,1.04,1.51,No,Low
CUST-01025,66,Female,6,Month-to-Month,DSL,50.12,366.14,3.0,2,No,62.13,69.32,65.72,Yes,High
CUST-01026,48,Female,25,Month-to-Month,DSL,57.25,1519.09,3.8,2,No,5.07,0.57,2.82,No,Low
CUST-01027,42,Male,4,Month-to-Month,No,27.24,128.54,2.7,2,No,17.03,18.43,17.73,No,Low
CUST-01028,43,Female,1,Month-to-Month,Fiber Optic,88.59,178.27,3.7,1,Yes,97.1,87.43,92.27,Yes,High
CUST-01029,50,Female,3,One Year,DSL,53.05,201.41,2.2,1,No,0.1,0.0,0.05,No,Low
CUST-01030,27,Male,63,Month-to-Month,DSL,60.0,3709.21,3.7,2,Yes,75.62,73.16,74.39,Yes,High
CUST-01031,38,Female,19,One Year,No,31.55,579.55,2.9,6,No,1.63,0.54,1.09,No,Low
CUST-01032,18,Male,38,One Year,Fiber Optic,61.54,2460.41,1.4,1,No,3.56,0.14,1.85,No,Low
CUST-01033,47,Female,9,Month-to-Month,DSL,70.49,702.81,2.1,2,No,10.71,3.45,7.08,No,Low
CUST-01034,51,Male,21,Month-to-Month,Fiber Optic,59.05,1337.35,3.6,4,Yes,94.23,94.03,94.13,Yes,High
CUST-01035,35,Female,16,One Year,Fiber Optic,88.04,1397.19,4.7,2,No,1.78,0.03,0.91,No,Low
CUST-01036,64,Male,69,One Year,No,19.02,1224.09,1.8,3,No,0.34,0.0,0.17,No,Low
CUST-01037,24,Female,33,Month-to-Month,No,26.36,916.24,4.3,4,Yes,80.86,87.23,84.05,Yes,High
CUST-01038,21,Male,31,Month-to-Month,DSL,63.75,2104.97,3.7,3,Yes,79.28,90.24,84.76,Yes,High
CUST-01039,45,Female,1,Month-to-Month,Fiber Optic,107.08,198.27,4.3,4,Yes,97.49,99.48,98.49,Yes,High
CUST-01040,56,Female,19,Month-to-Month,No,23.45,467.26,3.0,1,Yes,84.46,89.05,86.75,Yes,High
CUST-01041,65,Male,15,Month-to-Month,Fiber Optic,112.81,1669.15,3.9,3,Yes,97.03,99.32,98.18,Yes,High
CUST-01042,35,Female,63,Month-to-Month,Fiber Optic,80.77,4663.63,5.0,4,Yes,68.01,93.87,80.94,Yes,High
CUST-01043,57,Male,7,Month-to-Month,DSL,43.42,340.88,3.4,4,No,17.25,21.79,19.52,No,Low
CUST-01044,41,Female,7,Month-to-Month,Fiber Optic,70.17,585.25,2.1,2,Yes,98.01,99.55,98.78,Yes,High
CUST-01045,39,Male,12,Month-to-Month,No,21.08,270.91,4.8,2,No,10.23,3.16,6.69,No,Low
CUST-01046,54,Female,6,Two Year,Fiber Optic,81.34,549.09,3.8,2,No,2.45,0.55,1.5,No,Low
CUST-01047,51,Female,3,One Year,Fiber Optic,78.48,295.81,3.5,3,No,1.66,1.03,1.35,No,Low
CUST-01048,19,Male,46,Two Year,DSL,65.79,2913.47,5.0,1,No,0.0,0.0,0.0,No,
CUST-01049,62,Male,19,Month-to-Month,DSL,57.84,1086.77,4.7,5,Yes,30.38,11.49,20.93,No,Low
CUST-01050,61,Male,47,One Year,DSL,54.49,2436.03,3.7,3,No,0.13,0.0,0.06,No,Low
CUST-01051,33,Female,42,Month-to-Month,Fiber Optic,67.48,2640.43,2.2,2,Yes,98.24,99.99,99.12,Yes,High
CUST-01052,47,Male,7,One Year,DSL,51.29,415.89,2.8,5,No,1.11,0.61,0.86,No,Low
CUST-01053,48,Female,19,Month-to-Month,Fiber Optic,93.14,1764.64,3.4,1,Yes,98.81,99.98,99.4,Yes,High
CUST-01054,45,Female,2,Month-to-Month,Fiber Optic,82.84,229.49,3.2,4,Yes,98.47,97.98,98.22,Yes,High
CUST-01055,34,Male,59,Two Year,DSL,48.97,2910.67,2.7,2,No,0.02,0.0,0.01,No,Low
CUST-01056,32,Female,12,One Year,Fiber Optic,97.35,1316.37,3.0,0,No,1.56,0.28,0.92,No,Low
CUST-01057,41,Male,12,Two Year,No,19.6,255.63,4.4,3,No,0.42,0.0,0.21,No,Low
CUST-01058,58,Male,8,Month-to-Month,DSL,56.64,473.45,3.4,1,No,6.78,1.07,3.93,No,Low
CUST-01059,49,Female,14,Month-to-Month,No,29.94,432.09,2.7,2,Yes,76.43,69.96,73.19,Yes,High
CUST-01060,36,Male,6,Month-to-Month,Fiber Optic,78.97,565.93,3.9,1,Yes,98.31,99.98,99.15,Yes,High
CUST-01061,52,Male,11,One Year,No,22.75,247.77,3.8,4,No,0.62,0.0,0.31,No,Low
CUST-01062,18,Female,38,One Year,Fiber Optic,75.09,2783.51,3.2,1,No,1.28,0.18,0.73,No,Low
CUST-01063,58,Male,43,Two Year,Fiber Optic,83.76,3531.3,2.0,1,No,17.79,8.57,13.18,No,Low
CUST-01064,18,Female,8,Month-to-Month,Fiber Optic,82.22,716.22,3.1,4,Yes,98.47,96.91,97.69,Yes,High
CUST-01065,36,Female,15,One Year,DSL,63.13,993.71,3.2,3,No,0.12,0.0,0.06,No,Low
CUST-01066,26,Male,49,Month-to-Month,Fiber Optic,98.66,4805.0,4.2,1,No,80.4,56.65,68.53,Yes,High
CUST-01067,23,Male,1,Month-to-Month,DSL,42.57,78.7,2.4,4,Yes,84.0,94.2,89.1,Yes,High
CUST-01068,58,Female,52,Month-to-Month,Fiber Optic,67.33,3434.82,2.9,2,Yes,92.91,97.21,95.06,Yes,High
CUST-01069,35,Male,5,Month-to-Month,Fiber Optic,112.72,646.12,4.9,2,Yes,99.38,99.98,99.68,Yes,High
CUST-01070,46,Male,27,Month-to-Month,DSL,56.53,1645.2,2.9,1,No,7.51,6.03,6.77,No,Low
CUST-01071,41,Female,20,Month-to-Month,Fiber Optic,88.59,1881.64,3.2,0,Yes,97.14,97.57,97.36,Yes,High
CUST-01072,48,Male,19,Month-to-Month,DSL,48.22,993.25,5.0,1,No,7.44,1.35,4.4,No,Low
CUST-01073,43,Female,47,Month-to-Month,DSL,58.82,2841.56,2.2,2,No,9.15,8.62,8.88,No,Low
CUST-01074,24,Male,2,Month-to-Month,No,21.23,57.86,4.6,1,Yes,81.59,82.53,82.06,Yes,High
CUST-01075,55,Male,10,Month-to-Month,Fiber Optic,74.47,795.5,2.8,3,Yes,99.55,100.0,99.77,Yes,High
CUST-01076,35,Male,18,Month-to-Month,No,29.67,573.14,3.4,3,No,11.83,11.75,11.79,No,Low
CUST-01077,20,Female,40,Two Year,DSL,57.59,2334.55,3.5,3,No,0.31,0.0,0.15,No,Low
CUST-01078,36,Female,5,Two Year,No,36.09,219.52,2.9,3,No,3.25,0.14,1.7,No,Low
CUST-01079,63,Female,38,Month-to-Month,Fiber Optic,79.66,3244.34,2.2,3,Yes,96.33,95.72,96.03,Yes,High
CUST-01080,53,Male,12,Two Year,DSL,59.67,726.92,2.5,2,No,1.19,0.19,0.69,No,Low
CUST-01081,37,Male,5,One Year,No,26.17,164.48,3.0,3,No,1.26,0.18,0.72,No,Low
CUST-01082,37,Male,34,Month-to-Month,Fiber Optic,87.05,2797.16,2.3,3,Yes,96.09,97.37,96.73,Yes,High
CUST-01083,37,Male,2,Month-to-Month,DSL,52.52,163.55,3.2,4,Yes,32.5,25.51,29.01,No,Low
CUST-01084,71,Female,17,Two Year,No,45.49,760.67,2.4,1,No,0.08,0.0,0.04,No,Low
CUST-01085,47,Female,1,One Year,DSL,59.16,119.26,2.2,2,No,0.04,0.0,0.02,No,Low
CUST-01086,48,Male,10,Two Year,Fiber Optic,108.39,1213.15,1.5,2,No,1.5,0.34,0.92,No,Low
CUST-01087,56,Female,22,Two Year,DSL,50.96,1197.48,5.0,1,No,1.32,0.01,0.66,No,Low
CUST-01088,45,Male,19,Month-to-Month,Fiber Optic,103.78,2004.32,3.1,1,Yes,97.49,98.49,97.99,Yes,High
CUST-01089,38,Female,12,Month-to-Month,No,28.05,337.45,2.5,4,No,16.11,5.53,10.82,No,Low
CUST-01090,39,Male,13,Month-to-Month,Fiber Optic,105.09,1499.81,2.1,3,Yes,99.71,100.0,99.85,Yes,High
CUST-01091,40,Male,6,Month-to-Month,Fiber Optic,84.09,586.67,2.6,0,Yes,97.17,99.21,98.19,Yes,High
CUST-01092,41,Male,14,Month-to-Month,Fiber Optic,71.92,1012.65,1.2,5,Yes,98.97,99.95,99.46,Yes,High
CUST-01093,52,Male,72,Month-to-Month,DSL,63.76,4463.12,2.5,3,No,8.17,6.69,7.43,No,Low
CUST-01094,42,Female,45,Month-to-Month,No,18.0,782.16,4.0,2,Yes,77.05,76.3,76.68,Yes,High
CUST-01095,52,Male,3,Month-to-Month,Fiber Optic,106.48,441.77,2.5,3,Yes,99.63,100.0,99.81,Yes,High
CUST-01096,40,Male,0,Month-to-Month,Fiber Optic,94.04,95.97,3.9,5,Yes,99.2,99.98,99.59,Yes,High
CUST-01097,43,Female,65,Month-to-Month,Fiber Optic,85.96,5857.06,4.2,0,No,49.52,35.46,42.49,No,Medium
CUST-01098,18,Female,17,Month-to-Month,No,34.54,564.36,3.9,0,No,13.31,2.78,8.05,No,Low
CUST-01099,54,Female,18,Month-to-Month,DSL,54.3,1030.83,3.2,3,No,7.87,1.73,4.8,No,Low
CUST-01100,46,Male,36,One Year,Fiber Optic,77.05,2680.2,4.5,1,No,1.72,0.1,0.91,No,Low
CUST-01101,55,Female,9,Two Year,DSL,57.33,580.31,4.4,4,No,1.18,0.09,0.63,No,Low
CUST-01102,18,Female,15,Month-to-Month,Fiber Optic,79.86,1320.77,2.4,2,Yes,98.72,99.33,99.02,Yes,High
CUST-01103,71,Male,72,Month-to-Month,Fiber Optic,65.77,4872.69,2.2,3,Yes,93.39,99.99,96.69,Yes,High
CUST-01104,40,Male,26,Two Year,Fiber Optic,84.09,2353.59,2.7,3,No,34.57,56.75,45.66,No,Medium
CUST-01105,57,Male,4,Month-to-Month,No,18.8,90.22,2.9,1,No,22.3,13.45,17.87,No,Low
CUST-01106,27,Male,3,One Year,No,29.3,116.45,4.5,2,No,0.59,0.01,0.3,No,Low
CUST-01107,50,Male,5,Month-to-Month,DSL,53.7,312.93,4.1,4,No,12.09,3.02,7.56,No,Low
CUST-01108,27,Male,34,Two Year,Fiber Optic,78.47,2813.77,3.3,0,No,1.37,0.14,0.75,No,Low
CUST-01109,33,Female,8,Two Year,DSL,46.51,412.09,3.4,1,No,0.74,0.06,0.4,No,Low
CUST-01110,68,Female,0,One Year,Fiber Optic,96.74,97.37,2.0,1,No,2.13,1.13,1.63,No,Low
CUST-01111,39,Female,69,Month-to-Month,DSL,64.27,4474.78,4.4,0,No,36.22,32.57,34.39,No,Low
CUST-01112,45,Female,4,Two Year,DSL,54.47,280.34,3.4,2,No,0.87,0.09,0.48,No,Low
CUST-01113,54,Male,0,One Year,No,41.37,40.51,2.0,4,No,1.45,0.01,0.73,No,Low
CUST-01114,48,Female,6,One Year,Fiber Optic,86.58,555.35,1.3,0,No,2.13,1.61,1.87,No,Low
CUST-01115,44,Female,6,Month-to-Month,DSL,57.38,418.66,1.8,0,No,20.49,2.71,11.6,No,Low
CUST-01116,47,Male,13,One Year,DSL,45.1,620.91,3.3,4,No,0.17,0.0,0.09,No,Low
CUST-01117,75,Female,60,Month-to-Month,Fiber Optic,88.51,5493.15,1.0,5,Yes,93.68,98.54,96.11,Yes,High
CUST-01118,41,Female,50,Month-to-Month,DSL,58.5,2989.03,1.9,3,No,7.93,11.54,9.73,No,Low
CUST-01119,44,Female,14,One Year,No,27.25,394.34,3.7,2,No,0.81,0.06,0.44,No,Low
CUST-01120,56,Female,12,Month-to-Month,No,40.71,551.83,2.7,4,No,17.01,20.23,18.62,No,Low
CUST-01121,57,Male,19,One Year,DSL,47.89,967.31,1.2,1,No,0.79,0.0,0.4,No,Low
CUST-01122,58,Male,6,One Year,Fiber Optic,70.33,460.18,2.5,0,No,2.44,0.67,1.55,No,Low
CUST-01123,50,Male,1,Month-to-Month,No,19.53,40.99,3.1,5,No,24.66,39.81,32.23,No,Low
CUST-01124,25,Female,67,One Year,DSL,54.05,3859.09,4.2,0,No,0.89,0.0,0.45,No,Low
CUST-01125,64,Female,4,Two Year,Fiber Optic,92.32,435.49,3.7,3,No,4.79,0.14,2.46,No,Low
CUST-01126,25,Female,5,Month-to-Month,Fiber Optic,71.35,448.55,3.7,3,Yes,97.66,99.2,98.43,Yes,High
CUST-01127,46,Male,15,One Year,Fiber Optic,102.58,1629.15,4.0,3,No,2.72,0.7,1.71,No,Low
CUST-01128,31,Male,16,Month-to-Month,Fiber Optic,92.45,1458.15,1.4,2,Yes,98.7,99.81,99.25,Yes,High
CUST-01129,41,Female,0,Month-to-Month,DSL,71.33,74.66,4.6,3,No,15.75,6.69,11.22,No,Low
CUST-01130,46,Female,3,Month-to-Month,Fiber Optic,89.05,326.02,4.6,3,Yes,96.97,98.75,97.86,Yes,High
CUST-01131,46,Male,11,Month-to-Month,Fiber Optic,85.63,1023.05,2.5,4,Yes,98.71,98.57,98.64,Yes,High
CUST-01132,47,Male,27,Month-to-Month,Fiber Optic,83.73,2404.38,1.0,5,Yes,97.68,99.6,98.64,Yes,High
CUST-01133,64,Female,6,Two Year,DSL,56.81,407.37,4.7,3,No,0.74,0.0,0.37,No,Low
CUST-01134,48,Female,13,One Year,Fiber Optic,80.23,1011.94,1.0,3,No,1.59,5.72,3.66,No,Low
CUST-01135,38,Male,19,Month-to-Month,Fiber Optic,75.48,1454.92,3.6,8,Yes,98.14,99.08,98.61,Yes,High
CUST-01136,55,Male,52,Month-to-Month,Fiber Optic,78.27,3788.71,2.7,0,Yes,97.61,99.83,98.72,Yes,High
CUST-01137,58,Female,9,Month-to-Month,DSL,49.43,464.12,2.5,2,No,15.56,3.4,9.48,No,Low
CUST-01138,24,Female,3,Month-to-Month,Fiber Optic,74.91,311.84,2.7,5,Yes,98.55,98.67,98.61,Yes,High
CUST-01139,50,Male,16,Month-to-Month,DSL,81.9,1437.78,3.3,2,No,14.4,8.81,11.61,No,Low
CUST-01140,51,Male,32,Month-to-Month,Fiber Optic,120.0,3955.57,1.0,1,Yes,94.66,99.54,97.1,Yes,High
CUST-01141,37,Female,2,Month-to-Month,Fiber Optic,90.4,280.63,3.0,1,Yes,99.46,99.99,99.73,Yes,High
CUST-01142,61,Male,13,Month-to-Month,Fiber Optic,65.74,871.98,1.6,2,Yes,96.28,99.99,98.13,Yes,High
CUST-01143,39,Male,0,One Year,Fiber Optic,65.73,67.32,2.6,3,Yes,55.13,75.15,65.14,Yes,High
CUST-01144,43,Female,0,Two Year,Fiber Optic,92.12,92.37,3.4,0,No,4.81,0.04,2.43,No,Low
CUST-01145,39,Male,15,Month-to-Month,Fiber Optic,81.53,1317.65,4.2,2,Yes,99.41,99.98,99.7,Yes,High
CUST-01146,42,Female,8,Month-to-Month,Fiber Optic,74.11,608.87,2.4,2,Yes,98.36,99.56,98.96,Yes,High
CUST-01147,26,Male,44,Month-to-Month,DSL,51.55,2209.2,5.0,4,No,12.36,3.7,8.03,No,Low
CUST-01148,21,Female,22,Two Year,Fiber Optic,65.52,1367.28,2.2,5,No,2.58,0.53,1.56,No,Low
CUST-01149,64,Male,14,Two Year,No,18.56,256.84,2.2,0,No,0.15,0.02,0.08,No,Low
CUST-01150,30,Male,12,One Year,No,43.51,532.1,4.3,4,No,1.22,0.1,0.66,No,Low
CUST-01151,28,Male,16,Two Year,DSL,49.81,836.48,2.9,7,No,0.16,0.0,0.08,No,Low
CUST-01152,18,Female,0,Month-to-Month,Fiber Optic,99.44,100.83,3.4,5,Yes,98.7,100.0,99.35,Yes,High
CUST-01153,33,Female,53,Two Year,No,28.32,1401.24,2.7,1,No,0.04,0.0,0.02,No,Low
CUST-01154,23,Male,72,Month-to-Month,Fiber Optic,71.66,4750.98,2.8,1,Yes,95.78,99.97,97.88,Yes,High
CUST-01155,64,Female,4,Month-to-Month,Fiber Optic,45.52,235.01,3.6,3,Yes,87.47,99.34,93.4,Yes,High
CUST-01156,56,Female,3,One Year,Fiber Optic,100.63,370.14,4.6,4,No,1.76,0.08,0.92,No,Low
CUST-01157,32,Female,3,Month-to-Month,No,23.44,90.69,3.4,2,No,14.28,11.65,12.97,No,Low
CUST-01158,73,Male,25,One Year,Fiber Optic,118.11,2815.71,3.7,1,No,12.69,5.13,8.91,No,Low
CUST-01159,55,Female,25,Month-to-Month,No,29.75,758.23,4.3,1,No,59.17,28.46,43.82,Yes,Medium
CUST-01160,37,Male,45,One Year,Fiber Optic,85.35,3596.07,2.7,3,No,2.59,0.97,1.78,No,Low
CUST-01161,18,Male,33,Month-to-Month,No,23.77,819.77,2.1,3,No,68.39,82.69,75.54,Yes,High
CUST-01162,74,Female,14,Month-to-Month,No,18.0,246.47,2.1,4,No,14.34,9.55,11.94,No,Low
CUST-01163,22,Female,22,Two Year,No,30.49,676.4,2.2,1,No,0.78,0.0,0.39,No,Low
CUST-01164,18,Male,27,Two Year,DSL,54.94,1481.53,2.1,3,No,0.62,0.0,0.31,No,Low
CUST-01165,56,Male,17,Two Year,No,20.05,374.66,4.4,2,No,0.07,0.03,0.05,No,Low
CUST-01166,76,Female,15,One Year,No,18.0,277.77,1.1,3,No,0.16,0.7,0.43,No,Low
CUST-01167,61,Female,24,One Year,Fiber Optic,108.35,2466.7,3.8,5,No,22.64,61.0,41.82,No,Medium
CUST-01168,49,Male,19,One Year,Fiber Optic,68.93,1353.11,1.9,3,No,2.25,2.19,2.22,No,Low
CUST-01169,50,Female,24,Month-to-Month,DSL,61.61,1553.72,5.0,1,No,13.26,1.44,7.35,No,Low
CUST-01170,53,Male,22,Month-to-Month,Fiber Optic,113.24,2475.86,3.6,4,Yes,97.5,95.47,96.48,Yes,High
CUST-01171,52,Male,30,Month-to-Month,DSL,52.57,1615.47,2.2,0,No,8.59,6.27,7.43,No,Low
CUST-01172,45,Female,24,Two Year,Fiber Optic,77.03,1768.32,2.6,3,Yes,43.3,61.5,52.4,No,Medium
CUST-01173,43,Male,17,Month-to-Month,DSL,43.17,748.93,3.1,4,No,7.42,3.77,5.6,No,Low
CUST-01174,41,Male,27,Two Year,Fiber Optic,60.48,1566.24,3.9,6,Yes,27.95,67.95,47.95,No,Medium
CUST-01175,31,Female,14,Month-to-Month,Fiber Optic,108.39,1530.0,3.6,5,Yes,99.56,100.0,99.78,Yes,High
CUST-01176,38,Female,6,One Year,Fiber Optic,106.65,743.68,3.2,2,No,47.77,47.11,47.44,No,Medium
CUST-01177,18,Male,0,Month-to-Month,No,28.96,29.34,2.4,3,Yes,89.92,98.33,94.12,Yes,High
CUST-01178,40,Female,19,Month-to-Month,Fiber Optic,79.88,1512.49,2.9,2,Yes,98.09,98.92,98.5,Yes,High
CUST-01179,28,Female,21,Two Year,No,18.0,415.19,4.7,3,No,0.27,0.0,0.13,No,Low
CUST-01180,26,Male,72,Month-to-Month,No,18.0,1238.73,5.0,2,No,44.83,50.43,47.63,No,Medium
CUST-01181,44,Female,10,Month-to-Month,DSL,42.37,429.96,4.4,2,No,10.31,4.66,7.48,No,Low
CUST-01182,61,Male,12,Month-to-Month,Fiber Optic,70.09,938.61,2.1,1,Yes,98.55,99.57,99.06,Yes,High
CUST-01183,54,Male,5,Month-to-Month,Fiber Optic,78.37,469.02,4.8,2,Yes,98.88,99.88,99.38,Yes,High
CUST-01184,20,Female,1,Month-to-Month,DSL,52.82,105.84,2.8,4,Yes,91.58,98.34,94.96,Yes,High
CUST-01185,28,Female,35,One Year,Fiber Optic,82.92,3042.27,3.2,5,No,0.66,0.8,0.73,No,Low
CUST-01186,55,Male,6,Month-to-Month,DSL,43.2,317.5,1.8,5,Yes,47.57,63.03,55.3,No,Medium
CUST-01187,28,Male,22,One Year,No,21.62,468.73,3.3,1,No,0.02,0.0,0.01,No,Low
CUST-01188,38,Male,27,Month-to-Month,Fiber Optic,86.19,2370.38,2.3,3,Yes,97.37,99.57,98.47,Yes,High
CUST-01189,49,Male,15,Two Year,DSL,53.76,865.01,4.7,6,No,0.55,0.0,0.27,No,Low
CUST-01190,28,Male,50,One Year,No,18.0,846.33,5.0,1,No,0.14,0.0,0.07,No,Low
CUST-01191,43,Male,14,Month-to-Month,No,24.46,347.1,3.2,4,No,17.56,25.13,21.34,No,Low
CUST-01192,23,Female,8,Month-to-Month,No,24.17,205.78,3.7,5,No,24.4,18.4,21.4,No,Low
CUST-01193,33,Male,54,Month-to-Month,No,18.0,939.63,2.9,3,No,11.34,11.47,11.41,No,Low
CUST-01194,46,Male,47,One Year,Fiber Optic,85.11,4116.86,3.3,2,No,1.99,0.24,1.12,No,Low
CUST-01195,19,Female,4,One Year,No,27.47,135.82,2.5,3,No,1.25,0.26,0.75,No,Low
CUST-01196,48,Female,0,Two Year,No,18.0,18.13,3.5,5,No,1.47,0.0,0.74,No,Low
CUST-01197,41,Male,2,Month-to-Month,DSL,47.94,140.49,3.6,1,No,15.66,8.8,12.23,No,Low
CUST-01198,49,Male,8,Month-to-Month,Fiber Optic,71.21,668.65,3.5,3,Yes,98.21,99.14,98.68,Yes,High
CUST-01199,45,Female,72,Month-to-Month,Fiber Optic,92.67,6616.75,4.0,1,Yes,93.71,99.13,96.42,Yes,High
CUST-01200,61,Male,19,Month-to-Month,Fiber Optic,98.58,1952.93,2.8,3,Yes,98.46,99.56,99.01,Yes,High
CUST-01201,43,Male,11,Month-to-Month,Fiber Optic,80.91,917.27,5.0,3,Yes,97.76,98.38,98.07,Yes,High
CUST-01202,35,Female,52,Month-to-Month,DSL,59.11,2847.16,2.5,0,No,3.43,0.43,1.93,No,Low
CUST-01203,43,Male,14,One Year,DSL,57.96,888.81,2.5,2,No,0.11,0.0,0.06,No,Low
CUST-01204,49,Male,9,Month-to-Month,DSL,67.96,698.95,1.0,4,No,11.45,18.37,14.91,No,Low
CUST-01205,42,Male,68,Two Year,Fiber Optic,50.14,3555.25,4.0,2,No,1.82,0.11,0.96,No,Low
CUST-01206,42,Male,45,Month-to-Month,No,23.12,1085.05,1.0,0,No,5.97,11.86,8.91,No,Low
CUST-01207,32,Male,44,Two Year,Fiber Optic,80.63,3411.71,2.8,1,No,0.95,0.28,0.62,No,Low
CUST-01208,32,Female,17,Two Year,Fiber Optic,89.77,1593.6,2.4,4,No,40.94,72.32,56.63,No,Medium
CUST-01209,22,Male,37,Two Year,DSL,75.36,2927.37,1.6,1,No,5.69,0.12,2.9,No,Low
CUST-01210,66,Male,4,One Year,Fiber Optic,60.54,300.83,3.3,1,No,25.53,39.74,32.64,No,Low
CUST-01211,24,Male,20,Two Year,Fiber Optic,94.93,2080.82,5.0,6,No,1.87,0.86,1.36,No,Low
CUST-01212,32,Female,72,One Year,Fiber Optic,110.38,8071.07,4.0,2,No,1.45,0.01,0.73,No,Low
CUST-01213,31,Female,8,Month-to-Month,DSL,50.32,445.68,2.4,2,No,13.36,16.66,15.01,No,Low
CUST-01214,54,Male,37,One Year,DSL,54.05,2155.18,5.0,2,No,2.0,0.0,1.0,No,Low
CUST-01215,37,Female,16,One Year,Fiber Optic,101.99,1699.47,2.4,0,No,32.23,36.06,34.15,No,Low
CUST-01216,59,Male,0,Two Year,Fiber Optic,91.85,95.99,4.4,2,No,2.8,0.32,1.56,No,Low
CUST-01217,32,Male,34,Month-to-Month,DSL,41.43,1307.69,1.3,4,Yes,92.32,99.25,95.78,Yes,High
CUST-01218,45,Male,4,Month-to-Month,No,25.9,127.24,2.9,7,Yes,90.88,99.56,95.22,Yes,High
CUST-01219,30,Male,23,One Year,DSL,45.21,1023.57,1.9,2,No,0.33,0.0,0.16,No,Low
CUST-01220,72,Male,2,Two Year,No,27.52,79.2,5.0,3,No,0.73,0.01,0.37,No,Low
CUST-01221,25,Female,70,Month-to-Month,DSL,51.31,3326.76,2.4,1,No,6.07,3.2,4.64,No,Low
CUST-01222,46,Male,8,Month-to-Month,DSL,53.36,451.25,2.1,4,No,21.95,43.36,32.66,No,Low
CUST-01223,50,Female,6,Month-to-Month,No,32.37,223.29,3.7,1,No,11.3,4.17,7.73,No,Low
CUST-01224,47,Male,3,Month-to-Month,DSL,59.2,238.74,2.9,3,Yes,86.4,97.41,91.9,Yes,High
CUST-01225,39,Male,70,Month-to-Month,No,25.51,1877.41,5.0,1,No,1.78,0.05,0.92,No,Low
CUST-01226,40,Male,29,Month-to-Month,Fiber Optic,87.71,2459.64,3.5,0,Yes,93.04,76.69,84.86,Yes,High
CUST-01227,42,Female,32,Two Year,No,19.5,655.93,3.3,1,No,0.01,0.0,0.0,No,
CUST-01228,39,Male,16,Month-to-Month,DSL,37.38,574.25,4.0,2,No,5.42,0.79,3.1,No,Low
CUST-01229,55,Female,15,Month-to-Month,No,24.4,403.7,3.0,3,No,10.06,1.95,6.0,No,Low
CUST-01230,72,Male,2,One Year,Fiber Optic,93.79,278.33,3.5,4,No,5.07,2.57,3.82,No,Low
CUST-01231,34,Male,19,Two Year,DSL,50.98,1046.99,2.3,2,No,0.02,0.0,0.01,No,Low
CUST-01232,22,Male,6,Two Year,No,18.0,118.22,2.5,1,No,0.58,0.0,0.29,No,Low
CUST-01233,40,Male,72,Month-to-Month,Fiber Optic,66.62,4649.04,2.2,6,Yes,80.63,99.56,90.09,Yes,High
CUST-01234,78,Male,38,Two Year,DSL,54.79,1954.25,3.6,2,No,0.14,0.0,0.07,No,Low
CUST-01235,30,Male,12,Month-to-Month,No,18.0,213.37,2.5,1,No,12.52,2.63,7.58,No,Low
CUST-01236,64,Female,3,One Year,Fiber Optic,71.12,291.3,4.1,2,No,17.39,7.05,12.22,No,Low
CUST-01237,65,Male,36,One Year,Fiber Optic,86.19,3012.2,2.2,3,No,2.63,1.97,2.3,No,Low
CUST-01238,34,Female,3,Month-to-Month,DSL,63.58,242.34,2.1,5,Yes,86.08,99.45,92.76,Yes,High
CUST-01239,49,Male,5,Month-to-Month,DSL,51.05,300.05,3.5,1,No,9.06,1.38,5.22,No,Low
CUST-01240,64,Female,5,Month-to-Month,Fiber Optic,65.74,394.68,3.4,3,Yes,97.15,99.96,98.56,Yes,High
CUST-01241,36,Female,19,Two Year,Fiber Optic,74.46,1350.7,4.1,2,No,2.16,0.3,1.23,No,Low
CUST-01242,39,Male,37,Month-to-Month,Fiber Optic,90.87,3405.18,1.9,4,Yes,97.1,98.1,97.6,Yes,High
CUST-01243,33,Male,9,One Year,Fiber Optic,102.92,1020.46,1.5,0,No,2.37,1.84,2.1,No,Low
CUST-01244,27,Female,2,Month-to-Month,Fiber Optic,68.96,212.58,4.5,5,Yes,98.5,99.99,99.25,Yes,High
CUST-01245,32,Female,14,Month-to-Month,DSL,56.61,783.93,1.7,2,No,19.04,6.15,12.59,No,Low
CUST-01246,24,Male,33,Two Year,DSL,64.25,2113.6,4.1,1,No,1.55,0.02,0.79,No,Low
CUST-01247,42,Male,6,One Year,DSL,38.32,260.5,1.0,2,No,0.88,0.01,0.44,No,Low
CUST-01248,31,Female,5,Two Year,Fiber Optic,80.48,495.98,3.8,5,No,2.65,0.23,1.44,No,Low
CUST-01249,45,Male,70,Month-to-Month,DSL,47.15,3194.9,3.2,3,No,4.53,5.12,4.82,No,Low
CUST-01250,20,Female,72,Month-to-Month,Fiber Optic,75.11,5001.38,3.6,2,Yes,96.45,99.95,98.2,Yes,High
CUST-01251,46,Male,72,Month-to-Month,No,37.57,2715.7,4.0,5,No,5.11,0.59,2.85,No,Low
CUST-01252,53,Male,39,Month-to-Month,DSL,47.22,1887.47,4.2,3,No,7.42,4.47,5.94,No,Low
CUST-01253,18,Female,5,Month-to-Month,No,23.74,140.64,3.7,5,No,12.69,3.31,8.0,No,Low
CUST-01254,47,Female,5,One Year,Fiber Optic,81.35,475.16,4.1,4,No,48.67,52.79,50.73,No,Medium
CUST-01255,59,Male,9,Month-to-Month,DSL,45.29,422.09,4.4,3,No,21.15,10.21,15.68,No,Low
CUST-01256,25,Male,9,Month-to-Month,DSL,57.35,562.49,4.6,1,No,53.38,39.7,46.54,Yes,Medium
CUST-01257,65,Female,72,Month-to-Month,No,27.18,1796.47,3.8,1,No,12.67,1.4,7.04,No,Low
CUST-01258,47,Female,37,One Year,DSL,64.55,2416.13,2.2,5,No,2.0,0.33,1.16,No,Low
CUST-01259,32,Male,30,One Year,DSL,55.75,1682.22,2.9,0,No,0.21,0.0,0.1,No,Low
CUST-01260,41,Female,4,Month-to-Month,Fiber Optic,104.74,546.16,3.1,1,Yes,99.21,99.99,99.6,Yes,High
CUST-01261,49,Female,57,Month-to-Month,DSL,71.39,3925.28,2.5,0,No,21.83,2.75,12.29,No,Low
CUST-01262,43,Female,42,Month-to-Month,Fiber Optic,80.98,3145.29,1.9,2,Yes,96.87,99.35,98.11,Yes,High
CUST-01263,49,Female,4,Two Year,Fiber Optic,101.18,512.99,4.2,3,No,2.27,0.06,1.16,No,Low
CUST-01264,29,Male,49,Two Year,Fiber Optic,63.36,2930.88,3.5,5,No,2.54,0.67,1.61,No,Low
CUST-01265,44,Female,7,One Year,No,22.21,174.42,2.5,3,No,1.16,0.25,0.71,No,Low
CUST-01266,22,Female,2,Month-to-Month,Fiber Optic,120.0,335.6,3.2,3,Yes,99.57,100.0,99.78,Yes,High
CUST-01267,40,Male,25,Month-to-Month,No,25.21,642.95,3.5,4,No,83.1,95.73,89.41,Yes,High
CUST-01268,29,Male,25,One Year,No,18.0,461.99,1.9,4,No,1.19,0.0,0.6,No,Low
CUST-01269,31,Male,2,Two Year,No,19.85,59.51,2.3,1,No,0.97,0.0,0.49,No,Low
CUST-01270,59,Female,9,Two Year,No,18.0,172.07,2.9,3,No,1.01,0.0,0.51,No,Low
CUST-01271,57,Male,72,Two Year,No,24.92,1653.92,3.0,3,No,0.58,0.01,0.29,No,Low
CUST-01272,50,Female,27,Month-to-Month,Fiber Optic,75.2,2083.57,1.4,4,Yes,98.75,99.81,99.28,Yes,High
CUST-01273,26,Female,31,Two Year,Fiber Optic,94.69,3120.01,4.0,3,No,0.72,0.02,0.37,No,Low
CUST-01274,37,Female,5,One Year,DSL,66.67,391.55,3.2,2,No,0.14,0.0,0.07,No,Low
CUST-01275,58,Female,1,Two Year,DSL,59.6,111.75,2.9,2,No,0.45,0.0,0.23,No,Low
CUST-01276,43,Female,7,Month-to-Month,Fiber Optic,80.41,618.85,2.4,3,Yes,99.7,100.0,99.85,Yes,High
CUST-01277,74,Male,6,Month-to-Month,DSL,41.16,282.66,2.1,2,Yes,45.58,33.52,39.55,No,Medium
CUST-01278,47,Female,6,Month-to-Month,DSL,52.85,337.82,3.2,4,No,83.17,97.57,90.37,Yes,High
CUST-01279,44,Male,5,Month-to-Month,No,23.44,138.56,3.4,1,No,10.98,7.16,9.07,No,Low
CUST-01280,37,Female,20,Month-to-Month,DSL,41.87,805.76,5.0,2,No,8.05,1.83,4.94,No,Low
CUST-01281,43,Male,9,Two Year,DSL,62.05,575.0,5.0,4,No,1.86,0.07,0.97,No,Low
CUST-01282,39,Female,41,Month-to-Month,DSL,64.32,2590.56,2.6,4,Yes,88.19,96.16,92.17,Yes,High
CUST-01283,51,Female,4,Month-to-Month,DSL,40.51,206.58,2.1,2,Yes,82.99,97.55,90.27,Yes,High
CUST-01284,55,Female,14,Month-to-Month,No,18.0,276.36,1.8,2,No,10.3,22.54,16.42,No,Low
CUST-01285,30,Male,0,Month-to-Month,Fiber Optic,67.95,64.04,3.3,3,Yes,98.53,100.0,99.26,Yes,High
CUST-01286,23,Male,15,Two Year,DSL,72.29,1134.31,1.8,0,No,3.86,0.0,1.93,No,Low
CUST-01287,18,Female,1,Month-to-Month,DSL,63.23,115.59,1.7,3,Yes,90.43,98.96,94.7,Yes,High
CUST-01288,49,Male,72,Month-to-Month,Fiber Optic,103.99,7968.22,2.4,2,Yes,84.09,97.13,90.61,Yes,High
CUST-01289,26,Female,37,Two Year,Fiber Optic,82.21,3118.02,2.5,1,No,0.8,0.03,0.42,No,Low
CUST-01290,18,Male,16,Two Year,Fiber Optic,81.93,1300.37,2.4,4,No,0.64,2.49,1.56,No,Low
CUST-01291,47,Female,2,Month-to-Month,Fiber Optic,87.61,272.02,1.4,4,Yes,99.38,100.0,99.69,Yes,High
CUST-01292,76,Male,21,One Year,Fiber Optic,76.33,1599.43,3.1,2,No,1.59,0.71,1.15,No,Low
CUST-01293,41,Female,34,One Year,No,31.82,1048.31,3.1,1,No,0.07,0.0,0.04,No,Low
CUST-01294,53,Female,5,One Year,DSL,63.03,357.23,4.7,3,No,0.35,0.0,0.18,No,Low
CUST-01295,43,Male,20,Month-to-Month,Fiber Optic,78.33,1600.36,1.8,1,Yes,99.6,100.0,99.8,Yes,High
CUST-01296,40,Male,40,Two Year,Fiber Optic,105.6,3918.37,3.8,1,No,18.0,14.58,16.29,No,Low
CUST-01297,54,Male,35,Month-to-Month,Fiber Optic,95.93,3445.6,5.0,3,No,77.03,77.87,77.45,Yes,High
CUST-01298,37,Female,38,Month-to-Month,No,20.09,816.55,1.6,1,Yes,81.0,65.58,73.29,Yes,High
CUST-01299,45,Female,50,Month-to-Month,Fiber Optic,102.11,5323.9,2.0,2,Yes,98.66,99.99,99.33,Yes,High
CUST-01300,46,Female,66,Month-to-Month,No,31.77,2174.7,1.8,4,No,7.51,2.01,4.76,No,Low
CUST-01301,32,Female,12,Two Year,Fiber Optic,64.25,848.7,3.7,3,No,2.58,0.43,1.5,No,Low
CUST-01302,55,Male,20,One Year,No,27.52,551.05,3.6,5,No,0.32,0.0,0.16,No,Low
CUST-01303,39,Male,37,Month-to-Month,Fiber Optic,92.19,3252.97,4.2,0,Yes,93.67,91.41,92.54,Yes,High
CUST-01304,31,Male,28,Month-to-Month,Fiber Optic,111.21,3054.65,3.3,5,Yes,96.86,97.77,97.31,Yes,High
CUST-01305,49,Male,72,Month-to-Month,Fiber Optic,74.74,5051.83,5.0,2,No,55.59,83.34,69.46,Yes,High
CUST-01306,29,Female,0,Two Year,DSL,61.44,63.14,3.8,4,No,0.33,0.0,0.17,No,Low
CUST-01307,42,Female,10,One Year,Fiber Optic,102.86,1089.77,4.6,8,No,2.95,2.61,2.78,No,Low
CUST-01308,41,Male,7,One Year,DSL,54.27,443.62,3.4,1,No,1.48,0.01,0.74,No,Low
CUST-01309,57,Female,7,One Year,No,31.67,239.06,2.8,1,No,0.76,0.09,0.43,No,Low
CUST-01310,48,Female,6,One Year,Fiber Optic,102.57,661.67,3.0,2,No,2.61,0.17,1.39,No,Low
CUST-01311,41,Male,29,One Year,Fiber Optic,111.3,3441.13,4.7,2,No,3.15,0.17,1.66,No,Low
CUST-01312,53,Male,2,Month-to-Month,No,24.88,76.12,4.1,1,No,10.33,4.19,7.26,No,Low
CUST-01313,61,Male,32,Two Year,DSL,48.39,1570.39,4.0,0,No,0.39,0.0,0.2,No,Low
CUST-01314,49,Female,28,One Year,No,30.13,802.55,4.3,5,No,0.31,0.01,0.16,No,Low
CUST-01315,42,Female,6,One Year,Fiber Optic,72.48,482.22,3.5,3,Yes,60.22,56.62,58.42,Yes,Medium
CUST-01316,23,Female,6,Two Year,Fiber Optic,65.78,418.39,5.0,1,No,31.24,13.62,22.43,No,Low
CUST-01317,27,Male,23,Two Year,Fiber Optic,91.33,2268.05,3.0,2,No,1.18,0.43,0.8,No,Low
CUST-01318,37,Male,34,Two Year,No,18.07,592.0,3.3,2,No,0.02,0.0,0.01,No,Low
CUST-01319,33,Female,50,Two Year,No,21.75,1085.39,2.7,4,No,0.02,0.0,0.01,No,Low
CUST-01320,39,Female,45,Month-to-Month,No,38.76,1856.56,3.7,0,No,9.92,1.23,5.57,No,Low
CUST-01321,42,Female,72,Month-to-Month,Fiber Optic,52.71,3822.7,1.3,1,Yes,83.45,98.34,90.9,Yes,High
CUST-01322,49,Female,20,One Year,No,20.39,425.39,1.0,1,No,0.34,0.0,0.17,No,Low
CUST-01323,41,Male,57,Month-to-Month,Fiber Optic,73.92,4394.23,2.5,0,Yes,82.96,95.65,89.31,Yes,High
CUST-01324,48,Female,39,Two Year,DSL,51.62,2073.09,3.8,4,No,0.0,0.0,0.0,No,
CUST-01325,42,Female,54,One Year,No,18.13,970.09,4.3,3,No,0.11,0.0,0.06,No,Low
CUST-01326,18,Male,0,One Year,Fiber Optic,96.64,88.75,1.8,2,No,2.78,0.4,1.59,No,Low
CUST-01327,28,Female,72,Two Year,Fiber Optic,95.43,6788.75,1.4,1,No,2.39,0.03,1.21,No,Low
CUST-01328,39,Male,15,Month-to-Month,Fiber Optic,84.27,1250.29,2.4,3,Yes,99.0,99.67,99.33,Yes,High
CUST-01329,25,Male,38,One Year,DSL,63.02,2393.33,2.4,2,No,0.3,0.0,0.15,No,Low
CUST-01330,50,Male,3,One Year,Fiber Optic,89.72,324.17,3.4,1,No,2.97,0.09,1.53,No,Low
CUST-01331,63,Male,12,Month-to-Month,Fiber Optic,79.9,989.75,3.3,3,Yes,98.41,96.94,97.68,Yes,High
CUST-01332,59,Male,7,Month-to-Month,No,22.66,164.66,4.8,1,No,70.09,78.8,74.45,Yes,High
CUST-01333,39,Male,8,Two Year,Fiber Optic,103.49,858.61,2.7,4,No,2.09,0.52,1.3,No,Low
CUST-01334,62,Female,3,One Year,Fiber Optic,90.35,362.93,1.7,1,No,1.09,1.62,1.35,No,Low
CUST-01335,44,Male,39,Two Year,DSL,54.83,2295.07,3.5,3,No,1.41,0.01,0.71,No,Low
CUST-01336,37,Male,0,Month-to-Month,No,30.44,29.97,2.1,0,No,14.9,1.74,8.32,No,Low
CUST-01337,33,Male,8,Month-to-Month,Fiber Optic,84.07,700.2,2.2,5,Yes,98.7,99.93,99.31,Yes,High
CUST-01338,37,Female,4,Month-to-Month,DSL,51.66,247.06,5.0,1,No,14.89,2.45,8.67,No,Low
CUST-01339,36,Male,21,Month-to-Month,Fiber Optic,85.36,1756.14,4.2,0,Yes,95.79,94.69,95.24,Yes,High
CUST-01340,44,Male,7,Two Year,DSL,53.11,385.44,2.7,3,No,1.2,0.0,0.6,No,Low
CUST-01341,44,Female,7,Month-to-Month,Fiber Optic,67.63,561.04,5.0,2,Yes,95.14,74.85,85.0,Yes,High
CUST-01342,42,Female,16,Two Year,Fiber Optic,83.22,1388.32,4.1,4,No,24.24,43.5,33.87,No,Low
CUST-01343,48,Female,25,Two Year,DSL,30.31,726.85,3.6,4,No,0.32,0.0,0.16,No,Low
CUST-01344,58,Male,3,Two Year,No,24.19,97.91,2.5,1,No,0.69,0.0,0.35,No,Low
CUST-01345,55,Male,4,Month-to-Month,DSL,66.26,306.68,1.0,1,Yes,49.1,49.53,49.31,No,Medium
CUST-01346,21,Female,6,Two Year,No,29.29,190.88,2.3,0,No,0.21,0.01,0.11,No,Low
CUST-01347,18,Male,72,Month-to-Month,DSL,58.23,4209.27,2.7,1,No,13.43,0.44,6.94,No,Low
CUST-01348,55,Male,12,Month-to-Month,Fiber Optic,92.8,1162.93,1.9,2,Yes,99.03,100.0,99.51,Yes,High
CUST-01349,22,Male,21,Month-to-Month,Fiber Optic,88.29,2008.83,3.3,5,Yes,97.28,97.16,97.22,Yes,High
CUST-01350,38,Female,6,Two Year,No,26.62,184.38,1.0,3,No,1.45,0.75,1.1,No,Low
CUST-01351,25,Male,16,Month-to-Month,DSL,42.83,675.23,4.7,3,No,9.21,1.1,5.16,No,Low
CUST-01352,18,Female,1,Month-to-Month,No,28.77,55.88,2.7,6,Yes,91.26,99.26,95.26,Yes,High
CUST-01353,49,Female,0,Month-to-Month,Fiber Optic,81.62,82.36,4.0,1,Yes,96.15,83.51,89.83,Yes,High
CUST-01354,52,Male,15,Month-to-Month,Fiber Optic,95.4,1511.16,4.0,3,Yes,98.07,93.89,95.98,Yes,High
CUST-01355,33,Female,12,Month-to-Month,Fiber Optic,83.1,1024.32,1.8,2,Yes,99.6,100.0,99.8,Yes,High
CUST-01356,18,Female,3,Two Year,Fiber Optic,108.92,417.37,1.3,2,No,2.67,4.27,3.47,No,Low
CUST-01357,34,Female,27,One Year,Fiber Optic,58.59,1640.26,2.5,4,No,1.94,1.73,1.84,No,Low
CUST-01358,47,Male,72,Two Year,DSL,59.27,4230.87,3.6,5,No,0.01,0.0,0.01,No,Low
CUST-01359,21,Female,12,One Year,DSL,60.82,720.34,3.4,2,No,0.17,0.0,0.09,No,Low
CUST-01360,44,Male,23,Two Year,Fiber Optic,63.02,1485.71,4.5,2,No,16.75,21.46,19.11,No,Low
CUST-01361,41,Female,72,Month-to-Month,Fiber Optic,87.59,6190.85,3.6,3,Yes,68.69,93.53,81.11,Yes,High
CUST-01362,50,Male,42,One Year,DSL,33.13,1456.27,3.7,4,No,0.01,0.0,0.01,No,Low
CUST-01363,43,Male,14,One Year,DSL,45.07,619.84,2.3,1,No,0.45,0.0,0.23,No,Low
CUST-01364,28,Female,32,Month-to-Month,DSL,47.21,1402.38,2.9,0,No,8.26,3.84,6.05,No,Low
CUST-01365,58,Female,3,Two Year,DSL,61.61,252.14,2.9,2,No,0.88,0.12,0.5,No,Low
CUST-01366,39,Female,17,One Year,No,27.79,466.05,3.9,2,No,0.12,0.01,0.06,No,Low
CUST-01367,41,Male,7,Two Year,DSL,57.2,414.0,4.0,5,No,0.54,0.0,0.27,No,Low
CUST-01368,28,Male,4,One Year,No,27.23,127.05,2.9,2,No,0.97,0.0,0.49,No,Low
CUST-01369,35,Female,13,Month-to-Month,DSL,67.78,980.14,3.0,0,Yes,82.31,87.01,84.66,Yes,High
CUST-01370,29,Female,3,One Year,Fiber Optic,104.88,388.34,3.6,2,No,4.71,0.82,2.76,No,Low
CUST-01371,39,Female,28,Month-to-Month,Fiber Optic,90.03,2475.1,5.0,0,Yes,84.92,86.01,85.47,Yes,High
CUST-01372,65,Male,14,One Year,DSL,53.47,795.3,1.3,4,No,1.08,1.35,1.21,No,Low
CUST-01373,22,Male,18,One Year,DSL,45.12,794.63,2.2,4,No,0.96,0.09,0.52,No,Low
CUST-01374,19,Female,3,Two Year,DSL,61.22,244.09,2.2,2,No,0.58,0.23,0.4,No,Low
CUST-01375,62,Female,3,Month-to-Month,Fiber Optic,89.63,360.67,1.8,1,Yes,98.55,99.6,99.07,Yes,High
CUST-01376,39,Male,21,Month-to-Month,DSL,53.22,1094.33,2.3,1,No,12.09,12.04,12.06,No,Low
CUST-01377,32,Female,72,Month-to-Month,DSL,64.1,4278.92,3.6,2,No,15.05,2.27,8.66,No,Low
CUST-01378,56,Female,2,Month-to-Month,DSL,52.44,151.07,4.2,2,No,14.96,6.71,10.84,No,Low
CUST-01379,33,Male,8,Two Year,DSL,44.53,402.69,3.5,1,No,0.74,0.06,0.4,No,Low
CUST-01380,67,Male,48,Two Year,No,18.53,927.97,3.4,1,No,0.36,0.02,0.19,No,Low
CUST-01381,51,Male,1,One Year,Fiber Optic,107.28,194.28,2.2,2,No,1.28,2.97,2.12,No,Low
CUST-01382,35,Female,50,Two Year,Fiber Optic,90.04,4502.43,1.0,4,Yes,48.73,76.97,62.85,No,High
CUST-01383,72,Male,17,Month-to-Month,No,18.0,304.11,3.6,2,No,15.65,10.26,12.96,No,Low
CUST-01384,33,Male,12,Month-to-Month,Fiber Optic,83.75,1047.83,4.7,2,Yes,97.54,97.18,97.36,Yes,High
CUST-01385,52,Female,8,Month-to-Month,DSL,76.92,677.96,4.3,1,No,56.58,37.01,46.79,Yes,Medium
CUST-01386,46,Male,8,Two Year,Fiber Optic,67.3,611.93,3.1,3,No,2.91,0.17,1.54,No,Low
CUST-01387,60,Male,8,One Year,Fiber Optic,57.35,467.62,3.3,3,No,1.98,0.18,1.08,No,Low
CUST-01388,63,Male,51,One Year,Fiber Optic,82.14,3953.31,4.7,0,No,1.55,0.04,0.79,No,Low
CUST-01389,42,Female,30,Month-to-Month,Fiber Optic,83.46,2567.73,2.4,1,Yes,99.35,99.99,99.67,Yes,High
CUST-01390,31,Female,26,Month-to-Month,Fiber Optic,101.65,2651.59,2.7,4,Yes,98.98,99.97,99.48,Yes,High
CUST-01391,48,Male,38,Two Year,Fiber Optic,105.92,3847.84,1.2,2,No,2.7,2.08,2.39,No,Low
CUST-01392,32,Female,7,Month-to-Month,DSL,55.0,400.29,3.7,2,No,5.28,1.3,3.29,No,Low
CUST-01393,70,Female,23,One Year,DSL,60.94,1516.99,2.7,1,No,0.62,0.06,0.34,No,Low
CUST-01394,43,Male,14,Month-to-Month,No,33.45,478.89,2.9,1,No,12.44,9.2,10.82,No,Low
CUST-01395,36,Male,36,Month-to-Month,No,18.67,664.25,4.0,3,No,4.72,4.83,4.77,No,Low
CUST-01396,44,Male,8,One Year,Fiber Optic,94.49,771.63,2.4,1,No,2.26,0.17,1.22,No,Low
CUST-01397,23,Male,24,Month-to-Month,No,23.28,588.28,3.7,1,No,75.56,84.9,80.23,Yes,High
CUST-01398,28,Female,51,One Year,DSL,54.5,2972.37,3.8,1,No,1.4,0.01,0.71,No,Low
CUST-01399,58,Female,12,One Year,DSL,57.05,776.32,2.8,3,No,0.74,0.18,0.46,No,Low
CUST-01400,32,Male,1,Month-to-Month,DSL,50.85,96.28,4.1,2,No,11.67,10.34,11.0,No,Low
CUST-01401,27,Male,17,One Year,Fiber Optic,85.06,1598.71,3.1,2,No,0.82,0.67,0.74,No,Low
CUST-01402,49,Male,10,One Year,DSL,49.22,520.38,4.0,2,No,1.4,0.07,0.74,No,Low
CUST-01403,58,Female,26,Month-to-Month,Fiber Optic,97.72,2527.85,2.5,2,Yes,97.98,99.18,98.58,Yes,High
CUST-01404,52,Male,72,One Year,Fiber Optic,64.91,4855.69,3.8,3,No,17.15,16.34,16.74,No,Low
CUST-01405,55,Female,15,One Year,Fiber Optic,78.76,1283.81,2.8,5,No,0.53,0.37,0.45,No,Low
CUST-01406,31,Male,15,Month-to-Month,Fiber Optic,85.03,1321.34,3.6,1,Yes,98.29,99.99,99.14,Yes,High
CUST-01407,22,Female,25,Two Year,No,41.93,1054.33,3.6,7,No,1.36,0.35,0.86,No,Low
CUST-01408,63,Female,2,Month-to-Month,No,37.58,117.84,2.8,2,Yes,82.12,95.84,88.98,Yes,High
CUST-01409,37,Male,7,Two Year,Fiber Optic,89.39,687.43,2.7,1,No,2.37,0.7,1.54,No,Low
CUST-01410,38,Male,60,Two Year,Fiber Optic,103.28,6484.41,3.0,1,No,24.91,12.69,18.8,No,Low
CUST-01411,60,Female,26,Month-to-Month,Fiber Optic,115.5,3155.82,3.3,2,Yes,98.69,99.99,99.34,Yes,High
CUST-01412,49,Male,0,Month-to-Month,No,26.85,24.6,3.8,3,Yes,85.58,94.71,90.15,Yes,High
CUST-01413,48,Female,5,Month-to-Month,Fiber Optic,97.79,542.06,3.5,6,Yes,98.87,99.8,99.34,Yes,High
CUST-01414,72,Male,27,Month-to-Month,No,31.38,795.72,1.0,2,No,6.87,7.18,7.02,No,Low
CUST-01415,32,Female,34,Two Year,DSL,33.81,1071.26,4.1,2,No,0.04,0.0,0.02,No,Low
CUST-01416,54,Male,43,One Year,No,18.0,784.61,3.6,4,No,0.25,0.0,0.13,No,Low
CUST-01417,42,Female,8,Month-to-Month,DSL,69.96,573.95,4.5,0,No,52.36,74.74,63.55,Yes,High
CUST-01418,45,Female,64,One Year,DSL,52.26,3126.61,4.1,1,No,0.01,0.0,0.01,No,Low
CUST-01419,63,Female,19,Two Year,DSL,45.77,857.41,2.7,2,No,0.87,0.12,0.5,No,Low
CUST-01420,49,Female,28,One Year,No,24.44,696.71,1.9,0,No,0.04,0.0,0.02,No,Low
CUST-01421,49,Female,21,One Year,No,26.98,554.59,5.0,3,No,0.23,0.0,0.11,No,Low
CUST-01422,57,Male,3,One Year,DSL,29.77,114.24,4.6,2,No,0.71,0.0,0.36,No,Low
CUST-01423,36,Female,72,Month-to-Month,DSL,61.38,4270.15,4.0,1,No,41.42,12.22,26.82,No,Low
CUST-01424,30,Female,3,Month-to-Month,No,26.62,102.16,2.3,4,Yes,91.21,98.65,94.93,Yes,High
CUST-01425,27,Male,7,One Year,No,23.92,198.89,1.8,2,No,0.96,0.0,0.48,No,Low
CUST-01426,18,Female,40,Month-to-Month,DSL,85.18,3651.13,2.7,1,No,10.61,0.49,5.55,No,Low
CUST-01427,70,Female,23,One Year,Fiber Optic,67.79,1481.95,4.1,3,No,15.36,35.14,25.25,No,Low
CUST-01428,26,Female,43,One Year,Fiber Optic,73.17,2950.9,1.0,3,No,28.72,29.15,28.93,No,Low
CUST-01429,38,Male,17,One Year,No,31.2,510.05,2.4,1,No,0.58,0.0,0.29,No,Low
CUST-01430,38,Male,11,Month-to-Month,Fiber Optic,110.55,1271.08,5.0,5,Yes,98.3,92.68,95.49,Yes,High
CUST-01431,46,Male,61,Month-to-Month,Fiber Optic,109.39,6969.83,2.8,4,Yes,94.75,90.26,92.5,Yes,High
CUST-01432,53,Male,0,Month-to-Month,Fiber Optic,92.09,93.93,3.2,0,Yes,97.8,99.99,98.89,Yes,High
CUST-01433,54,Female,46,Month-to-Month,DSL,49.75,2228.86,3.2,1,No,15.45,3.94,9.69,No,Low
CUST-01434,33,Male,6,Month-to-Month,DSL,65.49,464.21,5.0,4,No,68.09,91.25,79.67,Yes,High
CUST-01435,39,Male,45,One Year,Fiber Optic,88.53,4263.16,2.8,4,No,1.0,0.11,0.55,No,Low
CUST-01436,45,Female,3,Month-to-Month,Fiber Optic,69.96,260.0,1.2,7,Yes,98.2,100.0,99.1,Yes,High
CUST-01437,38,Male,20,Month-to-Month,DSL,66.38,1456.13,4.3,5,Yes,72.44,94.85,83.65,Yes,High
CUST-01438,64,Male,52,Month-to-Month,No,26.85,1445.28,2.0,3,Yes,85.56,96.45,91.0,Yes,High
CUST-01439,48,Male,15,Month-to-Month,Fiber Optic,85.13,1249.3,1.6,1,Yes,98.46,99.62,99.04,Yes,High
CUST-01440,52,Male,32,Month-to-Month,Fiber Optic,88.66,2981.89,4.9,4,Yes,92.89,97.9,95.39,Yes,High
CUST-01441,51,Female,39,Month-to-Month,DSL,54.63,2000.2,4.0,4,No,8.3,0.78,4.54,No,Low
CUST-01442,58,Female,32,Two Year,No,18.0,537.25,2.8,3,No,0.25,0.0,0.13,No,Low
CUST-01443,44,Female,62,Month-to-Month,No,18.0,1150.66,4.5,6,No,7.38,5.25,6.32,No,Low
CUST-01444,23,Male,14,One Year,DSL,65.23,1011.96,4.3,4,No,0.32,0.0,0.16,No,Low
CUST-01445,47,Female,4,Two Year,No,25.55,122.65,2.4,5,No,1.61,0.0,0.8,No,Low
CUST-01446,32,Male,1,Month-to-Month,Fiber Optic,81.61,147.49,3.4,3,Yes,97.27,97.72,97.5,Yes,High
CUST-01447,34,Male,6,Two Year,Fiber Optic,79.09,547.89,3.1,3,Yes,61.37,67.2,64.29,Yes,High
CUST-01448,50,Male,3,Month-to-Month,DSL,57.38,214.6,2.5,5,No,19.48,13.35,16.41,No,Low
CUST-01449,59,Male,19,Month-to-Month,No,18.0,353.36,3.2,1,Yes,81.34,90.54,85.94,Yes,High
CUST-01450,42,Male,4,Month-to-Month,DSL,68.97,326.81,4.0,2,No,16.54,10.79,13.67,No,Low
CUST-01451,46,Male,0,Month-to-Month,No,36.42,36.18,2.2,2,No,63.21,85.99,74.6,Yes,High
CUST-01452,65,Female,0,Month-to-Month,No,18.0,16.9,4.1,2,No,21.71,7.62,14.67,No,Low
CUST-01453,45,Male,42,Month-to-Month,DSL,59.64,2365.17,1.2,3,No,23.63,39.55,31.59,No,Low
CUST-01454,78,Male,21,One Year,Fiber Optic,61.58,1372.18,3.4,1,No,17.46,31.98,24.72,No,Low
CUST-01455,49,Male,10,Two Year,Fiber Optic,106.76,1151.84,2.4,3,No,2.86,0.37,1.62,No,Low
CUST-01456,18,Female,53,Month-to-Month,DSL,64.7,3310.76,4.9,4,No,7.63,0.25,3.94,No,Low
CUST-01457,52,Male,1,Month-to-Month,Fiber Optic,83.71,166.45,1.4,5,Yes,99.71,100.0,99.86,Yes,High
CUST-01458,47,Female,72,Month-to-Month,Fiber Optic,101.92,7016.68,2.9,3,Yes,93.05,97.0,95.03,Yes,High
CUST-01459,60,Female,22,Month-to-Month,No,25.8,566.58,2.3,1,No,70.19,67.92,69.06,Yes,High
CUST-01460,51,Male,4,One Year,No,25.47,121.79,2.6,3,No,1.6,0.0,0.8,No,Low
CUST-01461,40,Male,27,Month-to-Month,Fiber Optic,78.97,2065.16,1.9,1,Yes,97.69,99.32,98.51,Yes,High
CUST-01462,24,Male,34,Month-to-Month,DSL,71.18,2406.92,3.4,2,No,10.71,0.98,5.85,No,Low
CUST-01463,39,Female,13,One Year,Fiber Optic,89.78,1284.93,3.4,1,No,40.3,28.62,34.46,No,Low
CUST-01464,30,Male,47,Two Year,Fiber Optic,106.15,5327.77,1.3,3,No,24.68,19.59,22.14,No,Low
CUST-01465,33,Male,3,Month-to-Month,DSL,70.94,264.72,3.9,3,Yes,81.45,95.86,88.65,Yes,High
CUST-01466,50,Male,7,One Year,DSL,68.97,574.29,1.5,2,No,4.26,0.07,2.16,No,Low
CUST-01467,65,Female,2,Month-to-Month,Fiber Optic,97.07,274.23,3.2,4,Yes,98.54,99.77,99.16,Yes,High
CUST-01468,47,Male,5,Month-to-Month,Fiber Optic,91.97,535.53,5.0,3,Yes,95.94,87.78,91.86,Yes,High
CUST-01469,25,Male,6,Month-to-Month,Fiber Optic,90.23,577.98,2.3,3,Yes,98.36,99.84,99.1,Yes,High
CUST-01470,48,Female,59,Month-to-Month,No,21.41,1273.3,2.9,1,No,3.07,0.36,1.72,No,Low
CUST-01471,58,Female,1,Two Year,DSL,62.02,121.14,2.3,6,No,3.04,1.18,2.11,No,Low
CUST-01472,33,Female,13,Month-to-Month,Fiber Optic,93.95,1317.72,2.5,1,Yes,98.39,93.69,96.04,Yes,High
CUST-01473,40,Male,18,Month-to-Month,Fiber Optic,74.41,1399.74,3.5,3,Yes,99.17,99.95,99.56,Yes,High
CUST-01474,42,Female,54,Month-to-Month,DSL,52.16,3004.24,5.0,1,No,2.91,0.06,1.48,No,Low
CUST-01475,31,Female,72,Month-to-Month,DSL,59.3,4396.09,3.2,1,No,41.8,18.81,30.31,No,Low
CUST-01476,51,Male,33,One Year,No,20.28,720.43,4.5,2,No,0.03,0.0,0.01,No,Low
CUST-01477,40,Female,72,Month-to-Month,Fiber Optic,92.18,6586.66,2.4,2,Yes,96.73,99.97,98.35,Yes,High
CUST-01478,47,Male,37,Month-to-Month,No,30.83,1103.84,4.4,1,Yes,74.58,70.23,72.41,Yes,High
CUST-01479,29,Female,72,One Year,Fiber Optic,97.29,6958.67,5.0,4,No,1.98,0.07,1.02,No,Low
CUST-01480,35,Male,29,Month-to-Month,Fiber Optic,98.46,2865.22,4.5,1,No,82.48,73.9,78.19,Yes,High
CUST-01481,52,Female,1,Month-to-Month,Fiber Optic,112.48,216.88,4.0,5,Yes,96.13,97.06,96.6,Yes,High
CUST-01482,36,Male,12,Month-to-Month,DSL,33.34,416.15,3.9,1,No,8.31,4.67,6.49,No,Low
CUST-01483,66,Female,24,Month-to-Month,No,18.53,473.3,2.4,2,No,9.36,9.85,9.61,No,Low
CUST-01484,36,Male,10,Month-to-Month,DSL,70.52,784.38,1.6,4,No,16.67,48.82,32.75,No,Low
CUST-01485,45,Female,7,Month-to-Month,DSL,48.48,386.51,3.9,2,Yes,76.67,89.72,83.19,Yes,High
CUST-01486,55,Female,20,One Year,Fiber Optic,118.31,2476.44,2.3,5,No,1.01,0.5,0.75,No,Low
CUST-01487,22,Male,65,One Year,Fiber Optic,80.19,5060.13,2.4,1,No,2.35,0.04,1.2,No,Low
CUST-01488,18,Female,0,One Year,DSL,63.27,61.1,1.6,1,No,0.84,0.0,0.42,No,Low
CUST-01489,20,Female,35,Two Year,DSL,57.57,1912.69,2.6,3,No,0.48,0.0,0.24,No,Low
CUST-01490,59,Male,30,Month-to-Month,DSL,55.54,1699.1,4.4,1,No,4.17,0.25,2.21,No,Low
CUST-01491,34,Male,72,Two Year,Fiber Optic,88.62,5958.38,4.3,2,No,15.53,6.79,11.16,No,Low
CUST-01492,77,Female,64,Month-to-Month,Fiber Optic,91.9,6196.3,1.7,2,Yes,96.9,99.99,98.44,Yes,High
CUST-01493,34,Male,34,Month-to-Month,Fiber Optic,70.56,2376.62,2.1,1,Yes,97.69,99.3,98.5,Yes,High
CUST-01494,44,Male,17,Month-to-Month,No,18.0,293.67,1.2,3,Yes,90.53,99.28,94.9,Yes,High
CUST-01495,63,Male,5,Month-to-Month,DSL,59.47,321.23,3.6,3,No,51.01,80.61,65.81,Yes,High
CUST-01496,70,Male,18,Two Year,Fiber Optic,78.45,1492.7,3.4,2,No,23.4,39.92,31.66,No,Low
CUST-01497,70,Male,34,Month-to-Month,Fiber Optic,98.78,3428.71,3.5,1,Yes,94.89,96.53,95.71,Yes,High
CUST-01498,58,Male,54,Month-to-Month,Fiber Optic,61.08,3411.61,2.7,0,Yes,92.89,99.97,96.43,Yes,High
CUST-01499,56,Female,37,Month-to-Month,DSL,64.5,2481.4,3.9,1,No,5.32,0.22,2.77,No,Low
CUST-01500,50,Female,5,Month-to-Month,No,21.5,116.16,2.9,2,Yes,84.22,95.8,90.01,Yes,High
CUST-01501,52,Male,21,Month-to-Month,No,26.82,545.82,4.3,4,Yes,76.35,66.79,71.57,Yes,High
CUST-01502,34,Female,9,Month-to-Month,DSL,32.65,309.81,2.0,4,No,22.43,11.5,16.96,No,Low
CUST-01503,30,Female,0,Month-to-Month,Fiber Optic,96.06,87.34,4.2,3,Yes,97.14,99.06,98.1,Yes,High
CUST-01504,41,Female,5,Two Year,DSL,68.17,379.05,3.7,2,No,1.34,0.0,0.67,No,Low
CUST-01505,39,Male,2,Month-to-Month,DSL,42.74,126.58,3.9,1,No,9.39,5.4,7.4,No,Low
CUST-01506,35,Male,44,Month-to-Month,Fiber Optic,83.17,3624.97,2.8,2,Yes,98.67,99.99,99.33,Yes,High
CUST-01507,51,Female,7,One Year,No,44.69,367.92,5.0,2,No,0.54,0.0,0.27,No,Low
CUST-01508,55,Female,8,Two Year,No,31.96,268.54,2.4,3,No,0.47,0.0,0.24,No,Low
CUST-01509,43,Female,72,Month-to-Month,DSL,28.48,2038.08,5.0,1,No,36.06,36.9,36.48,No,Medium
CUST-01510,62,Female,11,Month-to-Month,DSL,48.2,595.32,3.7,2,No,9.67,5.79,7.73,No,Low
CUST-01511,26,Male,0,Two Year,DSL,65.96,59.96,4.5,3,No,0.98,0.0,0.49,No,Low
CUST-01512,39,Female,8,Month-to-Month,DSL,49.66,460.58,4.8,4,No,10.07,7.64,8.86,No,Low
CUST-01513,31,Male,3,Month-to-Month,Fiber Optic,75.46,287.23,4.1,3,Yes,98.4,99.09,98.75,Yes,High
CUST-01514,18,Male,2,Month-to-Month,Fiber Optic,82.49,254.63,5.0,1,Yes,95.24,95.23,95.23,Yes,High
CUST-01515,40,Female,1,Two Year,Fiber Optic,66.03,132.36,4.2,3,No,2.45,0.61,1.53,No,Low
CUST-01516,40,Male,21,Two Year,DSL,51.53,1134.7,4.0,1,No,0.82,0.03,0.43,No,Low
CUST-01517,63,Male,5,Two Year,DSL,64.72,352.28,3.7,6,No,3.12,0.0,1.56,No,Low
CUST-01518,50,Female,10,Month-to-Month,DSL,43.67,500.15,3.6,4,Yes,83.72,95.25,89.48,Yes,High
CUST-01519,27,Male,47,Month-to-Month,DSL,37.68,1744.73,4.4,3,Yes,78.62,81.12,79.87,Yes,High
CUST-01520,67,Female,13,Month-to-Month,Fiber Optic,69.15,887.03,2.3,1,Yes,98.58,99.96,99.27,Yes,High
CUST-01521,59,Female,59,Two Year,DSL,62.74,3820.95,3.0,1,No,0.02,0.0,0.01,No,Low
CUST-01522,50,Female,16,Two Year,DSL,48.75,853.63,3.8,2,No,0.08,0.0,0.04,No,Low
CUST-01523,38,Male,12,Month-to-Month,Fiber Optic,75.18,1015.87,2.4,1,Yes,97.69,94.12,95.91,Yes,High
CUST-01524,28,Male,33,One Year,Fiber Optic,39.77,1319.68,4.3,1,No,2.27,0.13,1.2,No,Low
CUST-01525,36,Male,1,Month-to-Month,No,30.72,59.02,3.0,7,Yes,91.51,99.49,95.5,Yes,High
CUST-01526,57,Male,2,Month-to-Month,DSL,59.58,176.51,1.8,3,Yes,90.78,99.09,94.93,Yes,High
CUST-01527,68,Male,25,One Year,Fiber Optic,101.49,2492.36,2.5,3,No,1.04,0.19,0.62,No,Low
CUST-01528,63,Female,16,Month-to-Month,No,18.0,293.43,4.3,2,No,6.21,3.4,4.8,No,Low
CUST-01529,35,Male,37,Month-to-Month,DSL,49.0,1826.35,2.1,3,No,18.8,26.31,22.55,No,Low
CUST-01530,26,Female,59,Month-to-Month,Fiber Optic,89.14,5474.95,2.1,2,Yes,98.56,99.98,99.27,Yes,High
CUST-01531,43,Male,11,Two Year,Fiber Optic,90.82,1120.38,3.8,3,No,52.42,47.65,50.03,Yes,Medium
CUST-01532,18,Female,21,Two Year,Fiber Optic,87.84,1777.26,1.8,1,No,26.37,53.82,40.1,No,Medium
CUST-01533,46,Female,16,Two Year,DSL,71.39,1116.65,3.8,1,No,3.62,0.03,1.83,No,Low
CUST-01534,39,Male,72,One Year,DSL,53.26,3606.61,1.0,4,No,1.19,0.39,0.79,No,Low
CUST-01535,35,Male,42,Month-to-Month,Fiber Optic,90.85,3865.36,3.7,1,Yes,94.01,95.86,94.93,Yes,High
CUST-01536,19,Female,58,Month-to-Month,DSL,55.08,3023.61,3.1,2,No,13.82,4.09,8.95,No,Low
CUST-01537,49,Female,7,Two Year,Fiber Optic,99.56,790.01,5.0,5,No,2.32,0.41,1.37,No,Low
CUST-01538,34,Female,35,One Year,Fiber Optic,76.47,2777.16,1.1,2,No,42.78,71.3,57.04,No,Medium
CUST-01539,25,Male,7,One Year,DSL,58.81,484.02,2.5,1,No,1.4,0.16,0.78,No,Low
CUST-01540,18,Male,5,One Year,Fiber Optic,97.78,604.34,3.8,3,No,1.5,0.1,0.8,No,Low
CUST-01541,41,Female,69,Two Year,DSL,57.21,3733.19,3.1,3,No,0.23,0.0,0.11,No,Low
CUST-01542,66,Female,0,Month-to-Month,No,25.51,24.15,2.7,3,Yes,50.19,24.93,37.56,Yes,Medium
CUST-01543,65,Male,72,Month-to-Month,Fiber Optic,70.77,4790.37,1.3,2,Yes,87.42,99.12,93.27,Yes,High
CUST-01544,35,Female,3,One Year,Fiber Optic,81.62,327.16,3.7,1,No,1.58,0.05,0.82,No,Low
CUST-01545,33,Male,41,Two Year,Fiber Optic,46.13,1943.31,5.0,3,No,14.65,1.93,8.29,No,Low
CUST-01546,48,Male,7,One Year,DSL,60.79,437.98,2.4,3,No,1.9,0.4,1.15,No,Low
CUST-01547,28,Male,10,Month-to-Month,DSL,43.48,442.28,3.3,2,No,11.56,10.07,10.82,No,Low
CUST-01548,46,Male,5,Month-to-Month,DSL,48.38,275.83,3.6,3,No,10.4,2.64,6.52,No,Low
CUST-01549,52,Female,21,One Year,DSL,50.83,1041.19,2.8,0,No,1.83,0.05,0.94,No,Low
CUST-01550,59,Male,10,One Year,Fiber Optic,73.25,791.81,3.2,5,No,3.59,3.51,3.55,No,Low
CUST-01551,40,Male,25,One Year,Fiber Optic,80.4,1894.03,2.1,2,No,2.68,1.96,2.32,No,Low
CUST-01552,39,Female,0,Month-to-Month,Fiber Optic,92.59,94.81,1.7,3,Yes,98.71,99.84,99.28,Yes,High
CUST-01553,29,Female,1,Two Year,DSL,41.26,80.04,4.9,4,No,1.54,0.01,0.77,No,Low
CUST-01554,30,Female,2,One Year,Fiber Optic,70.87,210.29,3.1,3,Yes,54.51,64.32,59.42,Yes,Medium
CUST-01555,38,Female,13,One Year,DSL,55.99,773.65,3.8,1,No,0.23,0.0,0.12,No,Low
CUST-01556,47,Male,40,Month-to-Month,DSL,52.3,2074.83,3.7,1,No,5.08,2.17,3.62,No,Low
CUST-01557,54,Female,52,Month-to-Month,Fiber Optic,73.89,3857.86,2.2,3,Yes,95.14,92.54,93.84,Yes,High
CUST-01558,30,Female,6,Two Year,DSL,57.23,365.12,1.8,2,No,0.58,0.0,0.29,No,Low
CUST-01559,62,Female,20,Month-to-Month,No,45.73,919.69,2.5,0,No,8.81,0.94,4.87,No,Low
CUST-01560,38,Male,35,Month-to-Month,Fiber Optic,91.99,3333.1,3.4,6,Yes,98.04,99.68,98.86,Yes,High
CUST-01561,41,Male,8,Month-to-Month,Fiber Optic,104.66,899.49,2.3,1,Yes,99.58,100.0,99.79,Yes,High
CUST-01562,31,Female,12,One Year,DSL,62.28,759.53,2.7,3,No,0.34,0.0,0.17,No,Low
CUST-01563,18,Male,17,Month-to-Month,DSL,49.93,885.05,1.0,5,No,15.89,22.83,19.36,No,Low
CUST-01564,54,Female,3,Month-to-Month,Fiber Optic,103.97,404.02,3.2,3,Yes,98.97,99.52,99.24,Yes,High
CUST-01565,52,Female,0,Two Year,No,20.25,19.85,3.3,5,No,1.04,0.0,0.52,No,Low
CUST-01566,38,Female,3,One Year,DSL,51.52,215.1,3.2,3,No,0.31,0.0,0.15,No,Low
CUST-01567,42,Female,23,Month-to-Month,No,29.35,649.81,2.1,0,No,9.69,1.52,5.6,No,Low
CUST-01568,49,Female,1,Month-to-Month,Fiber Optic,82.13,163.02,2.1,2,Yes,98.37,99.98,99.18,Yes,High
CUST-01569,20,Male,5,Two Year,No,29.64,160.87,2.0,1,No,0.1,0.03,0.06,No,Low
CUST-01570,34,Female,9,Month-to-Month,Fiber Optic,79.27,790.38,2.7,2,Yes,99.55,100.0,99.77,Yes,High
CUST-01571,53,Female,1,One Year,Fiber Optic,89.12,165.69,2.4,3,No,48.92,77.66,63.29,No,High
CUST-01572,24,Male,5,Month-to-Month,No,23.07,141.33,4.8,1,No,12.55,0.42,6.48,No,Low
CUST-01573,46,Male,58,Two Year,Fiber Optic,98.55,5468.21,5.0,4,Yes,28.48,11.38,19.93,No,Low
CUST-01574,23,Male,0,One Year,No,18.0,17.28,4.2,6,No,1.73,0.0,0.87,No,Low
CUST-01575,48,Female,25,One Year,DSL,46.6,1184.17,3.3,2,No,0.26,0.0,0.13,No,Low
CUST-01576,41,Male,11,Month-to-Month,No,18.0,214.16,2.9,2,No,13.39,12.47,12.93,No,Low
CUST-01577,19,Female,26,Two Year,DSL,67.25,1715.65,2.3,4,No,1.45,0.0,0.73,No,Low
CUST-01578,58,Male,21,Month-to-Month,DSL,53.85,1094.08,3.3,4,Yes,86.62,97.13,91.87,Yes,High
CUST-01579,31,Male,6,Two Year,Fiber Optic,69.73,485.81,3.0,3,No,3.67,1.33,2.5,No,Low
CUST-01580,30,Female,45,Month-to-Month,DSL,55.99,2488.71,2.1,2,Yes,88.45,93.75,91.1,Yes,High
CUST-01581,44,Male,16,One Year,DSL,49.67,767.25,2.3,3,No,0.63,0.0,0.32,No,Low
CUST-01582,58,Female,41,Month-to-Month,DSL,57.57,2370.86,1.1,1,Yes,85.56,95.86,90.71,Yes,High
CUST-01583,27,Female,12,One Year,Fiber Optic,91.34,1151.88,2.1,4,No,2.75,4.12,3.43,No,Low
CUST-01584,42,Female,72,Month-to-Month,Fiber Optic,74.25,5294.78,3.6,2,Yes,94.4,99.94,97.17,Yes,High
CUST-01585,48,Male,35,Month-to-Month,Fiber Optic,80.64,2659.37,4.3,3,Yes,99.06,99.98,99.52,Yes,High
CUST-01586,51,Female,72,Month-to-Month,Fiber Optic,57.42,4069.88,3.8,2,Yes,82.56,93.72,88.14,Yes,High
CUST-01587,44,Female,17,Month-to-Month,DSL,59.86,1090.18,2.6,3,No,12.39,16.18,14.28,No,Low
CUST-01588,36,Female,15,Month-to-Month,No,19.72,290.25,1.4,3,Yes,85.17,91.71,88.44,Yes,High
CUST-01589,30,Male,33,Month-to-Month,Fiber Optic,76.16,2572.71,1.9,5,Yes,98.54,99.87,99.21,Yes,High
CUST-01590,43,Female,50,Two Year,Fiber Optic,81.83,3867.34,3.7,4,No,21.32,31.02,26.17,No,Low
CUST-01591,26,Female,72,Month-to-Month,No,25.21,1741.62,3.6,3,No,9.91,3.18,6.55,No,Low
CUST-01592,18,Female,9,One Year,Fiber Optic,86.35,824.12,2.5,2,No,1.74,1.21,1.47,No,Low
CUST-01593,48,Male,38,Month-to-Month,DSL,51.04,2019.44,2.8,4,No,10.64,15.04,12.84,No,Low
CUST-01594,54,Male,5,One Year,DSL,57.98,324.89,5.0,1,No,0.22,0.0,0.11,No,Low
CUST-01595,18,Male,18,Month-to-Month,DSL,59.05,1054.13,1.3,1,Yes,90.51,97.77,94.14,Yes,High
CUST-01596,27,Male,4,Two Year,DSL,43.49,224.09,3.2,0,No,1.25,0.01,0.63,No,Low
CUST-01597,50,Male,10,Two Year,DSL,54.87,610.52,1.9,3,No,0.5,0.0,0.25,No,Low
CUST-01598,70,Male,64,Month-to-Month,Fiber Optic,106.72,6769.88,1.9,4,Yes,98.33,99.99,99.16,Yes,High
CUST-01599,42,Female,3,One Year,DSL,55.71,211.12,3.7,3,No,0.33,0.0,0.17,No,Low
CUST-01600,31,Male,24,Month-to-Month,DSL,53.05,1351.13,5.0,3,No,10.92,3.99,7.45,No,Low
CUST-01601,39,Female,21,One Year,Fiber Optic,74.73,1618.39,3.9,3,No,1.34,0.06,0.7,No,Low
CUST-01602,61,Male,3,Month-to-Month,Fiber Optic,100.6,382.1,4.9,1,Yes,96.01,97.36,96.68,Yes,High
CUST-01603,32,Male,9,Month-to-Month,No,26.0,246.28,1.1,1,Yes,34.36,40.13,37.25,No,Medium
CUST-01604,30,Male,19,Month-to-Month,DSL,74.29,1439.13,3.7,6,No,10.79,4.75,7.77,No,Low
CUST-01605,35,Male,4,One Year,Fiber Optic,95.74,498.95,4.2,2,No,2.28,0.48,1.38,No,Low
CUST-01606,28,Female,38,Month-to-Month,No,26.61,1034.15,2.9,0,No,6.81,2.67,4.74,No,Low
CUST-01607,43,Female,72,One Year,DSL,43.89,3210.07,4.1,1,No,0.01,0.0,0.01,No,Low
CUST-01608,64,Male,5,Month-to-Month,No,25.4,146.0,5.0,3,No,9.53,0.7,5.12,No,Low
CUST-01609,46,Male,4,Month-to-Month,No,18.0,94.18,3.4,1,No,13.94,1.21,7.58,No,Low
CUST-01610,38,Male,14,One Year,DSL,49.87,718.92,2.8,0,No,0.22,0.0,0.11,No,Low
CUST-01611,37,Female,33,Two Year,DSL,41.44,1270.59,4.4,3,No,0.0,0.0,0.0,No,
CUST-01612,20,Female,7,Two Year,DSL,43.29,353.31,4.4,5,No,0.16,0.0,0.08,No,Low
CUST-01613,54,Female,0,One Year,No,21.48,20.98,2.9,3,No,1.88,0.0,0.94,No,Low
CUST-01614,40,Female,18,One Year,DSL,67.68,1186.31,2.6,1,No,0.32,0.0,0.16,No,Low
CUST-01615,39,Female,72,One Year,Fiber Optic,75.78,4997.78,4.4,2,No,1.79,0.07,0.93,No,Low
CUST-01616,80,Male,11,Month-to-Month,Fiber Optic,47.41,596.7,2.7,5,Yes,82.81,99.86,91.33,Yes,High
CUST-01617,46,Male,13,Month-to-Month,Fiber Optic,50.96,711.37,3.1,1,Yes,72.14,92.6,82.37,Yes,High
CUST-01618,31,Female,72,Month-to-Month,No,18.0,1274.41,3.5,3,No,52.95,34.28,43.61,Yes,Medium
CUST-01619,36,Female,28,Month-to-Month,No,18.83,518.81,3.0,1,No,8.68,0.77,4.72,No,Low
CUST-01620,58,Female,30,Month-to-Month,DSL,45.86,1294.89,3.2,6,Yes,87.79,97.88,92.83,Yes,High
CUST-01621,43,Female,19,Two Year,DSL,60.81,1212.31,2.3,3,No,0.46,0.0,0.23,No,Low
CUST-01622,21,Male,72,Month-to-Month,No,31.28,2181.47,3.8,2,No,3.53,1.93,2.73,No,Low
CUST-01623,54,Female,28,One Year,Fiber Optic,95.0,2888.49,2.8,6,No,1.88,2.4,2.14,No,Low
CUST-01624,32,Female,54,One Year,Fiber Optic,84.16,4241.26,4.9,2,No,1.69,0.05,0.87,No,Low
CUST-01625,68,Male,28,Month-to-Month,DSL,56.41,1532.7,3.3,2,Yes,81.96,92.04,87.0,Yes,High
CUST-01626,57,Female,31,Month-to-Month,No,26.71,820.97,4.3,1,No,4.25,1.51,2.88,No,Low
CUST-01627,35,Female,8,Month-to-Month,No,20.63,189.31,3.9,1,No,13.4,3.24,8.32,No,Low
CUST-01628,59,Male,8,One Year,Fiber Optic,83.53,764.21,4.4,3,Yes,59.66,39.85,49.76,Yes,Medium
CUST-01629,42,Male,36,Two Year,Fiber Optic,66.47,2303.53,2.7,1,No,1.7,0.32,1.01,No,Low
CUST-01630,53,Male,8,Month-to-Month,DSL,47.46,407.57,1.9,4,Yes,30.77,51.69,41.23,No,Medium
CUST-01631,48,Female,19,Two Year,No,30.34,551.5,2.2,2,No,1.42,0.14,0.78,No,Low
CUST-01632,30,Male,6,Month-to-Month,DSL,43.72,292.81,2.1,2,No,10.49,4.08,7.29,No,Low
CUST-01633,32,Female,40,One Year,Fiber Optic,104.13,3950.19,2.3,3,No,0.49,0.13,0.31,No,Low
CUST-01634,56,Female,2,One Year,Fiber Optic,86.49,269.31,1.9,2,No,38.61,71.33,54.97,No,Medium
CUST-01635,37,Male,42,Month-to-Month,No,21.86,959.91,3.1,2,No,4.65,4.72,4.69,No,Low
CUST-01636,36,Female,22,Month-to-Month,Fiber Optic,90.19,1918.29,4.0,2,Yes,96.98,97.97,97.48,Yes,High
CUST-01637,28,Female,4,Month-to-Month,Fiber Optic,103.97,506.13,1.8,4,Yes,98.61,99.9,99.26,Yes,High
CUST-01638,47,Male,18,Month-to-Month,No,30.62,607.23,2.5,6,No,18.44,44.3,31.37,No,Low
CUST-01639,70,Male,7,One Year,No,29.06,223.55,4.3,1,No,0.15,0.01,0.08,No,Low
CUST-01640,27,Female,9,Month-to-Month,DSL,75.38,729.09,1.5,0,Yes,48.21,15.19,31.7,No,Low
CUST-01641,42,Female,10,One Year,DSL,70.19,734.43,3.2,2,No,9.47,0.11,4.79,No,Low
CUST-01642,61,Male,1,Month-to-Month,Fiber Optic,77.09,150.15,3.8,2,Yes,99.19,99.99,99.59,Yes,High
CUST-01643,40,Male,72,One Year,Fiber Optic,96.06,6938.64,5.0,5,No,1.6,0.02,0.81,No,Low
CUST-01644,48,Male,0,One Year,Fiber Optic,91.3,83.4,1.0,2,No,4.81,6.41,5.61,No,Low
CUST-01645,27,Female,26,One Year,DSL,31.81,784.9,1.8,3,No,1.35,0.34,0.84,No,Low
CUST-01646,47,Male,11,Month-to-Month,Fiber Optic,76.04,926.49,3.5,5,Yes,98.65,97.7,98.18,Yes,High
CUST-01647,39,Female,24,Month-to-Month,No,41.45,1085.38,2.8,0,No,10.4,3.83,7.12,No,Low
CUST-01648,55,Female,10,Two Year,Fiber Optic,67.49,722.86,1.0,4,No,2.32,8.26,5.29,No,Low
CUST-01649,58,Male,26,Month-to-Month,DSL,67.58,1877.95,2.7,4,No,18.02,24.7,21.36,No,Low
CUST-01650,78,Female,31,Month-to-Month,DSL,36.93,1217.62,2.2,2,No,10.39,14.05,12.22,No,Low
CUST-01651,50,Male,28,Month-to-Month,DSL,55.41,1535.28,1.4,5,No,11.93,14.96,13.45,No,Low
CUST-01652,46,Female,2,One Year,Fiber Optic,114.22,325.3,2.8,0,No,2.9,0.09,1.5,No,Low
CUST-01653,44,Male,25,One Year,No,18.0,472.42,1.7,2,No,1.91,0.26,1.09,No,Low
CUST-01654,37,Female,7,One Year,DSL,66.41,550.71,2.2,2,No,2.49,0.03,1.26,No,Low
CUST-01655,46,Female,0,Month-to-Month,DSL,58.38,60.02,4.6,5,No,17.75,15.05,16.4,No,Low
CUST-01656,37,Male,12,Month-to-Month,DSL,57.79,712.12,5.0,3,No,9.07,4.54,6.81,No,Low
CUST-01657,44,Male,13,Two Year,Fiber Optic,77.02,1027.88,2.2,5,No,2.65,7.23,4.94,No,Low
CUST-01658,60,Male,15,Month-to-Month,DSL,42.16,681.6,3.3,0,No,7.44,3.64,5.54,No,Low
CUST-01659,27,Male,29,Month-to-Month,DSL,38.67,1099.32,3.9,1,No,61.39,35.27,48.33,Yes,Medium
CUST-01660,57,Female,8,One Year,No,23.27,215.25,2.3,3,No,0.74,0.28,0.51,No,Low
CUST-01661,60,Female,9,Month-to-Month,No,39.67,387.33,2.1,5,No,26.59,53.79,40.19,No,Medium
CUST-01662,40,Male,1,Month-to-Month,Fiber Optic,120.0,226.54,3.9,2,Yes,97.63,99.04,98.34,Yes,High
CUST-01663,18,Female,27,Month-to-Month,Fiber Optic,94.78,2502.45,2.9,2,Yes,95.65,98.86,97.26,Yes,High
CUST-01664,33,Female,20,Month-to-Month,Fiber Optic,56.93,1216.56,3.0,2,Yes,90.76,92.19,91.48,Yes,High
CUST-01665,60,Female,10,Month-to-Month,No,32.67,330.15,1.9,3,Yes,82.24,89.38,85.81,Yes,High
CUST-01666,41,Male,29,Two Year,Fiber Optic,60.04,1872.87,2.1,4,No,2.8,1.98,2.39,No,Low
CUST-01667,28,Male,18,Month-to-Month,DSL,63.32,1157.38,3.3,1,No,8.76,5.86,7.31,No,Low
CUST-01668,34,Male,15,Month-to-Month,DSL,57.1,937.89,2.7,2,No,6.17,2.5,4.34,No,Low
CUST-01669,53,Female,17,One Year,DSL,71.82,1317.12,3.3,1,No,4.59,0.05,2.32,No,Low
CUST-01670,49,Male,24,Two Year,Fiber Optic,77.52,1970.73,4.2,2,No,24.37,22.46,23.42,No,Low
CUST-01671,38,Male,25,Month-to-Month,Fiber Optic,75.96,1977.27,3.4,2,Yes,99.16,99.99,99.57,Yes,High
CUST-01672,36,Male,8,Two Year,Fiber Optic,87.5,767.75,2.5,3,No,1.7,0.28,0.99,No,Low
CUST-01673,36,Female,3,One Year,Fiber Optic,75.66,290.08,4.2,1,No,32.94,23.64,28.29,No,Low
CUST-01674,29,Male,4,Month-to-Month,Fiber Optic,85.64,422.68,3.2,3,Yes,99.53,99.97,99.75,Yes,High
CUST-01675,64,Male,24,Month-to-Month,Fiber Optic,96.71,2367.09,4.6,9,Yes,97.85,99.85,98.85,Yes,High
CUST-01676,37,Male,49,Month-to-Month,DSL,39.89,1900.07,2.4,3,No,8.69,2.58,5.64,No,Low
CUST-01677,59,Male,12,One Year,Fiber Optic,105.68,1338.1,3.1,3,No,2.17,1.39,1.78,No,Low
CUST-01678,63,Female,4,Month-to-Month,Fiber Optic,64.62,308.48,2.8,0,Yes,90.58,98.53,94.55,Yes,High
CUST-01679,55,Male,33,Month-to-Month,Fiber Optic,78.27,2657.69,3.3,2,Yes,97.55,98.76,98.15,Yes,High
CUST-01680,35,Male,42,One Year,Fiber Optic,85.06,3749.95,3.5,5,No,1.07,0.82,0.94,No,Low
CUST-01681,47,Female,51,Month-to-Month,Fiber Optic,64.94,3437.78,3.2,2,No,64.81,77.47,71.14,Yes,High
CUST-01682,41,Male,22,Two Year,Fiber Optic,87.38,1911.47,4.1,4,No,25.39,46.1,35.74,No,Medium
CUST-01683,29,Male,47,Two Year,DSL,59.33,2780.67,3.6,1,No,0.12,0.0,0.06,No,Low
CUST-01684,46,Female,0,Month-to-Month,Fiber Optic,65.99,59.5,5.0,2,No,55.59,73.85,64.72,Yes,High
CUST-01685,25,Male,2,Two Year,No,18.0,55.65,5.0,5,No,0.44,0.0,0.22,No,Low
CUST-01686,58,Male,2,Month-to-Month,Fiber Optic,74.98,210.73,2.4,1,Yes,97.32,99.45,98.38,Yes,High
CUST-01687,35,Male,29,Month-to-Month,No,35.42,1026.65,2.6,3,No,15.3,20.28,17.79,No,Low
CUST-01688,44,Male,1,Month-to-Month,No,25.64,47.33,1.8,1,Yes,87.93,98.16,93.04,Yes,High
CUST-01689,45,Female,16,One Year,DSL,55.95,952.78,5.0,2,No,0.02,0.0,0.01,No,Low
CUST-01690,38,Female,15,One Year,No,26.05,409.21,2.7,2,No,0.51,0.0,0.25,No,Low
CUST-01691,50,Female,8,Month-to-Month,Fiber Optic,80.61,692.64,3.5,4,Yes,98.5,99.45,98.98,Yes,High
CUST-01692,35,Male,49,Month-to-Month,Fiber Optic,84.56,4144.62,1.9,1,Yes,98.56,99.94,99.25,Yes,High
CUST-01693,54,Male,4,Month-to-Month,Fiber Optic,51.27,237.2,3.3,5,Yes,85.84,99.82,92.83,Yes,High
CUST-01694,23,Female,10,Two Year,Fiber Optic,84.14,940.67,1.3,1,Yes,37.35,70.76,54.06,No,Medium
CUST-01695,43,Female,35,Two Year,Fiber Optic,73.32,2480.87,4.5,2,No,8.51,2.09,5.3,No,Low
CUST-01696,69,Male,0,One Year,DSL,47.89,47.52,5.0,1,No,3.45,0.02,1.74,No,Low
CUST-01697,27,Male,26,One Year,Fiber Optic,95.23,2660.97,4.0,1,No,20.83,16.13,18.48,No,Low
CUST-01698,32,Male,40,One Year,Fiber Optic,73.17,2717.34,2.2,6,No,3.93,6.08,5.0,No,Low
CUST-01699,49,Male,64,Month-to-Month,Fiber Optic,109.85,6841.29,3.8,2,Yes,90.13,93.17,91.65,Yes,High
CUST-01700,44,Male,50,Month-to-Month,DSL,56.52,2652.6,3.4,1,No,3.15,3.36,3.26,No,Low
CUST-01701,46,Male,9,One Year,No,30.3,314.0,4.7,0,No,0.04,0.0,0.02,No,Low
CUST-01702,48,Female,21,Month-to-Month,DSL,38.08,799.23,4.1,4,No,9.69,8.51,9.1,No,Low
CUST-01703,50,Female,1,Month-to-Month,Fiber Optic,111.8,208.4,2.0,1,Yes,98.23,99.69,98.96,Yes,High
CUST-01704,57,Male,7,Two Year,Fiber Optic,76.04,609.22,4.5,5,No,2.41,0.83,1.62,No,Low
CUST-01705,47,Male,2,Two Year,DSL,56.66,166.83,3.1,4,No,0.87,0.0,0.44,No,Low
CUST-01706,38,Female,9,Month-to-Month,Fiber Optic,79.2,809.85,4.6,1,Yes,97.87,96.03,96.95,Yes,High
CUST-01707,51,Male,49,One Year,No,27.02,1368.51,1.5,4,No,0.93,0.0,0.47,No,Low
CUST-01708,68,Female,10,Two Year,Fiber Optic,83.19,957.37,3.8,0,No,4.15,0.16,2.15,No,Low
CUST-01709,40,Male,19,Month-to-Month,Fiber Optic,81.85,1495.53,2.9,3,No,92.06,99.59,95.82,Yes,High
CUST-01710,28,Female,13,Month-to-Month,No,28.14,359.31,3.3,1,Yes,21.8,7.11,14.46,No,Low
CUST-01711,57,Male,14,Month-to-Month,No,30.49,473.86,2.5,4,No,20.33,24.87,22.6,No,Low
CUST-01712,40,Male,72,Month-to-Month,DSL,44.31,3374.88,3.8,1,No,2.35,0.95,1.65,No,Low
CUST-01713,18,Male,8,Two Year,Fiber Optic,80.07,692.52,2.2,6,No,3.66,10.73,7.2,No,Low
CUST-01714,53,Male,23,Month-to-Month,DSL,47.97,1114.88,1.5,3,No,14.63,36.91,25.77,No,Low
CUST-01715,34,Male,13,Month-to-Month,Fiber Optic,83.88,1121.83,2.4,2,Yes,98.66,97.25,97.95,Yes,High
CUST-01716,40,Female,1,Month-to-Month,Fiber Optic,58.41,118.77,2.4,1,Yes,91.81,99.33,95.57,Yes,High
CUST-01717,46,Male,16,Month-to-Month,Fiber Optic,78.84,1361.21,2.9,1,Yes,99.54,99.99,99.76,Yes,High
CUST-01718,44,Male,40,Month-to-Month,DSL,58.99,2256.7,4.0,0,Yes,76.28,70.0,73.14,Yes,High
CUST-01719,51,Female,2,One Year,DSL,63.41,182.16,2.2,3,No,0.86,0.0,0.43,No,Low
CUST-01720,35,Female,1,Month-to-Month,Fiber Optic,53.74,100.16,4.1,2,No,54.44,92.08,73.26,Yes,High
CUST-01721,49,Female,4,One Year,No,18.0,81.63,3.8,1,No,0.86,0.01,0.43,No,Low
CUST-01722,38,Female,34,One Year,Fiber Optic,99.13,3151.8,4.3,6,No,3.75,0.87,2.31,No,Low
CUST-01723,52,Male,30,Month-to-Month,Fiber Optic,95.55,2731.08,2.8,2,Yes,96.71,94.09,95.4,Yes,High
CUST-01724,50,Female,19,One Year,DSL,48.07,869.57,4.9,2,No,0.19,0.0,0.1,No,Low
CUST-01725,28,Female,15,One Year,No,28.71,442.58,2.9,3,No,0.7,0.0,0.35,No,Low
CUST-01726,57,Female,52,Month-to-Month,No,23.01,1109.29,4.2,1,No,9.13,1.34,5.23,No,Low
CUST-01727,34,Male,34,Month-to-Month,DSL,53.79,1933.69,5.0,2,No,5.88,1.38,3.63,No,Low
CUST-01728,53,Male,40,One Year,Fiber Optic,102.07,4213.38,4.5,1,No,18.19,10.16,14.17,No,Low
CUST-01729,47,Male,40,Two Year,No,30.83,1286.21,3.1,3,No,0.18,0.0,0.09,No,Low
CUST-01730,67,Female,24,Month-to-Month,No,33.04,819.91,2.0,3,Yes,90.74,97.36,94.05,Yes,High
CUST-01731,38,Female,14,Month-to-Month,Fiber Optic,75.89,1137.87,2.1,2,Yes,98.18,96.81,97.5,Yes,High
CUST-01732,37,Female,48,Month-to-Month,DSL,74.34,3340.36,2.1,3,Yes,81.03,74.08,77.56,Yes,High
CUST-01733,41,Male,62,Month-to-Month,DSL,45.34,2595.7,2.4,4,No,9.22,15.28,12.25,No,Low
CUST-01734,37,Female,0,One Year,DSL,67.81,71.09,3.2,4,No,1.43,0.0,0.71,No,Low
CUST-01735,53,Female,1,Month-to-Month,No,31.39,60.01,3.9,3,No,18.81,12.82,15.81,No,Low
CUST-01736,19,Male,72,Month-to-Month,Fiber Optic,74.05,4906.66,4.1,2,Yes,93.71,99.94,96.83,Yes,High
CUST-01737,27,Female,7,Month-to-Month,DSL,73.81,545.57,4.3,1,No,65.81,40.06,52.93,Yes,Medium
CUST-01738,27,Male,49,Month-to-Month,Fiber Optic,92.73,4780.84,4.2,1,No,80.21,89.8,85.0,Yes,High
CUST-01739,55,Female,11,Month-to-Month,DSL,57.52,642.52,3.1,1,Yes,83.35,92.05,87.7,Yes,High
CUST-01740,65,Female,3,Month-to-Month,DSL,51.22,198.75,3.9,3,Yes,83.68,94.51,89.09,Yes,High
CUST-01741,40,Female,2,Month-to-Month,Fiber Optic,89.87,269.64,2.9,0,Yes,96.65,98.23,97.44,Yes,High
CUST-01742,39,Female,4,Two Year,Fiber Optic,54.67,285.62,3.5,3,No,2.37,0.09,1.23,No,Low
CUST-01743,42,Female,6,Two Year,No,22.27,140.63,2.9,6,No,1.01,0.72,0.86,No,Low
CUST-01744,58,Male,16,Month-to-Month,DSL,58.96,975.4,3.2,3,No,20.76,18.36,19.56,No,Low
CUST-01745,29,Male,29,Month-to-Month,DSL,70.86,2230.82,2.8,2,No,11.02,9.26,10.14,No,Low
CUST-01746,45,Female,72,Month-to-Month,Fiber Optic,100.65,6746.86,1.2,3,Yes,90.86,99.3,95.08,Yes,High
CUST-01747,55,Male,13,Month-to-Month,Fiber Optic,103.08,1325.59,2.9,5,Yes,99.55,100.0,99.77,Yes,High
CUST-01748,49,Male,17,Month-to-Month,DSL,48.95,804.49,3.9,2,No,4.83,1.04,2.94,No,Low
CUST-01749,44,Female,17,Month-to-Month,No,22.16,389.38,4.2,4,No,10.38,8.13,9.25,No,Low
CUST-01750,56,Female,18,One Year,Fiber Optic,94.65,1712.5,3.7,6,No,1.87,1.62,1.75,No,Low
CUST-01751,18,Male,17,Month-to-Month,DSL,67.41,1222.41,2.1,1,No,29.1,16.28,22.69,No,Low
CUST-01752,51,Male,0,Month-to-Month,Fiber Optic,93.55,92.21,2.6,4,Yes,98.36,99.8,99.08,Yes,High
CUST-01753,32,Male,0,One Year,Fiber Optic,82.87,81.8,1.4,3,No,3.7,6.01,4.86,No,Low
CUST-01754,18,Male,2,One Year,DSL,49.5,145.03,3.9,3,No,0.26,0.0,0.13,No,Low
CUST-01755,49,Male,2,Month-to-Month,Fiber Optic,98.46,309.8,2.2,2,Yes,98.3,99.65,98.98,Yes,High
CUST-01756,61,Female,29,Month-to-Month,Fiber Optic,78.4,2306.98,3.6,2,Yes,98.57,99.98,99.27,Yes,High
CUST-01757,40,Male,5,Month-to-Month,DSL,56.92,311.08,3.7,0,No,54.24,50.35,52.3,Yes,Medium
CUST-01758,55,Male,54,Month-to-Month,DSL,54.24,2829.06,2.2,4,No,11.06,4.61,7.84,No,Low
CUST-01759,64,Male,63,Month-to-Month,No,18.0,1171.7,3.5,2,No,4.25,3.07,3.66,No,Low
CUST-01760,60,Female,72,Month-to-Month,DSL,42.46,3081.81,5.0,6,No,15.13,3.55,9.34,No,Low
CUST-01761,64,Male,67,Month-to-Month,DSL,56.39,3844.46,2.8,4,No,9.12,8.55,8.83,No,Low
CUST-01762,52,Male,7,One Year,Fiber Optic,76.47,635.17,4.4,3,No,2.08,0.06,1.07,No,Low
CUST-01763,43,Male,17,One Year,Fiber Optic,69.44,1208.13,3.5,2,No,24.5,45.57,35.03,No,Medium
CUST-01764,19,Female,4,Month-to-Month,DSL,50.87,229.66,3.5,1,No,15.42,8.36,11.89,No,Low
CUST-01765,38,Female,39,Month-to-Month,Fiber Optic,93.42,3918.09,3.1,2,Yes,95.59,96.81,96.2,Yes,High
CUST-01766,30,Male,52,Month-to-Month,No,18.0,923.65,4.2,2,No,3.78,2.24,3.01,No,Low
CUST-01767,72,Male,45,Month-to-Month,DSL,72.76,3061.27,3.0,5,Yes,80.46,96.96,88.71,Yes,High
CUST-01768,39,Male,13,Month-to-Month,Fiber Optic,60.49,831.86,3.9,4,Yes,94.38,99.47,96.92,Yes,High
CUST-01769,43,Female,34,Two Year,DSL,50.48,1746.54,4.2,0,No,1.33,0.01,0.67,No,Low
CUST-01770,49,Female,2,One Year,No,18.0,53.17,4.3,1,No,1.64,0.03,0.84,No,Low
CUST-01771,42,Male,0,Two Year,Fiber Optic,83.89,87.64,3.8,0,No,3.71,0.32,2.02,No,Low
CUST-01772,65,Male,33,One Year,Fiber Optic,97.19,3132.45,4.0,2,No,2.71,0.33,1.52,No,Low
CUST-01773,33,Male,13,Two Year,No,18.88,239.26,3.2,2,No,0.58,0.12,0.35,No,Low
CUST-01774,44,Male,72,One Year,Fiber Optic,73.82,5593.44,2.7,4,No,36.82,39.86,38.34,No,Medium
CUST-01775,31,Female,2,Two Year,Fiber Optic,78.97,220.01,3.6,2,No,2.29,0.53,1.41,No,Low
CUST-01776,23,Male,46,Month-to-Month,Fiber Optic,102.47,4875.89,3.6,4,Yes,96.29,98.62,97.46,Yes,High
CUST-01777,33,Male,15,Month-to-Month,DSL,45.89,683.28,3.6,2,Yes,82.85,92.54,87.7,Yes,High
CUST-01778,41,Male,42,One Year,DSL,42.94,1891.37,4.4,1,No,0.01,0.0,0.01,No,Low
CUST-01779,35,Female,40,Two Year,DSL,32.67,1387.63,3.2,0,No,0.77,0.02,0.39,No,Low
CUST-01780,32,Female,59,Month-to-Month,No,33.73,1853.4,1.7,3,No,10.01,14.77,12.39,No,Low
CUST-01781,22,Male,8,Month-to-Month,DSL,55.57,461.17,1.0,1,No,12.75,7.51,10.13,No,Low
CUST-01782,40,Male,71,Month-to-Month,No,22.13,1655.17,3.4,1,No,2.57,1.62,2.1,No,Low
CUST-01783,20,Male,3,One Year,DSL,32.33,131.34,4.3,3,No,1.6,0.09,0.85,No,Low
CUST-01784,52,Male,2,Month-to-Month,Fiber Optic,88.81,241.34,3.0,1,Yes,96.99,99.23,98.11,Yes,High
CUST-01785,43,Male,13,One Year,No,18.0,233.69,5.0,1,No,0.15,0.0,0.08,No,Low
CUST-01786,21,Female,42,Two Year,Fiber Optic,96.61,3995.59,3.4,3,Yes,21.54,27.64,24.59,No,Low
CUST-01787,37,Female,15,Two Year,DSL,65.26,1075.1,5.0,1,No,1.69,0.01,0.85,No,Low
CUST-01788,31,Female,42,Month-to-Month,Fiber Optic,96.3,3820.64,3.1,2,Yes,95.75,97.74,96.74,Yes,High
CUST-01789,46,Male,31,Month-to-Month,DSL,55.6,1794.54,4.9,1,No,5.04,1.07,3.06,No,Low
CUST-01790,60,Female,5,Month-to-Month,No,23.05,126.21,2.8,1,No,67.27,65.5,66.38,Yes,High
CUST-01791,18,Female,71,Month-to-Month,Fiber Optic,60.4,4218.66,4.4,3,Yes,82.84,61.95,72.39,Yes,High
CUST-01792,43,Male,1,Month-to-Month,Fiber Optic,108.69,219.41,3.9,5,Yes,99.52,100.0,99.76,Yes,High
CUST-01793,39,Male,54,One Year,Fiber Optic,84.56,4230.87,3.6,2,No,18.9,20.94,19.92,No,Low
CUST-01794,51,Male,8,Month-to-Month,DSL,43.43,363.76,3.6,2,Yes,20.69,9.81,15.25,No,Low
CUST-01795,44,Male,16,Two Year,Fiber Optic,79.12,1370.29,4.8,6,No,25.89,55.6,40.75,No,Medium
CUST-01796,31,Male,13,Two Year,DSL,49.89,645.75,3.0,3,No,0.46,0.0,0.23,No,Low
CUST-01797,37,Female,4,Month-to-Month,Fiber Optic,94.78,473.96,3.3,2,Yes,97.79,94.54,96.17,Yes,High
CUST-01798,30,Male,10,Two Year,Fiber Optic,86.92,952.61,5.0,5,No,1.78,0.53,1.16,No,Low
CUST-01799,57,Female,5,One Year,DSL,58.66,344.24,3.8,2,No,1.1,0.0,0.55,No,Low
CUST-01800,42,Male,5,Month-to-Month,DSL,47.1,262.89,4.6,1,No,8.39,3.65,6.02,No,Low
CUST-01801,68,Female,4,Month-to-Month,Fiber Optic,65.25,314.03,3.0,3,Yes,95.88,96.85,96.36,Yes,High
CUST-01802,41,Male,16,Month-to-Month,DSL,46.7,788.55,2.6,4,No,9.84,5.43,7.64,No,Low
CUST-01803,32,Female,38,Month-to-Month,No,22.91,922.31,4.1,1,Yes,66.59,23.23,44.91,Yes,Medium
CUST-01804,20,Male,20,One Year,Fiber Optic,102.47,2194.22,3.5,1,No,2.16,0.4,1.28,No,Low
CUST-01805,18,Male,53,Month-to-Month,Fiber Optic,107.11,5732.47,3.0,4,Yes,95.9,99.09,97.49,Yes,High
CUST-01806,19,Female,24,One Year,DSL,56.33,1315.69,1.4,1,No,1.54,0.19,0.87,No,Low
CUST-01807,45,Male,28,Month-to-Month,Fiber Optic,73.38,1984.39,1.3,3,Yes,97.38,99.09,98.23,Yes,High
CUST-01808,49,Female,26,Month-to-Month,Fiber Optic,62.8,1733.04,1.1,2,Yes,93.72,99.98,96.85,Yes,High
CUST-01809,19,Female,14,One Year,DSL,65.82,986.97,3.6,3,No,1.83,0.09,0.96,No,Low
CUST-01810,54,Male,28,One Year,Fiber Optic,62.49,1728.32,2.0,1,No,25.61,58.95,42.28,No,Medium
CUST-01811,35,Male,1,Month-to-Month,Fiber Optic,76.88,160.79,1.3,5,Yes,97.24,99.96,98.6,Yes,High
CUST-01812,44,Female,47,Month-to-Month,No,21.84,1083.4,2.2,3,No,6.04,1.58,3.81,No,Low
CUST-01813,64,Male,36,Two Year,Fiber Optic,96.06,3556.8,1.1,4,Yes,40.84,85.9,63.37,No,High
CUST-01814,54,Female,6,One Year,No,32.49,217.28,2.5,2,No,0.5,0.0,0.25,No,Low
CUST-01815,38,Female,35,Month-to-Month,Fiber Optic,92.17,3139.98,2.5,6,Yes,98.66,99.99,99.32,Yes,High
CUST-01816,29,Male,0,Month-to-Month,No,27.72,28.85,3.8,3,No,85.76,95.25,90.5,Yes,High
CUST-01817,18,Male,5,Month-to-Month,DSL,42.82,248.32,3.4,2,No,4.0,1.48,2.74,No,Low
CUST-01818,31,Female,1,Month-to-Month,Fiber Optic,68.39,139.52,2.7,3,Yes,97.0,97.03,97.01,Yes,High
CUST-01819,39,Male,36,One Year,DSL,62.07,2390.65,3.9,3,No,0.71,0.04,0.38,No,Low
CUST-01820,28,Male,33,Two Year,No,25.06,829.72,1.8,0,No,1.08,0.08,0.58,No,Low
CUST-01821,40,Male,40,One Year,Fiber Optic,90.89,3718.91,2.7,2,No,1.47,0.51,0.99,No,Low
CUST-01822,43,Female,0,Month-to-Month,DSL,68.71,62.73,2.3,1,Yes,86.42,96.44,91.43,Yes,High
CUST-01823,38,Male,16,Two Year,DSL,60.6,1028.02,3.1,0,No,1.08,0.04,0.56,No,Low
CUST-01824,32,Male,29,Month-to-Month,DSL,52.67,1473.07,1.0,0,No,11.09,3.1,7.09,No,Low
CUST-01825,44,Female,4,Two Year,DSL,57.41,287.22,5.0,2,No,0.2,0.0,0.1,No,Low
CUST-01826,48,Male,25,Month-to-Month,Fiber Optic,107.01,2546.2,3.6,6,Yes,98.75,99.76,99.25,Yes,High
CUST-01827,26,Male,2,Month-to-Month,Fiber Optic,87.31,255.19,3.6,2,Yes,97.79,93.66,95.72,Yes,High
CUST-01828,61,Female,4,One Year,DSL,49.25,240.87,1.0,2,No,1.65,0.71,1.18,No,Low
CUST-01829,40,Female,15,Month-to-Month,No,23.83,370.81,3.4,0,No,9.95,3.03,6.49,No,Low
CUST-01830,42,Female,25,One Year,Fiber Optic,90.33,2380.31,3.0,6,No,18.55,30.55,24.55,No,Low
CUST-01831,51,Male,3,One Year,DSL,48.83,197.89,4.4,4,No,0.6,0.0,0.3,No,Low
CUST-01832,45,Female,4,Month-to-Month,Fiber Optic,80.5,404.9,2.9,3,Yes,98.53,97.13,97.83,Yes,High
CUST-01833,55,Male,5,One Year,DSL,59.74,356.56,2.8,4,No,0.78,0.0,0.39,No,Low
CUST-01834,46,Male,6,Month-to-Month,DSL,53.46,387.56,3.1,2,No,5.37,1.81,3.59,No,Low
CUST-01835,33,Male,6,Month-to-Month,DSL,46.19,318.92,4.7,2,No,6.51,4.12,5.32,No,Low
CUST-01836,47,Male,12,Two Year,No,18.0,222.83,1.5,4,No,0.33,0.88,0.6,No,Low
CUST-01837,25,Female,25,Two Year,Fiber Optic,88.37,2088.26,1.3,2,No,1.31,1.98,1.65,No,Low
CUST-01838,43,Male,13,Month-to-Month,Fiber Optic,65.23,895.3,1.0,2,Yes,96.72,99.84,98.28,Yes,High
CUST-01839,41,Female,35,Month-to-Month,No,23.81,800.73,4.4,6,No,3.47,1.58,2.53,No,Low
CUST-01840,39,Female,30,Month-to-Month,Fiber Optic,88.49,2628.1,4.3,0,Yes,97.17,99.92,98.54,Yes,High
CUST-01841,40,Female,3,One Year,DSL,49.78,180.7,1.9,1,No,0.64,0.26,0.45,No,Low
CUST-01842,18,Male,1,Two Year,DSL,53.2,105.99,1.6,3,No,1.83,0.1,0.96,No,Low
CUST-01843,34,Female,50,Month-to-Month,DSL,49.14,2588.85,4.3,5,No,50.06,51.97,51.02,Yes,Medium
CUST-01844,43,Male,1,Two Year,Fiber Optic,83.9,159.2,1.6,3,No,3.68,6.8,5.24,No,Low
CUST-01845,44,Male,3,Month-to-Month,Fiber Optic,96.7,394.82,2.9,1,Yes,99.34,99.99,99.67,Yes,High
CUST-01846,27,Female,0,Month-to-Month,DSL,44.03,40.46,2.6,4,Yes,91.39,98.5,94.95,Yes,High
CUST-01847,59,Male,23,Two Year,Fiber Optic,73.12,1769.75,5.0,4,No,1.37,0.05,0.71,No,Low
CUST-01848,29,Male,20,Month-to-Month,DSL,66.91,1281.41,3.0,5,No,21.84,38.09,29.96,No,Low
CUST-01849,55,Female,72,Month-to-Month,DSL,56.36,3862.46,4.6,6,No,17.05,5.25,11.15,No,Low
CUST-01850,47,Male,52,One Year,Fiber Optic,63.72,3221.93,3.7,0,No,1.22,0.07,0.65,No,Low
CUST-01851,32,Female,12,Month-to-Month,Fiber Optic,67.5,810.39,2.7,1,Yes,97.89,99.95,98.92,Yes,High
CUST-01852,66,Male,11,Month-to-Month,No,18.0,200.38,2.6,4,Yes,90.42,98.46,94.44,Yes,High
CUST-01853,25,Male,8,Two Year,DSL,50.25,454.44,3.3,4,No,0.81,0.24,0.52,No,Low
CUST-01854,54,Male,3,One Year,DSL,61.97,226.65,3.3,1,No,0.47,0.0,0.23,No,Low
CUST-01855,56,Male,3,Two Year,No,20.08,83.54,2.6,3,No,1.32,0.25,0.79,No,Low
CUST-01856,32,Male,3,Month-to-Month,DSL,60.06,243.9,3.8,2,No,8.98,8.45,8.71,No,Low
CUST-01857,61,Female,2,Month-to-Month,No,18.0,51.49,3.2,2,Yes,71.46,70.27,70.87,Yes,High
CUST-01858,38,Female,6,Two Year,Fiber Optic,85.77,596.98,2.4,1,No,1.7,0.77,1.24,No,Low
CUST-01859,46,Female,8,Month-to-Month,No,18.0,163.28,2.8,3,No,13.57,3.23,8.4,No,Low
CUST-01860,45,Male,72,Month-to-Month,Fiber Optic,74.8,5401.28,3.8,3,No,63.15,76.96,70.05,Yes,High
CUST-01861,40,Female,20,Month-to-Month,No,18.56,386.93,2.0,2,No,8.24,15.62,11.93,No,Low
CUST-01862,53,Female,72,Month-to-Month,No,27.42,2076.51,2.0,4,No,10.33,11.13,10.73,No,Low
CUST-01863,53,Female,11,Month-to-Month,Fiber Optic,65.65,813.14,1.8,2,Yes,89.44,97.32,93.38,Yes,High
CUST-01864,18,Male,14,Two Year,Fiber Optic,80.61,1253.97,2.8,3,No,0.43,1.07,0.75,No,Low
CUST-01865,60,Female,9,Two Year,DSL,58.38,602.94,2.9,1,No,0.69,0.0,0.35,No,Low
CUST-01866,18,Female,4,One Year,Fiber Optic,100.44,503.61,2.0,4,No,1.47,4.57,3.02,No,Low
CUST-01867,56,Male,3,One Year,DSL,49.28,191.95,3.2,2,No,0.47,0.0,0.24,No,Low
CUST-01868,57,Female,69,Two Year,Fiber Optic,100.01,6812.43,3.2,4,No,3.41,0.2,1.8,No,Low
CUST-01869,26,Male,72,One Year,No,31.25,2317.14,4.2,4,No,1.36,0.0,0.68,No,Low
CUST-01870,36,Female,1,Month-to-Month,Fiber Optic,107.51,223.32,4.2,1,Yes,97.57,99.84,98.71,Yes,High
CUST-01871,26,Female,3,Month-to-Month,DSL,60.13,219.65,1.0,1,Yes,26.89,32.34,29.61,No,Low
CUST-01872,38,Female,13,Month-to-Month,Fiber Optic,83.15,1200.8,3.5,2,Yes,98.81,99.99,99.4,Yes,High
CUST-01873,37,Male,4,Month-to-Month,Fiber Optic,77.74,399.37,1.0,3,Yes,98.68,100.0,99.34,Yes,High
CUST-01874,52,Male,10,Month-to-Month,Fiber Optic,91.07,914.75,3.8,6,Yes,99.29,100.0,99.64,Yes,High
CUST-01875,60,Female,3,Month-to-Month,DSL,73.52,293.63,3.8,3,No,10.25,1.35,5.8,No,Low
CUST-01876,61,Male,14,Month-to-Month,Fiber Optic,84.84,1330.86,2.1,2,Yes,97.88,96.96,97.42,Yes,High
CUST-01877,34,Male,7,Month-to-Month,No,28.68,235.81,3.6,3,Yes,22.44,12.37,17.41,No,Low
CUST-01878,39,Female,10,Month-to-Month,Fiber Optic,67.62,676.45,2.1,3,Yes,96.18,99.72,97.95,Yes,High
CUST-01879,18,Male,2,Month-to-Month,DSL,51.36,160.05,3.1,1,No,13.74,10.71,12.23,No,Low
CUST-01880,30,Male,13,One Year,DSL,48.48,628.47,3.3,2,No,0.7,0.13,0.41,No,Low
CUST-01881,55,Male,72,Month-to-Month,DSL,60.01,3990.28,2.9,3,Yes,79.44,90.39,84.92,Yes,High
CUST-01882,64,Male,9,Two Year,Fiber Optic,72.09,673.45,4.0,0,No,3.17,0.26,1.72,No,Low
CUST-01883,24,Female,50,Two Year,DSL,41.91,2078.6,2.3,1,No,0.83,0.01,0.42,No,Low
CUST-01884,33,Female,44,One Year,DSL,60.84,2798.81,3.8,2,No,0.77,0.0,0.39,No,Low
CUST-01885,41,Female,72,One Year,Fiber Optic,85.88,5893.51,1.8,1,No,2.62,0.32,1.47,No,Low
CUST-01886,45,Female,37,Two Year,Fiber Optic,76.06,2770.44,1.0,2,No,2.96,1.67,2.31,No,Low
CUST-01887,30,Female,25,Month-to-Month,Fiber Optic,91.63,2194.56,1.3,2,Yes,97.82,99.76,98.79,Yes,High
CUST-01888,47,Female,46,Two Year,Fiber Optic,67.24,2982.46,2.1,4,No,2.06,0.17,1.11,No,Low
CUST-01889,35,Male,1,One Year,Fiber Optic,73.04,151.24,3.9,3,No,2.57,0.83,1.7,No,Low
CUST-01890,41,Female,14,One Year,Fiber Optic,98.14,1475.22,3.8,5,No,1.81,1.05,1.43,No,Low
CUST-01891,49,Male,72,Month-to-Month,DSL,53.31,3895.87,3.0,3,No,7.93,4.08,6.0,No,Low
CUST-01892,42,Female,35,Month-to-Month,Fiber Optic,76.02,2565.61,1.0,3,Yes,99.32,100.0,99.66,Yes,High
CUST-01893,35,Female,72,One Year,Fiber Optic,93.5,6292.65,5.0,4,No,0.58,0.01,0.3,No,Low
CUST-01894,40,Male,36,One Year,Fiber Optic,106.68,4077.87,1.5,4,No,1.15,0.39,0.77,No,Low
CUST-01895,40,Female,49,One Year,DSL,52.19,2717.92,3.6,0,No,0.12,0.0,0.06,No,Low
CUST-01896,36,Male,29,Month-to-Month,Fiber Optic,97.32,2651.11,2.8,1,Yes,95.34,98.41,96.88,Yes,High
CUST-01897,38,Female,34,Month-to-Month,DSL,65.45,2243.85,3.6,2,No,16.18,4.5,10.34,No,Low
CUST-01898,64,Male,17,Month-to-Month,DSL,45.72,794.96,4.7,3,No,7.72,4.48,6.1,No,Low
CUST-01899,49,Female,61,Month-to-Month,DSL,55.14,3455.47,3.4,2,Yes,66.26,76.5,71.38,Yes,High
CUST-01900,37,Male,41,Month-to-Month,Fiber Optic,86.46,3432.58,4.0,6,Yes,96.77,99.22,97.99,Yes,High
CUST-01901,51,Male,44,Month-to-Month,DSL,67.04,2995.94,5.0,2,No,7.75,1.35,4.55,No,Low
CUST-01902,37,Male,26,Month-to-Month,Fiber Optic,90.76,2235.82,4.3,1,Yes,95.15,95.32,95.24,Yes,High
CUST-01903,58,Male,8,Month-to-Month,No,21.42,197.3,1.4,0,No,10.64,2.5,6.57,No,Low
CUST-01904,47,Male,0,Month-to-Month,DSL,69.34,64.89,1.0,3,Yes,91.61,99.51,95.56,Yes,High
CUST-01905,40,Female,65,Two Year,DSL,45.0,2812.85,3.8,6,No,1.19,0.01,0.6,No,Low
CUST-01906,48,Male,21,One Year,No,32.97,693.96,2.7,6,No,0.81,0.01,0.41,No,Low
CUST-01907,20,Male,8,One Year,DSL,59.21,496.12,4.1,3,No,0.49,0.0,0.25,No,Low
CUST-01908,26,Male,3,Month-to-Month,Fiber Optic,76.11,310.94,1.0,3,Yes,99.27,99.99,99.63,Yes,High
CUST-01909,25,Female,42,One Year,Fiber Optic,86.29,3377.65,4.5,3,No,0.66,0.03,0.35,No,Low
CUST-01910,44,Female,43,Month-to-Month,DSL,49.2,2251.46,3.1,3,No,8.29,1.15,4.72,No,Low
CUST-01911,66,Female,40,Two Year,No,22.21,946.66,5.0,0,No,0.0,0.0,0.0,No,
CUST-01912,73,Female,24,One Year,No,20.4,522.29,3.2,1,No,0.07,0.0,0.04,No,Low
CUST-01913,50,Male,10,One Year,DSL,58.23,667.96,3.8,3,No,0.42,0.0,0.21,No,Low
CUST-01914,49,Male,8,Two Year,Fiber Optic,89.81,819.74,2.8,1,No,1.32,0.67,1.0,No,Low
CUST-01915,18,Male,0,Month-to-Month,DSL,63.82,62.82,2.7,0,Yes,87.53,93.92,90.72,Yes,High
CUST-01916,34,Female,43,Month-to-Month,DSL,60.38,2678.62,3.5,2,Yes,69.21,40.95,55.08,Yes,Medium
CUST-01917,30,Female,2,One Year,Fiber Optic,87.84,237.32,2.9,3,No,4.79,2.26,3.52,No,Low
CUST-01918,33,Male,23,Month-to-Month,DSL,48.9,1176.9,2.5,2,No,8.9,15.33,12.11,No,Low
CUST-01919,39,Male,16,Month-to-Month,DSL,49.12,756.8,3.6,2,No,16.34,9.72,13.03,No,Low
CUST-01920,35,Male,17,One Year,No,18.0,334.74,2.6,0,No,0.27,0.0,0.14,No,Low
CUST-01921,18,Male,62,Month-to-Month,No,36.2,2359.23,3.6,4,No,11.99,4.62,8.31,No,Low
CUST-01922,52,Female,0,One Year,Fiber Optic,110.6,101.44,1.5,1,No,1.53,0.4,0.97,No,Low
CUST-01923,26,Male,35,Two Year,Fiber Optic,94.14,3395.63,3.2,3,No,0.74,0.44,0.59,No,Low
CUST-01924,45,Female,1,Month-to-Month,No,32.71,65.43,3.0,1,No,15.86,9.32,12.59,No,Low
CUST-01925,71,Male,0,Month-to-Month,No,18.0,17.54,1.0,1,No,33.02,43.23,38.13,No,Medium
CUST-01926,29,Female,13,Month-to-Month,Fiber Optic,56.56,715.63,1.8,1,No,60.8,96.24,78.52,Yes,High
CUST-01927,18,Female,1,Month-to-Month,DSL,67.76,124.29,1.0,3,Yes,82.76,96.16,89.46,Yes,High
CUST-01928,37,Female,37,Month-to-Month,No,27.42,1040.8,3.3,2,No,4.73,3.52,4.13,No,Low
CUST-01929,57,Female,18,Month-to-Month,No,32.36,602.2,2.3,2,No,10.85,1.78,6.31,No,Low
CUST-01930,69,Female,0,Month-to-Month,DSL,61.05,55.37,2.8,4,No,34.88,34.79,34.83,No,Low
CUST-01931,24,Female,0,Month-to-Month,Fiber Optic,83.4,81.53,4.7,3,Yes,98.95,99.91,99.43,Yes,High
CUST-01932,48,Female,22,One Year,DSL,59.14,1397.47,3.2,2,No,0.02,0.0,0.01,No,Low
CUST-01933,35,Female,39,Two Year,Fiber Optic,68.78,2843.56,3.5,3,No,2.52,0.38,1.45,No,Low
CUST-01934,40,Female,13,One Year,No,21.3,299.56,2.7,1,No,0.44,0.0,0.22,No,Low
CUST-01935,79,Female,19,Month-to-Month,Fiber Optic,58.54,1170.09,2.4,2,Yes,97.86,100.0,98.93,Yes,High
CUST-01936,20,Female,38,Month-to-Month,DSL,31.63,1252.53,1.6,4,No,23.06,7.26,15.16,No,Low
CUST-01937,45,Female,22,One Year,DSL,53.42,1130.38,4.0,2,No,0.0,0.0,0.0,No,
CUST-01938,48,Male,6,Month-to-Month,DSL,62.27,404.74,4.9,7,No,24.13,27.33,25.73,No,Low
CUST-01939,57,Male,22,Month-to-Month,DSL,56.17,1256.85,4.5,3,No,9.59,4.68,7.13,No,Low
CUST-01940,43,Male,23,Two Year,Fiber Optic,39.41,915.25,1.9,0,No,27.21,48.56,37.89,No,Medium
CUST-01941,46,Female,31,Month-to-Month,DSL,51.92,1541.24,4.6,1,No,6.56,0.24,3.4,No,Low
CUST-01942,36,Female,23,Month-to-Month,Fiber Optic,77.06,1852.66,3.0,4,Yes,98.89,99.41,99.15,Yes,High
CUST-01943,45,Male,72,Two Year,Fiber Optic,97.41,7190.31,4.8,1,No,2.26,0.0,1.13,No,Low
CUST-01944,37,Female,5,Two Year,No,29.45,166.21,3.6,4,No,0.59,0.0,0.29,No,Low
CUST-01945,50,Female,72,Month-to-Month,DSL,63.65,4399.91,3.5,3,No,5.41,2.69,4.05,No,Low
CUST-01946,36,Male,18,Month-to-Month,DSL,65.29,1164.34,3.6,3,No,11.25,11.57,11.41,No,Low
CUST-01947,47,Female,26,One Year,DSL,47.8,1215.47,1.3,5,No,0.43,0.01,0.22,No,Low
CUST-01948,41,Female,2,One Year,DSL,46.96,134.5,1.8,4,No,1.91,0.13,1.02,No,Low
CUST-01949,57,Male,11,Month-to-Month,DSL,66.66,772.85,2.5,2,No,15.64,19.86,17.75,No,Low
CUST-01950,41,Female,35,One Year,DSL,48.29,1690.85,2.8,4,No,1.44,0.02,0.73,No,Low
CUST-01951,18,Female,29,Two Year,No,21.81,636.46,3.3,3,No,1.45,0.07,0.76,No,Low
CUST-01952,59,Male,0,Month-to-Month,DSL,59.54,59.1,2.7,4,Yes,91.87,98.77,95.32,Yes,High
CUST-01953,29,Male,18,Two Year,DSL,46.42,839.31,2.6,1,No,0.34,0.0,0.17,No,Low
CUST-01954,32,Female,2,Two Year,No,20.22,59.17,4.6,4,No,0.48,0.0,0.24,No,Low
CUST-01955,33,Male,72,Month-to-Month,Fiber Optic,86.92,6192.33,4.7,5,Yes,78.98,96.55,87.77,Yes,High
CUST-01956,61,Male,54,One Year,DSL,36.84,1852.97,3.9,0,No,0.8,0.01,0.4,No,Low
CUST-01957,18,Male,0,Month-to-Month,No,21.53,21.41,2.4,4,No,40.71,41.89,41.3,No,Medium
CUST-01958,80,Female,46,One Year,Fiber Optic,65.04,2878.74,3.7,3,No,2.18,0.41,1.29,No,Low
CUST-01959,56,Female,60,One Year,Fiber Optic,79.23,4383.77,4.6,0,No,1.7,0.02,0.86,No,Low
CUST-01960,45,Female,10,Month-to-Month,DSL,53.88,590.94,2.9,2,Yes,84.45,94.8,89.63,Yes,High
CUST-01961,41,Male,30,One Year,Fiber Optic,95.38,2682.58,4.7,2,No,19.73,18.33,19.03,No,Low
CUST-01962,45,Female,14,Two Year,No,18.0,260.9,5.0,1,No,0.22,0.0,0.11,No,Low
CUST-01963,49,Male,25,Month-to-Month,Fiber Optic,65.67,1695.76,4.3,2,Yes,95.46,99.82,97.64,Yes,High
CUST-01964,51,Male,9,Month-to-Month,Fiber Optic,87.58,919.4,3.9,1,Yes,96.19,84.6,90.39,Yes,High
CUST-01965,49,Male,9,Month-to-Month,No,24.42,238.65,3.6,2,No,12.64,1.59,7.12,No,Low
CUST-01966,43,Male,13,One Year,Fiber Optic,101.18,1342.48,3.9,2,No,19.9,8.69,14.3,No,Low
CUST-01967,39,Female,3,Two Year,DSL,62.89,244.97,3.7,2,No,0.15,0.0,0.07,No,Low
CUST-01968,39,Female,42,Two Year,No,19.36,773.67,1.9,0,No,0.04,0.0,0.02,No,Low
CUST-01969,39,Male,10,Month-to-Month,No,18.0,191.21,4.7,5,No,14.62,11.74,13.18,No,Low
CUST-01970,57,Female,12,Month-to-Month,DSL,53.19,712.88,3.3,3,Yes,84.06,93.96,89.01,Yes,High
CUST-01971,50,Female,53,Month-to-Month,Fiber Optic,90.97,4521.45,5.0,3,No,73.43,90.76,82.09,Yes,High
CUST-01972,18,Female,16,Month-to-Month,Fiber Optic,82.81,1378.94,5.0,3,Yes,97.8,96.19,97.0,Yes,High
CUST-01973,51,Male,18,Month-to-Month,Fiber Optic,60.96,1150.27,2.9,2,Yes,94.55,99.96,97.26,Yes,High
CUST-01974,44,Female,72,Month-to-Month,Fiber Optic,61.52,4252.72,3.4,4,Yes,75.77,97.63,86.7,Yes,High
CUST-01975,41,Male,52,Month-to-Month,DSL,47.42,2539.37,2.7,0,No,4.22,2.38,3.3,No,Low
CUST-01976,36,Female,4,Two Year,Fiber Optic,105.99,529.71,2.2,4,No,2.6,2.91,2.75,No,Low
CUST-01977,57,Male,15,One Year,DSL,65.97,1023.43,3.1,4,No,0.41,0.0,0.2,No,Low
CUST-01978,55,Female,72,One Year,Fiber Optic,80.51,5853.78,3.2,1,No,1.51,0.09,0.8,No,Low
CUST-01979,31,Male,11,Month-to-Month,DSL,70.16,863.84,1.8,2,Yes,87.9,98.03,92.96,Yes,High
CUST-01980,47,Male,11,Two Year,Fiber Optic,72.94,866.58,2.0,1,No,43.95,61.29,52.62,No,Medium
CUST-01981,28,Female,5,One Year,Fiber Optic,118.48,700.44,1.0,2,No,1.61,0.63,1.12,No,Low
CUST-01982,22,Female,2,Two Year,DSL,65.28,194.51,1.9,1,No,0.18,0.0,0.09,No,Low
CUST-01983,33,Female,32,Month-to-Month,DSL,52.5,1734.82,4.1,3,Yes,81.95,85.46,83.71,Yes,High
CUST-01984,54,Female,35,Month-to-Month,No,18.0,622.39,4.8,3,No,5.94,2.33,4.13,No,Low
CUST-01985,55,Male,72,Month-to-Month,No,18.0,1347.54,1.0,0,No,5.07,7.33,6.2,No,Low
CUST-01986,49,Female,35,Month-to-Month,DSL,55.18,2063.13,1.7,4,Yes,81.21,86.84,84.02,Yes,High
CUST-01987,52,Male,6,One Year,DSL,60.97,423.92,4.5,2,No,0.42,0.0,0.21,No,Low
CUST-01988,49,Male,0,Two Year,Fiber Optic,95.9,99.07,2.3,2,No,3.18,0.33,1.75,No,Low
CUST-01989,33,Female,72,Month-to-Month,Fiber Optic,99.83,7372.84,2.7,2,No,46.37,70.36,58.36,No,Medium
CUST-01990,48,Female,9,Month-to-Month,No,19.26,185.56,2.4,3,No,14.52,3.87,9.2,No,Low
CUST-01991,53,Female,8,One Year,Fiber Optic,82.58,724.2,4.2,6,No,25.75,23.05,24.4,No,Low
CUST-01992,52,Female,56,Month-to-Month,Fiber Optic,73.09,4105.8,5.0,3,Yes,86.74,62.69,74.71,Yes,High
CUST-01993,58,Female,21,One Year,Fiber Optic,96.49,2209.52,3.3,2,No,1.96,0.31,1.14,No,Low
CUST-01994,51,Male,5,One Year,Fiber Optic,66.9,400.28,2.7,4,No,1.91,2.98,2.44,No,Low
CUST-01995,46,Male,52,Month-to-Month,DSL,68.94,3567.16,3.0,3,Yes,83.02,91.41,87.21,Yes,High
CUST-01996,56,Female,72,Two Year,Fiber Optic,69.77,4678.16,4.2,1,No,0.67,0.04,0.35,No,Low
CUST-01997,41,Male,2,Month-to-Month,DSL,56.39,169.18,3.8,2,No,10.71,9.88,10.29,No,Low
CUST-01998,29,Male,47,Two Year,Fiber Optic,54.14,2555.08,2.9,3,Yes,59.56,38.68,49.12,Yes,Medium
CUST-01999,39,Male,11,One Year,DSL,47.94,598.87,3.2,1,No,0.21,0.0,0.1,No,Low
CUST-02000,31,Female,17,Two Year,DSL,57.4,982.89,2.4,2,No,0.39,0.0,0.19,No,Low
CUST-02001,32,Male,59,Month-to-Month,Fiber Optic,94.82,5799.1,2.5,7,Yes,98.51,100.0,99.25,Yes,High
CUST-02002,39,Female,72,Month-to-Month,DSL,64.16,4413.8,1.7,2,No,8.35,6.21,7.28,No,Low
CUST-02003,30,Female,7,Month-to-Month,Fiber Optic,72.1,533.98,4.5,3,Yes,99.4,99.99,99.69,Yes,High
CUST-02004,37,Male,5,Month-to-Month,DSL,66.29,358.69,1.0,3,Yes,87.92,99.48,93.7,Yes,High
CUST-02005,18,Female,2,Two Year,DSL,64.02,198.65,3.5,2,No,1.77,0.07,0.92,No,Low
CUST-02006,44,Female,19,Month-to-Month,No,19.68,380.49,3.2,5,Yes,87.75,97.71,92.73,Yes,High
CUST-02007,42,Female,0,Two Year,Fiber Optic,68.33,64.38,3.1,0,No,39.13,32.74,35.94,No,Medium
CUST-02008,30,Female,12,Month-to-Month,Fiber Optic,87.36,1090.79,2.5,4,Yes,99.04,99.71,99.38,Yes,High
CUST-02009,51,Male,1,Month-to-Month,Fiber Optic,87.04,175.26,2.9,6,Yes,99.82,100.0,99.91,Yes,High
CUST-02010,55,Female,12,Two Year,Fiber Optic,99.64,1242.2,5.0,3,No,2.48,0.03,1.25,No,Low
CUST-02011,19,Male,0,Month-to-Month,Fiber Optic,103.16,96.34,3.3,4,Yes,96.9,99.77,98.33,Yes,High
CUST-02012,31,Female,43,One Year,Fiber Optic,55.9,2246.03,3.4,1,No,4.59,0.2,2.39,No,Low
CUST-02013,31,Female,5,Month-to-Month,Fiber Optic,73.62,438.74,3.4,0,Yes,95.84,97.95,96.89,Yes,High
CUST-02014,28,Female,9,Two Year,No,34.21,357.8,2.4,1,No,0.04,0.0,0.02,No,Low
CUST-02015,53,Male,48,One Year,Fiber Optic,101.38,4943.87,2.6,2,No,1.71,0.07,0.89,No,Low
CUST-02016,39,Male,32,One Year,No,19.3,663.67,3.8,2,No,1.02,0.04,0.53,No,Low
CUST-02017,38,Male,5,Month-to-Month,No,18.0,111.42,2.3,2,No,20.15,20.77,20.46,No,Low
CUST-02018,18,Male,1,Month-to-Month,No,20.76,38.34,3.1,4,No,20.41,31.16,25.79,No,Low
CUST-02019,50,Male,30,Two Year,No,31.05,993.21,4.5,0,No,0.75,0.01,0.38,No,Low
CUST-02020,24,Female,11,Two Year,DSL,44.48,480.47,2.5,4,No,0.3,0.0,0.15,No,Low
CUST-02021,42,Male,34,Month-to-Month,DSL,51.43,1757.65,3.1,2,No,5.92,7.16,6.54,No,Low
CUST-02022,45,Female,14,Month-to-Month,Fiber Optic,76.56,1123.6,2.9,5,Yes,99.61,100.0,99.8,Yes,High
CUST-02023,61,Male,10,Month-to-Month,DSL,63.05,699.81,3.8,2,No,8.15,7.12,7.64,No,Low
CUST-02024,23,Female,14,Month-to-Month,No,18.0,273.62,3.4,5,No,14.89,17.8,16.35,No,Low
CUST-02025,18,Female,33,One Year,Fiber Optic,84.82,2695.71,2.4,4,No,1.01,1.24,1.13,No,Low
CUST-02026,44,Female,55,Month-to-Month,Fiber Optic,84.82,4903.36,2.6,3,No,80.8,91.54,86.17,Yes,High
CUST-02027,67,Female,1,Month-to-Month,DSL,59.92,111.08,2.5,3,Yes,31.51,28.46,29.99,No,Low
CUST-02028,59,Male,17,One Year,DSL,42.97,807.66,2.4,3,No,1.35,0.04,0.7,No,Low
CUST-02029,44,Female,0,Month-to-Month,No,24.42,25.59,1.3,4,No,21.89,14.59,18.24,No,Low
CUST-02030,35,Male,15,One Year,Fiber Optic,70.85,1138.72,3.4,3,No,16.3,14.81,15.56,No,Low
CUST-02031,53,Male,51,Two Year,DSL,64.2,3329.39,2.5,3,No,0.41,0.0,0.21,No,Low
CUST-02032,28,Female,10,Month-to-Month,Fiber Optic,73.57,847.21,3.7,0,Yes,97.06,99.97,98.51,Yes,High
CUST-02033,48,Male,64,One Year,No,19.37,1178.85,3.3,2,No,0.58,0.04,0.31,No,Low
CUST-02034,49,Female,23,Month-to-Month,Fiber Optic,92.16,2203.88,2.8,1,Yes,97.88,98.39,98.13,Yes,High
CUST-02035,56,Male,65,Month-to-Month,No,22.85,1449.17,2.7,0,No,5.18,0.35,2.77,No,Low
CUST-02036,80,Male,33,Month-to-Month,Fiber Optic,71.2,2239.57,1.7,0,Yes,95.57,99.38,97.48,Yes,High
CUST-02037,47,Male,2,Month-to-Month,Fiber Optic,72.47,199.84,3.3,3,Yes,97.22,99.52,98.37,Yes,High
CUST-02038,34,Male,6,Month-to-Month,Fiber Optic,98.01,689.54,3.1,3,Yes,98.44,96.92,97.68,Yes,High
CUST-02039,41,Male,12,Month-to-Month,Fiber Optic,57.27,695.63,2.5,2,Yes,97.88,100.0,98.94,Yes,High
CUST-02040,18,Male,4,Two Year,DSL,47.2,233.62,1.0,3,No,0.86,1.14,1.0,No,Low
CUST-02041,32,Male,16,One Year,Fiber Optic,100.85,1604.11,3.0,2,No,1.96,0.95,1.46,No,Low
CUST-02042,36,Female,15,Two Year,Fiber Optic,57.63,892.64,3.1,2,No,2.34,0.45,1.4,No,Low
CUST-02043,34,Male,72,One Year,Fiber Optic,87.06,6427.51,4.4,1,No,1.2,0.01,0.6,No,Low
CUST-02044,44,Female,13,Month-to-Month,No,26.12,358.08,3.2,1,No,7.48,0.95,4.21,No,Low
CUST-02045,30,Male,36,Month-to-Month,Fiber Optic,107.4,4095.88,4.5,3,Yes,95.43,97.15,96.29,Yes,High
CUST-02046,57,Female,68,Month-to-Month,Fiber Optic,110.6,7470.72,2.5,3,Yes,85.51,99.87,92.69,Yes,High
CUST-02047,42,Male,50,Month-to-Month,DSL,59.53,2820.88,2.9,3,Yes,84.53,93.65,89.09,Yes,High
CUST-02048,41,Male,5,One Year,No,20.02,124.27,2.1,0,No,0.61,0.0,0.31,No,Low
CUST-02049,37,Female,16,Month-to-Month,No,29.34,480.17,2.9,2,No,8.34,1.48,4.91,No,Low
CUST-02050,44,Male,10,Month-to-Month,No,42.12,477.27,4.1,0,Yes,75.42,76.92,76.17,Yes,High
CUST-02051,53,Female,12,Month-to-Month,Fiber Optic,87.2,1059.76,4.1,3,Yes,98.25,99.93,99.09,Yes,High
CUST-02052,29,Male,10,Month-to-Month,No,30.28,331.56,3.4,1,No,7.55,0.98,4.27,No,Low
CUST-02053,32,Female,42,Month-to-Month,DSL,48.87,1943.37,1.7,1,Yes,89.65,94.56,92.1,Yes,High
CUST-02054,37,Male,14,Month-to-Month,No,27.0,369.36,1.7,2,No,18.26,27.11,22.68,No,Low
CUST-02055,23,Male,17,One Year,Fiber Optic,73.71,1392.9,2.9,1,No,26.3,42.86,34.58,No,Low
CUST-02056,30,Female,72,Month-to-Month,No,41.48,2730.02,2.5,0,No,4.18,0.25,2.21,No,Low
CUST-02057,35,Male,1,One Year,Fiber Optic,80.38,158.94,3.9,2,No,2.7,0.11,1.41,No,Low
CUST-02058,54,Female,16,Month-to-Month,DSL,54.66,838.17,3.7,5,Yes,84.29,97.04,90.66,Yes,High
CUST-02059,45,Male,35,Month-to-Month,Fiber Optic,75.23,2661.59,3.6,1,Yes,95.39,96.25,95.82,Yes,High
CUST-02060,44,Female,3,Two Year,Fiber Optic,59.75,218.68,2.6,3,No,3.63,1.76,2.69,No,Low
CUST-02061,53,Male,22,One Year,DSL,71.34,1670.57,3.4,4,No,0.18,0.0,0.09,No,Low
CUST-02062,40,Female,6,Month-to-Month,Fiber Optic,119.46,789.31,3.6,4,Yes,97.84,99.42,98.63,Yes,High
CUST-02063,47,Female,48,Two Year,No,18.0,839.36,2.8,2,No,0.09,0.0,0.04,No,Low
CUST-02064,40,Male,9,Month-to-Month,DSL,41.45,388.74,2.9,2,No,11.43,3.35,7.39,No,Low
CUST-02065,45,Male,9,Month-to-Month,DSL,54.28,497.8,3.5,1,No,4.78,1.11,2.94,No,Low
CUST-02066,33,Male,21,One Year,Fiber Optic,66.29,1421.99,2.0,3,No,2.05,2.33,2.19,No,Low
CUST-02067,18,Female,4,One Year,No,27.52,133.08,2.6,0,No,0.66,0.0,0.33,No,Low
CUST-02068,40,Male,8,Month-to-Month,DSL,48.09,424.55,2.5,3,No,10.01,4.29,7.15,No,Low
CUST-02069,61,Male,12,Month-to-Month,Fiber Optic,92.83,1199.41,4.3,2,Yes,98.71,99.88,99.3,Yes,High
CUST-02070,54,Male,10,Two Year,DSL,46.76,469.76,2.6,2,No,0.97,0.22,0.59,No,Low
CUST-02071,55,Male,17,Month-to-Month,Fiber Optic,107.32,1858.4,3.2,4,Yes,99.47,100.0,99.73,Yes,High
CUST-02072,59,Female,21,Month-to-Month,Fiber Optic,70.35,1530.49,3.9,4,Yes,97.73,98.91,98.32,Yes,High
CUST-02073,43,Female,20,Month-to-Month,DSL,58.71,1169.38,2.4,2,No,7.25,1.96,4.6,No,Low
CUST-02074,44,Female,25,Two Year,DSL,55.09,1330.23,4.2,0,No,0.08,0.0,0.04,No,Low
CUST-02075,33,Female,8,Month-to-Month,Fiber Optic,88.69,790.98,4.3,4,Yes,99.57,99.99,99.78,Yes,High
CUST-02076,37,Female,3,One Year,Fiber Optic,91.98,370.78,1.0,2,No,19.57,45.43,32.5,No,Low
CUST-02077,50,Male,34,One Year,No,19.68,697.47,3.6,3,No,0.26,0.0,0.13,No,Low
CUST-02078,58,Male,45,Month-to-Month,Fiber Optic,87.84,3833.93,4.3,2,Yes,92.39,94.43,93.41,Yes,High
CUST-02079,40,Female,7,One Year,Fiber Optic,85.94,628.97,2.8,3,No,25.96,22.87,24.41,No,Low
CUST-02080,35,Female,12,Two Year,No,26.5,357.36,3.8,6,No,0.24,0.0,0.12,No,Low
CUST-02081,42,Female,16,Month-to-Month,Fiber Optic,90.29,1539.8,1.7,2,Yes,97.95,99.71,98.83,Yes,High
CUST-02082,50,Male,18,Month-to-Month,DSL,43.31,857.67,1.5,0,Yes,85.24,96.18,90.71,Yes,High
CUST-02083,21,Male,25,Two Year,Fiber Optic,66.11,1584.51,2.7,4,No,1.31,0.24,0.77,No,Low
CUST-02084,18,Male,1,One Year,DSL,52.99,105.83,2.1,3,No,0.86,0.0,0.43,No,Low
CUST-02085,34,Female,30,Month-to-Month,Fiber Optic,88.78,2558.02,3.6,5,Yes,96.82,95.27,96.04,Yes,High
CUST-02086,24,Female,1,One Year,No,19.27,39.69,3.6,2,No,0.7,0.01,0.36,No,Low
CUST-02087,34,Female,15,One Year,Fiber Optic,99.59,1558.27,5.0,3,No,29.67,21.45,25.56,No,Low
CUST-02088,39,Male,42,One Year,DSL,63.14,2660.45,4.1,4,No,1.0,0.06,0.53,No,Low
CUST-02089,35,Female,14,Two Year,No,22.25,346.97,2.5,3,No,0.72,0.03,0.37,No,Low
CUST-02090,62,Male,3,Month-to-Month,No,18.3,69.22,3.2,0,No,18.48,8.15,13.31,No,Low
CUST-02091,46,Male,72,Month-to-Month,Fiber Optic,72.85,5280.03,3.4,2,Yes,92.33,99.65,95.99,Yes,High
CUST-02092,46,Female,52,One Year,No,18.0,879.25,3.8,4,No,0.3,0.0,0.15,No,Low
CUST-02093,50,Male,35,Month-to-Month,Fiber Optic,86.63,2976.71,1.0,4,Yes,97.42,99.91,98.67,Yes,High
CUST-02094,26,Male,12,One Year,DSL,44.41,536.46,2.7,2,No,0.34,0.0,0.17,No,Low
CUST-02095,56,Female,4,Month-to-Month,Fiber Optic,86.97,404.5,4.3,1,Yes,94.72,96.76,95.74,Yes,High
CUST-02096,40,Female,68,Month-to-Month,Fiber Optic,87.84,6055.9,3.6,3,No,51.4,68.03,59.71,Yes,Medium
CUST-02097,51,Male,18,Month-to-Month,Fiber Optic,81.63,1462.52,3.2,3,Yes,99.61,100.0,99.8,Yes,High
CUST-02098,26,Female,45,One Year,DSL,51.44,2218.72,2.6,1,No,1.33,0.04,0.69,No,Low
CUST-02099,20,Male,10,One Year,DSL,50.5,567.28,3.1,3,No,0.91,0.03,0.47,No,Low
CUST-02100,53,Female,9,Month-to-Month,Fiber Optic,75.27,730.93,3.2,3,Yes,99.55,100.0,99.77,Yes,High
CUST-02101,47,Female,72,Month-to-Month,DSL,62.58,4371.9,2.2,1,No,50.81,78.91,64.86,Yes,High
CUST-02102,29,Female,17,Month-to-Month,No,21.57,396.91,3.5,2,No,75.2,89.69,82.45,Yes,High
CUST-02103,29,Female,3,One Year,DSL,59.22,230.56,3.3,7,No,0.32,0.01,0.16,No,Low
CUST-02104,57,Male,5,Month-to-Month,DSL,52.93,324.64,2.7,2,No,13.88,18.13,16.01,No,Low
CUST-02105,25,Male,15,One Year,No,28.96,439.16,2.7,1,No,0.17,0.02,0.09,No,Low
CUST-02106,64,Male,1,Month-to-Month,DSL,63.63,132.9,1.8,5,Yes,41.61,63.74,52.68,No,Medium
CUST-02107,29,Male,14,Month-to-Month,Fiber Optic,103.0,1604.56,4.4,6,Yes,98.65,100.0,99.32,Yes,High
CUST-02108,50,Female,13,One Year,DSL,45.12,646.55,3.7,2,No,0.09,0.0,0.05,No,Low
CUST-02109,37,Male,36,Month-to-Month,Fiber Optic,70.19,2420.21,3.5,2,Yes,94.65,97.5,96.08,Yes,High
CUST-02110,50,Male,10,Month-to-Month,DSL,48.36,536.81,3.8,4,No,7.18,2.28,4.73,No,Low
CUST-02111,34,Male,72,Month-to-Month,No,23.61,1762.55,1.0,4,No,56.88,98.11,77.49,Yes,High
CUST-02112,39,Female,4,Month-to-Month,Fiber Optic,58.07,277.14,5.0,3,Yes,90.07,99.85,94.96,Yes,High
CUST-02113,42,Male,21,Month-to-Month,Fiber Optic,81.74,1656.31,1.0,2,Yes,99.51,100.0,99.76,Yes,High
CUST-02114,27,Female,2,Month-to-Month,Fiber Optic,102.73,289.84,4.2,4,Yes,97.77,95.76,96.76,Yes,High
CUST-02115,52,Male,31,One Year,Fiber Optic,100.91,3189.86,3.3,1,No,2.38,0.29,1.33,No,Low
CUST-02116,34,Male,72,One Year,No,29.72,2034.54,2.0,0,No,0.02,0.0,0.01,No,Low
CUST-02117,38,Male,41,One Year,DSL,47.79,2005.67,3.3,3,No,0.12,0.0,0.06,No,Low
CUST-02118,28,Female,19,Month-to-Month,Fiber Optic,105.88,2030.31,3.7,6,Yes,98.45,97.89,98.17,Yes,High
CUST-02119,18,Female,15,One Year,No,34.59,516.82,2.6,4,No,1.03,0.0,0.51,No,Low
CUST-02120,39,Female,43,One Year,Fiber Optic,62.98,2748.86,4.5,3,No,2.8,0.17,1.49,No,Low
CUST-02121,75,Male,65,Month-to-Month,No,25.36,1524.9,1.5,1,Yes,82.15,94.15,88.15,Yes,High
CUST-02122,52,Male,72,One Year,Fiber Optic,97.14,7046.72,2.0,2,No,1.8,0.05,0.92,No,Low
CUST-02123,41,Female,12,Two Year,DSL,65.72,893.8,1.8,2,No,2.93,0.24,1.59,No,Low
CUST-02124,38,Male,72,Month-to-Month,Fiber Optic,79.08,5811.6,1.6,0,Yes,88.85,99.98,94.41,Yes,High
CUST-02125,42,Female,4,Two Year,Fiber Optic,77.57,368.15,3.4,3,No,53.88,53.9,53.89,Yes,Medium
CUST-02126,49,Female,7,Month-to-Month,No,29.86,247.29,5.0,3,No,17.85,3.01,10.43,No,Low
CUST-02127,25,Male,2,Month-to-Month,DSL,44.06,129.43,4.1,2,No,5.95,1.09,3.52,No,Low
CUST-02128,57,Female,7,Month-to-Month,No,18.0,141.01,2.9,3,Yes,88.44,95.95,92.2,Yes,High
CUST-02129,52,Male,35,One Year,DSL,57.33,1974.61,4.7,2,No,0.04,0.0,0.02,No,Low
CUST-02130,52,Male,46,Month-to-Month,No,33.29,1420.42,4.3,3,No,5.49,3.63,4.56,No,Low
CUST-02131,48,Male,36,Two Year,No,30.88,1074.57,2.5,1,No,0.01,0.0,0.0,No,
CUST-02132,42,Female,23,Two Year,DSL,59.77,1467.11,2.9,2,No,0.02,0.0,0.01,No,Low
CUST-02133,51,Male,17,One Year,DSL,57.16,966.08,3.5,2,No,0.13,0.0,0.06,No,Low
CUST-02134,50,Female,29,Month-to-Month,No,19.07,550.28,2.3,1,No,6.21,7.89,7.05,No,Low
CUST-02135,37,Female,11,Two Year,Fiber Optic,90.04,1075.18,2.1,0,No,19.3,8.82,14.06,No,Low
CUST-02136,33,Female,44,Two Year,No,18.65,790.88,4.0,1,No,1.33,0.0,0.67,No,Low
CUST-02137,43,Female,27,Month-to-Month,DSL,56.43,1614.45,4.3,0,No,11.52,1.54,6.53,No,Low
CUST-02138,63,Male,28,One Year,DSL,56.28,1688.93,2.1,1,No,1.35,0.12,0.73,No,Low
CUST-02139,24,Male,18,One Year,Fiber Optic,88.2,1523.73,3.6,2,No,17.75,44.93,31.34,No,Low
CUST-02140,21,Male,51,One Year,DSL,58.95,3023.06,3.6,2,No,0.26,0.0,0.13,No,Low
CUST-02141,44,Female,6,Month-to-Month,Fiber Optic,80.09,533.95,2.0,3,Yes,99.63,100.0,99.81,Yes,High
CUST-02142,42,Female,11,Month-to-Month,No,27.8,327.98,3.6,1,No,78.27,87.29,82.78,Yes,High
CUST-02143,44,Female,36,Month-to-Month,DSL,51.64,1876.33,3.8,2,No,13.18,4.46,8.82,No,Low
CUST-02144,45,Female,16,Month-to-Month,Fiber Optic,85.36,1308.18,3.8,1,No,76.86,84.38,80.62,Yes,High
CUST-02145,38,Female,52,One Year,No,28.81,1522.76,2.9,4,No,0.01,0.0,0.0,No,
CUST-02146,62,Male,10,Two Year,DSL,49.71,509.84,3.5,1,No,0.59,0.0,0.29,No,Low
CUST-02147,19,Female,11,Two Year,No,20.21,238.61,3.4,0,No,0.26,0.0,0.13,No,Low
CUST-02148,30,Female,52,One Year,Fiber Optic,91.48,5014.78,3.3,0,No,3.71,0.08,1.89,No,Low
CUST-02149,40,Male,14,One Year,DSL,62.38,869.12,4.2,2,No,0.73,0.05,0.39,No,Low
CUST-02150,18,Female,17,Month-to-Month,DSL,65.23,1104.31,2.1,1,Yes,77.35,74.02,75.69,Yes,High
CUST-02151,39,Male,9,One Year,DSL,66.62,605.94,2.2,3,No,1.83,0.0,0.92,No,Low
CUST-02152,65,Female,7,Month-to-Month,Fiber Optic,75.84,590.8,2.0,3,Yes,98.78,98.64,98.71,Yes,High
CUST-02153,42,Female,25,Month-to-Month,Fiber Optic,104.92,2811.16,4.3,4,Yes,96.98,98.06,97.52,Yes,High
CUST-02154,45,Female,3,One Year,No,30.32,119.06,3.2,1,No,0.39,0.0,0.19,No,Low
CUST-02155,24,Male,50,Month-to-Month,Fiber Optic,75.61,3674.38,2.5,3,Yes,97.83,99.96,98.9,Yes,High
CUST-02156,33,Female,36,Month-to-Month,No,36.4,1395.11,4.6,3,No,11.52,3.11,7.31,No,Low
CUST-02157,36,Female,5,Two Year,Fiber Optic,56.85,334.22,2.9,3,No,2.86,1.48,2.17,No,Low
CUST-02158,37,Male,28,Month-to-Month,No,30.94,938.58,1.0,3,No,16.77,45.63,31.2,No,Low
CUST-02159,59,Female,22,Month-to-Month,DSL,45.9,1068.93,2.5,2,No,19.72,14.27,17.0,No,Low
CUST-02160,49,Female,4,Month-to-Month,DSL,46.98,243.52,3.3,1,No,8.53,6.74,7.63,No,Low
CUST-02161,26,Female,7,Month-to-Month,Fiber Optic,85.96,685.79,3.6,1,Yes,98.04,97.89,97.96,Yes,High
CUST-02162,45,Male,12,Month-to-Month,No,30.98,422.23,2.4,5,No,23.53,42.92,33.23,No,Low
CUST-02163,48,Male,28,One Year,DSL,52.7,1495.92,2.7,3,No,1.0,0.18,0.59,No,Low
CUST-02164,57,Female,24,Month-to-Month,DSL,47.62,1185.85,2.6,2,Yes,85.2,93.34,89.27,Yes,High
CUST-02165,64,Male,18,Two Year,Fiber Optic,77.7,1358.39,3.9,3,No,21.42,45.37,33.39,No,Low
CUST-02166,27,Male,35,Month-to-Month,DSL,39.34,1473.61,4.6,3,Yes,79.98,79.27,79.63,Yes,High
CUST-02167,30,Female,34,Month-to-Month,No,25.12,835.46,2.4,3,No,13.72,16.94,15.33,No,Low
CUST-02168,24,Female,23,One Year,Fiber Optic,68.57,1645.28,4.7,2,No,0.8,0.02,0.41,No,Low
CUST-02169,38,Female,37,One Year,DSL,48.27,1750.03,3.4,3,No,0.1,0.0,0.05,No,Low
CUST-02170,48,Male,9,One Year,Fiber Optic,80.92,835.73,3.0,3,No,1.85,0.19,1.02,No,Low
CUST-02171,55,Male,51,Two Year,No,18.0,857.89,2.8,4,No,0.05,0.0,0.02,No,Low
CUST-02172,40,Male,22,Month-to-Month,No,18.0,428.58,2.1,3,Yes,78.7,84.67,81.69,Yes,High
CUST-02173,37,Male,41,Month-to-Month,Fiber Optic,75.41,3147.76,2.2,4,Yes,98.59,99.61,99.1,Yes,High
CUST-02174,44,Female,18,Two Year,Fiber Optic,58.68,1163.39,2.1,3,No,1.72,0.28,1.0,No,Low
CUST-02175,30,Female,5,Month-to-Month,DSL,42.04,246.07,1.9,4,No,34.88,47.53,41.21,No,Medium
CUST-02176,71,Male,18,Month-to-Month,Fiber Optic,93.46,1729.54,3.6,3,Yes,97.32,99.07,98.19,Yes,High
CUST-02177,19,Male,11,Month-to-Month,DSL,50.37,576.52,5.0,1,No,69.54,75.28,72.41,Yes,High
CUST-02178,44,Male,28,One Year,Fiber Optic,65.13,1793.1,2.3,0,No,1.99,0.53,1.26,No,Low
CUST-02179,70,Male,15,Month-to-Month,DSL,49.39,725.84,2.8,5,No,12.78,6.78,9.78,No,Low
CUST-02180,42,Male,43,Month-to-Month,Fiber Optic,95.56,3990.6,4.2,2,Yes,93.53,95.85,94.69,Yes,High
CUST-02181,39,Female,27,Month-to-Month,Fiber Optic,63.81,1771.26,2.0,2,Yes,96.16,99.36,97.76,Yes,High
CUST-02182,36,Female,27,One Year,Fiber Optic,98.76,2523.77,1.6,4,No,2.85,3.97,3.41,No,Low
CUST-02183,39,Female,5,Month-to-Month,DSL,66.61,370.84,1.0,3,Yes,90.22,99.4,94.81,Yes,High
CUST-02184,61,Male,72,Month-to-Month,DSL,40.94,3075.27,3.2,3,No,39.8,41.75,40.77,No,Medium
CUST-02185,18,Female,44,One Year,Fiber Optic,96.96,3986.62,2.4,0,No,12.6,3.95,8.27,No,Low
CUST-02186,63,Female,37,Two Year,DSL,52.3,1860.59,1.7,3,No,1.43,0.27,0.85,No,Low
CUST-02187,22,Female,9,One Year,No,27.09,243.96,2.4,6,No,1.07,0.01,0.54,No,Low
CUST-02188,38,Male,18,One Year,Fiber Optic,95.22,1823.33,4.1,0,No,21.92,15.73,18.83,No,Low
CUST-02189,35,Female,3,Month-to-Month,No,26.36,108.35,2.7,4,No,14.48,5.59,10.04,No,Low
CUST-02190,50,Female,18,Month-to-Month,DSL,63.78,1250.51,4.1,2,No,9.67,3.1,6.39,No,Low
CUST-02191,19,Female,3,Month-to-Month,Fiber Optic,82.55,341.77,3.6,2,Yes,98.69,99.92,99.3,Yes,High
CUST-02192,48,Male,19,Two Year,Fiber Optic,77.48,1488.46,3.3,1,No,2.45,0.4,1.43,No,Low
CUST-02193,70,Male,25,Month-to-Month,DSL,40.24,1029.42,3.1,1,No,16.94,7.92,12.43,No,Low
CUST-02194,22,Male,11,Two Year,DSL,49.1,590.18,3.9,2,No,0.09,0.0,0.05,No,Low
CUST-02195,44,Male,16,Two Year,Fiber Optic,81.63,1439.33,3.4,6,No,1.74,0.44,1.09,No,Low
CUST-02196,32,Female,50,Month-to-Month,No,18.0,935.87,3.3,2,No,59.88,81.77,70.83,Yes,High
CUST-02197,47,Male,2,Month-to-Month,DSL,59.06,172.46,1.0,4,No,18.48,22.47,20.48,No,Low
CUST-02198,42,Male,37,Month-to-Month,Fiber Optic,50.9,1888.66,2.8,1,Yes,90.48,98.69,94.58,Yes,High
CUST-02199,33,Male,4,Month-to-Month,Fiber Optic,75.28,357.75,1.4,3,Yes,98.66,99.9,99.28,Yes,High
CUST-02200,48,Male,0,Month-to-Month,Fiber Optic,71.21,64.21,1.9,2,Yes,97.84,98.3,98.07,Yes,High
CUST-02201,67,Male,4,Two Year,DSL,48.11,221.7,4.2,3,No,1.05,0.01,0.53,No,Low
CUST-02202,39,Female,34,Month-to-Month,DSL,55.24,1836.24,2.9,4,Yes,88.19,96.06,92.13,Yes,High
CUST-02203,52,Female,12,Month-to-Month,DSL,45.87,590.87,4.9,4,No,10.42,4.72,7.57,No,Low
CUST-02204,23,Male,49,Month-to-Month,DSL,62.9,3167.35,3.9,4,No,6.88,6.36,6.62,No,Low
CUST-02205,28,Male,17,Two Year,Fiber Optic,105.61,1964.95,2.4,3,No,2.02,0.27,1.15,No,Low
CUST-02206,48,Male,0,One Year,DSL,54.53,53.61,2.7,3,No,2.61,0.05,1.33,No,Low
CUST-02207,62,Male,30,Two Year,Fiber Optic,113.08,3362.18,3.8,4,Yes,35.43,43.07,39.25,No,Medium
CUST-02208,46,Female,2,Two Year,Fiber Optic,67.35,202.8,3.7,2,Yes,48.85,37.41,43.13,No,Medium
CUST-02209,37,Female,37,Month-to-Month,DSL,46.64,1699.26,4.2,2,No,62.17,29.61,45.89,Yes,Medium
CUST-02210,41,Female,4,Month-to-Month,Fiber Optic,77.82,356.52,1.0,0,Yes,96.39,98.29,97.34,Yes,High
CUST-02211,24,Female,10,Month-to-Month,No,18.0,178.32,1.4,3,No,26.44,42.21,34.32,No,Low
CUST-02212,50,Male,34,Month-to-Month,No,18.0,633.94,2.4,2,Yes,86.68,95.11,90.9,Yes,High
CUST-02213,54,Female,72,One Year,DSL,52.89,3995.58,3.8,0,No,2.42,0.0,1.21,No,Low
CUST-02214,35,Female,11,Month-to-Month,Fiber Optic,74.22,892.16,4.0,2,Yes,98.2,98.56,98.38,Yes,High
CUST-02215,35,Female,42,Month-to-Month,Fiber Optic,97.65,3796.41,1.0,5,Yes,95.97,99.27,97.62,Yes,High
CUST-02216,45,Male,5,One Year,Fiber Optic,112.07,627.31,2.1,7,No,4.15,23.11,13.63,No,Low
CUST-02217,35,Female,39,One Year,DSL,64.0,2667.41,3.7,0,No,0.19,0.0,0.1,No,Low
CUST-02218,41,Female,25,One Year,No,18.42,482.01,2.0,4,No,0.48,0.0,0.24,No,Low
CUST-02219,71,Female,5,Month-to-Month,DSL,70.48,427.37,3.4,5,No,52.42,87.49,69.96,Yes,High
CUST-02220,38,Male,8,Two Year,DSL,59.34,545.25,3.6,3,No,1.7,0.01,0.86,No,Low
CUST-02221,36,Female,3,Month-to-Month,No,23.79,98.67,2.6,3,No,14.53,2.94,8.73,No,Low
CUST-02222,32,Female,11,Month-to-Month,No,26.85,311.21,3.2,0,No,15.33,5.56,10.45,No,Low
CUST-02223,52,Female,5,One Year,Fiber Optic,75.52,437.04,3.0,4,No,1.54,0.27,0.9,No,Low
CUST-02224,39,Female,24,Two Year,No,18.0,406.56,3.7,0,No,0.01,0.0,0.01,No,Low
CUST-02225,32,Female,72,Month-to-Month,DSL,51.34,3899.88,2.9,2,No,4.34,0.32,2.33,No,Low
CUST-02226,60,Male,0,Month-to-Month,Fiber Optic,78.79,72.45,1.1,1,Yes,99.32,100.0,99.66,Yes,High
CUST-02227,61,Female,18,Month-to-Month,No,19.97,367.14,3.8,2,No,6.76,5.1,5.93,No,Low
CUST-02228,33,Male,20,Month-to-Month,No,36.83,765.7,3.1,4,No,13.82,4.06,8.94,No,Low
CUST-02229,18,Female,58,Two Year,DSL,62.3,3856.02,3.8,1,No,1.13,0.0,0.57,No,Low
CUST-02230,56,Male,16,Month-to-Month,No,18.5,301.89,2.2,4,No,8.25,9.0,8.63,No,Low
CUST-02231,32,Female,18,One Year,Fiber Optic,69.24,1315.96,2.9,4,No,1.4,1.43,1.42,No,Low
CUST-02232,53,Female,15,One Year,Fiber Optic,62.64,1045.24,2.6,3,No,13.94,18.41,16.18,No,Low
CUST-02233,18,Female,7,One Year,Fiber Optic,70.67,557.29,4.1,4,No,3.52,0.13,1.83,No,Low
CUST-02234,54,Female,1,Month-to-Month,DSL,68.78,134.83,3.9,0,Yes,77.55,84.2,80.88,Yes,High
CUST-02235,25,Female,12,Month-to-Month,DSL,47.64,610.62,4.8,0,No,12.66,1.66,7.16,No,Low
CUST-02236,52,Female,1,Month-to-Month,Fiber Optic,66.32,135.65,3.0,3,Yes,98.38,100.0,99.19,Yes,High
CUST-02237,42,Male,19,Month-to-Month,DSL,42.58,771.88,1.8,3,Yes,90.63,98.82,94.73,Yes,High
CUST-02238,28,Male,8,Month-to-Month,Fiber Optic,82.5,752.91,2.0,3,Yes,99.38,99.99,99.68,Yes,High
CUST-02239,36,Male,18,Two Year,Fiber Optic,81.2,1428.38,4.2,3,No,0.8,0.06,0.43,No,Low
CUST-02240,51,Male,3,Month-to-Month,Fiber Optic,84.73,344.03,4.6,3,Yes,98.08,98.69,98.39,Yes,High
CUST-02241,43,Female,64,One Year,Fiber Optic,96.76,6415.24,1.7,2,No,37.95,36.6,37.28,No,Medium
CUST-02242,50,Female,53,Month-to-Month,Fiber Optic,85.02,4563.18,2.6,5,Yes,96.57,99.48,98.03,Yes,High
CUST-02243,69,Female,5,One Year,Fiber Optic,92.98,538.84,1.9,5,Yes,66.8,91.51,79.15,Yes,High
CUST-02244,20,Male,10,Two Year,Fiber Optic,94.27,1047.21,5.0,3,No,1.55,0.23,0.89,No,Low
CUST-02245,64,Male,22,Month-to-Month,Fiber Optic,66.64,1383.83,3.6,3,Yes,98.92,99.99,99.46,Yes,High
CUST-02246,43,Female,2,Two Year,Fiber Optic,115.39,345.24,2.2,1,Yes,41.75,62.49,52.12,No,Medium
CUST-02247,29,Female,10,One Year,No,33.35,342.95,2.1,4,No,1.26,0.57,0.91,No,Low
CUST-02248,23,Male,6,Two Year,Fiber Optic,83.34,582.84,4.8,1,No,2.33,0.02,1.18,No,Low
CUST-02249,39,Female,59,One Year,DSL,39.87,2202.41,3.9,4,No,0.01,0.0,0.01,No,Low
CUST-02250,54,Female,45,Month-to-Month,Fiber Optic,83.16,3545.86,3.2,4,Yes,98.21,99.95,99.08,Yes,High
CUST-02251,40,Male,20,Month-to-Month,Fiber Optic,103.91,2111.78,2.7,2,Yes,99.74,100.0,99.87,Yes,High
CUST-02252,63,Female,17,Month-to-Month,Fiber Optic,101.82,1795.17,2.7,3,Yes,99.73,100.0,99.86,Yes,High
CUST-02253,21,Male,64,Month-to-Month,No,18.17,1136.7,1.6,0,Yes,78.3,89.71,84.0,Yes,High
CUST-02254,41,Female,64,Two Year,Fiber Optic,63.75,4109.21,2.4,1,No,1.61,0.15,0.88,No,Low
CUST-02255,24,Male,72,One Year,DSL,45.62,3023.94,2.7,0,No,0.78,0.0,0.39,No,Low
CUST-02256,47,Male,3,Month-to-Month,DSL,46.6,173.17,3.0,1,No,8.2,1.6,4.9,No,Low
CUST-02257,54,Female,4,Two Year,Fiber Optic,50.91,229.23,3.1,1,Yes,34.02,41.83,37.93,No,Medium
CUST-02258,36,Male,27,One Year,No,18.0,496.39,4.2,1,No,0.01,0.0,0.0,No,
CUST-02259,18,Female,18,Month-to-Month,Fiber Optic,63.74,1215.42,2.4,3,Yes,97.59,100.0,98.79,Yes,High
CUST-02260,44,Male,0,Month-to-Month,Fiber Optic,82.1,79.85,4.7,0,Yes,95.33,99.72,97.52,Yes,High
CUST-02261,48,Male,1,Month-to-Month,Fiber Optic,87.63,169.86,3.0,3,Yes,97.84,97.21,97.52,Yes,High
CUST-02262,47,Male,52,Two Year,Fiber Optic,93.2,4761.08,3.6,2,No,22.09,17.55,19.82,No,Low
CUST-02263,59,Male,48,Two Year,Fiber Optic,59.07,2750.85,4.3,3,No,1.45,0.15,0.8,No,Low
CUST-02264,27,Female,10,Month-to-Month,DSL,53.75,584.3,3.8,4,No,9.77,12.73,11.25,No,Low
CUST-02265,51,Male,53,Month-to-Month,Fiber Optic,70.0,3405.48,4.0,3,Yes,96.7,99.98,98.34,Yes,High
CUST-02266,58,Female,21,One Year,DSL,58.78,1279.35,2.5,2,No,0.29,0.0,0.15,No,Low
CUST-02267,18,Female,39,Two Year,Fiber Optic,87.53,3408.35,3.0,3,No,11.23,6.72,8.97,No,Low
CUST-02268,46,Female,13,One Year,No,18.0,250.44,4.0,1,No,0.04,0.0,0.02,No,Low
CUST-02269,34,Male,2,One Year,Fiber Optic,92.36,284.88,4.0,5,No,3.22,1.82,2.52,No,Low
CUST-02270,40,Female,13,Month-to-Month,DSL,57.03,817.83,3.4,3,No,12.49,2.07,7.28,No,Low
CUST-02271,46,Male,14,Month-to-Month,DSL,47.26,723.83,4.0,4,Yes,73.85,71.35,72.6,Yes,High
CUST-02272,35,Male,19,Month-to-Month,Fiber Optic,89.48,1721.1,2.3,3,Yes,98.67,99.72,99.2,Yes,High
CUST-02273,32,Male,2,Two Year,Fiber Optic,64.06,184.2,3.9,2,No,2.96,0.54,1.75,No,Low
CUST-02274,42,Male,72,Month-to-Month,Fiber Optic,92.0,6252.8,4.2,2,Yes,93.77,99.93,96.85,Yes,High
CUST-02275,26,Male,6,Two Year,Fiber Optic,106.5,674.49,3.2,1,No,2.86,0.08,1.47,No,Low
CUST-02276,26,Female,5,Month-to-Month,Fiber Optic,75.56,442.38,3.4,2,Yes,98.19,99.11,98.65,Yes,High
CUST-02277,51,Male,17,Two Year,DSL,58.79,1107.12,1.0,3,No,0.42,0.01,0.21,No,Low
CUST-02278,25,Male,18,Month-to-Month,Fiber Optic,99.82,1920.91,4.7,2,Yes,98.71,99.98,99.35,Yes,High
CUST-02279,51,Female,13,Month-to-Month,DSL,54.78,753.21,3.6,3,No,7.02,1.61,4.31,No,Low
CUST-02280,48,Male,35,One Year,Fiber Optic,74.19,2523.16,3.8,2,No,21.56,26.65,24.1,No,Low
CUST-02281,18,Male,17,Month-to-Month,No,27.72,458.18,3.6,5,No,9.19,3.88,6.54,No,Low
CUST-02282,32,Male,22,Two Year,Fiber Optic,85.12,1839.45,3.7,1,No,1.42,0.23,0.82,No,Low
CUST-02283,58,Female,30,One Year,Fiber Optic,89.74,2726.68,3.6,2,No,1.73,0.04,0.89,No,Low
CUST-02284,28,Male,0,Month-to-Month,Fiber Optic,96.79,96.17,4.8,4,Yes,99.23,99.94,99.59,Yes,High
CUST-02285,35,Male,20,Two Year,Fiber Optic,53.68,1076.43,5.0,1,No,2.1,0.1,1.1,No,Low
CUST-02286,48,Female,51,Two Year,DSL,61.74,2939.95,4.4,3,No,0.16,0.0,0.08,No,Low
CUST-02287,52,Female,0,Month-to-Month,DSL,39.86,37.45,4.6,4,No,13.71,1.78,7.74,No,Low
CUST-02288,38,Female,12,Two Year,DSL,70.64,861.89,2.7,2,No,0.93,0.0,0.47,No,Low
CUST-02289,33,Female,62,Month-to-Month,DSL,57.51,3551.63,3.0,2,No,3.55,3.38,3.46,No,Low
CUST-02290,61,Male,10,Month-to-Month,No,18.0,181.27,3.6,1,No,64.56,57.2,60.88,Yes,High
CUST-02291,66,Male,14,One Year,DSL,64.78,916.54,3.8,4,No,1.06,0.02,0.54,No,Low
CUST-02292,55,Male,72,Month-to-Month,DSL,52.55,3650.25,3.6,5,No,4.53,1.14,2.83,No,Low
CUST-02293,43,Male,5,Month-to-Month,Fiber Optic,83.52,490.64,2.1,2,Yes,98.36,99.79,99.07,Yes,High
CUST-02294,30,Male,1,Month-to-Month,Fiber Optic,66.04,124.79,2.7,1,Yes,95.8,96.65,96.23,Yes,High
CUST-02295,30,Male,47,Month-to-Month,DSL,49.44,2189.15,2.8,5,Yes,90.51,97.54,94.03,Yes,High
CUST-02296,49,Female,48,Two Year,Fiber Optic,99.09,4388.42,3.7,4,No,0.94,0.29,0.62,No,Low
CUST-02297,47,Female,15,One Year,DSL,55.05,815.58,2.8,1,No,1.23,0.08,0.66,No,Low
CUST-02298,61,Male,17,Two Year,Fiber Optic,81.25,1497.18,3.0,2,No,1.16,0.61,0.88,No,Low
CUST-02299,51,Female,43,One Year,No,18.0,754.41,2.9,5,No,0.33,0.0,0.16,No,Low
CUST-02300,20,Male,32,Month-to-Month,No,28.99,938.35,3.9,3,Yes,82.26,90.37,86.32,Yes,High
CUST-02301,56,Male,7,Month-to-Month,Fiber Optic,73.74,574.29,4.5,1,Yes,96.81,96.71,96.76,Yes,High
CUST-02302,28,Female,0,Month-to-Month,No,22.55,21.23,2.3,2,No,26.87,23.01,24.94,No,Low
CUST-02303,36,Male,15,Two Year,No,26.16,429.66,4.0,2,No,0.03,0.0,0.01,No,Low
CUST-02304,45,Male,47,Month-to-Month,No,34.6,1728.55,2.2,2,No,11.99,13.42,12.7,No,Low
CUST-02305,69,Male,54,Month-to-Month,Fiber Optic,79.32,4065.32,3.9,3,Yes,94.62,80.36,87.49,Yes,High
CUST-02306,80,Female,72,Two Year,DSL,46.97,3501.21,1.8,2,No,0.68,0.06,0.37,No,Low
CUST-02307,50,Female,50,One Year,Fiber Optic,101.33,5236.92,4.7,3,No,17.65,10.54,14.1,No,Low
CUST-02308,39,Male,20,Month-to-Month,DSL,68.21,1469.28,2.9,2,No,9.22,1.78,5.5,No,Low
CUST-02309,49,Female,14,Month-to-Month,DSL,60.08,866.35,3.4,5,No,69.46,83.4,76.43,Yes,High
CUST-02310,54,Female,35,Two Year,DSL,51.78,1869.56,3.3,1,No,0.01,0.0,0.0,No,
CUST-02311,37,Female,32,Two Year,Fiber Optic,119.56,3663.39,4.7,2,No,20.76,11.12,15.94,No,Low
CUST-02312,67,Female,18,Month-to-Month,No,27.81,552.28,2.5,7,No,27.28,55.92,41.6,No,Medium
CUST-02313,45,Male,2,Month-to-Month,Fiber Optic,94.4,285.58,3.1,6,Yes,99.09,99.9,99.49,Yes,High
CUST-02314,48,Male,62,Two Year,Fiber Optic,49.33,2832.68,3.4,0,Yes,53.88,8.59,31.24,Yes,Low
CUST-02315,51,Female,14,One Year,DSL,32.35,500.63,4.3,5,No,0.22,0.0,0.11,No,Low
CUST-02316,47,Female,10,Two Year,No,22.37,256.86,2.4,1,No,0.14,0.0,0.07,No,Low
CUST-02317,53,Female,23,Month-to-Month,No,27.25,621.33,1.0,3,No,11.4,10.25,10.83,No,Low
CUST-02318,33,Female,26,Two Year,DSL,60.64,1605.9,1.9,1,No,0.17,0.0,0.09,No,Low
CUST-02319,34,Female,5,Month-to-Month,Fiber Optic,90.67,570.56,4.0,3,Yes,97.93,99.1,98.52,Yes,High
CUST-02320,26,Female,43,Month-to-Month,Fiber Optic,64.3,2737.65,3.3,4,Yes,94.94,99.0,96.97,Yes,High
CUST-02321,48,Female,8,One Year,Fiber Optic,69.29,623.52,3.1,3,No,3.35,0.85,2.1,No,Low
CUST-02322,52,Female,4,Month-to-Month,Fiber Optic,96.72,468.06,2.3,3,Yes,99.75,100.0,99.87,Yes,High
CUST-02323,48,Female,12,Two Year,Fiber Optic,101.01,1196.72,3.3,3,No,18.59,13.73,16.16,No,Low
CUST-02324,65,Male,31,Month-to-Month,Fiber Optic,107.11,3346.75,3.8,3,Yes,95.8,90.49,93.15,Yes,High
CUST-02325,41,Male,72,Two Year,Fiber Optic,68.53,5122.82,3.1,7,No,0.22,0.15,0.18,No,Low
CUST-02326,51,Male,39,Month-to-Month,No,27.29,989.24,4.6,5,No,12.53,8.72,10.63,No,Low
CUST-02327,26,Female,67,One Year,DSL,61.12,4015.47,4.1,3,No,0.11,0.0,0.06,No,Low
CUST-02328,36,Female,3,Month-to-Month,No,18.0,73.68,3.1,3,No,11.82,2.08,6.95,No,Low
CUST-02329,51,Female,1,One Year,Fiber Optic,91.53,174.46,4.0,2,No,3.26,0.62,1.94,No,Low
CUST-02330,53,Male,19,One Year,Fiber Optic,88.13,1844.76,3.3,3,No,2.98,0.97,1.97,No,Low
CUST-02331,37,Male,8,Month-to-Month,Fiber Optic,76.26,657.16,3.5,5,Yes,98.55,97.76,98.15,Yes,High
CUST-02332,40,Female,42,Month-to-Month,Fiber Optic,67.78,2965.46,2.9,3,Yes,98.7,99.99,99.34,Yes,High
CUST-02333,20,Male,26,Month-to-Month,DSL,53.7,1358.32,3.4,3,No,7.56,9.67,8.62,No,Low
CUST-02334,37,Male,72,Two Year,DSL,42.98,2980.21,1.6,4,No,0.06,0.0,0.03,No,Low
CUST-02335,54,Male,7,Month-to-Month,No,26.0,209.7,2.3,3,Yes,31.99,28.59,30.29,No,Low
CUST-02336,50,Male,15,Month-to-Month,No,18.0,261.66,4.5,3,No,5.21,0.96,3.09,No,Low
CUST-02337,49,Female,16,Month-to-Month,DSL,62.03,963.89,2.8,3,Yes,85.67,96.36,91.01,Yes,High
CUST-02338,42,Male,6,Two Year,Fiber Optic,92.07,605.83,2.0,0,No,42.84,59.46,51.15,No,Medium
CUST-02339,42,Female,21,Month-to-Month,No,18.0,371.3,5.0,4,No,9.22,4.46,6.84,No,Low
CUST-02340,32,Male,14,Month-to-Month,DSL,60.29,822.87,2.9,2,No,13.27,2.83,8.05,No,Low
CUST-02341,51,Female,14,One Year,DSL,43.03,675.0,3.8,6,No,0.32,0.0,0.16,No,Low
CUST-02342,47,Male,10,One Year,DSL,58.81,610.7,2.6,3,No,1.06,0.05,0.56,No,Low
CUST-02343,48,Female,0,Month-to-Month,Fiber Optic,76.42,77.06,4.2,2,No,95.11,86.88,91.0,Yes,High
CUST-02344,34,Female,17,Two Year,Fiber Optic,86.28,1489.3,3.2,3,No,1.56,1.0,1.28,No,Low
CUST-02345,18,Male,9,One Year,Fiber Optic,70.24,736.57,1.4,4,No,25.44,57.98,41.71,No,Medium
CUST-02346,57,Female,0,Month-to-Month,Fiber Optic,120.0,110.53,5.0,0,Yes,92.81,68.23,80.52,Yes,High
CUST-02347,35,Female,8,Month-to-Month,Fiber Optic,89.48,770.0,2.6,3,Yes,99.06,99.62,99.34,Yes,High
CUST-02348,29,Male,7,Two Year,Fiber Optic,68.29,527.07,2.9,1,No,43.24,47.76,45.5,No,Medium
CUST-02349,51,Male,11,Month-to-Month,No,22.69,274.35,1.9,8,No,16.04,35.28,25.66,No,Low
CUST-02350,36,Female,3,Month-to-Month,DSL,55.02,214.45,1.2,4,Yes,49.77,64.98,57.37,No,Medium
CUST-02351,56,Female,17,Month-to-Month,Fiber Optic,99.26,1809.1,4.4,4,Yes,99.26,99.99,99.63,Yes,High
CUST-02352,50,Male,28,One Year,Fiber Optic,89.55,2664.95,3.4,4,No,1.43,0.1,0.77,No,Low
CUST-02353,51,Male,23,One Year,DSL,54.1,1224.89,1.1,5,No,0.91,1.9,1.41,No,Low
CUST-02354,22,Female,39,One Year,Fiber Optic,44.37,1811.34,2.8,3,Yes,30.53,46.16,38.35,No,Medium
CUST-02355,58,Female,14,Month-to-Month,DSL,61.4,896.81,3.6,2,No,18.91,8.14,13.53,No,Low
CUST-02356,45,Female,17,One Year,No,32.5,533.22,3.9,4,No,0.05,0.0,0.02,No,Low
CUST-02357,36,Male,39,One Year,DSL,64.67,2443.37,2.2,2,No,0.31,0.0,0.16,No,Low
CUST-02358,44,Female,13,Month-to-Month,Fiber Optic,116.61,1665.91,2.6,4,Yes,99.05,100.0,99.52,Yes,High
CUST-02359,18,Male,29,Two Year,DSL,50.82,1461.08,2.5,2,No,0.22,0.0,0.11,No,Low
CUST-02360,47,Male,13,Month-to-Month,Fiber Optic,84.4,1079.97,2.8,3,Yes,99.49,100.0,99.74,Yes,High
CUST-02361,27,Female,12,One Year,Fiber Optic,99.08,1282.57,3.4,3,No,1.3,0.68,0.99,No,Low
CUST-02362,23,Female,34,Month-to-Month,DSL,58.67,2110.01,4.1,3,No,14.2,4.62,9.41,No,Low
CUST-02363,20,Male,4,One Year,No,23.18,106.62,3.5,2,No,0.11,0.0,0.06,No,Low
CUST-02364,57,Male,9,Two Year,Fiber Optic,99.36,975.17,3.5,0,Yes,53.06,25.67,39.36,Yes,Medium
CUST-02365,33,Female,6,Two Year,No,18.0,117.33,3.0,4,No,1.41,0.0,0.71,No,Low
CUST-02366,63,Female,10,Month-to-Month,Fiber Optic,99.08,1036.11,1.9,4,Yes,99.18,99.22,99.2,Yes,High
CUST-02367,34,Female,6,Month-to-Month,Fiber Optic,76.77,517.02,3.0,1,Yes,98.34,98.95,98.64,Yes,High
CUST-02368,18,Female,20,Month-to-Month,DSL,50.42,953.77,2.7,1,No,56.96,63.27,60.12,Yes,High
CUST-02369,26,Male,38,Two Year,Fiber Optic,88.19,3278.98,2.4,1,No,0.94,0.07,0.5,No,Low
CUST-02370,59,Female,37,One Year,Fiber Optic,77.63,2791.85,3.2,0,No,1.25,0.13,0.69,No,Low
CUST-02371,39,Female,10,Month-to-Month,Fiber Optic,99.44,1094.12,1.5,3,Yes,98.98,99.78,99.38,Yes,High
CUST-02372,34,Female,72,Month-to-Month,Fiber Optic,63.72,4800.48,2.7,2,Yes,88.36,99.8,94.08,Yes,High
CUST-02373,44,Female,21,Two Year,Fiber Optic,80.89,1629.72,2.4,2,No,1.6,0.86,1.23,No,Low
CUST-02374,49,Female,12,Month-to-Month,DSL,72.3,913.98,2.3,1,Yes,80.66,95.35,88.0,Yes,High
CUST-02375,57,Male,43,Month-to-Month,DSL,56.68,2348.03,3.8,1,No,67.96,77.66,72.81,Yes,High
CUST-02376,62,Male,31,Month-to-Month,No,25.6,858.63,3.3,3,No,10.01,10.38,10.2,No,Low
CUST-02377,36,Female,33,Month-to-Month,DSL,54.22,1874.91,3.7,2,No,12.43,3.93,8.18,No,Low
CUST-02378,23,Male,5,One Year,DSL,57.94,319.02,3.7,1,No,0.36,0.0,0.18,No,Low
CUST-02379,36,Male,15,Two Year,DSL,63.9,976.72,2.1,5,No,0.25,0.0,0.12,No,Low
CUST-02380,45,Female,47,Two Year,No,18.0,792.01,4.4,1,No,0.08,0.0,0.04,No,Low
CUST-02381,28,Female,16,Month-to-Month,Fiber Optic,120.0,2076.83,2.7,0,Yes,96.46,98.47,97.46,Yes,High
CUST-02382,28,Male,27,Two Year,Fiber Optic,98.81,2692.15,4.4,4,No,2.3,0.48,1.39,No,Low
CUST-02383,46,Female,21,Month-to-Month,DSL,55.88,1225.79,2.8,1,No,8.75,5.75,7.25,No,Low
CUST-02384,41,Female,44,Month-to-Month,Fiber Optic,83.06,3686.24,1.8,4,Yes,96.1,96.99,96.54,Yes,High
CUST-02385,42,Female,8,Two Year,No,29.77,248.48,2.0,2,No,0.38,0.0,0.19,No,Low
CUST-02386,31,Female,20,Month-to-Month,DSL,53.66,1016.37,4.2,2,No,58.57,45.16,51.87,Yes,Medium
CUST-02387,38,Male,3,Month-to-Month,Fiber Optic,99.02,408.17,3.8,3,Yes,98.62,99.24,98.93,Yes,High
CUST-02388,29,Male,28,Two Year,DSL,49.13,1302.03,2.4,5,No,1.68,0.07,0.87,No,Low
CUST-02389,54,Male,31,Month-to-Month,Fiber Optic,88.15,2873.6,3.4,5,Yes,98.21,100.0,99.1,Yes,High
CUST-02390,56,Female,1,One Year,No,31.33,58.19,4.3,3,No,0.77,0.01,0.39,No,Low
CUST-02391,18,Female,27,Two Year,No,20.99,604.13,5.0,3,No,0.63,0.02,0.33,No,Low
CUST-02392,28,Female,12,Month-to-Month,DSL,66.72,857.87,3.4,1,No,11.7,5.54,8.62,No,Low
CUST-02393,21,Female,3,Month-to-Month,Fiber Optic,87.82,337.19,3.6,1,Yes,96.86,88.17,92.51,Yes,High
CUST-02394,32,Female,13,Month-to-Month,Fiber Optic,120.0,1677.9,3.0,4,Yes,98.04,99.61,98.82,Yes,High
CUST-02395,40,Female,5,Month-to-Month,DSL,62.73,354.2,3.2,2,No,76.73,94.46,85.6,Yes,High
CUST-02396,21,Male,12,Month-to-Month,No,26.14,327.18,3.8,2,No,16.34,8.1,12.22,No,Low
CUST-02397,29,Male,11,One Year,Fiber Optic,70.84,870.11,2.0,5,No,1.35,0.94,1.15,No,Low
CUST-02398,27,Female,32,Month-to-Month,Fiber Optic,76.57,2277.52,3.9,2,Yes,92.04,96.77,94.41,Yes,High
CUST-02399,44,Male,35,Month-to-Month,Fiber Optic,90.61,3050.24,2.8,5,Yes,96.93,97.67,97.3,Yes,High
CUST-02400,42,Male,22,One Year,DSL,46.29,1076.59,2.4,2,No,0.24,0.03,0.13,No,Low
CUST-02401,31,Female,0,One Year,No,31.5,31.75,2.4,0,No,0.78,0.0,0.39,No,Low
CUST-02402,44,Male,64,Two Year,Fiber Optic,89.39,5371.95,5.0,4,No,0.74,0.02,0.38,No,Low
CUST-02403,34,Female,27,Month-to-Month,Fiber Optic,82.23,2411.69,4.6,3,Yes,94.64,97.23,95.94,Yes,High
CUST-02404,38,Male,0,Two Year,DSL,45.62,45.69,2.3,0,No,0.55,0.0,0.28,No,Low
CUST-02405,65,Male,41,One Year,No,18.8,754.63,3.5,1,No,0.02,0.0,0.01,No,Low
CUST-02406,60,Male,5,Month-to-Month,No,18.0,102.88,3.5,2,No,7.55,1.27,4.41,No,Low
CUST-02407,23,Female,20,Month-to-Month,DSL,59.48,1222.1,5.0,3,No,7.52,2.89,5.2,No,Low
CUST-02408,53,Male,15,Month-to-Month,Fiber Optic,94.83,1373.77,2.7,1,Yes,99.33,99.99,99.66,Yes,High
CUST-02409,53,Female,13,One Year,Fiber Optic,62.22,877.34,1.0,2,No,1.73,4.5,3.11,No,Low
CUST-02410,25,Female,52,Month-to-Month,No,37.11,1790.33,3.1,1,No,4.87,2.84,3.86,No,Low
CUST-02411,53,Female,13,Two Year,No,30.35,424.03,2.9,5,No,1.52,0.31,0.92,No,Low
CUST-02412,63,Male,1,One Year,DSL,47.17,96.25,3.7,3,No,1.04,0.02,0.53,No,Low
CUST-02413,26,Male,70,Two Year,DSL,53.44,3930.04,4.1,4,No,2.12,0.02,1.07,No,Low
CUST-02414,29,Female,60,Month-to-Month,No,24.28,1365.77,4.5,2,No,3.8,0.22,2.01,No,Low
CUST-02415,56,Female,27,Month-to-Month,DSL,42.32,1198.97,4.4,0,No,6.72,1.03,3.88,No,Low
CUST-02416,45,Female,15,Month-to-Month,Fiber Optic,79.37,1330.23,3.9,2,Yes,98.72,99.89,99.3,Yes,High
CUST-02417,49,Male,2,Month-to-Month,DSL,59.6,162.74,4.4,3,No,16.66,12.08,14.37,No,Low
CUST-02418,46,Female,37,Two Year,No,35.86,1232.18,1.7,4,No,1.26,0.0,0.63,No,Low
CUST-02419,47,Male,1,Month-to-Month,DSL,52.14,97.17,2.9,1,Yes,86.74,95.34,91.04,Yes,High
CUST-02420,23,Male,1,Month-to-Month,No,25.23,46.97,3.2,0,No,14.08,7.2,10.64,No,Low
CUST-02421,56,Male,18,Month-to-Month,Fiber Optic,74.19,1336.2,3.7,4,Yes,98.78,99.49,99.14,Yes,High
CUST-02422,58,Male,4,Month-to-Month,Fiber Optic,101.6,527.57,2.5,3,Yes,98.7,99.74,99.22,Yes,High
CUST-02423,38,Male,0,Two Year,Fiber Optic,97.69,97.93,2.5,0,No,38.83,49.62,44.22,No,Medium
CUST-02424,41,Male,13,One Year,No,24.87,313.92,2.8,2,No,0.57,0.03,0.3,No,Low
CUST-02425,20,Female,3,One Year,DSL,76.77,299.19,3.7,1,No,4.92,0.06,2.49,No,Low
CUST-02426,49,Male,4,Month-to-Month,Fiber Optic,106.04,546.83,1.0,2,Yes,98.54,99.9,99.22,Yes,High
CUST-02427,50,Female,1,Two Year,No,27.45,53.81,3.2,2,No,0.35,0.0,0.18,No,Low
CUST-02428,41,Male,5,One Year,DSL,53.12,296.13,2.4,4,No,0.74,0.66,0.7,No,Low
CUST-02429,57,Male,30,Month-to-Month,No,30.56,988.19,2.3,1,No,7.06,7.81,7.44,No,Low
CUST-02430,37,Male,39,Month-to-Month,DSL,44.97,1701.85,3.6,1,Yes,79.58,81.52,80.55,Yes,High
CUST-02431,49,Male,14,Two Year,Fiber Optic,105.21,1503.21,3.4,0,No,2.67,0.03,1.35,No,Low
CUST-02432,27,Female,16,One Year,DSL,62.17,1007.69,3.4,3,No,0.21,0.0,0.11,No,Low
CUST-02433,41,Male,0,One Year,No,39.43,37.82,3.4,1,No,0.46,0.0,0.23,No,Low
CUST-02434,39,Female,1,Month-to-Month,Fiber Optic,88.5,178.12,4.7,5,Yes,98.4,99.99,99.2,Yes,High
CUST-02435,45,Male,7,Month-to-Month,No,18.0,136.39,4.5,6,Yes,29.6,20.69,25.14,No,Low
CUST-02436,36,Female,18,One Year,Fiber Optic,80.45,1482.32,1.7,2,No,31.78,69.68,50.73,No,Medium
CUST-02437,40,Female,32,One Year,Fiber Optic,70.3,2179.6,2.7,3,No,35.78,52.54,44.16,No,Medium
CUST-02438,53,Male,22,Month-to-Month,Fiber Optic,97.41,2187.08,2.8,5,Yes,98.06,98.05,98.05,Yes,High
CUST-02439,35,Male,11,One Year,No,26.03,325.51,1.5,2,No,0.57,0.0,0.29,No,Low
CUST-02440,19,Male,3,Month-to-Month,DSL,59.98,226.35,5.0,4,No,19.22,7.8,13.51,No,Low
CUST-02441,66,Female,36,One Year,DSL,36.24,1371.0,3.3,2,No,0.01,0.0,0.0,No,
CUST-02442,61,Male,10,Two Year,No,18.0,184.7,1.9,2,No,0.41,0.0,0.21,No,Low
CUST-02443,23,Female,31,Two Year,Fiber Optic,73.92,2180.24,4.4,3,No,0.58,0.03,0.31,No,Low
CUST-02444,51,Female,17,Month-to-Month,Fiber Optic,63.66,1046.95,3.3,1,Yes,94.59,98.4,96.5,Yes,High
CUST-02445,34,Female,32,Month-to-Month,Fiber Optic,72.47,2503.86,2.4,1,Yes,96.37,98.6,97.48,Yes,High
CUST-02446,45,Female,57,Two Year,DSL,33.9,1937.81,4.0,2,No,0.03,0.0,0.01,No,Low
CUST-02447,46,Female,60,One Year,DSL,33.32,1986.06,4.2,2,No,0.4,0.0,0.2,No,Low
CUST-02448,38,Male,18,Month-to-Month,No,22.16,379.39,4.0,4,Yes,82.53,95.21,88.87,Yes,High
CUST-02449,31,Female,17,Two Year,DSL,51.4,899.89,3.8,3,No,0.14,0.0,0.07,No,Low
CUST-02450,32,Female,7,Month-to-Month,Fiber Optic,78.91,630.91,2.4,3,Yes,99.52,100.0,99.76,Yes,High
CUST-02451,29,Male,65,Month-to-Month,No,18.0,1142.25,1.4,3,No,16.54,23.7,20.12,No,Low
CUST-02452,30,Female,14,Month-to-Month,Fiber Optic,87.58,1207.73,1.9,2,Yes,98.81,99.71,99.26,Yes,High
CUST-02453,41,Male,3,Month-to-Month,No,51.78,194.72,2.7,3,No,30.51,30.26,30.38,No,Low
CUST-02454,31,Female,13,Month-to-Month,Fiber Optic,65.34,921.27,1.3,5,Yes,96.42,99.48,97.95,Yes,High
CUST-02455,51,Female,3,Two Year,Fiber Optic,77.23,300.05,5.0,1,No,30.03,11.97,21.0,No,Low
CUST-02456,62,Male,16,Month-to-Month,DSL,72.47,1197.37,2.1,3,No,24.83,35.52,30.17,No,Low
CUST-02457,33,Female,19,Month-to-Month,Fiber Optic,82.78,1499.58,3.0,4,Yes,98.87,100.0,99.43,Yes,High
CUST-02458,45,Male,9,Two Year,Fiber Optic,102.46,1003.49,3.4,2,No,3.54,0.68,2.11,No,Low
CUST-02459,48,Male,1,One Year,DSL,62.27,120.02,4.4,3,No,0.32,0.0,0.16,No,Low
CUST-02460,48,Male,68,One Year,Fiber Optic,114.28,8137.2,3.7,2,No,4.09,0.09,2.09,No,Low
CUST-02461,43,Female,35,Month-to-Month,Fiber Optic,80.17,2762.38,3.4,1,Yes,99.03,99.97,99.5,Yes,High
CUST-02462,52,Male,43,Two Year,Fiber Optic,72.31,3154.23,5.0,5,No,1.12,0.23,0.67,No,Low
CUST-02463,48,Male,10,Month-to-Month,DSL,42.68,488.44,5.0,3,No,13.32,5.33,9.32,No,Low
CUST-02464,24,Female,34,Month-to-Month,Fiber Optic,68.45,2359.65,3.6,2,Yes,98.33,99.98,99.15,Yes,High
CUST-02465,54,Male,15,Month-to-Month,Fiber Optic,85.22,1233.26,3.5,3,Yes,98.22,99.52,98.87,Yes,High
CUST-02466,54,Male,5,Month-to-Month,DSL,57.02,313.12,3.1,1,No,18.23,13.32,15.77,No,Low
CUST-02467,31,Male,3,Month-to-Month,DSL,67.42,281.82,4.0,2,No,10.87,1.18,6.03,No,Low
CUST-02468,42,Male,10,One Year,DSL,58.82,635.9,2.8,6,No,0.11,0.0,0.05,No,Low
CUST-02469,51,Male,3,Month-to-Month,Fiber Optic,78.06,289.88,2.4,4,Yes,98.36,98.95,98.65,Yes,High
CUST-02470,39,Male,72,One Year,Fiber Optic,96.08,6909.78,4.7,2,No,1.56,0.04,0.8,No,Low
CUST-02471,57,Female,1,Month-to-Month,DSL,52.58,109.75,2.4,2,No,19.45,17.32,18.39,No,Low
CUST-02472,75,Female,13,Month-to-Month,No,18.37,233.19,3.2,1,No,6.42,0.93,3.67,No,Low
CUST-02473,30,Male,14,Month-to-Month,DSL,51.68,758.97,2.8,5,Yes,88.9,98.86,93.88,Yes,High
CUST-02474,22,Male,8,Two Year,Fiber Optic,75.26,623.44,3.1,2,No,3.43,1.19,2.31,No,Low
CUST-02475,46,Male,20,Two Year,Fiber Optic,104.44,2120.89,3.4,2,No,2.85,0.42,1.64,No,Low
CUST-02476,52,Female,3,Two Year,No,19.39,77.42,3.2,2,No,0.39,0.0,0.19,No,Low
CUST-02477,38,Male,36,One Year,DSL,67.63,2424.42,2.2,3,No,4.69,0.23,2.46,No,Low
CUST-02478,62,Male,9,One Year,Fiber Optic,89.52,934.97,2.8,1,No,3.02,0.14,1.58,No,Low
CUST-02479,23,Female,21,One Year,Fiber Optic,120.0,2607.5,3.9,1,No,14.34,3.08,8.71,No,Low
CUST-02480,51,Male,30,One Year,No,27.32,884.64,3.4,3,No,0.86,0.09,0.48,No,Low
CUST-02481,33,Male,52,Month-to-Month,Fiber Optic,83.81,4207.21,3.6,1,Yes,95.11,96.14,95.62,Yes,High
CUST-02482,66,Female,43,Month-to-Month,DSL,48.88,1942.46,4.2,4,No,10.63,0.89,5.76,No,Low
CUST-02483,69,Female,22,Month-to-Month,DSL,41.81,887.76,3.8,2,No,5.33,0.74,3.03,No,Low
CUST-02484,31,Male,11,Month-to-Month,Fiber Optic,88.97,972.34,2.5,1,Yes,98.36,99.32,98.84,Yes,High
CUST-02485,34,Female,16,Month-to-Month,Fiber Optic,54.76,941.02,3.6,3,Yes,90.04,98.92,94.48,Yes,High
CUST-02486,54,Male,35,Month-to-Month,Fiber Optic,74.9,2503.55,3.5,1,Yes,95.82,97.43,96.62,Yes,High
CUST-02487,36,Female,50,Month-to-Month,No,18.0,930.45,1.5,1,No,8.54,1.48,5.01,No,Low
CUST-02488,41,Male,2,Month-to-Month,DSL,57.81,170.07,1.4,1,No,31.91,38.43,35.17,No,Medium
CUST-02489,42,Female,11,Two Year,No,29.15,326.19,3.7,0,No,1.4,0.03,0.71,No,Low
CUST-02490,18,Female,35,Month-to-Month,DSL,38.97,1391.72,2.6,4,No,11.21,17.2,14.21,No,Low
CUST-02491,41,Female,13,Month-to-Month,No,24.66,311.31,2.7,0,Yes,83.51,89.51,86.51,Yes,High
CUST-02492,32,Female,9,Two Year,No,22.48,213.61,3.5,2,No,0.05,0.0,0.03,No,Low
CUST-02493,35,Female,12,Month-to-Month,DSL,46.75,618.51,3.2,6,No,19.71,38.81,29.26,No,Low
CUST-02494,62,Male,22,Month-to-Month,Fiber Optic,93.2,2170.14,3.1,2,Yes,96.56,98.88,97.72,Yes,High
CUST-02495,24,Male,72,Month-to-Month,DSL,73.0,5428.13,4.8,1,No,7.24,0.08,3.66,No,Low
CUST-02496,53,Female,16,Month-to-Month,DSL,46.92,788.17,2.9,2,No,9.14,10.42,9.78,No,Low
CUST-02497,38,Female,5,Month-to-Month,DSL,53.5,316.5,3.5,3,Yes,81.24,94.53,87.89,Yes,High
CUST-02498,38,Male,4,Month-to-Month,No,35.79,171.99,2.6,5,Yes,88.67,99.17,93.92,Yes,High
CUST-02499,53,Female,1,Month-to-Month,Fiber Optic,87.65,182.71,4.3,0,No,76.07,95.29,85.68,Yes,High
CUST-02500,46,Female,19,Two Year,Fiber Optic,95.08,1982.27,3.6,2,No,2.11,0.25,1.18,No,Low
CUST-02501,49,Female,18,One Year,DSL,48.25,826.27,5.0,3,No,0.53,0.0,0.26,No,Low
CUST-02502,55,Female,5,One Year,Fiber Optic,67.27,421.51,3.4,0,No,0.81,0.04,0.42,No,Low
CUST-02503,37,Male,28,Month-to-Month,Fiber Optic,55.54,1659.92,3.5,2,Yes,89.87,97.97,93.92,Yes,High
CUST-02504,33,Male,32,Month-to-Month,No,18.0,588.6,3.2,8,No,11.17,49.8,30.48,No,Low
CUST-02505,26,Male,7,Two Year,DSL,68.29,518.28,4.9,0,No,0.81,0.0,0.41,No,Low
CUST-02506,30,Male,10,Month-to-Month,No,27.59,292.3,3.6,4,No,17.74,19.7,18.72,No,Low
CUST-02507,80,Female,72,Two Year,DSL,41.18,3088.0,3.1,0,No,2.18,0.0,1.09,No,Low
CUST-02508,59,Female,11,Month-to-Month,DSL,39.57,437.87,2.2,5,No,22.04,47.24,34.64,No,Low
CUST-02509,23,Female,34,Two Year,DSL,44.77,1556.17,1.0,3,No,0.57,0.0,0.29,No,Low
CUST-02510,23,Female,14,Month-to-Month,Fiber Optic,89.33,1252.36,3.3,2,Yes,97.8,91.94,94.87,Yes,High
CUST-02511,48,Male,37,Month-to-Month,DSL,45.01,1636.37,2.9,1,Yes,83.64,87.94,85.79,Yes,High
CUST-02512,49,Male,35,One Year,Fiber Optic,94.88,3076.67,1.0,1,No,35.93,71.99,53.96,No,Medium
CUST-02513,49,Male,26,One Year,No,21.97,620.13,2.7,1,No,0.02,0.0,0.01,No,Low
CUST-02514,38,Male,46,Month-to-Month,Fiber Optic,101.45,4369.01,2.1,0,Yes,97.73,99.99,98.86,Yes,High
CUST-02515,40,Female,67,Two Year,Fiber Optic,77.31,5333.42,5.0,1,No,2.37,0.02,1.19,No,Low
CUST-02516,46,Male,20,Month-to-Month,DSL,29.15,602.5,3.1,2,No,15.55,12.38,13.97,No,Low
CUST-02517,43,Male,6,Month-to-Month,DSL,52.53,376.61,4.6,1,No,11.2,3.53,7.37,No,Low
CUST-02518,18,Male,12,One Year,Fiber Optic,83.33,1058.76,3.7,0,No,0.78,0.03,0.41,No,Low
CUST-02519,38,Female,34,One Year,Fiber Optic,90.33,3312.22,4.3,2,No,11.21,1.96,6.59,No,Low
CUST-02520,30,Male,25,Two Year,No,27.24,701.9,5.0,1,No,0.08,0.0,0.04,No,Low
CUST-02521,44,Male,4,Month-to-Month,DSL,42.68,211.79,4.1,3,No,7.27,1.51,4.39,No,Low
CUST-02522,80,Male,1,Month-to-Month,Fiber Optic,91.82,190.64,5.0,2,Yes,92.2,97.52,94.86,Yes,High
CUST-02523,47,Female,27,One Year,DSL,50.94,1338.89,3.9,0,No,0.04,0.0,0.02,No,Low
CUST-02524,37,Male,6,Month-to-Month,Fiber Optic,78.68,525.66,4.5,2,Yes,97.43,85.63,91.53,Yes,High
CUST-02525,54,Female,16,Month-to-Month,Fiber Optic,87.19,1481.86,2.8,2,Yes,98.72,99.96,99.34,Yes,High
CUST-02526,48,Female,32,Month-to-Month,No,22.58,686.4,1.6,1,Yes,78.95,75.13,77.04,Yes,High
CUST-02527,47,Female,19,Month-to-Month,Fiber Optic,75.55,1543.4,1.0,3,Yes,98.78,99.87,99.33,Yes,High
CUST-02528,50,Female,2,Month-to-Month,Fiber Optic,103.97,308.41,4.2,2,Yes,97.69,98.6,98.14,Yes,High
CUST-02529,70,Male,4,Month-to-Month,No,18.0,91.19,2.7,5,Yes,51.76,48.5,50.13,Yes,Medium
CUST-02530,26,Male,5,One Year,No,25.2,158.54,2.8,2,No,0.01,0.0,0.0,No,
CUST-02531,48,Male,7,One Year,Fiber Optic,98.26,822.66,2.8,3,No,60.73,71.09,65.91,Yes,High
CUST-02532,29,Female,20,Month-to-Month,Fiber Optic,96.79,1965.81,2.5,1,Yes,98.21,98.72,98.46,Yes,High
CUST-02533,49,Male,16,Month-to-Month,No,19.37,310.25,5.0,1,Yes,76.14,70.97,73.56,Yes,High
CUST-02534,29,Male,5,Month-to-Month,Fiber Optic,61.99,370.13,2.2,0,Yes,97.38,99.99,98.69,Yes,High
CUST-02535,36,Female,1,Month-to-Month,DSL,73.03,147.04,3.7,3,No,19.24,14.31,16.77,No,Low
CUST-02536,37,Female,4,One Year,DSL,41.04,193.75,3.7,2,No,0.09,0.0,0.05,No,Low
CUST-02537,55,Male,72,Two Year,Fiber Optic,81.94,5635.91,1.6,4,No,10.88,18.77,14.83,No,Low
CUST-02538,54,Female,15,One Year,DSL,55.13,822.32,3.8,3,No,0.47,0.0,0.23,No,Low
CUST-02539,24,Female,48,One Year,DSL,56.01,2844.43,1.9,2,No,1.01,0.0,0.51,No,Low
CUST-02540,42,Male,45,Month-to-Month,Fiber Optic,82.59,3477.14,3.1,2,Yes,98.47,99.9,99.18,Yes,High
CUST-02541,32,Male,17,Month-to-Month,No,18.0,303.58,2.8,4,No,13.7,32.49,23.09,No,Low
CUST-02542,24,Female,29,Two Year,Fiber Optic,87.02,2594.05,3.3,2,No,1.58,0.3,0.94,No,Low
CUST-02543,38,Female,5,Two Year,DSL,39.64,230.74,3.9,1,No,0.14,0.0,0.07,No,Low
CUST-02544,37,Male,27,Month-to-Month,DSL,69.4,1784.06,2.2,6,Yes,88.0,99.3,93.65,Yes,High
CUST-02545,75,Male,7,Month-to-Month,DSL,43.7,329.82,2.6,3,No,26.12,27.92,27.02,No,Low
CUST-02546,48,Female,42,One Year,Fiber Optic,78.65,3250.8,1.4,1,No,1.84,0.67,1.25,No,Low
CUST-02547,22,Female,2,Month-to-Month,DSL,47.44,148.55,2.0,3,Yes,90.33,98.55,94.44,Yes,High
CUST-02548,34,Female,35,One Year,Fiber Optic,77.99,2693.54,4.0,2,No,21.68,18.87,20.28,No,Low
CUST-02549,56,Male,2,Two Year,DSL,41.87,115.23,2.8,3,No,1.2,0.3,0.75,No,Low
CUST-02550,71,Male,51,Month-to-Month,No,30.75,1672.32,4.2,1,No,40.34,20.57,30.45,No,Low
CUST-02551,19,Female,8,Two Year,No,19.62,170.42,2.2,2,No,0.58,0.19,0.39,No,Low
CUST-02552,18,Male,25,Two Year,DSL,60.27,1443.16,2.4,3,No,0.1,0.0,0.05,No,Low
CUST-02553,68,Female,16,Two Year,Fiber Optic,91.4,1540.84,4.4,4,No,2.72,0.53,1.63,No,Low
CUST-02554,47,Female,10,Month-to-Month,Fiber Optic,73.79,828.97,3.5,2,Yes,97.75,89.63,93.69,Yes,High
CUST-02555,29,Male,24,Month-to-Month,Fiber Optic,55.09,1386.31,1.6,2,Yes,91.09,97.06,94.07,Yes,High
CUST-02556,49,Female,70,One Year,DSL,47.97,3224.45,2.6,3,No,0.49,0.0,0.24,No,Low
CUST-02557,18,Male,1,Month-to-Month,Fiber Optic,95.52,178.78,4.1,1,No,85.24,98.53,91.89,Yes,High
CUST-02558,42,Female,60,Month-to-Month,No,35.14,2213.06,3.0,2,Yes,73.65,82.31,77.98,Yes,High
CUST-02559,46,Male,22,Month-to-Month,No,20.36,435.07,4.5,3,No,11.22,6.14,8.68,No,Low
CUST-02560,54,Male,39,One Year,Fiber Optic,93.42,3787.31,1.8,3,No,1.39,1.69,1.54,No,Low
CUST-02561,27,Female,11,Month-to-Month,DSL,45.77,496.21,4.5,1,Yes,79.38,76.77,78.08,Yes,High
CUST-02562,43,Female,15,Month-to-Month,DSL,39.15,603.18,1.9,2,No,82.54,97.6,90.07,Yes,High
CUST-02563,29,Male,48,Month-to-Month,Fiber Optic,80.86,4151.29,3.5,3,Yes,98.71,99.88,99.29,Yes,High
CUST-02564,45,Female,12,One Year,DSL,66.64,862.06,4.2,3,No,0.46,0.0,0.23,No,Low
CUST-02565,29,Male,18,One Year,Fiber Optic,90.05,1619.58,3.3,1,No,24.68,34.36,29.52,No,Low
CUST-02566,36,Male,0,Month-to-Month,Fiber Optic,108.43,108.97,3.8,1,Yes,97.85,99.99,98.92,Yes,High
CUST-02567,28,Male,4,Two Year,DSL,62.91,299.77,4.3,2,No,1.24,0.06,0.65,No,Low
CUST-02568,51,Male,24,Month-to-Month,No,20.7,538.63,3.7,4,No,8.35,10.66,9.5,No,Low
CUST-02569,54,Male,30,One Year,Fiber Optic,77.03,2233.29,2.9,2,No,1.11,0.12,0.62,No,Low
CUST-02570,38,Male,20,One Year,DSL,58.87,1171.98,2.9,3,No,0.4,0.0,0.2,No,Low
CUST-02571,42,Male,3,One Year,Fiber Optic,92.76,372.27,2.3,2,No,3.24,2.68,2.96,No,Low
CUST-02572,21,Male,14,Month-to-Month,No,24.61,376.27,1.9,5,No,15.5,16.12,15.81,No,Low
CUST-02573,37,Male,10,Two Year,No,35.11,380.98,4.6,4,No,0.61,0.08,0.35,No,Low
CUST-02574,41,Female,16,Two Year,Fiber Optic,102.83,1649.15,3.9,3,No,1.4,0.08,0.74,No,Low
CUST-02575,78,Male,49,One Year,No,27.93,1376.9,4.8,3,No,0.13,0.0,0.07,No,Low
CUST-02576,26,Female,35,Month-to-Month,Fiber Optic,80.7,2710.18,3.9,3,Yes,97.15,98.11,97.63,Yes,High
CUST-02577,62,Female,2,Month-to-Month,Fiber Optic,110.85,302.16,2.8,1,Yes,96.33,99.1,97.71,Yes,High
CUST-02578,55,Female,53,One Year,DSL,72.17,4045.08,1.9,2,No,4.07,0.09,2.08,No,Low
CUST-02579,45,Female,15,Month-to-Month,Fiber Optic,72.34,1125.23,2.6,1,Yes,99.29,99.99,99.64,Yes,High
CUST-02580,66,Female,32,One Year,DSL,63.65,2041.72,3.9,4,No,1.11,0.06,0.59,No,Low
CUST-02581,47,Male,3,Month-to-Month,DSL,63.48,256.9,2.4,2,No,81.6,97.28,89.44,Yes,High
CUST-02582,47,Female,26,One Year,Fiber Optic,106.14,2819.94,4.6,1,No,3.56,0.1,1.83,No,Low
CUST-02583,41,Female,6,Month-to-Month,Fiber Optic,72.17,489.1,2.8,4,Yes,98.71,99.69,99.2,Yes,High
CUST-02584,59,Female,13,Month-to-Month,DSL,59.42,847.84,1.9,4,No,19.8,8.74,14.27,No,Low
CUST-02585,57,Female,0,Month-to-Month,Fiber Optic,120.0,116.55,2.9,1,Yes,98.34,99.26,98.8,Yes,High
CUST-02586,33,Male,3,Month-to-Month,Fiber Optic,99.29,411.82,3.5,2,Yes,98.48,99.0,98.74,Yes,High
CUST-02587,23,Female,2,Month-to-Month,Fiber Optic,81.05,230.0,5.0,2,Yes,96.32,96.73,96.53,Yes,High
CUST-02588,39,Female,6,One Year,No,29.32,185.75,3.3,1,No,0.11,0.0,0.06,No,Low
CUST-02589,30,Male,2,One Year,No,25.34,70.12,2.5,2,No,1.23,0.0,0.62,No,Low
CUST-02590,41,Male,28,One Year,Fiber Optic,84.03,2492.61,4.8,5,No,1.02,0.46,0.74,No,Low
CUST-02591,59,Female,0,One Year,Fiber Optic,88.46,91.9,4.5,3,No,2.16,0.06,1.11,No,Low
CUST-02592,35,Female,23,Month-to-Month,DSL,49.87,1090.67,3.1,1,Yes,70.59,56.49,63.54,Yes,High
CUST-02593,41,Male,3,Month-to-Month,No,32.85,136.17,1.4,1,No,10.54,4.9,7.72,No,Low
CUST-02594,42,Female,69,Month-to-Month,Fiber Optic,115.78,8441.36,2.6,2,Yes,73.27,74.81,74.04,Yes,High
CUST-02595,53,Male,64,One Year,No,18.0,1185.38,4.0,1,No,0.01,0.0,0.01,No,Low
CUST-02596,18,Male,6,Month-to-Month,DSL,56.37,400.18,4.6,2,No,6.06,3.96,5.01,No,Low
CUST-02597,33,Male,22,Month-to-Month,No,36.62,758.23,3.4,3,Yes,83.34,95.37,89.35,Yes,High
CUST-02598,44,Male,0,One Year,Fiber Optic,79.16,73.89,3.1,2,No,4.83,1.36,3.09,No,Low
CUST-02599,58,Male,64,Two Year,No,33.3,2017.73,2.6,1,No,0.01,0.0,0.0,No,
CUST-02600,35,Male,17,One Year,DSL,50.78,902.36,4.0,4,No,0.2,0.0,0.1,No,Low
CUST-02601,18,Female,1,One Year,No,27.15,54.22,2.1,2,No,0.42,0.0,0.21,No,Low
CUST-02602,50,Female,10,One Year,DSL,36.6,416.79,2.6,4,No,0.78,0.31,0.54,No,Low
CUST-02603,33,Male,1,Month-to-Month,DSL,49.52,96.39,4.7,3,No,13.06,7.0,10.03,No,Low
CUST-02604,25,Male,11,One Year,No,19.94,233.33,4.3,1,No,0.01,0.0,0.01,No,Low
CUST-02605,33,Male,26,Two Year,DSL,51.58,1264.73,4.8,6,No,0.37,0.0,0.18,No,Low
CUST-02606,39,Female,15,Month-to-Month,DSL,40.68,683.17,2.5,1,Yes,74.79,64.75,69.77,Yes,High
CUST-02607,33,Male,11,Month-to-Month,Fiber Optic,107.78,1347.47,1.8,1,Yes,98.87,100.0,99.43,Yes,High
CUST-02608,18,Male,3,Month-to-Month,No,37.05,134.98,4.8,2,No,12.25,4.32,8.28,No,Low
CUST-02609,54,Female,6,Month-to-Month,No,22.29,153.48,4.0,2,No,12.12,5.23,8.68,No,Low
CUST-02610,59,Female,2,Two Year,Fiber Optic,99.39,283.91,4.3,1,No,20.87,3.5,12.19,No,Low
CUST-02611,51,Male,39,Month-to-Month,DSL,51.24,1976.33,4.0,2,Yes,63.01,40.79,51.9,Yes,Medium
CUST-02612,26,Male,3,Month-to-Month,No,26.51,105.8,5.0,4,No,10.36,0.92,5.64,No,Low
CUST-02613,39,Male,21,Two Year,DSL,51.0,1080.44,4.0,1,No,0.0,0.0,0.0,No,
CUST-02614,41,Female,10,Month-to-Month,No,27.17,291.2,3.4,4,Yes,81.67,79.14,80.41,Yes,High
CUST-02615,50,Female,6,Month-to-Month,No,27.11,178.57,3.6,2,No,65.4,62.3,63.85,Yes,High
CUST-02616,51,Male,24,Two Year,DSL,55.19,1258.82,3.5,1,No,0.08,0.0,0.04,No,Low
CUST-02617,31,Female,14,Month-to-Month,DSL,48.43,736.09,4.9,4,No,10.0,6.52,8.26,No,Low
CUST-02618,43,Male,12,One Year,No,38.38,477.36,4.6,3,No,0.27,0.0,0.14,No,Low
CUST-02619,48,Male,21,Month-to-Month,No,28.25,642.0,4.9,6,No,14.31,11.71,13.01,No,Low
CUST-02620,62,Male,16,Month-to-Month,No,20.78,368.01,1.0,0,No,11.03,19.59,15.31,No,Low
CUST-02621,51,Male,8,Month-to-Month,Fiber Optic,67.44,554.31,2.9,5,Yes,95.86,99.88,97.87,Yes,High
CUST-02622,53,Male,19,Month-to-Month,Fiber Optic,61.29,1229.05,2.2,5,Yes,94.74,98.96,96.85,Yes,High
CUST-02623,43,Male,26,Two Year,DSL,60.18,1662.26,5.0,4,No,0.19,0.0,0.09,No,Low
CUST-02624,61,Male,0,Two Year,DSL,61.97,61.79,2.4,3,No,2.65,0.41,1.53,No,Low
CUST-02625,47,Male,15,Two Year,Fiber Optic,85.91,1304.87,3.9,1,No,22.03,24.78,23.41,No,Low
CUST-02626,29,Female,1,Month-to-Month,Fiber Optic,108.04,203.69,5.0,2,Yes,92.46,82.01,87.23,Yes,High
CUST-02627,61,Male,4,Two Year,Fiber Optic,62.39,302.38,3.6,2,No,3.08,0.8,1.94,No,Low
CUST-02628,51,Male,19,One Year,DSL,64.87,1218.06,2.8,4,No,0.47,0.0,0.24,No,Low
CUST-02629,35,Female,48,Month-to-Month,No,29.02,1470.84,3.5,3,No,6.98,0.88,3.93,No,Low
CUST-02630,35,Female,51,One Year,No,18.17,857.31,1.7,2,No,1.46,0.02,0.74,No,Low
CUST-02631,46,Female,1,Month-to-Month,Fiber Optic,95.6,175.31,1.6,1,Yes,99.04,100.0,99.52,Yes,High
CUST-02632,48,Male,13,Month-to-Month,Fiber Optic,87.46,1213.39,3.8,2,Yes,99.39,99.99,99.69,Yes,High
CUST-02633,44,Male,20,Two Year,Fiber Optic,77.34,1622.11,1.0,3,No,1.61,4.01,2.81,No,Low
CUST-02634,46,Female,3,One Year,Fiber Optic,81.99,331.37,3.2,1,No,2.15,0.05,1.1,No,Low
CUST-02635,65,Female,34,Month-to-Month,DSL,56.07,1847.33,3.1,3,No,9.26,10.28,9.77,No,Low
CUST-02636,57,Male,32,Month-to-Month,Fiber Optic,94.4,2941.26,5.0,3,No,75.56,74.34,74.95,Yes,High
CUST-02637,44,Female,56,Two Year,Fiber Optic,113.79,6239.87,3.8,2,No,1.53,0.02,0.78,No,Low
CUST-02638,55,Male,0,One Year,Fiber Optic,68.58,64.13,2.9,3,No,3.65,1.94,2.79,No,Low
CUST-02639,27,Female,5,Month-to-Month,Fiber Optic,78.6,451.13,4.3,0,Yes,96.56,99.73,98.14,Yes,High
CUST-02640,47,Female,42,Month-to-Month,Fiber Optic,81.58,3523.86,3.4,6,Yes,99.22,99.97,99.6,Yes,High
CUST-02641,67,Female,26,Month-to-Month,DSL,29.35,772.47,2.0,1,Yes,81.67,93.94,87.81,Yes,High
CUST-02642,38,Female,53,Two Year,Fiber Optic,98.18,5540.25,3.5,2,No,1.65,0.02,0.83,No,Low
CUST-02643,30,Female,1,Month-to-Month,DSL,70.54,139.24,3.4,3,No,60.0,77.86,68.93,Yes,High
CUST-02644,32,Male,21,Month-to-Month,Fiber Optic,90.95,1899.44,3.3,1,Yes,98.92,99.99,99.45,Yes,High
CUST-02645,26,Male,20,Month-to-Month,DSL,52.44,1021.15,3.7,5,No,11.27,18.69,14.98,No,Low
CUST-02646,31,Male,0,Two Year,No,28.04,26.16,4.4,1,No,0.4,0.0,0.2,No,Low
CUST-02647,36,Male,17,One Year,DSL,45.36,736.8,3.6,2,No,0.77,0.0,0.38,No,Low
CUST-02648,22,Female,22,One Year,DSL,63.93,1420.87,1.8,3,No,0.99,0.0,0.5,No,Low
CUST-02649,42,Male,5,Month-to-Month,No,22.15,138.75,1.6,2,Yes,84.8,98.52,91.66,Yes,High
CUST-02650,54,Male,7,Month-to-Month,Fiber Optic,90.52,736.18,2.8,1,Yes,99.59,99.99,99.79,Yes,High
CUST-02651,29,Female,24,Two Year,Fiber Optic,62.58,1478.62,2.7,0,No,24.22,25.04,24.63,No,Low
CUST-02652,63,Female,15,Two Year,Fiber Optic,83.67,1365.25,3.6,1,No,24.54,24.61,24.57,No,Low
CUST-02653,49,Male,46,Two Year,Fiber Optic,102.98,5032.52,4.7,2,No,1.5,0.06,0.78,No,Low
CUST-02654,56,Male,10,Two Year,DSL,45.78,504.04,4.9,1,No,0.2,0.0,0.1,No,Low
CUST-02655,32,Male,7,Two Year,Fiber Optic,96.38,753.13,2.5,3,Yes,58.66,74.43,66.54,Yes,High
CUST-02656,53,Female,72,One Year,No,38.25,2569.93,1.3,2,No,0.52,0.0,0.26,No,Low
CUST-02657,26,Male,58,Two Year,Fiber Optic,98.18,5282.58,3.3,2,No,2.06,0.17,1.12,No,Low
CUST-02658,54,Female,0,One Year,No,23.22,21.66,4.4,1,No,2.03,0.0,1.02,No,Low
CUST-02659,44,Male,35,Month-to-Month,No,18.0,647.68,2.7,4,Yes,76.75,82.08,79.42,Yes,High
CUST-02660,49,Male,2,Month-to-Month,No,33.82,93.67,3.3,0,No,16.17,6.98,11.57,No,Low
CUST-02661,25,Female,0,Two Year,No,31.51,30.88,3.0,0,No,0.86,0.0,0.43,No,Low
CUST-02662,29,Male,7,Month-to-Month,Fiber Optic,105.87,817.73,4.9,7,Yes,98.86,99.57,99.21,Yes,High
CUST-02663,50,Male,7,Two Year,DSL,37.99,302.18,5.0,3,No,0.53,0.0,0.27,No,Low
CUST-02664,28,Male,41,Month-to-Month,Fiber Optic,82.72,3153.96,3.9,2,Yes,98.81,99.98,99.4,Yes,High
CUST-02665,48,Male,29,Month-to-Month,No,30.51,958.35,4.0,6,No,8.05,3.43,5.74,No,Low
CUST-02666,22,Female,72,Month-to-Month,Fiber Optic,86.27,6319.68,1.7,2,Yes,92.5,99.98,96.24,Yes,High
CUST-02667,53,Male,29,Month-to-Month,Fiber Optic,89.93,2720.19,2.7,1,Yes,97.08,98.47,97.78,Yes,High
CUST-02668,24,Male,13,Month-to-Month,No,27.66,349.46,4.2,1,No,13.89,3.83,8.86,No,Low
CUST-02669,49,Male,28,Month-to-Month,Fiber Optic,67.59,1787.46,3.6,2,Yes,98.61,99.99,99.3,Yes,High
CUST-02670,50,Female,72,Two Year,Fiber Optic,93.02,6812.01,3.8,3,No,20.43,9.87,15.15,No,Low
CUST-02671,32,Female,29,Month-to-Month,Fiber Optic,78.93,2170.05,1.3,2,Yes,98.77,100.0,99.38,Yes,High
CUST-02672,50,Female,34,Month-to-Month,DSL,63.19,2287.52,1.0,2,Yes,84.9,97.72,91.31,Yes,High
CUST-02673,45,Female,66,Month-to-Month,DSL,56.72,3774.47,5.0,6,No,46.94,80.32,63.63,No,High
CUST-02674,34,Male,2,One Year,DSL,42.19,115.26,3.0,1,No,1.0,0.0,0.5,No,Low
CUST-02675,27,Male,29,One Year,No,21.37,636.0,1.4,4,No,1.85,0.01,0.93,No,Low
CUST-02676,18,Male,45,One Year,Fiber Optic,99.22,4657.28,3.1,1,No,2.99,0.23,1.61,No,Low
CUST-02677,46,Male,72,Month-to-Month,DSL,52.69,3923.82,1.6,3,Yes,81.19,95.01,88.1,Yes,High
CUST-02678,20,Male,5,Month-to-Month,DSL,58.59,337.54,1.9,2,Yes,86.77,98.29,92.53,Yes,High
CUST-02679,43,Female,16,One Year,DSL,39.96,658.27,2.4,3,No,0.84,0.25,0.54,No,Low
CUST-02680,38,Female,27,Two Year,DSL,72.12,2040.4,1.6,2,No,5.12,0.19,2.65,No,Low
CUST-02681,51,Female,6,Month-to-Month,Fiber Optic,114.68,827.74,1.0,0,Yes,96.86,99.6,98.23,Yes,High
CUST-02682,37,Male,22,Month-to-Month,Fiber Optic,82.22,1927.06,4.0,0,Yes,96.94,99.71,98.33,Yes,High
CUST-02683,37,Female,7,Month-to-Month,Fiber Optic,60.97,482.6,2.6,1,Yes,90.84,93.68,92.26,Yes,High
CUST-02684,52,Female,9,Month-to-Month,Fiber Optic,95.92,967.58,4.2,4,Yes,97.65,94.35,96.0,Yes,High
CUST-02685,46,Female,13,One Year,Fiber Optic,58.4,815.84,3.2,4,No,0.42,0.22,0.32,No,Low
CUST-02686,46,Male,18,Month-to-Month,Fiber Optic,70.75,1326.2,1.2,3,Yes,98.52,99.87,99.2,Yes,High
CUST-02687,48,Male,14,Month-to-Month,Fiber Optic,81.21,1264.38,3.2,2,Yes,98.3,98.74,98.52,Yes,High
CUST-02688,20,Male,16,Month-to-Month,DSL,62.98,1067.65,4.8,2,No,15.86,4.03,9.95,No,Low
CUST-02689,52,Male,8,Two Year,No,26.43,227.71,3.1,3,No,0.44,0.02,0.23,No,Low
CUST-02690,50,Female,4,Two Year,Fiber Optic,76.04,397.75,2.4,1,Yes,42.85,51.39,47.12,No,Medium
CUST-02691,27,Male,1,Two Year,DSL,56.73,118.28,1.6,2,No,0.91,0.0,0.46,No,Low
CUST-02692,38,Male,5,Month-to-Month,No,24.54,149.76,2.6,5,Yes,89.69,98.9,94.29,Yes,High
CUST-02693,41,Female,20,One Year,DSL,51.93,986.83,1.9,3,No,0.99,0.0,0.5,No,Low
CUST-02694,40,Female,37,Month-to-Month,No,19.47,746.73,2.7,2,No,5.38,1.33,3.35,No,Low
CUST-02695,46,Male,4,Month-to-Month,Fiber Optic,85.97,388.79,1.0,4,Yes,98.24,100.0,99.12,Yes,High
CUST-02696,62,Female,2,Month-to-Month,No,31.16,85.16,1.9,2,Yes,84.46,98.06,91.26,Yes,High
CUST-02697,57,Male,33,One Year,DSL,50.5,1636.09,3.9,3,No,1.49,0.06,0.77,No,Low
CUST-02698,23,Male,8,Month-to-Month,Fiber Optic,67.19,572.92,3.4,4,Yes,97.57,99.56,98.57,Yes,High
CUST-02699,50,Male,72,Two Year,No,31.01,2228.8,2.8,2,No,0.13,0.0,0.06,No,Low
CUST-02700,60,Female,30,Month-to-Month,No,25.32,735.14,1.8,3,No,7.36,3.82,5.59,No,Low
CUST-02701,47,Female,9,Month-to-Month,Fiber Optic,115.6,1074.94,5.0,4,Yes,95.23,98.19,96.71,Yes,High
CUST-02702,57,Male,8,Month-to-Month,No,27.48,247.32,5.0,1,Yes,74.91,72.25,73.58,Yes,High
CUST-02703,70,Female,17,Month-to-Month,Fiber Optic,87.66,1525.03,1.8,1,Yes,98.37,99.47,98.92,Yes,High
CUST-02704,56,Male,1,Month-to-Month,DSL,66.97,121.61,4.1,4,No,24.48,14.28,19.38,No,Low
CUST-02705,45,Female,3,Month-to-Month,Fiber Optic,76.59,296.05,1.9,2,Yes,97.72,97.98,97.85,Yes,High
CUST-02706,56,Male,4,Month-to-Month,Fiber Optic,94.48,478.92,3.8,1,Yes,97.49,98.0,97.75,Yes,High
CUST-02707,44,Male,35,Month-to-Month,DSL,55.57,1820.47,1.0,3,No,14.66,41.88,28.27,No,Low
CUST-02708,42,Female,17,Month-to-Month,Fiber Optic,85.27,1592.22,2.5,2,Yes,98.16,99.96,99.06,Yes,High
CUST-02709,37,Female,0,Month-to-Month,Fiber Optic,91.04,88.44,3.4,1,Yes,97.01,88.96,92.99,Yes,High
CUST-02710,63,Male,26,Month-to-Month,Fiber Optic,104.51,2756.32,3.6,2,Yes,98.89,99.99,99.44,Yes,High
CUST-02711,30,Male,13,Month-to-Month,Fiber Optic,87.55,1158.18,2.1,0,Yes,97.76,99.18,98.47,Yes,High
CUST-02712,63,Male,17,Month-to-Month,DSL,51.91,931.62,3.8,1,No,75.32,87.47,81.39,Yes,High
CUST-02713,48,Male,5,Two Year,Fiber Optic,90.7,491.53,3.1,1,No,2.63,0.1,1.37,No,Low
CUST-02714,22,Female,19,Month-to-Month,No,18.0,363.88,1.6,0,No,15.49,14.21,14.85,No,Low
CUST-02715,47,Female,72,Month-to-Month,Fiber Optic,73.23,4890.73,2.0,3,Yes,83.68,90.47,87.07,Yes,High
CUST-02716,18,Male,1,Two Year,Fiber Optic,79.88,154.44,5.0,2,No,2.44,0.03,1.24,No,Low
CUST-02717,50,Male,8,Two Year,Fiber Optic,83.27,691.03,3.4,4,No,1.9,1.74,1.82,No,Low
CUST-02718,54,Female,6,Two Year,DSL,51.47,333.42,2.7,3,No,1.06,0.0,0.53,No,Low
CUST-02719,33,Male,6,One Year,Fiber Optic,104.12,706.73,1.5,5,Yes,64.69,95.42,80.05,Yes,High
CUST-02720,43,Female,11,Month-to-Month,DSL,60.06,655.71,2.6,2,No,5.69,2.59,4.14,No,Low
CUST-02721,69,Male,40,Month-to-Month,Fiber Optic,92.3,3490.95,3.4,3,Yes,96.37,98.5,97.44,Yes,High
CUST-02722,34,Female,58,One Year,No,30.35,1757.6,3.6,1,No,0.22,0.0,0.11,No,Low
CUST-02723,27,Female,5,Two Year,Fiber Optic,82.44,496.82,3.3,2,No,1.9,0.58,1.24,No,Low
CUST-02724,62,Female,18,One Year,No,26.81,485.91,2.4,0,No,1.14,0.07,0.61,No,Low
CUST-02725,69,Female,24,Two Year,Fiber Optic,93.82,2415.58,1.1,3,No,22.89,35.15,29.02,No,Low
CUST-02726,42,Male,17,Month-to-Month,Fiber Optic,116.32,1934.92,3.1,1,No,84.95,92.92,88.94,Yes,High
CUST-02727,56,Female,13,Month-to-Month,Fiber Optic,110.6,1523.76,3.2,4,Yes,98.17,99.46,98.81,Yes,High
CUST-02728,60,Female,5,Two Year,Fiber Optic,104.57,573.08,2.2,6,No,5.96,9.34,7.65,No,Low
CUST-02729,31,Male,16,One Year,DSL,55.94,879.77,3.0,7,No,0.72,0.01,0.36,No,Low
CUST-02730,35,Male,12,Two Year,No,33.51,451.45,3.3,5,No,0.19,0.0,0.1,No,Low
CUST-02731,59,Male,38,One Year,Fiber Optic,91.9,3759.43,3.6,4,No,1.98,0.48,1.23,No,Low
CUST-02732,65,Male,34,Month-to-Month,DSL,69.27,2544.75,4.1,2,No,8.86,3.37,6.12,No,Low
CUST-02733,49,Male,3,Month-to-Month,Fiber Optic,83.6,341.11,1.0,4,Yes,99.74,100.0,99.87,Yes,High
CUST-02734,29,Female,2,Two Year,Fiber Optic,92.37,257.7,3.7,3,No,1.78,0.1,0.94,No,Low
CUST-02735,69,Male,57,One Year,Fiber Optic,69.42,3796.5,1.4,2,No,2.88,0.93,1.9,No,Low
CUST-02736,34,Female,18,Month-to-Month,No,22.94,398.09,2.0,3,No,16.14,30.83,23.49,No,Low
CUST-02737,37,Male,46,Month-to-Month,Fiber Optic,97.7,4169.94,4.4,2,Yes,97.1,99.7,98.4,Yes,High
CUST-02738,46,Male,1,Month-to-Month,DSL,54.11,109.29,1.8,3,Yes,90.91,98.93,94.92,Yes,High
CUST-02739,63,Male,17,Month-to-Month,Fiber Optic,86.2,1522.21,4.2,6,Yes,98.26,99.63,98.94,Yes,High
CUST-02740,53,Male,18,One Year,Fiber Optic,96.14,1825.0,2.5,2,Yes,45.65,62.72,54.18,No,Medium
CUST-02741,47,Male,47,Month-to-Month,Fiber Optic,110.86,5252.17,4.9,1,Yes,86.35,48.68,67.51,Yes,High
CUST-02742,48,Male,2,Month-to-Month,Fiber Optic,88.5,239.42,1.7,3,Yes,96.0,100.0,98.0,Yes,High
CUST-02743,42,Male,6,Two Year,Fiber Optic,95.24,631.99,3.1,1,No,3.27,0.11,1.69,No,Low
CUST-02744,49,Female,12,Month-to-Month,Fiber Optic,80.66,1052.44,1.0,1,Yes,98.6,99.69,99.14,Yes,High
CUST-02745,18,Female,48,Two Year,Fiber Optic,95.46,4814.03,3.3,1,No,1.32,0.01,0.67,No,Low
CUST-02746,37,Male,67,Month-to-Month,No,32.27,2025.74,1.4,4,No,18.5,27.9,23.2,No,Low
CUST-02747,45,Female,72,Two Year,Fiber Optic,92.5,6196.73,2.9,0,No,2.07,0.05,1.06,No,Low
CUST-02748,25,Female,72,Month-to-Month,DSL,70.72,5388.85,2.2,4,No,8.35,8.15,8.25,No,Low
CUST-02749,47,Male,0,Month-to-Month,Fiber Optic,81.12,84.78,5.0,3,Yes,97.89,99.9,98.9,Yes,High
CUST-02750,39,Female,1,Two Year,No,24.45,49.51,2.7,3,No,2.16,0.22,1.19,No,Low
CUST-02751,66,Female,3,One Year,Fiber Optic,106.55,387.36,5.0,2,No,2.2,0.22,1.21,No,Low
CUST-02752,64,Male,10,Month-to-Month,Fiber Optic,80.64,882.19,2.1,2,Yes,98.21,99.63,98.92,Yes,High
CUST-02753,35,Male,42,Two Year,No,18.0,711.51,1.0,2,No,0.62,0.0,0.31,No,Low
CUST-02754,39,Male,53,Month-to-Month,Fiber Optic,112.81,6255.06,4.0,1,Yes,98.14,99.93,99.03,Yes,High
CUST-02755,40,Male,4,Two Year,DSL,64.04,302.74,1.9,4,No,1.51,0.01,0.76,No,Low
CUST-02756,35,Female,23,Month-to-Month,DSL,70.75,1649.21,4.4,3,No,12.68,5.92,9.3,No,Low
CUST-02757,44,Male,59,Month-to-Month,Fiber Optic,82.78,4609.32,3.0,5,Yes,95.13,99.28,97.21,Yes,High
CUST-02758,31,Female,14,Month-to-Month,No,41.62,629.77,3.9,4,No,12.27,10.92,11.6,No,Low
CUST-02759,26,Female,2,Month-to-Month,No,36.74,107.5,4.2,1,No,12.01,3.26,7.64,No,Low
CUST-02760,50,Female,14,Month-to-Month,No,31.24,471.35,5.0,2,No,11.7,2.03,6.87,No,Low
CUST-02761,50,Female,11,Month-to-Month,No,18.0,204.76,4.4,2,No,61.33,42.17,51.75,Yes,Medium
CUST-02762,30,Male,20,Month-to-Month,DSL,58.81,1181.32,3.4,1,No,6.68,5.37,6.03,No,Low
CUST-02763,54,Male,13,Month-to-Month,Fiber Optic,67.73,980.91,4.2,3,Yes,98.75,99.99,99.37,Yes,High
CUST-02764,33,Female,0,Month-to-Month,DSL,74.72,70.1,4.0,2,No,10.59,1.05,5.82,No,Low
CUST-02765,45,Male,72,Two Year,Fiber Optic,72.92,5511.88,3.8,7,No,23.15,45.99,34.57,No,Low
CUST-02766,53,Male,18,One Year,Fiber Optic,98.83,1711.33,5.0,0,No,3.87,0.01,1.94,No,Low
CUST-02767,41,Female,15,One Year,DSL,40.4,597.17,3.0,1,No,1.18,0.07,0.62,No,Low
CUST-02768,48,Female,72,Two Year,No,26.47,1931.29,3.4,2,No,0.04,0.0,0.02,No,Low
CUST-02769,34,Male,4,One Year,Fiber Optic,86.41,453.28,2.6,2,Yes,60.14,69.4,64.77,Yes,High
CUST-02770,39,Female,5,Two Year,No,18.52,115.57,5.0,3,No,0.25,0.0,0.13,No,Low
CUST-02771,39,Female,39,Month-to-Month,Fiber Optic,85.33,3332.18,2.9,3,Yes,97.42,98.82,98.12,Yes,High
CUST-02772,31,Male,7,Month-to-Month,Fiber Optic,106.7,835.82,3.6,2,Yes,98.7,98.82,98.76,Yes,High
CUST-02773,39,Male,38,Month-to-Month,No,18.0,692.18,2.1,2,Yes,89.65,95.67,92.66,Yes,High
CUST-02774,20,Female,7,Month-to-Month,No,26.54,216.32,2.7,4,No,24.95,31.15,28.05,No,Low
CUST-02775,35,Male,0,Two Year,Fiber Optic,90.13,88.56,4.3,3,Yes,57.69,46.5,52.09,Yes,Medium
CUST-02776,38,Male,17,One Year,Fiber Optic,90.94,1502.14,3.1,4,No,1.82,1.66,1.74,No,Low
CUST-02777,38,Male,5,Month-to-Month,Fiber Optic,58.74,361.51,4.5,1,Yes,90.47,96.26,93.37,Yes,High
CUST-02778,38,Female,34,One Year,No,18.0,650.66,4.1,2,No,0.18,0.0,0.09,No,Low
CUST-02779,41,Male,24,Month-to-Month,Fiber Optic,93.49,2425.36,3.1,2,Yes,99.56,99.99,99.77,Yes,High
CUST-02780,48,Male,61,Month-to-Month,Fiber Optic,86.08,5139.99,2.2,3,Yes,94.41,99.17,96.79,Yes,High
CUST-02781,54,Male,36,One Year,DSL,67.32,2324.43,3.5,2,No,0.01,0.0,0.0,No,
CUST-02782,32,Female,4,Two Year,Fiber Optic,101.63,466.44,3.5,1,No,36.96,33.93,35.44,No,Medium
CUST-02783,25,Male,38,Two Year,Fiber Optic,91.26,3483.31,3.2,0,No,3.37,0.2,1.79,No,Low
CUST-02784,27,Female,24,One Year,No,34.47,811.44,3.5,4,No,0.22,0.0,0.11,No,Low
CUST-02785,35,Female,26,Month-to-Month,No,32.22,838.7,2.4,4,Yes,31.13,21.51,26.32,No,Low
CUST-02786,37,Male,42,Month-to-Month,No,18.0,708.09,3.9,1,No,3.98,2.51,3.24,No,Low
CUST-02787,31,Female,20,Month-to-Month,Fiber Optic,94.24,1840.28,3.7,3,Yes,98.12,99.05,98.58,Yes,High
CUST-02788,23,Female,15,One Year,No,25.59,395.42,2.4,4,No,1.38,0.0,0.69,No,Low
CUST-02789,35,Female,24,Month-to-Month,DSL,51.75,1199.03,2.7,2,No,10.54,2.41,6.47,No,Low
CUST-02790,44,Male,8,Month-to-Month,Fiber Optic,67.36,566.09,3.1,4,Yes,97.62,99.99,98.8,Yes,High
CUST-02791,50,Female,4,Two Year,DSL,61.06,275.68,2.7,1,No,1.15,0.1,0.63,No,Low
CUST-02792,34,Female,23,Two Year,Fiber Optic,103.42,2261.07,2.3,4,No,0.84,0.41,0.62,No,Low
CUST-02793,36,Female,6,One Year,DSL,53.62,344.36,4.3,2,No,0.32,0.01,0.16,No,Low
CUST-02794,29,Male,1,Month-to-Month,DSL,63.02,125.85,4.2,2,No,14.98,7.07,11.03,No,Low
CUST-02795,41,Female,0,Month-to-Month,DSL,41.64,38.41,3.9,5,Yes,73.77,83.28,78.52,Yes,High
CUST-02796,30,Male,22,Month-to-Month,Fiber Optic,113.61,2696.88,1.9,1,Yes,98.67,99.96,99.32,Yes,High
CUST-02797,50,Male,10,One Year,DSL,58.67,656.86,5.0,4,No,0.51,0.0,0.26,No,Low
CUST-02798,18,Male,33,Month-to-Month,Fiber Optic,84.55,2939.65,3.5,1,Yes,98.13,99.98,99.05,Yes,High
CUST-02799,36,Female,11,Two Year,No,19.48,222.73,3.1,2,No,0.15,0.0,0.08,No,Low
CUST-02800,46,Male,15,Two Year,DSL,47.37,688.69,4.1,3,No,0.34,0.0,0.17,No,Low
CUST-02801,44,Female,12,Month-to-Month,Fiber Optic,97.07,1150.19,3.1,2,Yes,98.0,99.14,98.57,Yes,High
CUST-02802,79,Female,25,Month-to-Month,Fiber Optic,81.08,2115.37,1.0,3,Yes,97.65,98.9,98.28,Yes,High
CUST-02803,46,Male,10,One Year,DSL,60.68,693.16,3.5,3,No,0.39,0.0,0.2,No,Low
CUST-02804,27,Female,72,Two Year,DSL,49.06,3317.41,4.4,3,No,2.28,0.01,1.15,No,Low
CUST-02805,40,Male,66,Two Year,DSL,48.97,3378.24,3.6,2,No,0.79,0.0,0.39,No,Low
CUST-02806,18,Male,45,Month-to-Month,Fiber Optic,75.56,3468.63,1.2,4,Yes,98.39,99.85,99.12,Yes,High
CUST-02807,40,Female,60,Month-to-Month,DSL,57.23,3496.28,4.1,3,No,12.61,2.55,7.58,No,Low
CUST-02808,30,Female,14,One Year,Fiber Optic,81.89,1234.06,3.5,2,No,2.42,0.56,1.49,No,Low
CUST-02809,54,Female,18,One Year,DSL,64.72,1118.19,3.6,6,No,0.35,0.4,0.38,No,Low
CUST-02810,34,Female,32,Month-to-Month,No,21.47,701.83,1.5,2,No,8.55,18.55,13.55,No,Low
CUST-02811,40,Male,28,Month-to-Month,DSL,54.35,1532.8,2.6,3,Yes,88.6,96.4,92.5,Yes,High
CUST-02812,33,Male,53,One Year,Fiber Optic,79.91,4425.12,2.0,5,No,1.47,1.93,1.7,No,Low
CUST-02813,66,Female,30,Month-to-Month,No,18.0,538.03,4.2,6,Yes,86.82,95.17,90.99,Yes,High
CUST-02814,37,Male,72,Two Year,Fiber Optic,84.06,5991.73,3.7,5,No,0.68,0.03,0.36,No,Low
CUST-02815,67,Male,10,Month-to-Month,DSL,54.97,596.85,2.5,3,No,12.64,24.81,18.73,No,Low
CUST-02816,53,Female,42,One Year,DSL,49.93,2121.25,2.4,3,No,1.32,0.02,0.67,No,Low
CUST-02817,48,Male,28,One Year,Fiber Optic,83.39,2321.56,2.9,5,No,0.8,0.25,0.53,No,Low
CUST-02818,47,Male,28,Month-to-Month,Fiber Optic,94.51,2535.05,3.5,3,Yes,96.42,98.85,97.63,Yes,High
CUST-02819,47,Female,9,One Year,Fiber Optic,75.85,711.25,4.2,3,No,2.64,0.54,1.59,No,Low
CUST-02820,18,Female,36,One Year,No,27.03,961.97,2.2,2,No,0.35,0.0,0.17,No,Low
CUST-02821,38,Female,55,Two Year,No,19.54,1086.54,3.6,4,No,0.24,0.0,0.12,No,Low
CUST-02822,53,Female,5,Month-to-Month,DSL,56.03,325.48,2.8,2,Yes,65.22,77.85,71.53,Yes,High
CUST-02823,41,Male,23,One Year,Fiber Optic,83.75,2047.68,1.0,1,No,1.72,1.92,1.82,No,Low
CUST-02824,22,Female,11,One Year,No,30.66,362.86,2.6,0,No,0.22,0.0,0.11,No,Low
CUST-02825,41,Female,72,Month-to-Month,DSL,52.48,3644.86,3.6,2,No,13.43,1.97,7.7,No,Low
CUST-02826,65,Male,15,Two Year,Fiber Optic,104.16,1624.18,2.3,1,No,0.99,0.99,0.99,No,Low
CUST-02827,59,Male,6,Month-to-Month,Fiber Optic,84.11,561.63,3.6,5,Yes,99.46,100.0,99.73,Yes,High
CUST-02828,41,Female,11,Month-to-Month,Fiber Optic,93.67,1016.75,4.0,2,Yes,99.08,99.99,99.53,Yes,High
CUST-02829,55,Female,25,Month-to-Month,DSL,60.94,1492.8,4.5,4,Yes,78.63,90.56,84.59,Yes,High
CUST-02830,36,Female,1,Month-to-Month,DSL,67.9,131.4,2.0,2,Yes,78.05,86.83,82.44,Yes,High
CUST-02831,18,Female,22,Two Year,DSL,48.36,1043.64,4.5,1,No,1.42,0.02,0.72,No,Low
CUST-02832,29,Female,64,One Year,No,25.95,1700.13,3.2,1,No,0.01,0.0,0.0,No,
CUST-02833,63,Female,45,Month-to-Month,Fiber Optic,71.75,3397.26,1.5,2,Yes,99.23,99.99,99.61,Yes,High
CUST-02834,38,Female,1,Two Year,DSL,60.83,114.91,2.9,2,No,0.26,0.0,0.13,No,Low
CUST-02835,38,Male,72,Month-to-Month,Fiber Optic,64.28,4240.24,2.9,2,Yes,89.13,99.98,94.55,Yes,High
CUST-02836,37,Female,28,One Year,DSL,48.66,1455.35,2.6,3,No,0.33,0.0,0.17,No,Low
CUST-02837,68,Male,4,Month-to-Month,Fiber Optic,98.16,484.23,1.8,0,Yes,96.05,99.46,97.75,Yes,High
CUST-02838,64,Female,0,Month-to-Month,Fiber Optic,77.59,69.9,3.5,3,Yes,99.48,99.99,99.74,Yes,High
CUST-02839,73,Female,4,Month-to-Month,No,26.4,128.7,3.1,1,No,18.53,8.13,13.33,No,Low
CUST-02840,39,Female,43,One Year,Fiber Optic,99.83,4017.02,2.6,2,No,0.51,0.06,0.29,No,Low
CUST-02841,46,Female,0,Month-to-Month,DSL,56.26,56.32,2.1,2,No,26.43,21.46,23.95,No,Low
CUST-02842,20,Male,6,Month-to-Month,No,39.86,273.46,1.2,2,Yes,81.92,93.11,87.51,Yes,High
CUST-02843,62,Male,33,Month-to-Month,DSL,45.43,1601.74,4.9,2,No,3.64,0.21,1.92,No,Low
CUST-02844,25,Male,21,Month-to-Month,Fiber Optic,78.04,1646.93,2.9,0,Yes,97.41,98.29,97.85,Yes,High
CUST-02845,45,Female,36,Two Year,Fiber Optic,61.68,2370.13,4.1,3,No,19.96,20.0,19.98,No,Low
CUST-02846,26,Female,32,Month-to-Month,No,26.64,901.51,4.4,2,No,9.46,2.16,5.81,No,Low
CUST-02847,33,Female,1,Two Year,Fiber Optic,85.33,172.86,4.3,4,Yes,46.95,46.23,46.59,No,Medium
CUST-02848,30,Male,53,Month-to-Month,DSL,42.3,2205.85,3.9,2,No,65.53,77.27,71.4,Yes,High
CUST-02849,33,Male,6,One Year,DSL,42.44,285.83,3.4,2,No,0.25,0.0,0.13,No,Low
CUST-02850,34,Female,19,Month-to-Month,DSL,57.37,1100.58,1.3,0,No,27.11,20.34,23.73,No,Low
CUST-02851,34,Male,24,Two Year,DSL,36.79,834.9,4.9,2,No,1.38,0.02,0.7,No,Low
CUST-02852,53,Female,4,Month-to-Month,Fiber Optic,85.7,424.6,1.9,1,Yes,98.45,99.53,98.99,Yes,High
CUST-02853,26,Female,72,One Year,DSL,72.07,5364.69,4.8,2,No,1.75,0.0,0.87,No,Low
CUST-02854,45,Female,16,Two Year,DSL,49.33,848.35,2.9,2,No,0.91,0.1,0.51,No,Low
CUST-02855,59,Male,1,Two Year,Fiber Optic,75.35,148.81,4.3,2,No,4.01,0.47,2.24,No,Low
CUST-02856,34,Female,66,Month-to-Month,Fiber Optic,75.78,4841.6,4.1,3,Yes,87.63,95.41,91.52,Yes,High
CUST-02857,31,Male,21,Two Year,DSL,66.94,1478.9,3.6,4,No,1.83,0.12,0.97,No,Low
CUST-02858,38,Female,28,One Year,DSL,47.73,1355.56,3.6,5,No,0.76,0.16,0.46,No,Low
CUST-02859,58,Male,17,Month-to-Month,DSL,52.93,977.47,3.0,2,Yes,26.23,13.45,19.84,No,Low
CUST-02860,44,Male,43,Month-to-Month,No,19.64,813.18,3.3,0,No,4.08,2.46,3.27,No,Low
CUST-02861,34,Female,0,Month-to-Month,DSL,39.97,36.59,3.2,4,No,19.45,3.84,11.64,No,Low
CUST-02862,48,Male,7,Month-to-Month,No,24.75,178.3,3.4,2,Yes,70.16,71.28,70.72,Yes,High
CUST-02863,26,Female,15,One Year,DSL,59.06,955.78,3.1,2,No,0.26,0.0,0.13,No,Low
CUST-02864,51,Female,1,One Year,Fiber Optic,75.83,150.13,1.7,4,No,1.44,0.89,1.17,No,Low
CUST-02865,47,Female,29,Month-to-Month,Fiber Optic,101.23,2760.5,2.7,0,Yes,96.2,87.53,91.87,Yes,High
CUST-02866,37,Female,12,Two Year,DSL,39.77,530.45,3.7,6,No,0.16,0.0,0.08,No,Low
CUST-02867,30,Male,7,Month-to-Month,No,18.08,140.53,3.1,1,No,8.75,1.34,5.04,No,Low
CUST-02868,29,Female,0,Two Year,Fiber Optic,99.12,96.07,3.2,6,No,47.45,82.33,64.89,No,High
CUST-02869,49,Male,30,Two Year,DSL,56.24,1748.12,2.5,2,No,1.17,0.11,0.64,No,Low
CUST-02870,59,Male,43,Two Year,Fiber Optic,72.94,3193.95,3.8,2,No,19.81,19.03,19.42,No,Low
CUST-02871,33,Female,12,Two Year,Fiber Optic,69.11,840.76,3.9,1,No,25.84,21.92,23.88,No,Low
CUST-02872,48,Male,19,Month-to-Month,DSL,66.34,1322.43,1.0,3,No,15.13,48.6,31.86,No,Low
CUST-02873,18,Female,6,Month-to-Month,Fiber Optic,74.05,533.24,1.5,2,Yes,98.43,99.74,99.09,Yes,High
CUST-02874,33,Female,23,Month-to-Month,DSL,51.87,1193.55,3.0,0,No,80.17,86.17,83.17,Yes,High
CUST-02875,41,Female,0,Month-to-Month,No,18.0,16.98,3.8,4,Yes,44.0,13.8,28.9,No,Low
CUST-02876,29,Female,16,One Year,No,20.5,316.79,3.5,2,No,0.1,0.0,0.05,No,Low
CUST-02877,28,Male,24,Month-to-Month,Fiber Optic,91.19,2258.7,3.0,1,Yes,97.57,98.61,98.09,Yes,High
CUST-02878,32,Female,60,Two Year,DSL,60.19,3720.44,4.1,0,No,0.46,0.0,0.23,No,Low
CUST-02879,46,Female,11,Two Year,No,49.08,615.55,3.9,2,No,0.13,0.0,0.07,No,Low
CUST-02880,39,Male,34,Month-to-Month,Fiber Optic,77.02,2673.58,3.0,1,Yes,99.31,99.98,99.65,Yes,High
CUST-02881,18,Male,21,Month-to-Month,Fiber Optic,104.46,2222.71,3.0,1,Yes,99.27,99.99,99.63,Yes,High
CUST-02882,18,Female,62,Month-to-Month,No,18.0,1179.67,1.8,4,Yes,82.7,95.96,89.33,Yes,High
CUST-02883,33,Male,12,Two Year,Fiber Optic,70.66,851.36,3.3,2,No,3.02,0.12,1.57,No,Low
CUST-02884,48,Male,9,One Year,No,34.54,347.56,3.8,2,No,0.69,0.06,0.38,No,Low
CUST-02885,18,Female,52,Month-to-Month,DSL,70.22,3532.22,2.4,4,No,15.77,2.44,9.11,No,Low
CUST-02886,35,Female,1,Month-to-Month,Fiber Optic,70.45,145.02,3.2,2,Yes,98.11,99.36,98.74,Yes,High
CUST-02887,34,Female,3,Month-to-Month,DSL,49.37,199.81,3.6,1,No,7.95,5.41,6.68,No,Low
CUST-02888,61,Female,2,Two Year,Fiber Optic,97.32,277.37,4.2,8,No,4.91,0.66,2.79,No,Low
CUST-02889,36,Female,44,Month-to-Month,Fiber Optic,103.12,4715.68,2.9,6,Yes,99.37,100.0,99.69,Yes,High
CUST-02890,47,Male,0,Month-to-Month,DSL,49.11,50.76,2.3,4,No,25.49,9.57,17.53,No,Low
CUST-02891,43,Male,47,Two Year,DSL,50.11,2255.8,2.8,3,No,0.24,0.0,0.12,No,Low
CUST-02892,18,Male,14,Two Year,DSL,57.72,853.47,3.5,4,No,0.71,0.16,0.44,No,Low
CUST-02893,52,Female,0,Two Year,Fiber Optic,97.58,93.96,3.5,1,No,18.96,6.23,12.6,No,Low
CUST-02894,45,Male,12,Month-to-Month,No,31.36,423.53,1.5,4,No,21.71,52.94,37.32,No,Medium
CUST-02895,49,Male,4,One Year,DSL,67.21,351.46,2.8,4,No,8.26,0.39,4.32,No,Low
CUST-02896,80,Female,23,One Year,No,18.0,395.53,2.1,0,No,1.45,0.09,0.77,No,Low
CUST-02897,18,Male,27,Month-to-Month,No,26.74,735.48,3.2,1,No,11.29,5.78,8.53,No,Low
CUST-02898,66,Male,16,One Year,Fiber Optic,72.12,1201.07,3.6,4,No,24.06,57.53,40.79,No,Medium
CUST-02899,37,Female,0,Month-to-Month,Fiber Optic,99.29,102.3,4.3,4,Yes,99.27,99.95,99.61,Yes,High
CUST-02900,46,Male,25,Month-to-Month,No,23.69,626.33,4.6,3,No,9.25,4.67,6.96,No,Low
CUST-02901,41,Male,44,Two Year,DSL,62.05,2633.28,3.7,5,No,0.85,0.0,0.43,No,Low
CUST-02902,36,Male,30,Month-to-Month,Fiber Optic,97.94,2970.25,2.7,6,Yes,98.1,99.79,98.95,Yes,High
CUST-02903,34,Female,42,Two Year,DSL,37.97,1562.06,2.6,4,No,0.01,0.0,0.0,No,
CUST-02904,46,Female,5,Month-to-Month,Fiber Optic,119.3,682.14,3.7,1,Yes,99.1,99.98,99.54,Yes,High
CUST-02905,20,Male,52,Month-to-Month,Fiber Optic,79.51,4254.67,4.0,6,Yes,98.22,99.95,99.08,Yes,High
CUST-02906,52,Female,9,One Year,DSL,48.69,481.99,1.9,5,No,0.6,0.01,0.3,No,Low
CUST-02907,36,Male,0,One Year,Fiber Optic,99.93,92.92,5.0,2,No,5.07,0.26,2.67,No,Low
CUST-02908,26,Female,44,Month-to-Month,No,36.12,1614.19,3.7,3,Yes,79.64,83.87,81.76,Yes,High
CUST-02909,35,Male,68,Two Year,No,21.59,1444.35,4.1,1,No,0.78,0.01,0.39,No,Low
CUST-02910,59,Female,25,Month-to-Month,DSL,52.56,1299.81,3.7,2,Yes,81.1,86.25,83.68,Yes,High
CUST-02911,34,Female,6,Two Year,Fiber Optic,72.27,460.35,2.0,1,No,3.36,1.48,2.42,No,Low
CUST-02912,47,Female,6,Month-to-Month,Fiber Optic,76.94,559.75,2.7,2,Yes,98.89,99.99,99.44,Yes,High
CUST-02913,31,Male,15,Two Year,Fiber Optic,93.57,1540.91,2.3,3,No,2.4,1.74,2.07,No,Low
CUST-02914,52,Male,54,Month-to-Month,DSL,47.77,2484.23,1.3,3,No,65.55,87.46,76.51,Yes,High
CUST-02915,51,Female,3,Two Year,Fiber Optic,76.87,302.39,1.9,0,No,1.4,0.81,1.11,No,Low
CUST-02916,67,Male,41,One Year,DSL,63.56,2748.81,5.0,3,No,0.02,0.0,0.01,No,Low
CUST-02917,39,Female,8,Month-to-Month,Fiber Optic,102.62,903.18,3.0,2,Yes,98.36,95.53,96.94,Yes,High
CUST-02918,51,Female,39,Two Year,No,27.97,1030.72,4.2,0,No,0.01,0.0,0.01,No,Low
CUST-02919,43,Female,60,Month-to-Month,No,37.75,2236.44,2.6,1,No,5.84,3.04,4.44,No,Low
CUST-02920,60,Male,13,Month-to-Month,DSL,57.42,761.35,2.4,6,Yes,87.99,99.5,93.74,Yes,High
CUST-02921,31,Female,10,Two Year,DSL,56.31,600.01,4.8,1,No,0.88,0.02,0.45,No,Low
CUST-02922,52,Female,38,Month-to-Month,Fiber Optic,91.28,3656.74,3.0,4,Yes,97.62,99.28,98.45,Yes,High
CUST-02923,39,Female,18,Month-to-Month,Fiber Optic,77.92,1423.22,3.0,3,Yes,97.56,94.74,96.15,Yes,High
CUST-02924,41,Male,27,Month-to-Month,No,38.31,1094.04,3.5,3,No,11.6,10.21,10.91,No,Low
CUST-02925,43,Male,23,Two Year,DSL,49.5,1110.66,3.9,5,No,0.22,0.0,0.11,No,Low
CUST-02926,45,Male,3,Month-to-Month,Fiber Optic,97.51,385.77,2.6,3,Yes,97.96,98.53,98.24,Yes,High
CUST-02927,40,Male,44,Month-to-Month,DSL,50.13,2174.44,1.0,2,No,11.4,5.82,8.61,No,Low
CUST-02928,45,Female,5,One Year,No,25.23,158.34,4.5,2,No,0.1,0.0,0.05,No,Low
CUST-02929,64,Female,64,Two Year,Fiber Optic,79.13,4629.69,3.7,1,No,1.34,0.01,0.68,No,Low
CUST-02930,55,Male,6,Two Year,Fiber Optic,103.45,691.24,2.2,4,No,1.45,5.05,3.25,No,Low
CUST-02931,54,Female,31,One Year,No,20.02,654.74,3.0,3,No,0.31,0.0,0.16,No,Low
CUST-02932,35,Male,8,One Year,DSL,34.9,301.14,4.7,1,No,0.23,0.0,0.12,No,Low
CUST-02933,29,Male,9,Month-to-Month,Fiber Optic,90.22,841.42,4.9,2,Yes,98.29,97.03,97.66,Yes,High
CUST-02934,55,Male,8,Month-to-Month,Fiber Optic,113.91,1053.89,2.8,3,No,87.01,97.34,92.18,Yes,High
CUST-02935,54,Male,33,One Year,No,36.55,1228.73,4.8,3,No,0.22,0.0,0.11,No,Low
CUST-02936,62,Female,19,Two Year,No,34.14,671.53,3.2,1,No,1.21,0.05,0.63,No,Low
CUST-02937,33,Male,51,One Year,Fiber Optic,78.01,3894.77,2.4,2,No,1.83,0.55,1.19,No,Low
CUST-02938,38,Female,8,Month-to-Month,Fiber Optic,95.52,794.04,2.6,4,Yes,99.68,100.0,99.84,Yes,High
CUST-02939,19,Male,28,Month-to-Month,DSL,66.32,1897.01,5.0,4,No,11.65,5.59,8.62,No,Low
CUST-02940,36,Female,33,One Year,Fiber Optic,78.71,2611.36,3.8,3,No,9.12,5.36,7.24,No,Low
CUST-02941,55,Male,3,One Year,Fiber Optic,80.95,310.95,2.2,1,No,31.51,67.95,49.73,No,Medium
CUST-02942,35,Male,12,One Year,Fiber Optic,93.74,1110.81,4.3,3,No,2.03,0.65,1.34,No,Low
CUST-02943,50,Male,15,One Year,Fiber Optic,80.69,1288.0,4.4,3,No,1.11,0.48,0.79,No,Low
CUST-02944,39,Male,10,Month-to-Month,No,18.0,196.96,2.7,5,No,20.35,39.91,30.13,No,Low
CUST-02945,46,Male,9,Two Year,Fiber Optic,70.59,694.51,3.7,1,No,38.12,30.32,34.22,No,Low
CUST-02946,25,Female,27,One Year,Fiber Optic,80.01,2060.44,4.8,2,No,17.01,14.76,15.88,No,Low
CUST-02947,43,Female,5,Month-to-Month,Fiber Optic,86.79,492.32,1.9,4,Yes,97.85,99.99,98.92,Yes,High
CUST-02948,18,Female,29,Month-to-Month,DSL,45.2,1315.97,1.2,2,No,16.54,23.68,20.11,No,Low
CUST-02949,39,Female,65,Two Year,Fiber Optic,96.14,6409.78,2.5,2,No,3.21,0.02,1.61,No,Low
CUST-02950,19,Male,19,Two Year,DSL,72.77,1358.52,1.3,0,No,3.81,0.0,1.9,No,Low
CUST-02951,58,Male,22,Month-to-Month,DSL,56.41,1323.54,1.8,2,Yes,25.99,24.43,25.21,No,Low
CUST-02952,52,Female,1,Month-to-Month,No,42.4,80.38,4.5,1,No,7.07,0.44,3.75,No,Low
CUST-02953,48,Female,47,Month-to-Month,DSL,53.88,2585.86,2.3,2,No,61.36,60.38,60.87,Yes,High
CUST-02954,63,Female,8,Month-to-Month,Fiber Optic,78.22,732.52,3.1,2,Yes,99.19,99.27,99.23,Yes,High
CUST-02955,28,Female,22,One Year,Fiber Optic,97.41,2256.4,4.0,0,No,2.32,0.02,1.17,No,Low
CUST-02956,66,Male,72,One Year,DSL,68.55,4555.73,4.5,2,No,1.54,0.01,0.77,No,Low
CUST-02957,55,Male,21,One Year,Fiber Optic,86.86,1827.73,3.6,3,No,8.6,13.26,10.93,No,Low
CUST-02958,38,Male,30,One Year,DSL,59.84,1830.41,1.0,1,No,1.69,0.04,0.87,No,Low
CUST-02959,57,Male,14,Month-to-Month,No,48.62,730.02,3.1,1,No,12.01,7.53,9.77,No,Low
CUST-02960,26,Male,1,Month-to-Month,No,18.0,34.26,4.0,2,No,14.01,6.57,10.29,No,Low
CUST-02961,30,Male,38,Month-to-Month,No,18.0,676.95,3.4,2,No,3.96,5.86,4.91,No,Low
CUST-02962,33,Female,0,Month-to-Month,No,29.7,28.41,3.8,3,No,22.64,13.47,18.06,No,Low
CUST-02963,34,Female,28,Month-to-Month,DSL,68.79,2004.28,2.5,1,No,14.77,6.84,10.81,No,Low
CUST-02964,27,Female,0,One Year,DSL,59.04,61.23,3.3,5,No,1.0,0.0,0.5,No,Low
CUST-02965,59,Female,47,Two Year,Fiber Optic,76.1,3713.93,3.9,1,No,0.44,0.01,0.23,No,Low
CUST-02966,38,Male,4,One Year,No,23.53,110.53,4.8,4,No,0.43,0.01,0.22,No,Low
CUST-02967,46,Male,17,Two Year,Fiber Optic,76.76,1355.45,2.5,2,No,16.22,15.69,15.95,No,Low
CUST-02968,34,Female,21,One Year,DSL,57.83,1236.28,2.5,4,No,0.35,0.0,0.18,No,Low
CUST-02969,18,Male,14,One Year,Fiber Optic,79.19,1071.83,4.9,5,No,1.6,0.73,1.17,No,Low
CUST-02970,45,Male,10,Month-to-Month,Fiber Optic,95.97,1098.7,2.8,2,Yes,99.0,99.43,99.22,Yes,High
CUST-02971,18,Male,15,Two Year,DSL,44.01,682.96,3.4,2,No,0.07,0.0,0.03,No,Low
CUST-02972,41,Male,8,Month-to-Month,Fiber Optic,88.74,831.78,3.5,3,Yes,99.57,100.0,99.78,Yes,High
CUST-02973,22,Female,13,Month-to-Month,DSL,51.1,715.13,3.2,5,Yes,85.89,98.05,91.97,Yes,High
CUST-02974,69,Male,10,Month-to-Month,DSL,77.87,861.91,5.0,0,No,8.28,0.17,4.23,No,Low
CUST-02975,54,Female,20,Two Year,DSL,61.35,1242.03,2.9,2,No,0.39,0.0,0.19,No,Low
CUST-02976,43,Female,6,Two Year,Fiber Optic,79.79,574.56,4.1,1,No,35.7,22.32,29.01,No,Low
CUST-02977,59,Male,72,One Year,DSL,71.6,4849.5,2.7,1,No,0.16,0.0,0.08,No,Low
CUST-02978,30,Male,16,One Year,No,18.0,319.43,5.0,2,No,0.11,0.02,0.07,No,Low
CUST-02979,49,Male,5,Month-to-Month,Fiber Optic,77.6,462.08,2.3,0,Yes,97.56,99.01,98.28,Yes,High
CUST-02980,44,Male,15,Two Year,DSL,42.01,638.45,3.9,3,No,0.15,0.0,0.08,No,Low
CUST-02981,45,Female,48,One Year,DSL,55.57,2752.62,1.0,2,No,1.26,0.24,0.75,No,Low
CUST-02982,59,Female,0,Two Year,No,21.52,21.77,2.9,2,No,2.89,0.12,1.5,No,Low
CUST-02983,52,Female,27,Month-to-Month,DSL,36.22,1030.57,3.8,3,Yes,81.27,89.24,85.26,Yes,High
CUST-02984,46,Male,19,Month-to-Month,Fiber Optic,82.71,1561.6,1.6,4,Yes,98.53,99.84,99.19,Yes,High
CUST-02985,18,Female,4,Two Year,No,18.0,81.35,2.8,3,No,0.55,0.0,0.28,No,Low
CUST-02986,28,Female,40,Month-to-Month,No,25.46,1078.71,5.0,1,No,68.57,45.48,57.02,Yes,Medium
CUST-02987,40,Male,11,Two Year,DSL,67.98,831.77,2.0,5,No,0.46,0.01,0.23,No,Low
CUST-02988,43,Female,8,Month-to-Month,DSL,62.0,535.84,3.5,2,No,15.74,11.56,13.65,No,Low
CUST-02989,26,Male,42,Two Year,DSL,55.64,2212.92,1.6,2,No,1.22,0.02,0.62,No,Low
CUST-02990,75,Female,24,Month-to-Month,DSL,36.93,895.85,2.0,2,Yes,86.41,96.99,91.7,Yes,High
CUST-02991,63,Female,54,One Year,DSL,46.32,2409.69,3.7,2,No,0.19,0.0,0.1,No,Low
CUST-02992,50,Male,23,Month-to-Month,No,27.89,621.91,3.0,2,No,7.9,11.25,9.58,No,Low
CUST-02993,43,Female,32,One Year,No,20.45,656.58,2.3,2,No,1.56,0.13,0.84,No,Low
CUST-02994,39,Male,43,Month-to-Month,DSL,45.87,2067.63,2.7,1,No,15.29,6.42,10.86,No,Low
CUST-02995,28,Male,1,Two Year,No,18.0,35.54,4.4,3,No,0.7,0.0,0.35,No,Low
CUST-02996,43,Female,35,One Year,Fiber Optic,44.26,1550.52,2.9,3,No,1.07,0.59,0.83,No,Low
CUST-02997,45,Female,22,Month-to-Month,Fiber Optic,90.54,2184.69,3.8,3,Yes,97.87,98.8,98.33,Yes,High
CUST-02998,24,Male,1,Two Year,DSL,49.77,100.94,1.3,3,No,0.86,0.01,0.43,No,Low
CUST-02999,46,Male,17,Month-to-Month,DSL,54.16,896.68,2.6,4,No,14.42,27.24,20.83,No,Low
CUST-03000,39,Male,2,Month-to-Month,Fiber Optic,93.51,270.02,2.7,3,Yes,99.76,100.0,99.88,Yes,High
CUST-03001,18,Male,31,Month-to-Month,DSL,35.93,1114.97,2.4,1,No,11.97,8.42,10.2,No,Low
CUST-03002,29,Female,18,Two Year,Fiber Optic,71.69,1350.64,3.1,3,No,0.88,0.75,0.82,No,Low
CUST-03003,36,Female,72,Month-to-Month,DSL,50.37,3685.34,2.9,0,No,12.58,1.37,6.97,No,Low
CUST-03004,68,Female,4,Month-to-Month,No,30.42,144.32,4.0,1,No,11.33,3.52,7.43,No,Low
CUST-03005,49,Male,22,Two Year,DSL,47.27,1038.4,4.4,2,No,0.03,0.0,0.01,No,Low
CUST-03006,23,Female,5,Two Year,Fiber Optic,80.48,442.09,2.5,4,No,1.45,2.76,2.1,No,Low
CUST-03007,48,Male,22,Month-to-Month,No,31.72,666.38,4.5,2,Yes,80.55,83.84,82.2,Yes,High
CUST-03008,20,Female,30,One Year,DSL,45.59,1432.65,2.4,0,No,1.14,0.04,0.59,No,Low
CUST-03009,57,Female,30,Two Year,No,29.77,958.78,3.3,2,No,0.04,0.0,0.02,No,Low
CUST-03010,35,Female,40,Month-to-Month,DSL,52.44,1998.51,1.7,0,Yes,84.65,92.63,88.64,Yes,High
CUST-03011,40,Male,46,Two Year,No,22.03,1075.24,2.9,1,No,0.01,0.0,0.0,No,
CUST-03012,60,Male,1,Month-to-Month,No,21.14,40.23,4.9,1,No,16.39,3.42,9.9,No,Low
CUST-03013,23,Male,10,One Year,DSL,60.41,685.85,3.4,3,No,0.14,0.0,0.07,No,Low
CUST-03014,22,Female,27,Month-to-Month,Fiber Optic,61.19,1548.68,2.9,5,Yes,93.43,99.62,96.52,Yes,High
CUST-03015,33,Male,16,One Year,DSL,52.27,811.8,1.0,4,No,0.91,0.02,0.46,No,Low
CUST-03016,56,Male,5,Month-to-Month,DSL,59.07,342.09,3.1,3,No,15.84,22.04,18.94,No,Low
CUST-03017,20,Male,19,One Year,DSL,53.76,1104.44,3.3,1,No,1.09,0.05,0.57,No,Low
CUST-03018,18,Female,12,Month-to-Month,Fiber Optic,101.97,1282.37,2.7,2,Yes,98.85,99.11,98.98,Yes,High
CUST-03019,35,Male,11,Month-to-Month,Fiber Optic,86.41,1063.8,2.8,3,Yes,98.45,97.3,97.87,Yes,High
CUST-03020,49,Female,39,Month-to-Month,DSL,56.28,2141.15,3.1,2,No,6.78,4.95,5.87,No,Low
CUST-03021,58,Female,12,Two Year,No,32.33,386.61,3.2,3,No,0.3,0.0,0.15,No,Low
CUST-03022,35,Female,0,Month-to-Month,DSL,64.94,67.46,3.0,3,Yes,90.49,97.33,93.91,Yes,High
CUST-03023,36,Male,1,Month-to-Month,Fiber Optic,109.89,200.32,4.5,1,Yes,95.47,97.66,96.56,Yes,High
CUST-03024,58,Male,46,Month-to-Month,Fiber Optic,120.0,5674.24,2.1,2,Yes,94.09,98.8,96.45,Yes,High
CUST-03025,18,Male,72,One Year,Fiber Optic,89.34,6733.44,4.9,1,No,2.65,0.02,1.34,No,Low
CUST-03026,36,Male,27,Month-to-Month,Fiber Optic,70.01,1799.53,2.9,2,Yes,97.78,98.96,98.37,Yes,High
CUST-03027,44,Male,10,One Year,Fiber Optic,112.68,1212.05,3.8,1,No,5.57,0.51,3.04,No,Low
CUST-03028,48,Female,66,Month-to-Month,No,28.3,1721.52,4.4,4,No,9.69,3.18,6.43,No,Low
CUST-03029,34,Male,26,Month-to-Month,No,34.58,904.56,3.4,2,No,3.68,1.13,2.4,No,Low
CUST-03030,42,Female,44,One Year,Fiber Optic,95.23,4362.94,3.2,5,No,12.09,13.21,12.65,No,Low
CUST-03031,18,Male,34,Two Year,DSL,51.1,1691.21,3.4,1,No,0.33,0.0,0.17,No,Low
CUST-03032,32,Female,11,Month-to-Month,DSL,48.0,538.55,1.1,1,Yes,89.59,98.11,93.85,Yes,High
CUST-03033,48,Female,15,Month-to-Month,No,33.01,495.28,1.0,4,Yes,85.69,95.95,90.82,Yes,High
CUST-03034,28,Female,4,Month-to-Month,No,18.0,91.68,4.0,0,No,12.63,2.06,7.35,No,Low
CUST-03035,42,Female,8,One Year,Fiber Optic,48.85,459.9,2.8,4,Yes,58.72,73.31,66.01,Yes,High
CUST-03036,48,Female,36,Month-to-Month,Fiber Optic,57.2,1977.25,2.3,2,Yes,93.22,98.81,96.02,Yes,High
CUST-03037,37,Female,53,Two Year,Fiber Optic,60.39,2968.54,3.4,3,No,25.26,25.49,25.38,No,Low
CUST-03038,44,Male,30,Month-to-Month,DSL,37.13,1057.66,3.0,3,Yes,25.29,14.0,19.65,No,Low
CUST-03039,28,Female,15,Month-to-Month,DSL,60.09,955.9,1.8,3,Yes,89.81,98.32,94.07,Yes,High
CUST-03040,39,Male,2,Month-to-Month,Fiber Optic,103.1,309.74,4.2,2,Yes,97.52,98.41,97.97,Yes,High
CUST-03041,50,Male,1,One Year,No,18.0,34.83,4.4,2,No,0.03,0.0,0.01,No,Low
CUST-03042,44,Male,11,One Year,DSL,56.25,615.53,3.4,4,No,0.35,0.0,0.18,No,Low
CUST-03043,33,Male,14,Month-to-Month,No,19.4,302.41,3.4,1,No,7.9,6.16,7.03,No,Low
CUST-03044,45,Male,22,Two Year,Fiber Optic,105.13,2513.48,3.2,4,Yes,32.89,62.81,47.85,No,Medium
CUST-03045,52,Male,0,Month-to-Month,Fiber Optic,99.34,95.27,3.3,2,Yes,99.32,99.97,99.64,Yes,High
CUST-03046,18,Male,72,One Year,Fiber Optic,89.11,6655.58,3.6,3,No,2.17,0.11,1.14,No,Low
CUST-03047,58,Female,10,Month-to-Month,Fiber Optic,109.15,1242.42,2.7,3,Yes,98.31,99.48,98.89,Yes,High
CUST-03048,37,Male,45,Month-to-Month,DSL,48.43,2174.78,4.1,4,Yes,80.12,89.62,84.87,Yes,High
CUST-03049,47,Female,18,Two Year,Fiber Optic,76.22,1434.02,3.4,3,No,13.42,8.49,10.95,No,Low
CUST-03050,58,Male,3,Two Year,DSL,47.67,192.58,4.1,2,No,0.82,0.0,0.41,No,Low
CUST-03051,22,Female,38,Month-to-Month,Fiber Optic,80.16,3231.58,4.6,5,Yes,93.81,85.02,89.41,Yes,High
CUST-03052,32,Female,29,One Year,Fiber Optic,73.4,2011.23,3.2,2,No,1.3,0.47,0.89,No,Low
CUST-03053,37,Female,17,Month-to-Month,No,19.13,312.64,3.6,3,Yes,80.45,62.37,71.41,Yes,High
CUST-03054,31,Female,17,One Year,No,19.35,348.74,3.9,3,No,0.2,0.0,0.1,No,Low
CUST-03055,66,Male,2,Month-to-Month,Fiber Optic,64.29,174.96,3.3,5,Yes,94.21,99.99,97.1,Yes,High
CUST-03056,30,Female,25,Two Year,No,20.16,479.96,2.8,3,No,0.24,0.0,0.12,No,Low
CUST-03057,34,Female,58,Month-to-Month,DSL,66.42,3775.2,3.4,1,No,4.63,1.54,3.08,No,Low
CUST-03058,44,Female,2,Month-to-Month,Fiber Optic,69.95,194.6,4.6,2,Yes,95.31,97.31,96.31,Yes,High
CUST-03059,25,Female,7,Month-to-Month,No,18.0,149.01,1.0,9,No,19.92,66.77,43.35,No,Medium
CUST-03060,36,Male,55,Month-to-Month,Fiber Optic,87.17,4636.16,4.0,3,Yes,97.52,99.78,98.65,Yes,High
CUST-03061,46,Female,8,Month-to-Month,Fiber Optic,115.6,1026.49,3.4,3,Yes,98.88,99.41,99.14,Yes,High
CUST-03062,37,Male,25,Month-to-Month,DSL,35.54,833.0,2.6,1,Yes,19.11,10.35,14.73,No,Low
CUST-03063,40,Female,18,One Year,Fiber Optic,89.61,1663.45,4.2,3,No,21.65,30.59,26.12,No,Low
CUST-03064,34,Male,21,Month-to-Month,Fiber Optic,91.95,2066.4,1.9,1,Yes,99.66,100.0,99.83,Yes,High
CUST-03065,20,Female,12,One Year,Fiber Optic,83.55,1135.3,2.8,5,No,0.58,2.22,1.4,No,Low
CUST-03066,46,Male,8,One Year,DSL,56.5,509.42,4.6,5,No,0.85,0.0,0.42,No,Low
CUST-03067,66,Male,1,Two Year,DSL,51.71,96.22,1.1,0,No,1.93,0.0,0.97,No,Low
CUST-03068,42,Female,32,Two Year,Fiber Optic,98.18,3092.38,3.8,1,No,2.2,0.02,1.11,No,Low
CUST-03069,45,Female,32,Two Year,No,40.53,1235.21,4.8,1,No,0.01,0.0,0.0,No,
CUST-03070,51,Female,26,One Year,Fiber Optic,66.36,1703.34,4.4,2,No,1.56,0.22,0.89,No,Low
CUST-03071,24,Male,24,Month-to-Month,DSL,58.29,1434.22,3.6,2,No,5.63,7.3,6.47,No,Low
CUST-03072,65,Male,6,One Year,No,23.59,160.69,2.1,3,No,1.66,0.0,0.83,No,Low
CUST-03073,44,Female,0,Two Year,No,29.63,30.55,4.2,2,No,0.22,0.0,0.11,No,Low
CUST-03074,64,Female,39,Month-to-Month,DSL,49.81,1854.11,2.5,3,Yes,88.56,95.89,92.22,Yes,High
CUST-03075,31,Female,16,Month-to-Month,DSL,53.43,876.56,3.0,3,No,11.0,14.0,12.5,No,Low
CUST-03076,67,Male,8,Month-to-Month,Fiber Optic,78.46,702.48,3.1,2,Yes,98.83,99.4,99.12,Yes,High
CUST-03077,52,Female,2,One Year,DSL,44.79,140.71,1.8,2,No,2.15,0.32,1.24,No,Low
CUST-03078,49,Male,1,Month-to-Month,Fiber Optic,70.5,131.42,4.6,2,Yes,96.94,99.99,98.46,Yes,High
CUST-03079,45,Female,10,One Year,Fiber Optic,105.03,1184.17,3.1,5,No,1.39,0.33,0.86,No,Low
CUST-03080,38,Male,39,One Year,Fiber Optic,97.82,3884.1,3.1,4,No,2.02,0.93,1.48,No,Low
CUST-03081,58,Male,60,Two Year,Fiber Optic,102.11,5730.93,2.5,0,No,2.03,0.14,1.08,No,Low
CUST-03082,43,Female,54,One Year,DSL,65.78,3681.54,2.4,3,No,0.01,0.0,0.01,No,Low
CUST-03083,18,Female,60,Two Year,No,26.61,1503.48,3.9,4,No,1.33,0.04,0.68,No,Low
CUST-03084,26,Male,57,Month-to-Month,Fiber Optic,74.79,4359.35,3.9,2,Yes,91.31,93.9,92.61,Yes,High
CUST-03085,39,Male,17,Month-to-Month,Fiber Optic,80.34,1353.7,5.0,2,Yes,98.81,99.79,99.3,Yes,High
CUST-03086,46,Male,5,Month-to-Month,DSL,47.57,276.93,2.9,3,No,22.75,25.1,23.93,No,Low
CUST-03087,41,Female,38,Month-to-Month,DSL,61.26,2430.93,2.7,3,No,12.19,9.59,10.89,No,Low
CUST-03088,59,Male,5,Month-to-Month,Fiber Optic,91.13,544.12,4.4,5,Yes,98.06,99.43,98.74,Yes,High
CUST-03089,18,Male,7,One Year,Fiber Optic,78.8,637.37,4.1,1,No,3.03,0.34,1.69,No,Low
CUST-03090,44,Female,6,One Year,DSL,58.04,414.61,2.9,0,No,0.2,0.0,0.1,No,Low
CUST-03091,18,Female,17,One Year,No,18.0,293.29,3.6,5,No,0.99,0.0,0.5,No,Low
CUST-03092,52,Female,9,Month-to-Month,Fiber Optic,98.88,961.2,4.9,3,Yes,98.33,98.19,98.26,Yes,High
CUST-03093,40,Female,4,Month-to-Month,Fiber Optic,93.04,487.46,1.9,2,Yes,97.77,99.74,98.76,Yes,High
CUST-03094,47,Female,14,One Year,DSL,54.61,834.96,2.4,6,No,0.42,0.01,0.21,No,Low
CUST-03095,29,Female,49,Month-to-Month,Fiber Optic,86.29,4119.79,3.7,5,Yes,97.01,99.99,98.5,Yes,High
CUST-03096,59,Female,20,Month-to-Month,Fiber Optic,52.42,1037.8,2.5,1,Yes,90.02,98.76,94.39,Yes,High
CUST-03097,56,Female,50,Month-to-Month,DSL,43.3,2220.94,2.5,1,No,5.5,3.6,4.55,No,Low
CUST-03098,50,Male,5,Month-to-Month,No,21.25,117.37,4.6,4,No,64.47,68.58,66.53,Yes,High
CUST-03099,40,Female,4,Month-to-Month,Fiber Optic,70.6,364.44,3.7,0,Yes,97.71,96.95,97.33,Yes,High
CUST-03100,50,Male,20,Month-to-Month,DSL,52.13,998.7,3.1,2,Yes,85.01,94.14,89.58,Yes,High
CUST-03101,32,Male,14,Month-to-Month,Fiber Optic,65.54,967.24,2.3,1,Yes,96.31,99.36,97.84,Yes,High
CUST-03102,53,Male,25,One Year,No,27.37,730.85,3.6,3,No,0.41,0.01,0.21,No,Low
CUST-03103,65,Male,37,Month-to-Month,Fiber Optic,82.7,3167.73,4.5,1,Yes,92.89,92.81,92.85,Yes,High
CUST-03104,56,Female,33,Month-to-Month,DSL,60.83,2012.03,1.8,1,No,23.29,11.85,17.57,No,Low
CUST-03105,31,Female,68,Two Year,No,19.71,1270.81,1.9,1,No,0.17,0.0,0.08,No,Low
CUST-03106,47,Female,12,One Year,No,22.56,290.36,3.9,2,No,0.37,0.04,0.21,No,Low
CUST-03107,23,Female,5,Month-to-Month,DSL,46.04,288.66,2.6,0,No,66.29,59.08,62.68,Yes,High
CUST-03108,50,Male,19,Two Year,Fiber Optic,105.14,1922.6,2.3,3,No,37.08,74.26,55.67,No,Medium
CUST-03109,48,Male,2,Month-to-Month,Fiber Optic,56.45,153.22,2.5,1,Yes,84.75,96.28,90.52,Yes,High
CUST-03110,18,Female,8,Month-to-Month,Fiber Optic,62.85,544.68,4.0,6,Yes,96.28,100.0,98.14,Yes,High
CUST-03111,25,Female,5,Two Year,DSL,61.82,366.72,4.0,3,No,0.52,0.0,0.26,No,Low
CUST-03112,38,Male,12,Two Year,DSL,49.88,618.42,3.6,2,No,0.21,0.0,0.11,No,Low
CUST-03113,37,Female,2,Month-to-Month,No,27.34,82.65,2.7,0,No,15.03,6.66,10.84,No,Low
CUST-03114,25,Male,0,One Year,Fiber Optic,83.41,81.61,2.3,0,No,28.48,59.63,44.06,No,Medium
CUST-03115,47,Male,25,One Year,DSL,49.4,1222.84,2.5,0,No,0.21,0.0,0.1,No,Low
CUST-03116,45,Male,22,Month-to-Month,No,18.0,421.91,2.2,2,Yes,85.92,96.62,91.27,Yes,High
CUST-03117,39,Male,29,Month-to-Month,No,26.71,733.12,2.8,2,No,7.84,9.1,8.47,No,Low
CUST-03118,31,Female,25,Month-to-Month,DSL,59.27,1396.18,3.2,0,No,6.01,2.91,4.46,No,Low
CUST-03119,56,Female,2,Two Year,DSL,65.62,178.85,4.0,2,No,4.23,0.05,2.14,No,Low
CUST-03120,65,Male,8,Month-to-Month,DSL,57.35,527.57,3.2,3,Yes,81.59,97.06,89.33,Yes,High
CUST-03121,35,Female,3,One Year,Fiber Optic,100.79,411.11,3.0,2,No,3.51,1.17,2.34,No,Low
CUST-03122,33,Female,44,Month-to-Month,Fiber Optic,99.38,4582.19,5.0,4,Yes,85.43,73.66,79.54,Yes,High
CUST-03123,48,Male,32,Month-to-Month,DSL,67.1,2087.1,1.0,2,No,16.17,32.42,24.3,No,Low
CUST-03124,36,Male,5,One Year,Fiber Optic,80.96,473.0,3.9,2,No,3.39,0.65,2.02,No,Low
CUST-03125,40,Female,10,One Year,DSL,68.48,714.08,3.8,5,No,0.13,0.0,0.07,No,Low
CUST-03126,52,Female,72,Month-to-Month,DSL,57.69,4161.26,3.8,2,No,15.34,1.55,8.44,No,Low
CUST-03127,18,Female,21,Month-to-Month,DSL,40.75,920.52,4.2,3,No,8.76,4.94,6.85,No,Low
CUST-03128,60,Male,38,One Year,Fiber Optic,88.01,3099.41,1.9,3,No,2.3,1.49,1.9,No,Low
CUST-03129,43,Female,7,Month-to-Month,Fiber Optic,76.08,599.79,4.2,3,Yes,97.95,91.21,94.58,Yes,High
CUST-03130,36,Male,5,Month-to-Month,Fiber Optic,74.7,416.9,3.6,2,Yes,99.29,99.99,99.64,Yes,High
CUST-03131,40,Male,36,One Year,Fiber Optic,82.56,3147.91,2.8,3,No,1.82,0.71,1.26,No,Low
CUST-03132,41,Female,27,Month-to-Month,No,30.04,877.75,3.9,3,No,62.28,51.15,56.71,Yes,Medium
CUST-03133,18,Male,27,Month-to-Month,Fiber Optic,102.53,2940.35,3.4,3,Yes,99.38,99.99,99.68,Yes,High
CUST-03134,62,Male,19,Month-to-Month,Fiber Optic,71.01,1285.36,2.2,4,Yes,97.5,99.81,98.66,Yes,High
CUST-03135,42,Male,19,Two Year,Fiber Optic,114.45,2164.05,1.0,0,No,2.05,1.45,1.75,No,Low
CUST-03136,48,Male,31,Month-to-Month,DSL,51.57,1542.09,1.8,5,Yes,89.86,99.21,94.54,Yes,High
CUST-03137,55,Female,7,One Year,DSL,52.55,430.46,2.4,3,No,0.61,0.0,0.31,No,Low
CUST-03138,27,Male,10,Month-to-Month,Fiber Optic,70.27,697.77,3.6,1,Yes,89.58,91.6,90.59,Yes,High
CUST-03139,48,Male,49,Month-to-Month,No,18.0,934.57,1.6,3,Yes,87.81,97.26,92.54,Yes,High
CUST-03140,38,Male,8,Month-to-Month,No,25.12,223.4,3.7,3,No,17.69,13.05,15.37,No,Low
CUST-03141,53,Male,18,Month-to-Month,Fiber Optic,58.66,1127.48,3.5,2,Yes,94.18,98.59,96.39,Yes,High
CUST-03142,18,Female,29,Two Year,DSL,46.76,1358.41,5.0,3,No,0.5,0.0,0.25,No,Low
CUST-03143,40,Male,72,Month-to-Month,DSL,65.22,4789.91,3.6,0,No,5.56,0.7,3.13,No,Low
CUST-03144,33,Female,13,One Year,Fiber Optic,77.07,1025.21,1.0,1,No,2.53,2.32,2.42,No,Low
CUST-03145,48,Male,13,Month-to-Month,No,34.49,482.39,4.5,2,No,10.86,3.55,7.2,No,Low
CUST-03146,48,Male,44,Month-to-Month,Fiber Optic,100.94,4381.57,2.2,4,Yes,99.6,100.0,99.8,Yes,High
CUST-03147,32,Female,39,Month-to-Month,Fiber Optic,87.96,3658.39,2.1,1,Yes,93.43,89.89,91.66,Yes,High
CUST-03148,32,Female,31,One Year,Fiber Optic,84.02,2795.04,3.0,6,Yes,42.3,74.86,58.58,No,Medium
CUST-03149,40,Male,14,Two Year,DSL,57.83,854.91,3.8,3,No,0.24,0.0,0.12,No,Low
CUST-03150,29,Female,9,Two Year,No,18.0,182.88,2.9,3,No,2.49,0.13,1.31,No,Low
CUST-03151,53,Male,22,Month-to-Month,Fiber Optic,98.07,2281.21,3.2,2,Yes,96.5,92.46,94.48,Yes,High
CUST-03152,36,Female,50,One Year,Fiber Optic,100.02,5131.43,2.2,0,No,2.66,0.16,1.41,No,Low
CUST-03153,18,Female,51,Month-to-Month,DSL,54.02,2938.57,1.9,3,Yes,75.86,72.42,74.14,Yes,High
CUST-03154,36,Female,2,One Year,Fiber Optic,104.46,323.3,3.4,3,Yes,54.64,56.74,55.69,Yes,Medium
CUST-03155,27,Female,13,Two Year,Fiber Optic,57.68,817.05,1.5,2,No,12.03,23.65,17.84,No,Low
CUST-03156,19,Male,14,Month-to-Month,Fiber Optic,101.41,1387.07,2.4,1,Yes,99.3,100.0,99.65,Yes,High
CUST-03157,24,Female,72,Month-to-Month,Fiber Optic,81.95,5702.72,2.8,6,Yes,89.42,99.18,94.3,Yes,High
CUST-03158,43,Male,27,One Year,Fiber Optic,67.68,1803.13,3.5,2,No,1.49,0.06,0.78,No,Low
CUST-03159,60,Male,12,One Year,Fiber Optic,100.83,1280.41,2.9,0,No,0.85,0.06,0.46,No,Low
CUST-03160,46,Male,0,Month-to-Month,Fiber Optic,85.73,88.18,2.9,1,Yes,98.49,99.19,98.84,Yes,High
CUST-03161,33,Male,19,Two Year,DSL,53.26,1066.04,1.8,5,No,0.63,0.01,0.32,No,Low
CUST-03162,48,Female,2,One Year,Fiber Optic,81.38,247.98,2.7,3,Yes,56.33,70.98,63.65,Yes,High
CUST-03163,35,Female,43,Month-to-Month,No,18.0,717.75,2.9,0,No,5.89,0.58,3.24,No,Low
CUST-03164,32,Female,33,Month-to-Month,Fiber Optic,82.74,2554.44,3.7,2,Yes,96.23,98.03,97.13,Yes,High
CUST-03165,25,Male,14,One Year,DSL,60.77,947.35,2.3,1,No,0.63,0.0,0.31,No,Low
CUST-03166,18,Male,13,Month-to-Month,No,31.72,413.63,2.2,5,No,29.99,47.66,38.82,No,Medium
CUST-03167,36,Female,54,Month-to-Month,Fiber Optic,67.33,3774.21,1.9,4,Yes,93.34,99.39,96.37,Yes,High
CUST-03168,44,Male,8,One Year,DSL,36.77,325.05,3.4,1,No,0.48,0.0,0.24,No,Low
CUST-03169,40,Female,6,One Year,No,30.07,200.48,2.8,3,No,0.85,0.21,0.53,No,Low
CUST-03170,36,Female,67,One Year,Fiber Optic,76.84,5301.05,3.1,5,Yes,43.55,36.88,40.21,No,Medium
CUST-03171,28,Female,39,Month-to-Month,No,32.35,1351.89,2.7,2,No,5.08,0.94,3.01,No,Low
CUST-03172,50,Female,41,One Year,Fiber Optic,83.03,3273.93,2.7,1,No,1.41,0.29,0.85,No,Low
CUST-03173,23,Female,5,Two Year,Fiber Optic,77.94,445.59,2.5,1,Yes,45.9,53.71,49.8,No,Medium
CUST-03174,52,Male,3,Month-to-Month,DSL,50.77,191.71,3.8,0,No,5.55,0.54,3.05,No,Low
CUST-03175,27,Female,0,One Year,Fiber Optic,75.88,75.63,3.2,3,No,2.51,0.14,1.33,No,Low
CUST-03176,31,Male,6,Two Year,DSL,44.13,311.58,4.8,2,No,0.17,0.0,0.09,No,Low
CUST-03177,21,Male,35,One Year,No,18.0,629.7,2.9,1,No,0.68,0.01,0.34,No,Low
CUST-03178,34,Male,6,One Year,No,18.0,117.46,4.9,0,No,0.4,0.0,0.2,No,Low
CUST-03179,55,Female,31,Month-to-Month,DSL,42.61,1292.88,2.9,3,No,11.43,11.52,11.48,No,Low
CUST-03180,49,Male,6,Month-to-Month,No,22.49,159.34,3.8,2,No,76.98,91.66,84.32,Yes,High
CUST-03181,55,Male,12,One Year,Fiber Optic,54.48,731.29,2.5,3,No,1.84,0.27,1.06,No,Low
CUST-03182,49,Male,72,One Year,Fiber Optic,46.09,3284.48,3.7,2,No,0.76,0.1,0.43,No,Low
CUST-03183,26,Female,6,Two Year,DSL,47.81,313.69,1.0,2,No,0.42,0.0,0.21,No,Low
CUST-03184,37,Female,11,Month-to-Month,DSL,48.24,578.79,1.8,3,No,74.69,89.95,82.32,Yes,High
CUST-03185,31,Female,8,Month-to-Month,DSL,48.01,430.32,2.1,0,No,13.82,10.8,12.31,No,Low
CUST-03186,60,Female,2,Month-to-Month,DSL,33.67,104.69,5.0,4,Yes,76.24,89.72,82.98,Yes,High
CUST-03187,25,Male,16,One Year,Fiber Optic,81.42,1304.9,4.4,3,No,0.37,0.45,0.41,No,Low
CUST-03188,54,Male,11,Month-to-Month,DSL,67.79,831.87,3.5,3,No,10.12,12.21,11.16,No,Low
CUST-03189,54,Female,28,One Year,No,24.56,712.67,2.7,1,No,0.03,0.0,0.01,No,Low
CUST-03190,67,Male,40,Month-to-Month,DSL,56.3,2368.3,2.6,5,Yes,42.9,26.3,34.6,No,Low
CUST-03191,36,Male,18,Month-to-Month,Fiber Optic,71.87,1250.06,2.5,2,Yes,98.19,96.15,97.17,Yes,High
CUST-03192,51,Male,0,Month-to-Month,DSL,51.49,52.73,3.9,1,No,7.08,0.71,3.9,No,Low
CUST-03193,73,Male,23,Two Year,Fiber Optic,94.77,2209.79,3.3,2,No,3.24,0.66,1.95,No,Low
CUST-03194,33,Male,1,One Year,No,36.11,73.39,4.2,5,No,1.7,0.23,0.96,No,Low
CUST-03195,20,Female,22,Two Year,Fiber Optic,71.26,1534.88,3.8,1,Yes,15.46,19.68,17.57,No,Low
CUST-03196,18,Male,27,One Year,Fiber Optic,65.14,1736.65,3.7,2,No,7.31,6.27,6.79,No,Low
CUST-03197,51,Female,5,Month-to-Month,Fiber Optic,102.48,591.64,2.3,4,Yes,99.09,99.83,99.46,Yes,High
CUST-03198,18,Male,41,Month-to-Month,Fiber Optic,80.37,3316.58,2.3,4,Yes,96.49,99.47,97.98,Yes,High
CUST-03199,36,Male,58,Two Year,DSL,50.13,2888.34,3.3,3,No,0.58,0.0,0.29,No,Low
CUST-03200,48,Male,40,One Year,Fiber Optic,88.65,3400.14,3.6,4,No,9.67,9.72,9.7,No,Low
CUST-03201,44,Female,8,Month-to-Month,No,30.17,281.18,3.0,1,No,14.34,6.09,10.21,No,Low
CUST-03202,47,Male,21,One Year,DSL,57.12,1309.0,1.8,3,No,0.81,0.41,0.61,No,Low
CUST-03203,45,Female,59,Month-to-Month,Fiber Optic,89.94,5048.77,3.4,2,Yes,93.77,95.48,94.62,Yes,High
CUST-03204,59,Female,9,Month-to-Month,DSL,63.07,604.61,4.0,2,No,15.7,6.39,11.05,No,Low
CUST-03205,28,Female,41,Month-to-Month,DSL,47.17,2022.15,2.0,2,Yes,88.87,94.36,91.61,Yes,High
CUST-03206,32,Male,0,Two Year,No,35.08,35.69,2.9,2,No,0.34,0.0,0.17,No,Low
CUST-03207,31,Male,0,Month-to-Month,DSL,60.76,63.56,2.2,1,Yes,89.57,97.27,93.42,Yes,High
CUST-03208,53,Male,34,Month-to-Month,Fiber Optic,119.04,4341.82,4.3,1,Yes,90.61,93.13,91.87,Yes,High
CUST-03209,54,Female,34,Month-to-Month,DSL,52.57,1897.45,5.0,1,No,4.38,0.12,2.25,No,Low
CUST-03210,48,Male,37,Month-to-Month,Fiber Optic,71.09,2668.97,4.6,3,Yes,92.34,77.75,85.05,Yes,High
CUST-03211,58,Female,63,Month-to-Month,DSL,49.0,2981.34,1.5,4,No,10.76,20.92,15.84,No,Low
CUST-03212,25,Female,3,Month-to-Month,No,19.3,75.53,3.6,2,No,14.89,9.34,12.12,No,Low
CUST-03213,65,Male,6,Month-to-Month,Fiber Optic,106.91,760.1,3.8,2,Yes,98.77,99.16,98.96,Yes,High
CUST-03214,63,Male,56,Two Year,DSL,55.28,2885.18,5.0,1,No,0.0,0.0,0.0,No,
CUST-03215,52,Female,4,Month-to-Month,Fiber Optic,120.0,603.28,2.6,3,Yes,97.54,99.65,98.59,Yes,High
CUST-03216,66,Male,27,Month-to-Month,Fiber Optic,113.08,3275.18,3.1,6,Yes,97.27,100.0,98.63,Yes,High
CUST-03217,18,Male,18,Month-to-Month,DSL,36.64,648.52,1.9,2,No,15.96,25.32,20.64,No,Low
CUST-03218,34,Female,2,One Year,DSL,61.15,187.43,1.7,1,No,0.48,0.29,0.39,No,Low
CUST-03219,31,Male,8,Two Year,Fiber Optic,98.23,913.8,3.3,0,No,40.25,29.15,34.7,No,Low
CUST-03220,52,Female,17,Month-to-Month,Fiber Optic,76.97,1260.85,4.8,3,Yes,98.6,99.86,99.23,Yes,High
CUST-03221,27,Female,45,Two Year,No,18.7,897.79,3.2,3,No,2.24,0.04,1.14,No,Low
CUST-03222,52,Female,29,One Year,Fiber Optic,87.0,2545.62,3.3,4,No,25.81,53.87,39.84,No,Medium
CUST-03223,61,Male,23,One Year,Fiber Optic,64.84,1507.43,1.8,1,No,15.6,19.09,17.35,No,Low
CUST-03224,51,Male,16,Month-to-Month,No,20.26,341.11,3.4,3,No,12.95,15.35,14.15,No,Low
CUST-03225,45,Female,8,Month-to-Month,No,21.39,179.43,2.6,2,No,71.67,79.0,75.33,Yes,High
CUST-03226,28,Male,3,One Year,Fiber Optic,91.34,365.19,2.7,5,Yes,63.22,87.56,75.39,Yes,High
CUST-03227,30,Male,12,Two Year,No,21.37,283.74,5.0,2,No,0.04,0.0,0.02,No,Low
CUST-03228,59,Male,0,One Year,Fiber Optic,80.8,76.63,2.7,1,No,33.63,58.34,45.99,No,Medium
CUST-03229,52,Male,5,Month-to-Month,Fiber Optic,111.69,628.81,2.8,2,Yes,99.67,100.0,99.83,Yes,High
CUST-03230,41,Male,13,Month-to-Month,No,25.24,366.52,3.4,3,No,13.7,13.87,13.79,No,Low
CUST-03231,36,Female,13,One Year,No,20.89,283.72,1.0,3,No,0.51,0.76,0.64,No,Low
CUST-03232,18,Male,1,One Year,Fiber Optic,87.62,174.25,2.3,1,No,28.03,65.78,46.9,No,Medium
CUST-03233,27,Male,21,Month-to-Month,Fiber Optic,101.7,2300.72,1.2,1,Yes,98.14,99.71,98.93,Yes,High
CUST-03234,68,Female,19,Month-to-Month,Fiber Optic,74.19,1495.0,2.6,0,Yes,96.31,97.53,96.92,Yes,High
CUST-03235,24,Female,1,Month-to-Month,Fiber Optic,98.44,186.69,5.0,3,No,94.24,97.88,96.06,Yes,High
CUST-03236,44,Male,68,One Year,DSL,71.46,4452.8,1.0,5,No,0.0,0.01,0.0,No,
CUST-03237,56,Male,2,One Year,DSL,46.39,135.04,1.4,4,No,1.84,0.01,0.92,No,Low
CUST-03238,24,Female,46,Two Year,DSL,65.01,2863.8,4.7,4,No,0.45,0.0,0.23,No,Low
CUST-03239,44,Female,0,One Year,DSL,56.93,54.82,3.0,2,No,1.33,0.15,0.74,No,Low
CUST-03240,55,Female,51,Month-to-Month,No,19.95,1004.99,3.7,1,No,2.35,0.24,1.29,No,Low
CUST-03241,42,Female,0,One Year,Fiber Optic,94.57,97.39,3.3,0,Yes,43.89,33.22,38.55,No,Medium
CUST-03242,80,Male,34,Two Year,DSL,61.27,2176.65,3.3,2,No,0.19,0.0,0.1,No,Low
CUST-03243,18,Female,10,Two Year,No,29.54,302.0,2.8,2,No,0.13,0.0,0.07,No,Low
CUST-03244,56,Male,32,Two Year,Fiber Optic,67.47,2109.37,1.0,1,No,2.7,1.22,1.96,No,Low
CUST-03245,39,Female,12,Month-to-Month,No,18.0,231.09,3.2,1,No,10.17,5.17,7.67,No,Low
CUST-03246,52,Female,1,One Year,DSL,73.81,145.38,4.4,4,No,0.35,0.0,0.18,No,Low
CUST-03247,48,Female,35,Two Year,Fiber Optic,86.14,3044.77,4.3,1,No,9.88,1.4,5.64,No,Low
CUST-03248,31,Male,1,One Year,Fiber Optic,94.76,197.64,3.8,6,No,45.77,82.61,64.19,No,High
CUST-03249,45,Male,61,Month-to-Month,DSL,47.19,2937.2,3.1,1,No,1.77,0.41,1.09,No,Low
CUST-03250,18,Female,1,Two Year,DSL,59.31,108.49,3.4,3,No,0.64,0.0,0.32,No,Low
CUST-03251,50,Female,15,Month-to-Month,DSL,54.26,903.82,4.1,2,Yes,23.32,5.24,14.28,No,Low
CUST-03252,46,Female,30,Month-to-Month,Fiber Optic,82.84,2489.67,1.5,5,Yes,97.82,98.75,98.28,Yes,High
CUST-03253,50,Male,11,Month-to-Month,DSL,53.19,630.04,5.0,1,No,7.14,1.85,4.49,No,Low
CUST-03254,56,Male,5,One Year,Fiber Optic,91.9,564.04,4.3,2,No,1.65,0.37,1.01,No,Low
CUST-03255,47,Female,34,Month-to-Month,Fiber Optic,70.74,2307.52,5.0,5,Yes,88.56,97.41,92.99,Yes,High
CUST-03256,44,Male,36,Month-to-Month,Fiber Optic,66.05,2387.12,3.5,3,Yes,92.22,93.1,92.66,Yes,High
CUST-03257,29,Female,61,One Year,DSL,63.09,4024.66,2.6,3,No,0.14,0.0,0.07,No,Low
CUST-03258,32,Male,11,One Year,Fiber Optic,75.01,909.57,3.7,1,No,1.39,0.32,0.85,No,Low
CUST-03259,58,Female,16,One Year,Fiber Optic,89.05,1442.07,4.0,4,No,2.04,0.62,1.33,No,Low
CUST-03260,62,Female,10,Month-to-Month,Fiber Optic,84.09,914.24,5.0,0,Yes,90.29,90.22,90.26,Yes,High
CUST-03261,38,Female,7,One Year,Fiber Optic,68.89,496.67,2.9,0,No,2.73,0.06,1.39,No,Low
CUST-03262,42,Male,33,Month-to-Month,Fiber Optic,78.38,2417.34,2.7,5,Yes,97.79,99.72,98.76,Yes,High
CUST-03263,29,Female,9,Month-to-Month,DSL,53.98,495.01,4.4,2,No,14.44,5.5,9.97,No,Low
CUST-03264,58,Male,13,Month-to-Month,DSL,44.82,630.1,2.9,3,No,12.15,17.82,14.99,No,Low
CUST-03265,51,Female,12,Two Year,DSL,43.68,563.87,2.5,1,No,0.26,0.0,0.13,No,Low
CUST-03266,69,Male,29,Month-to-Month,DSL,65.39,2035.11,2.6,2,No,71.04,93.76,82.4,Yes,High
CUST-03267,29,Male,59,Month-to-Month,Fiber Optic,106.74,6444.64,1.0,4,Yes,96.87,99.77,98.32,Yes,High
CUST-03268,36,Male,26,Month-to-Month,No,22.17,576.5,2.4,4,No,13.56,23.67,18.62,No,Low
CUST-03269,45,Male,15,Month-to-Month,Fiber Optic,117.9,1943.07,3.7,4,No,92.84,96.49,94.66,Yes,High
CUST-03270,51,Female,36,Two Year,DSL,71.85,2409.65,3.2,3,No,0.06,0.0,0.03,No,Low
CUST-03271,38,Male,24,Two Year,No,43.5,980.4,3.7,1,No,0.01,0.0,0.01,No,Low
CUST-03272,29,Female,1,Month-to-Month,DSL,64.16,120.31,4.7,2,No,13.37,3.89,8.63,No,Low
CUST-03273,54,Female,2,Month-to-Month,Fiber Optic,120.0,330.89,5.0,8,Yes,97.3,99.99,98.65,Yes,High
CUST-03274,52,Male,0,Month-to-Month,Fiber Optic,106.8,100.45,2.9,1,Yes,99.64,99.99,99.82,Yes,High
CUST-03275,29,Female,14,One Year,Fiber Optic,64.95,921.48,1.9,3,No,3.76,3.21,3.48,No,Low
CUST-03276,60,Male,41,Month-to-Month,DSL,55.71,2265.69,2.7,2,No,10.24,1.63,5.94,No,Low
CUST-03277,58,Male,9,Month-to-Month,DSL,84.55,838.39,4.0,3,No,15.72,11.63,13.67,No,Low
CUST-03278,43,Male,11,Month-to-Month,DSL,49.1,561.43,5.0,0,Yes,66.21,67.66,66.93,Yes,High
CUST-03279,43,Female,57,Month-to-Month,Fiber Optic,88.52,5365.64,3.4,2,Yes,89.95,71.12,80.53,Yes,High
CUST-03280,49,Male,43,Month-to-Month,No,30.06,1297.84,3.7,3,No,6.9,1.01,3.96,No,Low
CUST-03281,29,Female,26,Month-to-Month,DSL,64.58,1798.47,2.9,0,No,10.6,3.24,6.92,No,Low
CUST-03282,42,Female,7,Month-to-Month,Fiber Optic,101.08,825.1,3.4,3,Yes,98.66,99.2,98.93,Yes,High
CUST-03283,18,Female,2,Month-to-Month,Fiber Optic,81.22,221.05,4.6,1,Yes,91.86,96.3,94.08,Yes,High
CUST-03284,54,Male,0,Two Year,DSL,49.98,48.52,4.1,1,No,0.39,0.0,0.19,No,Low
CUST-03285,20,Female,2,Month-to-Month,DSL,56.64,173.48,3.1,4,No,12.53,4.63,8.58,No,Low
CUST-03286,63,Female,8,Month-to-Month,Fiber Optic,71.35,665.26,3.5,1,Yes,98.68,90.21,94.44,Yes,High
CUST-03287,37,Female,19,Two Year,Fiber Optic,78.1,1554.08,2.8,3,No,1.22,0.86,1.04,No,Low
CUST-03288,39,Female,1,Two Year,DSL,51.97,108.08,4.5,1,No,0.03,0.0,0.02,No,Low
CUST-03289,33,Female,3,Month-to-Month,Fiber Optic,78.29,313.0,5.0,4,Yes,97.37,98.84,98.1,Yes,High
CUST-03290,37,Male,4,One Year,Fiber Optic,72.02,335.35,2.2,5,Yes,67.13,91.56,79.34,Yes,High
CUST-03291,61,Male,23,Month-to-Month,No,26.9,635.13,2.3,0,No,70.53,92.24,81.39,Yes,High
CUST-03292,18,Male,22,One Year,DSL,58.95,1374.02,2.8,1,No,0.68,0.0,0.34,No,Low
CUST-03293,59,Male,19,Two Year,DSL,52.6,1051.96,4.1,3,No,0.4,0.0,0.2,No,Low
CUST-03294,46,Male,6,Month-to-Month,DSL,65.4,417.75,2.7,1,No,18.13,12.72,15.42,No,Low
CUST-03295,25,Male,11,Month-to-Month,DSL,55.12,618.81,4.2,1,No,64.17,44.3,54.23,Yes,Medium
CUST-03296,26,Male,2,Month-to-Month,DSL,36.95,111.2,1.5,8,Yes,56.73,46.91,51.82,Yes,Medium
CUST-03297,65,Female,6,One Year,No,19.74,135.31,3.1,5,No,1.73,0.0,0.86,No,Low
CUST-03298,28,Male,54,One Year,Fiber Optic,119.54,5947.66,3.3,3,No,2.36,0.3,1.33,No,Low
CUST-03299,25,Female,72,One Year,Fiber Optic,98.93,7299.55,2.2,3,No,31.12,32.23,31.68,No,Low
CUST-03300,57,Male,25,Month-to-Month,Fiber Optic,80.93,1918.83,3.0,4,Yes,96.95,99.53,98.24,Yes,High
CUST-03301,46,Female,59,Month-to-Month,DSL,75.67,4212.05,4.4,3,No,10.99,2.14,6.56,No,Low
CUST-03302,28,Female,24,One Year,DSL,62.6,1620.83,3.0,3,No,0.32,0.0,0.16,No,Low
CUST-03303,45,Male,0,Month-to-Month,Fiber Optic,102.6,97.19,3.7,3,Yes,97.93,99.5,98.72,Yes,High
CUST-03304,27,Male,72,Month-to-Month,Fiber Optic,94.4,6237.52,4.8,1,Yes,83.84,83.64,83.74,Yes,High
CUST-03305,57,Male,2,Month-to-Month,Fiber Optic,85.69,232.04,2.2,4,Yes,94.16,99.0,96.58,Yes,High
CUST-03306,56,Male,27,One Year,Fiber Optic,100.7,2933.32,3.5,3,No,4.32,0.64,2.48,No,Low
CUST-03307,49,Female,6,One Year,No,29.6,198.06,1.0,3,No,1.97,0.01,0.99,No,Low
CUST-03308,47,Female,11,Two Year,DSL,49.44,589.23,1.7,4,No,1.52,0.09,0.8,No,Low
CUST-03309,66,Male,24,Month-to-Month,Fiber Optic,77.65,1867.65,4.0,7,Yes,98.25,98.12,98.19,Yes,High
CUST-03310,41,Male,13,Two Year,Fiber Optic,101.93,1330.0,2.6,3,No,27.08,24.04,25.56,No,Low
CUST-03311,25,Male,6,One Year,Fiber Optic,89.15,643.8,3.5,3,Yes,58.49,58.62,58.56,Yes,Medium
CUST-03312,48,Male,9,Month-to-Month,DSL,69.65,726.07,1.5,3,No,12.43,8.7,10.57,No,Low
CUST-03313,71,Female,10,Month-to-Month,DSL,61.47,708.75,1.0,1,Yes,79.19,97.98,88.58,Yes,High
CUST-03314,27,Male,72,Month-to-Month,No,26.53,1755.04,2.4,1,Yes,76.46,85.51,80.98,Yes,High
CUST-03315,36,Female,38,Two Year,DSL,56.28,1992.01,2.6,9,No,0.64,0.01,0.33,No,Low
CUST-03316,47,Male,14,Month-to-Month,DSL,56.74,875.52,2.8,2,No,8.4,12.15,10.28,No,Low
CUST-03317,41,Male,5,Month-to-Month,No,30.0,166.76,4.8,1,Yes,77.14,80.43,78.78,Yes,High
CUST-03318,28,Female,39,Month-to-Month,DSL,50.76,1998.42,1.0,5,No,18.06,48.93,33.49,No,Low
CUST-03319,57,Male,4,Two Year,Fiber Optic,89.96,443.94,2.4,2,No,46.01,68.59,57.3,No,Medium
CUST-03320,74,Female,5,Month-to-Month,DSL,67.75,406.21,2.8,2,No,75.5,96.21,85.86,Yes,High
CUST-03321,44,Female,10,Month-to-Month,DSL,63.0,627.61,3.0,1,No,12.75,1.78,7.26,No,Low
CUST-03322,29,Male,50,Month-to-Month,DSL,60.18,2904.34,4.3,1,No,44.34,21.24,32.79,No,Low
CUST-03323,20,Male,3,Month-to-Month,Fiber Optic,84.95,332.03,3.1,2,Yes,98.32,99.43,98.87,Yes,High
CUST-03324,45,Female,3,Month-to-Month,Fiber Optic,89.68,332.23,4.1,4,Yes,99.55,100.0,99.77,Yes,High
CUST-03325,57,Female,16,Month-to-Month,Fiber Optic,97.96,1734.61,4.5,1,No,92.37,66.98,79.67,Yes,High
CUST-03326,48,Female,7,Two Year,Fiber Optic,78.0,639.18,1.7,2,No,1.72,0.26,0.99,No,Low
CUST-03327,41,Male,20,Two Year,No,22.83,441.51,4.4,5,No,0.27,0.0,0.13,No,Low
CUST-03328,33,Female,14,One Year,DSL,62.37,936.14,3.0,6,No,0.34,0.01,0.17,No,Low
CUST-03329,26,Male,13,Month-to-Month,DSL,60.12,809.3,3.3,3,No,8.75,13.55,11.15,No,Low
CUST-03330,53,Female,2,One Year,DSL,54.85,155.78,3.4,2,No,0.09,0.0,0.04,No,Low
CUST-03331,54,Female,3,Month-to-Month,DSL,55.31,208.77,3.7,4,Yes,86.03,97.04,91.53,Yes,High
CUST-03332,20,Male,41,Month-to-Month,No,30.71,1289.05,1.6,1,No,18.64,14.37,16.51,No,Low
CUST-03333,64,Female,52,Two Year,Fiber Optic,80.46,4415.91,1.5,3,No,20.2,15.83,18.01,No,Low
CUST-03334,50,Male,6,Two Year,DSL,42.61,305.86,2.6,3,No,0.61,0.0,0.3,No,Low
CUST-03335,61,Female,2,One Year,Fiber Optic,69.04,197.25,3.9,1,No,2.18,0.29,1.23,No,Low
CUST-03336,23,Male,1,Two Year,No,20.14,40.53,4.6,2,No,0.97,0.04,0.5,No,Low
CUST-03337,22,Female,22,Two Year,No,29.02,653.52,2.5,3,No,1.12,0.0,0.56,No,Low
CUST-03338,39,Male,30,One Year,No,28.92,866.09,4.1,3,No,0.94,0.06,0.5,No,Low
CUST-03339,49,Female,11,One Year,Fiber Optic,86.16,976.55,3.0,3,No,1.72,1.12,1.42,No,Low
CUST-03340,67,Female,27,One Year,Fiber Optic,100.69,2571.74,3.6,5,No,9.89,17.11,13.5,No,Low
CUST-03341,51,Male,29,Month-to-Month,Fiber Optic,93.64,2609.37,2.5,4,Yes,98.03,99.62,98.83,Yes,High
CUST-03342,38,Male,65,Month-to-Month,DSL,51.31,3335.53,3.4,3,Yes,65.14,42.24,53.69,Yes,Medium
CUST-03343,27,Female,1,One Year,DSL,45.0,90.84,2.2,0,No,1.29,0.02,0.65,No,Low
CUST-03344,59,Male,5,Month-to-Month,Fiber Optic,70.91,385.26,3.3,4,Yes,97.27,99.63,98.45,Yes,High
CUST-03345,28,Female,1,Month-to-Month,DSL,59.17,113.24,4.2,2,No,55.31,53.61,54.46,Yes,Medium
CUST-03346,64,Male,48,Month-to-Month,Fiber Optic,75.95,3441.95,2.8,2,Yes,97.91,98.92,98.41,Yes,High
CUST-03347,38,Female,37,Month-to-Month,No,26.0,978.43,3.5,1,No,4.62,2.59,3.61,No,Low
CUST-03348,64,Male,20,Two Year,Fiber Optic,84.32,1823.31,3.6,2,No,25.59,33.62,29.61,No,Low
CUST-03349,51,Male,2,One Year,Fiber Optic,75.39,235.09,4.4,0,No,0.98,0.02,0.5,No,Low
CUST-03350,40,Male,7,Month-to-Month,DSL,55.79,460.95,1.1,6,Yes,82.67,98.75,90.71,Yes,High
CUST-03351,34,Male,8,Two Year,DSL,46.88,434.94,4.0,1,No,0.95,0.04,0.5,No,Low
CUST-03352,37,Male,19,Two Year,Fiber Optic,83.36,1650.76,2.0,3,Yes,38.91,74.43,56.67,No,Medium
CUST-03353,47,Male,7,Month-to-Month,No,25.41,190.36,1.9,3,No,17.93,7.69,12.81,No,Low
CUST-03354,43,Female,1,Two Year,DSL,65.47,132.52,2.5,1,No,4.06,0.13,2.1,No,Low
CUST-03355,33,Female,31,Month-to-Month,No,34.36,1109.06,2.2,1,No,7.21,8.42,7.81,No,Low
CUST-03356,39,Female,8,Month-to-Month,No,29.63,246.67,3.4,4,No,12.7,2.96,7.83,No,Low
CUST-03357,43,Male,14,Month-to-Month,DSL,66.2,922.72,2.1,4,Yes,29.32,51.76,40.54,No,Medium
CUST-03358,18,Female,3,One Year,No,18.0,65.98,3.8,6,No,1.43,0.0,0.72,No,Low
CUST-03359,48,Male,38,Month-to-Month,No,35.0,1330.61,1.0,2,No,8.29,25.56,16.93,No,Low
CUST-03360,28,Female,20,One Year,No,19.61,390.49,4.4,2,No,0.01,0.0,0.0,No,
CUST-03361,25,Male,55,One Year,No,21.91,1269.93,1.5,1,No,1.53,0.11,0.82,No,Low
CUST-03362,18,Male,16,Month-to-Month,No,23.21,357.28,3.6,2,No,13.35,9.86,11.61,No,Low
CUST-03363,18,Male,68,Month-to-Month,DSL,54.08,3539.77,2.3,2,No,10.26,5.19,7.72,No,Low
CUST-03364,23,Female,53,Month-to-Month,Fiber Optic,82.69,4605.48,2.7,1,Yes,93.42,95.95,94.69,Yes,High
CUST-03365,32,Male,20,Month-to-Month,No,27.75,611.8,2.2,1,Yes,74.94,73.19,74.07,Yes,High
CUST-03366,69,Female,65,One Year,DSL,67.78,4511.29,1.0,0,No,4.65,0.06,2.36,No,Low
CUST-03367,34,Male,9,One Year,Fiber Optic,66.49,688.24,2.7,2,No,2.18,1.13,1.65,No,Low
CUST-03368,44,Female,10,One Year,Fiber Optic,84.9,842.77,1.9,2,No,41.38,76.21,58.8,No,Medium
CUST-03369,47,Female,1,Month-to-Month,DSL,45.45,92.33,1.6,0,No,13.36,2.4,7.88,No,Low
CUST-03370,43,Male,21,One Year,DSL,67.9,1447.86,2.7,0,No,2.61,0.01,1.31,No,Low
CUST-03371,40,Male,30,Two Year,Fiber Optic,98.92,3077.45,2.9,3,No,1.42,0.67,1.05,No,Low
CUST-03372,25,Female,35,Two Year,Fiber Optic,114.67,3981.55,3.3,2,No,1.89,0.04,0.96,No,Low
CUST-03373,62,Female,3,Two Year,DSL,79.81,314.58,3.7,8,No,14.06,0.93,7.49,No,Low
CUST-03374,67,Male,14,One Year,Fiber Optic,86.14,1213.28,1.9,3,Yes,57.73,82.71,70.22,Yes,High
CUST-03375,18,Female,4,Month-to-Month,DSL,48.73,240.27,1.7,4,No,33.82,53.93,43.87,No,Medium
CUST-03376,27,Female,26,One Year,DSL,45.78,1166.37,4.0,1,No,0.33,0.0,0.17,No,Low
CUST-03377,38,Male,4,Two Year,DSL,67.28,316.9,2.8,5,No,2.07,0.01,1.04,No,Low
CUST-03378,28,Female,56,Month-to-Month,Fiber Optic,95.23,5151.64,5.0,5,Yes,87.69,94.86,91.27,Yes,High
CUST-03379,49,Male,6,Month-to-Month,Fiber Optic,85.26,555.11,1.0,4,Yes,99.75,100.0,99.88,Yes,High
CUST-03380,31,Male,8,Month-to-Month,DSL,60.61,509.17,3.6,5,No,16.94,34.17,25.56,No,Low
CUST-03381,72,Female,45,One Year,DSL,46.01,2200.54,2.3,1,No,0.01,0.0,0.0,No,
CUST-03382,58,Male,14,Month-to-Month,Fiber Optic,66.04,959.07,2.3,2,Yes,96.99,99.53,98.26,Yes,High
CUST-03383,44,Male,0,Month-to-Month,Fiber Optic,83.39,82.73,2.6,2,Yes,99.41,100.0,99.7,Yes,High
CUST-03384,56,Female,16,Two Year,No,18.0,301.64,4.7,1,No,0.17,0.0,0.09,No,Low
CUST-03385,57,Female,2,One Year,No,30.38,85.65,1.4,2,No,0.82,0.0,0.41,No,Low
CUST-03386,34,Female,72,Month-to-Month,DSL,66.6,4375.75,1.3,0,No,8.72,0.6,4.66,No,Low
CUST-03387,30,Female,21,Month-to-Month,Fiber Optic,100.72,2028.93,3.9,1,Yes,98.89,99.97,99.43,Yes,High
CUST-03388,43,Female,7,Month-to-Month,Fiber Optic,104.14,853.63,5.0,5,Yes,98.67,99.99,99.33,Yes,High
CUST-03389,54,Male,19,Month-to-Month,Fiber Optic,79.32,1453.78,2.4,3,Yes,97.24,97.9,97.57,Yes,High
CUST-03390,43,Male,1,Month-to-Month,Fiber Optic,97.5,181.55,4.4,4,Yes,96.67,99.35,98.01,Yes,High
CUST-03391,19,Female,38,Month-to-Month,DSL,61.82,2500.0,4.2,3,No,9.61,2.74,6.17,No,Low
CUST-03392,30,Male,62,One Year,DSL,60.88,3916.65,3.5,2,No,1.78,0.02,0.9,No,Low
CUST-03393,40,Female,49,One Year,Fiber Optic,81.97,3721.4,3.4,1,No,1.69,0.13,0.91,No,Low
CUST-03394,40,Female,10,Month-to-Month,No,25.76,282.37,2.8,6,No,22.21,41.77,31.99,No,Low
CUST-03395,69,Male,9,Month-to-Month,DSL,66.02,645.25,4.2,4,No,14.82,15.76,15.29,No,Low
CUST-03396,22,Female,0,Two Year,DSL,58.57,55.92,3.9,0,No,0.59,0.03,0.31,No,Low
CUST-03397,49,Female,25,Month-to-Month,No,31.61,801.02,2.6,2,Yes,20.38,8.39,14.39,No,Low
CUST-03398,62,Male,18,Month-to-Month,DSL,62.79,1100.74,1.5,4,No,17.69,51.68,34.69,No,Low
CUST-03399,73,Female,14,One Year,No,29.21,457.09,2.3,0,No,0.61,0.07,0.34,No,Low
CUST-03400,36,Male,57,One Year,Fiber Optic,95.36,5120.07,2.0,2,No,1.67,0.07,0.87,No,Low
CUST-03401,48,Male,4,Month-to-Month,Fiber Optic,71.44,331.45,3.1,1,Yes,96.03,93.1,94.57,Yes,High
CUST-03402,49,Female,0,One Year,DSL,59.34,56.69,3.7,2,No,0.14,0.0,0.07,No,Low
CUST-03403,44,Female,1,One Year,DSL,63.32,118.01,3.6,0,No,0.2,0.0,0.1,No,Low
CUST-03404,40,Female,6,Two Year,Fiber Optic,97.37,645.42,3.7,2,No,2.95,0.44,1.69,No,Low
CUST-03405,48,Female,0,Month-to-Month,DSL,50.99,46.2,3.4,3,Yes,87.45,95.45,91.45,Yes,High
CUST-03406,18,Female,16,One Year,Fiber Optic,91.0,1534.84,3.2,4,No,10.97,18.69,14.83,No,Low
CUST-03407,51,Male,9,Month-to-Month,DSL,48.7,455.91,3.1,3,No,14.68,19.41,17.05,No,Low
CUST-03408,43,Female,4,One Year,DSL,58.17,304.13,4.6,1,No,2.0,0.0,1.0,No,Low
CUST-03409,38,Female,33,One Year,DSL,51.62,1609.64,2.7,2,No,0.05,0.0,0.03,No,Low
CUST-03410,70,Male,5,Month-to-Month,DSL,63.89,349.45,3.0,2,No,10.12,2.58,6.35,No,Low
CUST-03411,32,Male,27,Two Year,No,18.0,466.77,1.0,3,No,1.36,0.71,1.03,No,Low
CUST-03412,36,Female,10,Month-to-Month,Fiber Optic,52.71,569.01,2.6,5,Yes,88.07,98.27,93.17,Yes,High
CUST-03413,69,Female,17,Month-to-Month,No,18.0,327.93,2.9,3,No,9.08,2.32,5.7,No,Low
CUST-03414,30,Female,65,Month-to-Month,Fiber Optic,72.86,4731.14,4.5,1,Yes,94.44,99.83,97.13,Yes,High
CUST-03415,34,Female,0,One Year,DSL,43.3,44.56,1.7,2,No,0.84,0.0,0.42,No,Low
CUST-03416,39,Female,16,Month-to-Month,DSL,52.63,884.9,3.1,3,No,6.57,2.1,4.34,No,Low
CUST-03417,53,Female,46,Two Year,No,18.0,778.99,3.0,5,No,0.25,0.0,0.13,No,Low
CUST-03418,44,Female,21,Two Year,DSL,61.25,1250.28,3.9,2,No,0.06,0.0,0.03,No,Low
CUST-03419,23,Male,7,Two Year,No,18.0,137.32,2.7,2,No,0.58,0.02,0.3,No,Low
CUST-03420,34,Female,12,Month-to-Month,Fiber Optic,85.98,1160.22,3.9,2,Yes,99.13,99.9,99.52,Yes,High
CUST-03421,33,Female,27,One Year,No,29.49,800.13,3.5,3,No,1.79,0.08,0.94,No,Low
CUST-03422,40,Female,53,Month-to-Month,Fiber Optic,86.61,4822.5,2.4,5,Yes,95.92,99.33,97.63,Yes,High
CUST-03423,47,Female,1,Two Year,Fiber Optic,85.2,155.27,2.0,2,No,2.4,0.35,1.38,No,Low
CUST-03424,47,Male,1,One Year,Fiber Optic,77.52,155.51,5.0,1,No,19.34,2.77,11.06,No,Low
CUST-03425,18,Male,9,Month-to-Month,DSL,55.97,542.96,2.6,2,No,12.2,15.53,13.86,No,Low
CUST-03426,56,Male,6,One Year,DSL,50.68,328.49,1.3,1,No,0.96,0.46,0.71,No,Low
CUST-03427,45,Male,7,Month-to-Month,Fiber Optic,93.49,682.28,2.7,3,Yes,99.54,100.0,99.77,Yes,High
CUST-03428,61,Male,6,Month-to-Month,Fiber Optic,115.85,768.21,2.5,5,Yes,97.39,99.41,98.4,Yes,High
CUST-03429,48,Female,5,Month-to-Month,DSL,58.43,358.68,1.9,3,Yes,76.95,90.25,83.6,Yes,High
CUST-03430,57,Male,3,Two Year,No,43.51,173.36,3.2,1,No,0.42,0.0,0.21,No,Low
CUST-03431,48,Male,65,Two Year,DSL,54.32,3475.11,3.4,0,No,1.2,0.01,0.6,No,Low
CUST-03432,60,Female,3,One Year,DSL,61.62,253.09,1.0,0,No,0.19,0.0,0.09,No,Low
CUST-03433,49,Female,5,Two Year,DSL,65.4,363.82,3.3,4,No,0.69,0.0,0.34,No,Low
CUST-03434,40,Male,6,Month-to-Month,DSL,53.97,355.82,4.0,1,No,4.27,0.78,2.53,No,Low
CUST-03435,73,Female,64,Two Year,No,28.33,1810.35,2.1,3,No,0.01,0.0,0.0,No,
CUST-03436,54,Female,33,Month-to-Month,DSL,38.45,1292.19,1.7,1,No,5.43,1.77,3.6,No,Low
CUST-03437,50,Male,37,One Year,Fiber Optic,105.8,3811.9,2.1,3,No,2.9,1.82,2.36,No,Low
CUST-03438,24,Male,2,One Year,No,28.44,83.24,2.6,0,No,0.83,0.0,0.42,No,Low
CUST-03439,23,Female,43,Month-to-Month,No,18.0,727.05,3.1,3,No,10.5,10.69,10.6,No,Low
CUST-03440,46,Female,12,Month-to-Month,Fiber Optic,76.57,897.52,1.9,2,Yes,91.28,99.62,95.45,Yes,High
CUST-03441,44,Female,7,Month-to-Month,DSL,81.46,674.99,2.7,3,No,18.86,25.82,22.34,No,Low
CUST-03442,33,Male,20,Two Year,No,33.45,678.73,2.9,5,No,1.78,0.4,1.09,No,Low
CUST-03443,43,Male,41,Month-to-Month,DSL,42.44,1666.01,3.3,3,No,4.13,1.41,2.77,No,Low
CUST-03444,64,Female,36,Month-to-Month,Fiber Optic,78.01,2740.53,1.6,1,Yes,97.65,99.07,98.36,Yes,High
CUST-03445,51,Male,52,One Year,DSL,51.62,2674.71,2.3,0,No,0.06,0.0,0.03,No,Low
CUST-03446,26,Male,63,Month-to-Month,Fiber Optic,110.26,7352.79,2.3,2,Yes,93.92,99.98,96.95,Yes,High
CUST-03447,40,Female,6,Month-to-Month,Fiber Optic,71.17,502.25,4.9,1,Yes,98.7,99.96,99.33,Yes,High
CUST-03448,30,Male,13,One Year,No,35.36,515.94,4.3,2,No,0.12,0.01,0.06,No,Low
CUST-03449,36,Female,0,Month-to-Month,DSL,46.94,43.04,3.0,3,No,26.91,22.21,24.56,No,Low
CUST-03450,36,Female,50,One Year,No,33.34,1575.78,1.4,1,No,1.54,0.09,0.82,No,Low
CUST-03451,35,Male,4,Month-to-Month,No,30.47,145.41,4.0,3,No,15.78,13.06,14.42,No,Low
CUST-03452,24,Female,47,Month-to-Month,DSL,66.62,2995.17,4.4,1,No,57.76,16.56,37.16,Yes,Medium
CUST-03453,40,Male,9,One Year,No,31.17,325.28,3.0,4,No,0.73,0.3,0.51,No,Low
CUST-03454,34,Female,11,Month-to-Month,Fiber Optic,101.84,1131.25,2.5,6,Yes,98.37,99.89,99.13,Yes,High
CUST-03455,18,Male,0,Two Year,DSL,55.2,51.09,2.3,4,No,0.4,0.0,0.2,No,Low
CUST-03456,70,Male,9,Two Year,DSL,65.75,639.84,3.8,4,No,3.36,0.17,1.77,No,Low
CUST-03457,57,Female,52,Month-to-Month,DSL,40.84,2174.33,3.8,3,No,14.28,3.54,8.91,No,Low
CUST-03458,36,Male,0,Month-to-Month,Fiber Optic,80.08,76.63,1.9,2,Yes,99.1,100.0,99.55,Yes,High
CUST-03459,42,Female,12,Month-to-Month,Fiber Optic,77.23,910.18,2.1,3,Yes,99.26,100.0,99.63,Yes,High
CUST-03460,25,Male,0,Month-to-Month,Fiber Optic,69.9,70.94,1.9,2,Yes,97.01,99.77,98.39,Yes,High
CUST-03461,65,Male,11,Month-to-Month,DSL,61.14,764.36,5.0,0,No,8.99,1.11,5.05,No,Low
CUST-03462,68,Female,4,Two Year,No,20.67,105.58,3.4,2,No,0.06,0.0,0.03,No,Low
CUST-03463,44,Male,6,Month-to-Month,No,26.42,189.75,4.3,4,No,12.69,2.25,7.47,No,Low
CUST-03464,56,Male,50,Month-to-Month,Fiber Optic,84.92,4448.66,3.2,3,Yes,93.43,97.82,95.62,Yes,High
CUST-03465,44,Female,13,Month-to-Month,Fiber Optic,73.7,1046.17,3.5,5,Yes,98.93,99.98,99.45,Yes,High
CUST-03466,23,Female,7,Month-to-Month,Fiber Optic,102.02,833.15,2.7,2,Yes,99.73,100.0,99.86,Yes,High
CUST-03467,36,Female,21,One Year,Fiber Optic,67.63,1356.18,4.7,4,No,20.83,29.72,25.28,No,Low
CUST-03468,43,Female,3,Month-to-Month,No,33.21,120.64,3.4,3,No,9.75,2.45,6.1,No,Low
CUST-03469,35,Male,7,Month-to-Month,No,18.0,131.23,3.0,1,Yes,83.29,94.78,89.04,Yes,High
CUST-03470,38,Female,18,Month-to-Month,Fiber Optic,86.87,1631.93,1.0,3,Yes,99.6,100.0,99.8,Yes,High
CUST-03471,40,Male,6,Two Year,Fiber Optic,81.05,531.15,3.6,1,No,2.31,0.05,1.18,No,Low
CUST-03472,40,Female,27,Month-to-Month,Fiber Optic,103.24,2613.86,3.6,3,Yes,98.97,99.99,99.48,Yes,High
CUST-03473,42,Male,16,Two Year,Fiber Optic,90.29,1399.07,4.4,0,No,20.74,14.64,17.69,No,Low
CUST-03474,27,Female,35,Month-to-Month,No,35.94,1177.76,2.7,7,Yes,88.59,99.02,93.8,Yes,High
CUST-03475,31,Female,71,Two Year,DSL,45.93,3287.54,2.3,3,No,0.64,0.01,0.32,No,Low
CUST-03476,24,Female,2,One Year,DSL,58.7,162.26,5.0,3,No,0.19,0.0,0.1,No,Low
CUST-03477,55,Female,9,Month-to-Month,DSL,56.71,582.33,1.5,3,No,19.54,9.97,14.75,No,Low
CUST-03478,18,Female,9,Two Year,Fiber Optic,73.56,771.57,2.2,1,No,23.0,12.39,17.7,No,Low
CUST-03479,58,Female,3,One Year,Fiber Optic,86.28,333.45,4.8,3,No,47.73,31.53,39.63,No,Medium
CUST-03480,61,Male,39,Month-to-Month,Fiber Optic,72.58,2847.01,4.1,1,Yes,94.41,94.74,94.58,Yes,High
CUST-03481,37,Male,34,Month-to-Month,DSL,42.69,1402.99,2.8,3,No,11.82,2.54,7.18,No,Low
CUST-03482,18,Male,15,One Year,No,18.0,287.52,2.8,4,No,0.19,0.0,0.09,No,Low
CUST-03483,36,Male,18,One Year,DSL,54.5,1074.07,2.9,2,No,0.22,0.0,0.11,No,Low
CUST-03484,41,Female,1,One Year,Fiber Optic,99.4,184.31,4.1,0,No,36.55,22.45,29.5,No,Low
CUST-03485,27,Female,19,One Year,DSL,53.16,1108.89,4.1,3,No,0.12,0.0,0.06,No,Low
CUST-03486,34,Female,37,One Year,Fiber Optic,93.84,3327.73,3.8,1,No,1.27,0.02,0.65,No,Low
CUST-03487,63,Female,20,One Year,Fiber Optic,85.06,1678.89,4.0,4,No,21.54,48.42,34.98,No,Low
CUST-03488,51,Female,7,One Year,DSL,50.06,415.19,3.8,2,No,0.32,0.0,0.16,No,Low
CUST-03489,29,Male,26,Month-to-Month,DSL,51.05,1363.2,1.0,2,Yes,88.19,98.48,93.34,Yes,High
CUST-03490,19,Male,10,Two Year,No,32.97,328.13,3.6,1,No,0.2,0.05,0.12,No,Low
CUST-03491,37,Male,18,Month-to-Month,DSL,94.16,1825.61,2.8,5,No,16.05,33.12,24.59,No,Low
CUST-03492,39,Male,16,Month-to-Month,Fiber Optic,80.69,1366.67,5.0,3,Yes,97.89,97.38,97.64,Yes,High
CUST-03493,48,Female,11,One Year,Fiber Optic,55.61,674.97,1.6,1,No,25.67,63.76,44.72,No,Medium
CUST-03494,34,Female,30,Month-to-Month,Fiber Optic,95.83,2745.74,1.8,4,Yes,97.92,99.81,98.87,Yes,High
CUST-03495,49,Female,51,Month-to-Month,Fiber Optic,86.71,4648.43,3.3,4,Yes,93.8,87.65,90.72,Yes,High
CUST-03496,69,Female,0,Month-to-Month,Fiber Optic,61.12,62.19,1.9,0,Yes,95.95,100.0,97.97,Yes,High
CUST-03497,53,Female,65,One Year,DSL,65.62,4519.81,5.0,0,No,0.46,0.0,0.23,No,Low
CUST-03498,41,Male,17,Two Year,Fiber Optic,90.56,1567.03,3.8,3,No,1.76,0.54,1.15,No,Low
CUST-03499,39,Female,28,One Year,No,23.46,665.2,2.6,0,No,0.04,0.0,0.02,No,Low
CUST-03500,37,Male,46,Month-to-Month,DSL,57.16,2700.65,3.6,2,No,3.85,3.12,3.48,No,Low
CUST-03501,58,Male,15,Month-to-Month,Fiber Optic,84.2,1233.58,3.4,4,Yes,98.63,99.46,99.04,Yes,High
CUST-03502,33,Male,43,Month-to-Month,Fiber Optic,119.6,4902.22,2.5,1,Yes,94.65,98.42,96.54,Yes,High
CUST-03503,42,Male,4,Month-to-Month,DSL,43.12,203.36,1.8,3,Yes,42.8,48.16,45.48,No,Medium
CUST-03504,42,Male,4,Month-to-Month,DSL,42.34,220.54,2.0,4,No,31.78,48.94,40.36,No,Medium
CUST-03505,34,Male,25,Month-to-Month,Fiber Optic,85.81,2008.41,2.7,4,Yes,98.43,100.0,99.21,Yes,High
CUST-03506,22,Female,48,Month-to-Month,No,22.69,1166.39,4.3,1,Yes,63.08,59.16,61.12,Yes,High
CUST-03507,46,Female,53,Month-to-Month,Fiber Optic,94.95,4918.81,3.9,1,Yes,96.55,99.92,98.23,Yes,High
CUST-03508,41,Male,24,One Year,No,18.0,448.76,5.0,4,No,0.34,0.0,0.17,No,Low
CUST-03509,49,Male,17,Two Year,Fiber Optic,95.17,1647.3,2.3,2,No,15.04,19.43,17.24,No,Low
CUST-03510,34,Female,9,Two Year,DSL,49.16,500.26,1.9,6,No,0.58,0.01,0.3,No,Low
CUST-03511,59,Male,72,One Year,DSL,64.32,4895.32,3.0,2,No,0.02,0.0,0.01,No,Low
CUST-03512,29,Female,9,Month-to-Month,DSL,72.37,699.94,3.7,2,Yes,72.49,57.33,64.91,Yes,High
CUST-03513,65,Female,32,One Year,Fiber Optic,91.97,2813.54,3.7,3,No,1.31,0.39,0.85,No,Low
CUST-03514,18,Male,18,Month-to-Month,Fiber Optic,90.75,1609.26,3.6,2,Yes,96.64,90.26,93.45,Yes,High
CUST-03515,48,Male,22,One Year,DSL,49.92,1079.12,3.4,1,No,0.05,0.0,0.03,No,Low
CUST-03516,48,Male,12,One Year,No,25.67,311.43,2.6,3,No,0.44,0.04,0.24,No,Low
CUST-03517,30,Male,72,One Year,DSL,63.72,4195.64,2.7,5,No,0.02,0.0,0.01,No,Low
CUST-03518,47,Male,20,Two Year,Fiber Optic,95.51,2064.45,4.9,0,No,2.84,0.05,1.45,No,Low
CUST-03519,59,Female,66,One Year,Fiber Optic,92.29,6196.66,1.9,0,No,3.23,0.18,1.71,No,Low
CUST-03520,18,Male,0,One Year,DSL,52.59,51.4,3.5,3,No,0.99,0.03,0.51,No,Low
CUST-03521,49,Female,20,Month-to-Month,Fiber Optic,91.64,1774.41,4.5,4,Yes,97.75,98.82,98.28,Yes,High
CUST-03522,18,Female,30,Two Year,Fiber Optic,70.27,1973.84,2.1,0,No,2.85,0.38,1.62,No,Low
CUST-03523,28,Male,32,Month-to-Month,DSL,52.57,1661.42,2.1,5,Yes,88.4,98.8,93.6,Yes,High
CUST-03524,64,Male,56,Two Year,DSL,38.61,1982.45,3.5,1,No,0.62,0.02,0.32,No,Low
CUST-03525,33,Male,0,Month-to-Month,Fiber Optic,82.34,74.81,3.7,3,Yes,98.45,95.82,97.14,Yes,High
CUST-03526,25,Male,0,Month-to-Month,Fiber Optic,61.98,56.46,2.9,2,Yes,95.41,100.0,97.71,Yes,High
CUST-03527,39,Female,15,Two Year,DSL,73.22,1197.73,3.7,4,No,0.15,0.0,0.08,No,Low
CUST-03528,70,Male,0,Month-to-Month,Fiber Optic,86.98,87.76,1.4,1,Yes,97.71,99.99,98.85,Yes,High
CUST-03529,18,Female,72,Two Year,No,27.86,1924.82,2.5,4,No,0.82,0.0,0.41,No,Low
CUST-03530,27,Male,6,Month-to-Month,Fiber Optic,81.2,537.47,4.5,3,Yes,99.5,99.99,99.74,Yes,High
CUST-03531,62,Male,15,Two Year,Fiber Optic,114.62,1745.25,1.2,1,No,1.1,2.43,1.77,No,Low
CUST-03532,68,Female,1,One Year,DSL,57.47,113.2,5.0,0,No,0.94,0.0,0.47,No,Low
CUST-03533,40,Female,17,One Year,DSL,55.6,1029.84,3.1,2,No,0.29,0.0,0.14,No,Low
CUST-03534,24,Male,11,Month-to-Month,Fiber Optic,89.71,1045.9,5.0,4,Yes,98.39,98.48,98.43,Yes,High
CUST-03535,71,Male,1,Month-to-Month,Fiber Optic,75.46,139.19,4.5,2,Yes,93.81,99.99,96.9,Yes,High
CUST-03536,64,Female,9,Two Year,Fiber Optic,99.47,918.89,3.4,2,Yes,55.56,46.68,51.12,Yes,Medium
CUST-03537,51,Male,11,Month-to-Month,DSL,54.08,589.61,3.5,6,Yes,32.89,44.99,38.94,No,Medium
CUST-03538,30,Male,72,Month-to-Month,Fiber Optic,109.24,8062.68,5.0,1,No,35.05,21.88,28.47,No,Low
CUST-03539,41,Female,5,One Year,DSL,60.07,345.96,2.0,2,No,0.26,0.0,0.13,No,Low
CUST-03540,39,Male,18,Month-to-Month,DSL,37.18,733.05,3.1,2,No,12.8,11.0,11.9,No,Low
CUST-03541,46,Female,72,Month-to-Month,DSL,46.77,3231.59,2.5,6,No,7.08,15.94,11.51,No,Low
CUST-03542,62,Female,37,Month-to-Month,No,18.0,697.51,2.3,3,No,4.33,2.27,3.3,No,Low
CUST-03543,54,Female,72,Month-to-Month,DSL,60.34,4291.54,4.5,4,Yes,60.93,25.93,43.43,Yes,Medium
CUST-03544,26,Female,72,Two Year,Fiber Optic,76.32,5723.45,3.6,3,No,1.14,0.09,0.62,No,Low
CUST-03545,61,Female,16,Month-to-Month,Fiber Optic,108.02,1807.31,3.6,2,Yes,97.68,91.68,94.68,Yes,High
CUST-03546,46,Female,28,Two Year,Fiber Optic,81.41,2192.93,3.6,3,No,1.21,0.35,0.78,No,Low
CUST-03547,51,Female,2,Month-to-Month,DSL,72.51,221.92,4.1,5,Yes,82.26,96.85,89.55,Yes,High
CUST-03548,62,Male,13,Month-to-Month,DSL,57.98,731.24,3.0,4,No,57.51,88.71,73.11,Yes,High
CUST-03549,26,Male,39,One Year,Fiber Optic,83.7,3266.47,4.4,3,No,17.68,20.0,18.84,No,Low
CUST-03550,41,Female,16,Month-to-Month,No,23.79,375.87,3.1,4,No,16.41,17.7,17.06,No,Low
CUST-03551,34,Female,29,One Year,DSL,44.05,1256.36,3.2,2,No,0.03,0.0,0.02,No,Low
CUST-03552,20,Male,32,Two Year,DSL,51.05,1619.56,2.8,2,No,0.6,0.01,0.31,No,Low
CUST-03553,46,Female,7,Month-to-Month,Fiber Optic,73.03,574.89,3.0,1,Yes,98.0,91.25,94.62,Yes,High
CUST-03554,77,Male,50,One Year,Fiber Optic,63.74,3098.55,3.5,3,No,0.6,0.38,0.49,No,Low
CUST-03555,18,Female,14,Month-to-Month,DSL,53.44,798.97,3.2,3,No,7.54,12.38,9.96,No,Low
CUST-03556,41,Female,5,Month-to-Month,Fiber Optic,99.87,556.15,2.3,1,Yes,99.13,100.0,99.56,Yes,High
CUST-03557,50,Female,48,Month-to-Month,DSL,60.93,3040.76,2.9,2,No,10.86,0.85,5.85,No,Low
CUST-03558,43,Male,12,Two Year,No,25.51,328.41,2.8,2,No,0.3,0.0,0.15,No,Low
CUST-03559,40,Female,33,Month-to-Month,DSL,57.71,1869.46,3.0,2,Yes,85.35,91.33,88.34,Yes,High
CUST-03560,23,Male,19,Two Year,DSL,71.0,1391.29,1.1,4,No,1.39,0.01,0.7,No,Low
CUST-03561,45,Male,11,Month-to-Month,DSL,66.92,771.4,4.0,2,No,15.45,8.46,11.95,No,Low
CUST-03562,31,Male,39,Month-to-Month,Fiber Optic,81.49,3361.42,3.0,2,Yes,99.45,99.99,99.72,Yes,High
CUST-03563,18,Female,21,Month-to-Month,No,21.38,461.87,3.5,4,Yes,79.2,72.43,75.81,Yes,High
CUST-03564,58,Male,11,Two Year,No,26.53,324.18,3.7,3,No,0.21,0.0,0.11,No,Low
CUST-03565,55,Male,2,One Year,DSL,46.99,143.68,2.0,3,No,1.05,0.67,0.86,No,Low
CUST-03566,42,Female,54,Month-to-Month,Fiber Optic,86.55,4808.29,3.9,5,Yes,97.64,99.9,98.77,Yes,High
CUST-03567,45,Female,0,Two Year,Fiber Optic,98.19,99.43,2.0,5,No,4.67,8.54,6.61,No,Low
CUST-03568,57,Female,47,Month-to-Month,Fiber Optic,93.08,4171.53,3.5,3,Yes,94.71,97.41,96.06,Yes,High
CUST-03569,45,Female,10,Two Year,DSL,64.21,727.96,1.2,2,No,0.05,0.0,0.03,No,Low
CUST-03570,54,Male,24,Two Year,Fiber Optic,105.29,2648.49,1.0,4,No,1.42,5.43,3.42,No,Low
CUST-03571,37,Female,61,One Year,DSL,52.13,2935.01,4.2,4,No,1.32,0.03,0.68,No,Low
CUST-03572,60,Female,3,Two Year,DSL,55.0,219.37,3.8,4,No,1.74,0.0,0.87,No,Low
CUST-03573,46,Male,20,Month-to-Month,Fiber Optic,64.81,1323.31,3.0,2,Yes,96.8,98.86,97.83,Yes,High
CUST-03574,44,Male,34,One Year,DSL,51.7,1667.2,3.1,1,No,0.25,0.0,0.13,No,Low
CUST-03575,24,Male,34,One Year,Fiber Optic,77.8,2643.93,1.4,3,No,1.78,2.76,2.27,No,Low
CUST-03576,46,Male,17,Month-to-Month,No,18.64,348.39,3.1,1,Yes,82.84,90.02,86.43,Yes,High
CUST-03577,30,Female,23,One Year,Fiber Optic,112.2,2777.36,3.2,1,No,3.06,0.32,1.69,No,Low
CUST-03578,33,Female,34,Month-to-Month,Fiber Optic,108.9,3479.73,2.6,2,Yes,97.34,99.94,98.64,Yes,High
CUST-03579,30,Female,44,Month-to-Month,Fiber Optic,96.17,4180.84,2.9,3,Yes,97.0,98.49,97.75,Yes,High
CUST-03580,27,Female,34,Month-to-Month,No,24.77,846.52,2.0,1,Yes,74.92,64.24,69.58,Yes,High
CUST-03581,71,Male,10,Month-to-Month,DSL,75.22,830.45,1.5,1,Yes,77.24,87.44,82.34,Yes,High
CUST-03582,60,Female,72,Month-to-Month,Fiber Optic,92.13,6826.3,3.3,3,Yes,75.38,77.4,76.39,Yes,High
CUST-03583,68,Male,13,Two Year,Fiber Optic,87.14,1249.57,1.7,7,No,2.78,17.25,10.02,No,Low
CUST-03584,24,Female,0,Month-to-Month,DSL,38.96,38.55,3.6,1,No,13.28,1.19,7.23,No,Low
CUST-03585,42,Male,10,One Year,Fiber Optic,78.4,890.28,3.5,7,No,2.72,6.25,4.49,No,Low
CUST-03586,23,Female,3,Month-to-Month,No,23.33,91.78,4.2,2,No,12.62,4.85,8.74,No,Low
CUST-03587,32,Male,3,Month-to-Month,No,31.3,113.11,3.5,1,No,15.58,10.3,12.94,No,Low
CUST-03588,29,Male,7,Month-to-Month,DSL,62.15,481.68,5.0,3,No,7.05,0.93,3.99,No,Low
CUST-03589,59,Male,1,Month-to-Month,No,18.0,33.27,2.8,2,Yes,85.96,97.01,91.48,Yes,High
CUST-03590,36,Female,27,One Year,Fiber Optic,105.5,2912.98,3.5,4,No,1.54,0.1,0.82,No,Low
CUST-03591,56,Female,1,One Year,Fiber Optic,71.97,144.24,2.4,7,No,2.34,1.4,1.87,No,Low
CUST-03592,50,Male,5,Month-to-Month,Fiber Optic,89.19,536.29,4.2,4,Yes,98.33,99.47,98.9,Yes,High
CUST-03593,74,Female,2,Month-to-Month,Fiber Optic,93.67,273.58,3.3,2,Yes,98.03,93.97,96.0,Yes,High
CUST-03594,21,Female,1,Two Year,No,31.44,63.35,1.2,0,No,0.32,0.0,0.16,No,Low
CUST-03595,59,Female,7,Month-to-Month,Fiber Optic,96.44,707.6,2.2,2,Yes,98.62,99.58,99.1,Yes,High
CUST-03596,58,Female,20,Month-to-Month,No,26.53,580.62,2.9,3,No,9.44,2.28,5.86,No,Low
CUST-03597,28,Male,72,One Year,DSL,52.57,3939.23,1.7,1,No,0.52,0.0,0.26,No,Low
CUST-03598,56,Male,50,Month-to-Month,Fiber Optic,108.24,5676.22,3.7,1,Yes,91.27,62.32,76.8,Yes,High
CUST-03599,46,Female,50,Two Year,Fiber Optic,77.25,3565.3,1.5,1,Yes,44.83,41.45,43.14,No,Medium
CUST-03600,38,Female,4,One Year,Fiber Optic,102.69,479.77,2.9,6,No,3.14,6.24,4.69,No,Low
CUST-03601,30,Female,7,Month-to-Month,Fiber Optic,75.06,549.37,2.8,3,Yes,97.59,96.43,97.01,Yes,High
CUST-03602,31,Female,1,Month-to-Month,DSL,63.78,131.36,4.2,4,Yes,81.98,94.85,88.42,Yes,High
CUST-03603,70,Male,36,One Year,DSL,58.04,2174.29,2.8,1,No,0.19,0.0,0.1,No,Low
CUST-03604,42,Female,1,Month-to-Month,DSL,41.11,75.18,4.0,3,No,13.01,8.91,10.96,No,Low
CUST-03605,52,Male,19,Two Year,DSL,50.9,977.6,3.5,1,No,0.02,0.0,0.01,No,Low
CUST-03606,30,Female,6,One Year,Fiber Optic,120.0,820.5,1.8,2,No,1.92,2.52,2.22,No,Low
CUST-03607,31,Male,6,Month-to-Month,Fiber Optic,77.54,546.73,5.0,1,Yes,98.89,99.97,99.43,Yes,High
CUST-03608,57,Female,72,One Year,No,31.77,2189.36,4.3,2,No,0.18,0.0,0.09,No,Low
CUST-03609,23,Female,33,Month-to-Month,Fiber Optic,120.0,3849.75,2.0,0,Yes,98.38,99.99,99.18,Yes,High
CUST-03610,36,Male,43,Month-to-Month,Fiber Optic,80.02,3449.57,1.9,2,Yes,98.53,99.96,99.24,Yes,High
CUST-03611,42,Male,20,One Year,DSL,56.98,1171.26,4.4,2,No,0.05,0.0,0.02,No,Low
CUST-03612,43,Female,49,One Year,No,23.55,1079.56,4.1,1,No,1.0,0.01,0.51,No,Low
CUST-03613,39,Female,24,One Year,No,28.9,727.49,3.8,4,No,1.23,0.09,0.66,No,Low
CUST-03614,47,Male,70,Month-to-Month,Fiber Optic,95.4,6277.42,2.0,3,Yes,92.59,98.91,95.75,Yes,High
CUST-03615,51,Female,7,One Year,DSL,60.03,493.44,2.4,1,No,0.25,0.0,0.13,No,Low
CUST-03616,52,Female,21,Month-to-Month,Fiber Optic,82.29,1839.31,4.5,3,No,91.45,97.08,94.27,Yes,High
CUST-03617,28,Male,28,One Year,No,18.0,546.61,3.7,0,No,0.0,0.0,0.0,No,
CUST-03618,38,Male,11,One Year,Fiber Optic,67.24,746.9,2.3,1,No,3.47,1.08,2.28,No,Low
CUST-03619,58,Female,50,One Year,Fiber Optic,82.24,4369.04,4.6,2,No,14.96,7.31,11.14,No,Low
CUST-03620,54,Female,72,Two Year,No,28.85,2126.9,5.0,2,No,0.18,0.0,0.09,No,Low
CUST-03621,22,Female,16,Two Year,No,29.61,519.57,2.6,2,No,0.4,0.0,0.2,No,Low
CUST-03622,46,Female,11,Two Year,DSL,53.51,581.21,2.4,3,No,0.26,0.26,0.26,No,Low
CUST-03623,18,Male,15,Two Year,Fiber Optic,102.33,1552.37,4.7,1,No,1.61,0.12,0.86,No,Low
CUST-03624,42,Male,45,One Year,DSL,40.98,1704.91,4.9,1,No,0.03,0.0,0.01,No,Low
CUST-03625,68,Male,24,Two Year,No,18.0,417.28,4.9,5,No,0.04,0.07,0.06,No,Low
CUST-03626,28,Male,1,Two Year,DSL,56.31,116.3,3.5,1,No,0.46,0.07,0.26,No,Low
CUST-03627,30,Female,18,One Year,Fiber Optic,112.04,2047.07,2.6,4,No,13.25,28.72,20.99,No,Low
CUST-03628,52,Female,0,Month-to-Month,Fiber Optic,75.76,75.81,4.1,3,Yes,97.87,92.91,95.39,Yes,High
CUST-03629,20,Male,36,Month-to-Month,No,25.09,902.88,2.8,4,No,7.16,2.83,4.99,No,Low
CUST-03630,33,Male,9,Two Year,DSL,57.45,557.87,2.7,3,No,0.33,0.0,0.16,No,Low
CUST-03631,50,Female,15,Month-to-Month,DSL,46.76,746.27,3.3,3,No,17.52,12.8,15.16,No,Low
CUST-03632,33,Female,38,Two Year,Fiber Optic,105.58,3974.4,3.1,3,No,0.82,0.06,0.44,No,Low
CUST-03633,38,Female,1,Month-to-Month,DSL,61.05,110.27,2.6,2,No,16.44,2.94,9.69,No,Low
CUST-03634,52,Female,4,Month-to-Month,No,21.7,110.68,2.0,1,No,24.62,20.15,22.39,No,Low
CUST-03635,47,Female,12,One Year,Fiber Optic,79.32,970.34,2.9,5,No,1.48,2.86,2.17,No,Low
CUST-03636,45,Female,6,Two Year,DSL,59.69,418.13,2.4,2,No,0.32,0.0,0.16,No,Low
CUST-03637,37,Male,9,Month-to-Month,Fiber Optic,64.66,645.78,1.6,3,Yes,94.55,98.88,96.72,Yes,High
CUST-03638,47,Male,72,Two Year,Fiber Optic,82.95,5581.17,3.3,4,No,0.73,0.26,0.5,No,Low
CUST-03639,40,Male,41,One Year,DSL,39.19,1522.03,3.4,2,No,0.08,0.0,0.04,No,Low
CUST-03640,48,Female,51,Month-to-Month,No,29.27,1472.07,4.0,4,No,12.12,5.66,8.89,No,Low
CUST-03641,35,Female,66,Month-to-Month,DSL,50.18,3198.22,3.3,5,No,6.61,8.92,7.76,No,Low
CUST-03642,39,Female,10,Month-to-Month,Fiber Optic,58.63,606.89,3.1,0,Yes,89.1,97.76,93.43,Yes,High
CUST-03643,28,Male,8,Month-to-Month,Fiber Optic,80.11,682.34,4.0,3,Yes,98.55,99.11,98.83,Yes,High
CUST-03644,41,Male,6,Month-to-Month,No,29.82,195.83,3.3,4,No,18.99,22.6,20.8,No,Low
CUST-03645,30,Male,42,Month-to-Month,Fiber Optic,79.55,3135.41,3.5,2,Yes,97.11,98.23,97.67,Yes,High
CUST-03646,26,Male,27,Month-to-Month,No,18.0,460.24,3.8,1,No,61.98,41.6,51.79,Yes,Medium
CUST-03647,45,Female,6,Two Year,Fiber Optic,114.23,825.2,2.5,0,No,18.66,8.16,13.41,No,Low
CUST-03648,44,Female,11,One Year,No,18.92,232.09,4.2,3,No,0.22,0.0,0.11,No,Low
CUST-03649,52,Female,16,One Year,No,32.2,533.25,3.2,4,No,1.51,0.18,0.84,No,Low
CUST-03650,35,Female,18,Month-to-Month,Fiber Optic,87.03,1567.54,3.0,1,Yes,97.99,98.74,98.36,Yes,High
CUST-03651,47,Female,52,Two Year,DSL,69.98,3720.09,4.2,5,No,0.27,0.0,0.13,No,Low
CUST-03652,49,Female,11,Two Year,Fiber Optic,71.44,785.59,2.6,3,No,2.55,0.19,1.37,No,Low
CUST-03653,48,Male,57,Month-to-Month,Fiber Optic,98.46,5226.62,2.7,2,Yes,94.63,97.89,96.26,Yes,High
CUST-03654,30,Female,13,Two Year,DSL,59.6,768.62,3.7,2,No,0.16,0.0,0.08,No,Low
CUST-03655,44,Female,32,Two Year,DSL,56.04,1856.37,3.4,3,No,0.13,0.0,0.06,No,Low
CUST-03656,47,Female,63,One Year,Fiber Optic,85.75,5615.5,5.0,3,No,2.41,0.03,1.22,No,Low
CUST-03657,42,Male,57,One Year,DSL,58.59,3331.76,4.3,2,No,0.47,0.0,0.24,No,Low
CUST-03658,18,Male,1,Month-to-Month,Fiber Optic,85.83,158.84,1.0,4,Yes,98.05,100.0,99.03,Yes,High
CUST-03659,44,Male,5,Month-to-Month,Fiber Optic,52.97,302.09,3.5,2,Yes,96.47,99.99,98.23,Yes,High
CUST-03660,72,Female,15,Month-to-Month,DSL,53.98,883.92,1.2,2,No,8.78,6.14,7.46,No,Low
CUST-03661,36,Male,13,Month-to-Month,DSL,62.28,851.77,2.7,1,No,10.65,8.83,9.74,No,Low
CUST-03662,31,Female,24,Month-to-Month,DSL,48.23,1166.77,3.4,2,No,5.61,5.74,5.67,No,Low
CUST-03663,47,Female,69,Two Year,DSL,55.92,3909.95,2.7,2,No,0.07,0.0,0.03,No,Low
CUST-03664,46,Male,2,Month-to-Month,No,18.23,52.13,1.0,3,Yes,45.37,63.1,54.24,No,Medium
CUST-03665,58,Female,14,Two Year,DSL,54.46,735.74,3.3,3,No,1.19,0.0,0.6,No,Low
CUST-03666,24,Female,5,One Year,Fiber Optic,108.09,675.2,2.6,4,No,22.67,33.75,28.21,No,Low
CUST-03667,52,Male,53,Month-to-Month,DSL,47.27,2569.4,3.9,1,No,10.35,2.23,6.29,No,Low
CUST-03668,50,Female,72,Month-to-Month,DSL,42.26,3219.81,1.1,3,No,16.09,3.0,9.55,No,Low
CUST-03669,40,Male,15,Month-to-Month,DSL,52.77,867.54,2.4,2,No,24.57,22.16,23.36,No,Low
CUST-03670,46,Male,2,Two Year,DSL,60.23,172.76,4.1,1,No,0.09,0.0,0.05,No,Low
CUST-03671,56,Female,36,Two Year,Fiber Optic,74.57,2639.88,1.0,2,No,1.89,1.57,1.73,No,Low
CUST-03672,54,Female,28,Month-to-Month,Fiber Optic,80.4,2148.88,3.7,1,No,89.82,96.51,93.16,Yes,High
CUST-03673,25,Female,10,Two Year,DSL,48.92,549.47,2.3,4,No,0.85,0.0,0.43,No,Low
CUST-03674,53,Female,52,One Year,Fiber Optic,99.65,5244.25,2.9,3,No,3.44,0.46,1.95,No,Low
CUST-03675,41,Female,72,Month-to-Month,DSL,62.55,4284.74,1.9,4,No,9.2,12.47,10.83,No,Low
CUST-03676,43,Female,19,One Year,DSL,58.82,1228.17,2.9,0,No,0.92,0.01,0.46,No,Low
CUST-03677,43,Female,20,One Year,DSL,51.17,1090.87,2.0,4,No,0.75,0.07,0.41,No,Low
CUST-03678,39,Female,8,Month-to-Month,DSL,63.59,590.85,1.9,4,No,18.7,38.52,28.61,No,Low
CUST-03679,58,Male,21,One Year,Fiber Optic,91.76,1869.54,4.1,1,No,2.04,0.04,1.04,No,Low
CUST-03680,40,Female,13,Month-to-Month,No,18.96,262.49,3.1,0,No,9.62,4.32,6.97,No,Low
CUST-03681,26,Male,8,Month-to-Month,DSL,66.76,630.06,3.5,3,No,15.78,16.27,16.02,No,Low
CUST-03682,36,Female,1,Month-to-Month,Fiber Optic,90.11,171.64,3.3,3,Yes,98.18,96.09,97.14,Yes,High
CUST-03683,44,Male,6,Two Year,Fiber Optic,86.44,581.18,4.6,4,No,2.6,0.72,1.66,No,Low
CUST-03684,59,Female,5,One Year,Fiber Optic,111.61,656.65,3.6,3,No,51.99,52.52,52.26,Yes,Medium
CUST-03685,50,Male,18,Month-to-Month,DSL,59.49,1024.83,3.8,4,No,20.47,17.05,18.76,No,Low
CUST-03686,30,Male,22,Month-to-Month,Fiber Optic,106.87,2295.48,4.0,4,Yes,98.19,93.69,95.94,Yes,High
CUST-03687,76,Female,22,Month-to-Month,Fiber Optic,115.21,2513.19,2.3,4,Yes,99.07,100.0,99.53,Yes,High
CUST-03688,45,Male,11,One Year,Fiber Optic,109.15,1180.64,5.0,4,Yes,57.08,41.24,49.16,Yes,Medium
CUST-03689,59,Female,13,Month-to-Month,DSL,54.27,719.78,1.7,2,No,14.3,26.3,20.3,No,Low
CUST-03690,39,Male,43,Two Year,DSL,51.49,2224.32,3.5,2,No,0.03,0.0,0.02,No,Low
CUST-03691,49,Male,15,Two Year,DSL,61.55,889.17,3.5,3,No,0.88,0.0,0.44,No,Low
CUST-03692,53,Male,72,One Year,No,31.32,2240.12,5.0,2,No,0.18,0.0,0.09,No,Low
CUST-03693,59,Female,13,Month-to-Month,Fiber Optic,77.8,1110.95,3.6,3,Yes,98.14,99.02,98.58,Yes,High
CUST-03694,56,Male,25,Month-to-Month,DSL,60.71,1455.19,2.4,2,No,12.63,2.79,7.71,No,Low
CUST-03695,54,Female,1,Month-to-Month,Fiber Optic,76.76,160.31,2.5,4,Yes,98.39,98.83,98.61,Yes,High
CUST-03696,37,Male,25,One Year,DSL,57.97,1450.32,2.7,3,No,0.17,0.0,0.08,No,Low
CUST-03697,33,Male,45,One Year,DSL,71.09,3158.13,3.3,2,No,2.76,0.05,1.41,No,Low
CUST-03698,46,Male,68,One Year,Fiber Optic,80.74,5444.15,3.4,4,No,0.52,0.04,0.28,No,Low
CUST-03699,55,Male,72,Month-to-Month,Fiber Optic,103.63,7254.64,3.6,4,Yes,88.39,96.95,92.67,Yes,High
CUST-03700,38,Female,7,Two Year,No,26.04,207.87,3.2,1,No,0.29,0.0,0.14,No,Low
CUST-03701,56,Female,20,Month-to-Month,Fiber Optic,72.68,1414.39,3.8,1,Yes,96.9,96.83,96.87,Yes,High
CUST-03702,62,Female,14,Month-to-Month,Fiber Optic,69.15,1076.73,1.9,0,Yes,97.9,99.99,98.94,Yes,High
CUST-03703,29,Male,19,One Year,No,18.0,370.89,1.4,3,No,1.71,0.59,1.15,No,Low
CUST-03704,30,Male,4,Month-to-Month,DSL,53.02,264.23,4.4,5,No,10.87,2.63,6.75,No,Low
CUST-03705,40,Male,46,One Year,DSL,48.1,2302.3,1.4,5,No,1.13,0.0,0.57,No,Low
CUST-03706,46,Female,57,Two Year,No,37.75,2203.25,3.1,4,No,0.02,0.0,0.01,No,Low
CUST-03707,34,Male,14,One Year,Fiber Optic,90.07,1312.08,2.3,0,Yes,48.97,48.8,48.88,No,Medium
CUST-03708,60,Female,7,Month-to-Month,Fiber Optic,81.78,604.08,5.0,1,Yes,94.57,94.2,94.38,Yes,High
CUST-03709,47,Male,3,Month-to-Month,DSL,72.01,273.24,5.0,3,Yes,78.85,89.31,84.08,Yes,High
CUST-03710,42,Male,27,Month-to-Month,DSL,41.9,1211.53,3.2,2,No,12.35,9.83,11.09,No,Low
CUST-03711,21,Male,8,Month-to-Month,Fiber Optic,97.45,876.94,2.9,1,Yes,99.28,99.95,99.62,Yes,High
CUST-03712,23,Male,57,Two Year,Fiber Optic,97.52,5824.68,2.9,3,No,1.43,0.34,0.89,No,Low
CUST-03713,45,Female,26,One Year,Fiber Optic,76.25,2123.97,3.4,4,No,2.73,1.07,1.9,No,Low
CUST-03714,18,Male,24,Month-to-Month,No,30.44,745.09,4.1,2,No,4.76,0.53,2.64,No,Low
CUST-03715,56,Female,19,Two Year,Fiber Optic,92.88,1793.47,5.0,1,No,21.12,8.29,14.7,No,Low
CUST-03716,39,Male,1,One Year,No,40.04,77.23,2.0,0,No,0.1,0.0,0.05,No,Low
CUST-03717,80,Female,64,Month-to-Month,No,24.23,1522.35,3.5,2,No,6.73,2.89,4.81,No,Low
CUST-03718,74,Male,23,Month-to-Month,DSL,53.45,1336.59,3.0,2,Yes,82.59,94.24,88.42,Yes,High
CUST-03719,39,Female,72,Month-to-Month,DSL,72.9,4909.51,2.6,3,No,9.22,0.66,4.94,No,Low
CUST-03720,40,Female,18,Two Year,Fiber Optic,102.48,1796.74,2.7,0,No,1.9,0.37,1.14,No,Low
CUST-03721,55,Female,29,Month-to-Month,Fiber Optic,87.73,2521.58,3.1,4,Yes,96.64,99.34,97.99,Yes,High
CUST-03722,65,Male,1,Two Year,DSL,47.85,97.64,3.4,4,No,1.55,0.26,0.91,No,Low
CUST-03723,19,Female,23,Month-to-Month,Fiber Optic,80.94,1996.63,3.6,3,Yes,97.08,98.82,97.95,Yes,High
CUST-03724,18,Male,34,Two Year,Fiber Optic,73.07,2618.37,3.7,2,No,1.11,0.2,0.66,No,Low
CUST-03725,33,Male,36,Month-to-Month,DSL,43.3,1581.76,1.7,0,No,15.19,12.24,13.72,No,Low
CUST-03726,50,Male,35,Two Year,DSL,70.77,2620.73,2.5,1,No,2.76,0.01,1.39,No,Low
CUST-03727,48,Male,6,Two Year,DSL,53.84,350.09,3.8,1,No,0.5,0.0,0.25,No,Low
CUST-03728,56,Female,72,Month-to-Month,Fiber Optic,101.53,7336.07,4.8,0,Yes,80.63,66.45,73.54,Yes,High
CUST-03729,25,Male,72,One Year,Fiber Optic,101.74,7050.34,3.7,2,No,16.27,12.36,14.31,No,Low
CUST-03730,18,Female,1,One Year,DSL,64.57,121.52,2.9,2,No,0.04,0.0,0.02,No,Low
CUST-03731,54,Female,66,Two Year,No,24.97,1530.7,3.7,3,No,0.12,0.0,0.06,No,Low
CUST-03732,30,Female,8,Month-to-Month,No,18.0,154.66,3.5,4,Yes,86.66,95.95,91.31,Yes,High
CUST-03733,18,Female,28,Month-to-Month,Fiber Optic,109.86,2884.02,2.0,6,Yes,94.9,99.86,97.38,Yes,High
CUST-03734,44,Male,9,Two Year,Fiber Optic,92.29,879.39,3.0,2,No,2.65,0.82,1.73,No,Low
CUST-03735,53,Female,72,One Year,No,18.0,1276.19,3.4,1,No,0.36,0.01,0.19,No,Low
CUST-03736,40,Male,2,Month-to-Month,Fiber Optic,66.59,190.51,4.0,2,Yes,98.66,99.99,99.33,Yes,High
CUST-03737,35,Female,16,Two Year,Fiber Optic,70.09,1210.21,4.8,3,No,1.97,0.27,1.12,No,Low
CUST-03738,39,Female,13,Month-to-Month,Fiber Optic,83.46,1100.8,5.0,1,Yes,96.46,93.58,95.02,Yes,High
CUST-03739,36,Female,9,One Year,DSL,84.84,773.09,1.4,3,No,8.88,0.73,4.81,No,Low
CUST-03740,23,Male,24,Month-to-Month,Fiber Optic,89.89,2089.66,3.0,2,Yes,96.42,93.99,95.2,Yes,High
CUST-03741,31,Male,3,Month-to-Month,Fiber Optic,82.63,338.13,4.8,1,Yes,96.65,96.08,96.37,Yes,High
CUST-03742,49,Male,30,Month-to-Month,DSL,53.75,1658.56,4.1,8,Yes,69.88,89.87,79.87,Yes,High
CUST-03743,46,Male,72,Month-to-Month,Fiber Optic,87.03,6268.01,4.1,0,No,67.53,83.48,75.51,Yes,High
CUST-03744,44,Male,39,Month-to-Month,DSL,47.18,1850.93,2.4,2,No,9.76,12.59,11.17,No,Low
CUST-03745,28,Female,47,Month-to-Month,DSL,52.97,2573.98,2.4,2,Yes,85.42,90.89,88.16,Yes,High
CUST-03746,39,Male,10,Month-to-Month,DSL,29.54,302.01,3.9,1,No,16.94,5.95,11.44,No,Low
CUST-03747,18,Female,9,Month-to-Month,Fiber Optic,73.13,681.18,2.7,3,Yes,98.07,99.53,98.8,Yes,High
CUST-03748,44,Female,17,One Year,DSL,48.74,806.72,2.0,2,No,0.91,0.24,0.58,No,Low
CUST-03749,62,Female,1,Month-to-Month,Fiber Optic,68.19,129.68,3.3,3,Yes,99.23,100.0,99.61,Yes,High
CUST-03750,21,Male,69,Month-to-Month,Fiber Optic,100.61,6627.77,3.0,1,Yes,92.57,99.7,96.14,Yes,High
CUST-03751,33,Male,3,One Year,DSL,52.53,217.95,4.2,1,No,0.5,0.04,0.27,No,Low
CUST-03752,46,Male,55,Two Year,DSL,49.12,2480.78,3.7,3,No,0.92,0.04,0.48,No,Low
CUST-03753,59,Male,2,One Year,Fiber Optic,82.84,241.34,5.0,3,No,1.17,0.38,0.78,No,Low
CUST-03754,35,Female,41,Month-to-Month,Fiber Optic,79.01,3350.27,2.1,0,Yes,93.51,86.33,89.92,Yes,High
CUST-03755,32,Male,3,Two Year,Fiber Optic,54.62,226.34,3.2,3,No,25.32,18.88,22.1,No,Low
CUST-03756,18,Female,0,Two Year,DSL,47.55,49.69,3.8,1,No,0.21,0.0,0.11,No,Low
CUST-03757,43,Female,30,Month-to-Month,DSL,51.05,1440.75,3.8,5,Yes,86.16,95.97,91.07,Yes,High
CUST-03758,70,Female,7,Two Year,DSL,52.61,391.11,3.5,2,No,1.56,0.08,0.82,No,Low
CUST-03759,45,Male,30,Month-to-Month,DSL,61.11,1988.85,1.3,2,Yes,81.38,87.59,84.49,Yes,High
CUST-03760,41,Male,19,Month-to-Month,No,18.0,340.93,1.0,1,No,12.1,6.51,9.31,No,Low
CUST-03761,46,Female,2,Month-to-Month,Fiber Optic,87.28,237.84,2.0,1,Yes,97.67,96.97,97.32,Yes,High
CUST-03762,41,Male,64,One Year,Fiber Optic,87.1,5888.27,3.7,2,No,0.79,0.02,0.4,No,Low
CUST-03763,30,Male,14,Month-to-Month,No,30.93,445.63,1.1,5,Yes,31.86,74.98,53.42,No,Medium
CUST-03764,53,Male,31,Month-to-Month,Fiber Optic,83.44,2519.63,3.9,1,Yes,98.58,99.98,99.28,Yes,High
CUST-03765,45,Male,16,Month-to-Month,DSL,60.42,947.63,2.9,3,Yes,85.8,97.56,91.68,Yes,High
CUST-03766,42,Female,22,Month-to-Month,Fiber Optic,101.3,2245.51,2.8,4,Yes,98.36,97.12,97.74,Yes,High
CUST-03767,28,Male,8,Month-to-Month,No,30.93,265.89,5.0,1,Yes,65.71,28.88,47.3,Yes,Medium
CUST-03768,60,Female,5,One Year,Fiber Optic,74.75,465.82,5.0,1,No,0.69,0.01,0.35,No,Low
CUST-03769,51,Male,18,Month-to-Month,Fiber Optic,68.28,1208.81,2.5,6,Yes,99.4,100.0,99.7,Yes,High
CUST-03770,34,Female,13,Two Year,DSL,56.47,721.78,4.1,5,No,0.29,0.0,0.14,No,Low
CUST-03771,56,Female,11,Month-to-Month,Fiber Optic,44.79,506.02,3.2,1,Yes,80.37,98.42,89.39,Yes,High
CUST-03772,35,Female,26,Month-to-Month,No,27.18,720.58,4.1,1,No,74.13,76.77,75.45,Yes,High
CUST-03773,31,Male,28,Month-to-Month,Fiber Optic,90.64,2494.97,2.8,0,No,90.35,98.17,94.26,Yes,High
CUST-03774,31,Male,1,Month-to-Month,DSL,66.27,125.49,1.7,10,Yes,63.31,94.2,78.75,Yes,High
CUST-03775,18,Male,9,Month-to-Month,Fiber Optic,69.25,664.59,3.2,6,Yes,98.97,100.0,99.49,Yes,High
CUST-03776,48,Female,12,One Year,No,18.0,241.22,4.1,1,No,0.19,0.0,0.09,No,Low
CUST-03777,18,Female,2,One Year,No,29.49,88.42,3.0,1,No,2.46,0.08,1.27,No,Low
CUST-03778,24,Female,6,Month-to-Month,DSL,64.01,438.69,4.1,1,Yes,78.84,85.76,82.3,Yes,High
CUST-03779,18,Male,1,Month-to-Month,No,27.46,52.75,4.6,1,Yes,80.95,81.87,81.41,Yes,High
CUST-03780,40,Female,72,Month-to-Month,Fiber Optic,90.91,6042.84,4.5,0,No,46.41,74.11,60.26,No,High
CUST-03781,39,Male,32,Two Year,No,18.0,613.41,3.7,2,No,1.19,0.04,0.61,No,Low
CUST-03782,37,Female,2,One Year,DSL,49.65,136.92,1.7,2,No,1.53,0.06,0.8,No,Low
CUST-03783,27,Male,0,Month-to-Month,No,34.82,32.31,1.0,4,Yes,56.46,64.33,60.39,Yes,High
CUST-03784,25,Female,30,Month-to-Month,DSL,43.84,1314.9,3.8,3,No,14.73,7.98,11.35,No,Low
CUST-03785,48,Male,13,Two Year,Fiber Optic,60.83,784.37,4.1,2,No,1.6,0.06,0.83,No,Low
CUST-03786,34,Male,37,Month-to-Month,DSL,38.86,1470.79,3.2,3,No,80.28,93.51,86.89,Yes,High
CUST-03787,46,Female,61,Month-to-Month,Fiber Optic,71.23,4302.1,3.5,2,No,74.21,93.49,83.85,Yes,High
CUST-03788,29,Male,21,Month-to-Month,DSL,49.69,1065.49,3.1,2,No,4.54,1.24,2.89,No,Low
CUST-03789,44,Female,4,One Year,Fiber Optic,114.44,597.98,3.3,3,No,4.5,1.41,2.96,No,Low
CUST-03790,60,Female,36,Two Year,Fiber Optic,87.13,3227.24,3.6,3,No,20.71,28.19,24.45,No,Low
CUST-03791,50,Female,72,Two Year,No,30.95,2281.51,4.2,0,No,0.01,0.0,0.01,No,Low
CUST-03792,36,Male,20,One Year,No,23.74,494.26,3.3,3,No,0.4,0.0,0.2,No,Low
CUST-03793,45,Male,27,Month-to-Month,No,28.25,742.69,3.2,1,Yes,77.89,90.49,84.19,Yes,High
CUST-03794,38,Female,9,Month-to-Month,DSL,42.83,389.52,3.0,5,Yes,87.76,98.58,93.17,Yes,High
CUST-03795,42,Male,11,Month-to-Month,DSL,53.37,630.28,3.5,5,No,82.38,98.14,90.26,Yes,High
CUST-03796,37,Female,31,Two Year,DSL,48.46,1499.51,1.0,1,No,0.17,0.0,0.09,No,Low
CUST-03797,39,Male,63,One Year,Fiber Optic,82.43,4845.4,4.2,3,No,0.33,0.02,0.18,No,Low
CUST-03798,44,Male,23,Month-to-Month,No,30.1,743.3,3.0,0,No,73.05,86.87,79.96,Yes,High
CUST-03799,28,Male,37,Month-to-Month,No,18.0,666.57,2.3,4,Yes,81.1,86.31,83.71,Yes,High
CUST-03800,27,Male,4,Month-to-Month,DSL,74.42,360.22,4.7,7,Yes,82.17,98.16,90.17,Yes,High
CUST-03801,22,Male,5,Two Year,No,19.08,110.2,2.9,1,No,0.05,0.09,0.07,No,Low
CUST-03802,19,Female,18,Month-to-Month,DSL,66.85,1283.69,2.0,2,No,31.54,20.37,25.96,No,Low
CUST-03803,24,Female,4,Month-to-Month,DSL,84.05,381.49,4.0,3,No,16.49,11.49,13.99,No,Low
CUST-03804,44,Male,24,Month-to-Month,No,18.0,419.53,2.7,1,No,64.73,67.62,66.17,Yes,High
CUST-03805,29,Female,8,Month-to-Month,DSL,58.55,545.58,2.8,2,No,5.68,1.57,3.63,No,Low
CUST-03806,49,Female,37,Two Year,DSL,59.75,2057.13,4.1,4,No,0.09,0.0,0.04,No,Low
CUST-03807,42,Female,39,Two Year,Fiber Optic,81.65,3238.61,4.3,5,No,0.61,0.05,0.33,No,Low
CUST-03808,18,Female,14,Two Year,DSL,63.49,891.59,1.7,2,No,0.49,0.0,0.25,No,Low
CUST-03809,51,Female,4,One Year,DSL,68.61,336.56,3.1,1,No,7.88,0.09,3.98,No,Low
CUST-03810,53,Male,24,One Year,DSL,50.75,1242.95,1.6,9,No,0.41,0.05,0.23,No,Low
CUST-03811,28,Male,72,One Year,DSL,59.45,4333.07,2.7,2,No,1.44,0.04,0.74,No,Low
CUST-03812,47,Male,23,Month-to-Month,Fiber Optic,97.63,2169.17,2.3,3,Yes,97.51,96.87,97.19,Yes,High
CUST-03813,30,Female,0,One Year,DSL,52.99,52.78,4.4,3,No,0.64,0.0,0.32,No,Low
CUST-03814,43,Male,0,Month-to-Month,No,22.05,22.43,2.0,2,Yes,86.62,98.31,92.47,Yes,High
CUST-03815,24,Female,9,One Year,Fiber Optic,74.77,692.64,3.8,5,No,1.81,0.31,1.06,No,Low
CUST-03816,18,Male,5,Month-to-Month,Fiber Optic,70.65,431.71,2.9,1,Yes,98.24,99.08,98.66,Yes,High
CUST-03817,36,Female,40,Month-to-Month,Fiber Optic,77.94,2934.36,1.4,2,Yes,94.58,96.23,95.41,Yes,High
CUST-03818,40,Male,44,Two Year,No,44.57,1884.14,2.3,2,No,0.11,0.0,0.06,No,Low
CUST-03819,36,Male,7,Two Year,DSL,64.63,493.4,1.8,3,No,3.0,0.56,1.78,No,Low
CUST-03820,25,Male,9,Month-to-Month,No,26.5,250.88,2.3,3,Yes,40.07,30.7,35.39,No,Medium
CUST-03821,36,Male,6,Month-to-Month,DSL,48.83,345.25,2.1,2,No,16.59,21.7,19.15,No,Low
CUST-03822,45,Male,57,Two Year,DSL,36.23,1975.97,2.8,2,No,0.17,0.0,0.09,No,Low
CUST-03823,41,Female,16,One Year,No,27.14,467.2,4.3,3,No,0.21,0.0,0.11,No,Low
CUST-03824,44,Male,25,Month-to-Month,Fiber Optic,85.52,2020.22,2.3,1,Yes,99.32,99.99,99.66,Yes,High
CUST-03825,32,Male,12,One Year,Fiber Optic,90.01,1109.03,2.0,4,No,57.01,88.44,72.72,Yes,High
CUST-03826,58,Female,23,Month-to-Month,DSL,72.98,1816.18,2.5,3,No,14.98,14.6,14.79,No,Low
CUST-03827,25,Male,11,Month-to-Month,Fiber Optic,84.21,967.91,2.9,3,Yes,98.65,97.06,97.85,Yes,High
CUST-03828,48,Female,9,Two Year,Fiber Optic,84.98,824.77,2.3,1,No,2.89,1.04,1.96,No,Low
CUST-03829,58,Female,24,Month-to-Month,Fiber Optic,83.14,2105.37,1.8,3,Yes,98.07,99.66,98.87,Yes,High
CUST-03830,48,Male,21,Month-to-Month,Fiber Optic,102.04,2038.51,4.0,3,Yes,97.26,98.67,97.96,Yes,High
CUST-03831,39,Male,8,Month-to-Month,Fiber Optic,113.31,1024.98,3.8,0,Yes,98.13,97.24,97.68,Yes,High
CUST-03832,34,Male,3,Month-to-Month,No,22.31,81.18,3.1,1,No,14.61,11.76,13.19,No,Low
CUST-03833,56,Female,11,Month-to-Month,Fiber Optic,76.17,898.4,4.9,0,No,83.48,89.99,86.74,Yes,High
CUST-03834,22,Female,12,Month-to-Month,Fiber Optic,90.74,1169.86,5.0,2,Yes,96.38,95.2,95.79,Yes,High
CUST-03835,28,Female,23,Month-to-Month,Fiber Optic,113.21,2504.29,4.7,2,Yes,93.9,73.24,83.57,Yes,High
CUST-03836,36,Female,59,Month-to-Month,DSL,65.62,4046.03,1.0,2,No,57.08,73.37,65.23,Yes,High
CUST-03837,59,Male,0,Month-to-Month,DSL,41.13,40.53,3.5,3,No,81.36,96.54,88.95,Yes,High
CUST-03838,47,Female,6,Month-to-Month,No,18.0,116.33,2.3,3,Yes,81.32,85.48,83.4,Yes,High
CUST-03839,28,Female,5,One Year,No,49.36,304.79,2.8,1,No,1.52,0.01,0.77,No,Low
CUST-03840,37,Female,16,One Year,Fiber Optic,86.55,1506.25,1.4,4,No,12.31,47.81,30.06,No,Low
CUST-03841,33,Female,13,Month-to-Month,Fiber Optic,62.81,879.87,3.5,0,Yes,90.85,96.87,93.86,Yes,High
CUST-03842,32,Female,31,One Year,Fiber Optic,86.75,2667.24,5.0,3,No,1.77,0.12,0.95,No,Low
CUST-03843,55,Male,6,Two Year,No,26.65,181.72,3.1,3,No,0.6,0.03,0.31,No,Low
CUST-03844,22,Male,21,Two Year,DSL,42.51,940.38,4.3,1,No,0.0,0.0,0.0,No,
CUST-03845,64,Male,51,Month-to-Month,Fiber Optic,81.54,4007.11,3.6,1,No,95.05,95.95,95.5,Yes,High
CUST-03846,53,Male,57,One Year,Fiber Optic,85.62,4912.89,4.0,4,No,22.21,27.69,24.95,No,Low
CUST-03847,57,Female,72,Month-to-Month,DSL,62.55,4535.59,1.0,3,No,9.39,14.83,12.11,No,Low
CUST-03848,35,Male,35,Month-to-Month,Fiber Optic,88.07,2959.09,3.7,3,Yes,98.5,99.99,99.24,Yes,High
CUST-03849,39,Female,56,Month-to-Month,No,18.74,981.97,4.1,1,No,3.3,1.1,2.2,No,Low
CUST-03850,21,Female,6,Month-to-Month,DSL,54.87,355.18,5.0,2,No,57.19,37.25,47.22,Yes,Medium
CUST-03851,34,Male,5,Month-to-Month,DSL,47.35,256.59,1.6,2,No,31.9,47.63,39.77,No,Medium
CUST-03852,48,Female,0,One Year,DSL,37.25,37.72,5.0,1,No,0.21,0.0,0.1,No,Low
CUST-03853,60,Female,29,One Year,Fiber Optic,80.18,2456.92,2.8,4,No,32.6,59.13,45.86,No,Medium
CUST-03854,26,Female,66,Month-to-Month,DSL,41.92,2864.65,3.4,3,No,5.48,2.74,4.11,No,Low
CUST-03855,36,Male,4,Month-to-Month,DSL,49.64,258.0,4.2,2,No,72.4,89.34,80.87,Yes,High
CUST-03856,39,Male,24,Month-to-Month,Fiber Optic,97.1,2215.62,4.2,4,Yes,97.0,99.2,98.1,Yes,High
CUST-03857,22,Male,32,Month-to-Month,DSL,50.34,1727.01,1.3,2,No,12.34,25.82,19.08,No,Low
CUST-03858,50,Male,63,Two Year,No,18.0,1123.52,3.3,3,No,0.13,0.0,0.06,No,Low
CUST-03859,31,Female,24,One Year,Fiber Optic,79.43,1904.34,2.0,3,Yes,40.13,72.01,56.07,No,Medium
CUST-03860,39,Female,72,Two Year,DSL,56.4,3793.09,3.3,3,No,2.23,0.02,1.12,No,Low
CUST-03861,35,Female,10,One Year,Fiber Optic,75.97,812.68,2.5,6,No,2.94,5.81,4.37,No,Low
CUST-03862,30,Female,10,Month-to-Month,DSL,54.99,606.25,1.4,2,Yes,87.51,98.41,92.96,Yes,High
CUST-03863,41,Female,18,Month-to-Month,Fiber Optic,82.37,1429.4,2.1,6,Yes,97.26,99.51,98.39,Yes,High
CUST-03864,38,Male,11,Month-to-Month,DSL,58.08,729.49,3.8,1,No,8.21,4.81,6.51,No,Low
CUST-03865,36,Female,0,Month-to-Month,Fiber Optic,90.57,93.97,3.6,4,Yes,98.15,97.04,97.59,Yes,High
CUST-03866,31,Male,31,Two Year,Fiber Optic,96.76,3198.77,2.0,4,No,38.65,73.04,55.85,No,Medium
CUST-03867,46,Female,33,Month-to-Month,DSL,65.62,2145.04,2.6,2,No,21.88,10.46,16.17,No,Low
CUST-03868,65,Male,32,Month-to-Month,DSL,56.84,1928.98,3.5,4,No,7.0,1.97,4.48,No,Low
CUST-03869,43,Male,10,One Year,No,33.7,340.6,3.5,3,No,0.18,0.0,0.09,No,Low
CUST-03870,55,Female,17,Two Year,DSL,42.68,796.37,3.9,0,No,0.03,0.0,0.01,No,Low
CUST-03871,22,Female,10,Month-to-Month,DSL,47.04,532.03,3.5,2,Yes,82.75,91.81,87.28,Yes,High
CUST-03872,44,Female,0,One Year,DSL,38.39,37.93,3.9,2,No,1.95,0.08,1.01,No,Low
CUST-03873,26,Female,19,Month-to-Month,Fiber Optic,69.07,1380.5,3.1,3,Yes,99.38,99.99,99.69,Yes,High
CUST-03874,21,Male,3,Month-to-Month,Fiber Optic,81.79,311.66,3.7,7,Yes,98.36,99.36,98.86,Yes,High
CUST-03875,31,Female,2,Month-to-Month,Fiber Optic,84.21,263.32,5.0,5,Yes,98.92,99.94,99.43,Yes,High
CUST-03876,58,Male,33,Month-to-Month,Fiber Optic,77.65,2402.53,4.9,4,Yes,95.19,98.18,96.69,Yes,High
CUST-03877,55,Female,0,One Year,Fiber Optic,58.86,60.84,3.2,2,No,3.09,0.7,1.89,No,Low
CUST-03878,45,Female,72,Month-to-Month,No,37.76,2588.93,1.9,1,No,5.4,3.89,4.65,No,Low
CUST-03879,20,Male,17,One Year,No,30.63,562.79,4.7,6,No,0.94,0.16,0.55,No,Low
CUST-03880,39,Female,72,Two Year,No,28.85,1911.06,1.0,1,No,0.02,0.0,0.01,No,Low
CUST-03881,46,Female,1,Month-to-Month,No,24.07,45.09,3.8,3,No,16.26,8.31,12.29,No,Low
CUST-03882,44,Male,21,One Year,Fiber Optic,96.91,1982.08,3.7,2,Yes,32.66,40.08,36.37,No,Medium
CUST-03883,18,Female,10,Month-to-Month,Fiber Optic,92.07,1060.11,3.3,2,Yes,98.67,99.93,99.3,Yes,High
CUST-03884,29,Female,44,Month-to-Month,DSL,52.06,2182.15,3.6,5,No,6.01,1.39,3.7,No,Low
CUST-03885,41,Female,10,One Year,No,18.02,189.43,1.7,2,No,0.04,0.0,0.02,No,Low
CUST-03886,49,Male,7,One Year,DSL,64.31,486.03,2.0,1,No,0.62,0.04,0.33,No,Low
CUST-03887,18,Male,46,Month-to-Month,DSL,55.15,2716.18,1.8,2,Yes,82.8,95.19,89.0,Yes,High
CUST-03888,39,Female,11,Two Year,Fiber Optic,86.18,1026.28,1.9,3,Yes,58.23,74.23,66.23,Yes,High
CUST-03889,44,Male,0,Month-to-Month,Fiber Optic,91.05,86.86,2.4,3,Yes,98.03,98.6,98.31,Yes,High
CUST-03890,53,Female,11,Two Year,Fiber Optic,89.67,1114.98,3.0,5,No,1.35,1.99,1.67,No,Low
CUST-03891,51,Male,25,Month-to-Month,Fiber Optic,53.34,1395.28,4.3,7,Yes,90.22,99.71,94.97,Yes,High
CUST-03892,50,Female,7,Month-to-Month,No,26.2,210.76,5.0,5,No,20.23,8.08,14.16,No,Low
CUST-03893,30,Female,13,Month-to-Month,Fiber Optic,110.04,1498.9,2.3,0,Yes,98.23,98.53,98.38,Yes,High
CUST-03894,18,Male,1,Month-to-Month,No,26.49,51.64,3.1,3,No,12.89,3.1,8.0,No,Low
CUST-03895,36,Male,21,One Year,Fiber Optic,95.1,2112.31,3.3,2,No,16.38,7.82,12.1,No,Low
CUST-03896,56,Female,33,One Year,No,25.84,792.04,2.2,0,No,0.27,0.0,0.13,No,Low
CUST-03897,61,Female,12,Month-to-Month,DSL,37.03,464.83,2.7,2,No,64.6,72.96,68.78,Yes,High
CUST-03898,51,Male,13,Month-to-Month,DSL,18.0,263.89,5.0,4,No,16.37,7.27,11.82,No,Low
CUST-03899,48,Female,2,Month-to-Month,Fiber Optic,77.87,233.16,4.5,3,Yes,98.7,99.92,99.31,Yes,High
CUST-03900,47,Male,5,Month-to-Month,DSL,57.09,327.75,4.7,0,Yes,70.06,74.34,72.2,Yes,High
CUST-03901,34,Male,4,One Year,No,29.29,135.54,3.8,3,No,0.91,0.16,0.54,No,Low
CUST-03902,40,Female,15,One Year,Fiber Optic,81.83,1248.8,4.1,2,No,1.4,0.05,0.73,No,Low
CUST-03903,65,Male,18,Two Year,Fiber Optic,60.9,1124.69,3.6,0,No,0.85,0.18,0.52,No,Low
CUST-03904,28,Female,71,Month-to-Month,Fiber Optic,91.65,6563.2,5.0,1,No,60.58,74.0,67.29,Yes,High
CUST-03905,64,Male,1,Month-to-Month,Fiber Optic,105.92,221.9,1.0,0,Yes,91.88,99.77,95.82,Yes,High
CUST-03906,37,Male,21,One Year,Fiber Optic,81.7,1751.43,2.0,1,No,1.57,0.92,1.25,No,Low
CUST-03907,60,Male,17,Two Year,DSL,56.59,972.31,1.6,0,No,0.89,0.0,0.45,No,Low
CUST-03908,22,Female,17,One Year,Fiber Optic,116.42,1965.78,2.4,4,Yes,53.98,76.76,65.37,Yes,High
CUST-03909,50,Female,49,Month-to-Month,DSL,65.57,3327.38,3.3,1,No,2.81,0.31,1.56,No,Low
CUST-03910,31,Female,5,Month-to-Month,No,36.58,212.8,3.0,1,No,66.34,63.25,64.8,Yes,High
CUST-03911,22,Male,0,One Year,DSL,54.18,54.66,2.3,5,No,0.88,0.0,0.44,No,Low
CUST-03912,45,Male,26,One Year,Fiber Optic,66.58,1694.38,3.4,7,No,2.51,3.76,3.13,No,Low
CUST-03913,56,Female,10,Two Year,DSL,62.16,653.47,3.6,2,No,0.25,0.0,0.13,No,Low
CUST-03914,30,Male,0,Month-to-Month,Fiber Optic,109.05,113.78,3.8,0,Yes,96.61,99.88,98.24,Yes,High
CUST-03915,21,Female,6,Two Year,Fiber Optic,93.59,612.56,4.0,3,No,2.68,0.1,1.39,No,Low
CUST-03916,40,Male,8,Month-to-Month,Fiber Optic,70.58,602.05,2.5,4,Yes,98.15,98.72,98.43,Yes,High
CUST-03917,40,Female,23,Two Year,No,18.0,421.77,4.3,2,No,0.0,0.0,0.0,No,
CUST-03918,49,Male,4,Two Year,DSL,34.14,167.09,3.1,3,No,0.81,0.0,0.4,No,Low
CUST-03919,55,Female,12,One Year,Fiber Optic,120.0,1419.57,4.0,1,No,17.79,5.01,11.4,No,Low
CUST-03920,41,Male,15,One Year,DSL,83.44,1396.08,2.5,2,No,2.04,0.0,1.02,No,Low
CUST-03921,67,Male,14,Month-to-Month,Fiber Optic,68.98,978.2,5.0,3,Yes,97.83,99.98,98.91,Yes,High
CUST-03922,45,Male,72,Month-to-Month,No,32.26,2138.46,3.8,2,No,2.81,2.34,2.57,No,Low
CUST-03923,37,Male,1,Month-to-Month,No,30.4,57.04,3.3,1,Yes,84.66,92.18,88.42,Yes,High
CUST-03924,19,Male,72,Month-to-Month,Fiber Optic,90.47,6339.74,1.9,0,No,51.81,96.93,74.37,Yes,High
CUST-03925,38,Female,20,Month-to-Month,Fiber Optic,89.89,1764.49,4.4,0,Yes,92.12,64.47,78.29,Yes,High
CUST-03926,37,Female,38,Month-to-Month,DSL,63.67,2292.53,2.0,1,Yes,31.45,9.95,20.7,No,Low
CUST-03927,55,Female,13,Two Year,DSL,61.79,844.34,5.0,1,No,0.44,0.0,0.22,No,Low
CUST-03928,48,Female,14,Month-to-Month,Fiber Optic,91.06,1392.48,4.0,1,Yes,98.91,99.97,99.44,Yes,High
CUST-03929,25,Female,50,One Year,DSL,62.71,3216.53,1.8,4,No,0.98,0.0,0.49,No,Low
CUST-03930,44,Male,54,One Year,Fiber Optic,66.63,3532.05,3.4,2,No,1.41,0.21,0.81,No,Low
CUST-03931,51,Male,6,Month-to-Month,DSL,61.03,392.43,5.0,3,No,17.93,7.31,12.62,No,Low
CUST-03932,63,Male,5,Month-to-Month,Fiber Optic,95.77,599.46,3.2,1,Yes,98.47,99.99,99.23,Yes,High
CUST-03933,54,Female,16,Month-to-Month,DSL,48.01,775.78,2.8,3,No,68.45,78.87,73.66,Yes,High
CUST-03934,52,Male,55,One Year,DSL,54.54,2796.06,3.5,5,No,1.0,0.12,0.56,No,Low
CUST-03935,42,Male,9,One Year,DSL,55.93,531.6,2.4,3,No,0.49,0.0,0.24,No,Low
CUST-03936,47,Female,25,Month-to-Month,DSL,53.67,1401.78,4.7,2,No,54.26,27.51,40.89,Yes,Medium
CUST-03937,59,Male,29,Two Year,DSL,49.91,1403.95,2.3,3,No,0.42,0.0,0.21,No,Low
CUST-03938,23,Female,36,Month-to-Month,Fiber Optic,61.39,2106.62,3.7,3,Yes,94.78,98.65,96.72,Yes,High
CUST-03939,37,Female,19,One Year,Fiber Optic,76.51,1437.69,4.6,4,No,0.93,0.05,0.49,No,Low
CUST-03940,31,Male,12,Month-to-Month,Fiber Optic,104.7,1337.63,3.3,5,Yes,99.7,100.0,99.85,Yes,High
CUST-03941,47,Male,72,One Year,Fiber Optic,55.57,4183.12,4.6,2,No,2.59,0.04,1.31,No,Low
CUST-03942,59,Male,22,Two Year,DSL,70.47,1490.84,3.0,2,No,0.37,0.0,0.19,No,Low
CUST-03943,33,Female,31,One Year,Fiber Optic,76.39,2252.75,2.0,4,No,2.83,3.28,3.05,No,Low
CUST-03944,18,Male,10,Month-to-Month,Fiber Optic,76.26,808.89,4.0,1,No,96.62,97.44,97.03,Yes,High
CUST-03945,36,Female,26,Month-to-Month,No,21.66,537.34,3.6,2,Yes,82.03,87.97,85.0,Yes,High
CUST-03946,54,Female,7,Two Year,DSL,35.05,293.54,2.1,5,No,1.73,0.01,0.87,No,Low
CUST-03947,49,Male,6,Month-to-Month,DSL,73.38,529.99,3.1,2,No,64.76,95.23,80.0,Yes,High
CUST-03948,47,Male,30,Month-to-Month,Fiber Optic,77.03,2172.34,2.1,3,Yes,96.51,97.73,97.12,Yes,High
CUST-03949,38,Female,17,One Year,Fiber Optic,96.03,1790.82,3.2,3,No,0.87,0.13,0.5,No,Low
CUST-03950,24,Male,27,Month-to-Month,DSL,52.87,1395.49,5.0,1,Yes,75.81,68.58,72.2,Yes,High
CUST-03951,49,Female,7,Month-to-Month,No,18.0,136.58,4.3,1,No,13.62,2.6,8.11,No,Low
CUST-03952,30,Male,21,Two Year,Fiber Optic,68.72,1437.41,3.9,0,No,1.72,0.13,0.92,No,Low
CUST-03953,72,Female,14,Month-to-Month,DSL,52.6,718.38,3.4,1,No,9.98,5.71,7.85,No,Low
CUST-03954,49,Female,21,Month-to-Month,No,18.0,402.65,4.4,3,No,76.16,85.04,80.6,Yes,High
CUST-03955,33,Female,8,One Year,DSL,50.08,417.99,3.3,1,No,0.73,0.01,0.37,No,Low
CUST-03956,33,Male,30,Two Year,Fiber Optic,91.67,2646.27,1.2,3,No,1.48,3.17,2.32,No,Low
CUST-03957,40,Male,39,Month-to-Month,DSL,54.37,2208.05,1.7,3,Yes,89.31,97.82,93.57,Yes,High
CUST-03958,38,Female,7,One Year,No,20.77,151.04,2.6,5,No,2.48,0.0,1.24,No,Low
CUST-03959,57,Male,8,One Year,DSL,58.57,500.98,2.7,0,No,2.41,0.08,1.25,No,Low
CUST-03960,44,Male,25,Month-to-Month,No,18.0,460.59,3.2,7,Yes,86.89,99.07,92.98,Yes,High
CUST-03961,31,Female,28,Month-to-Month,DSL,49.19,1308.64,4.5,0,No,6.0,1.23,3.61,No,Low
CUST-03962,68,Male,29,Month-to-Month,No,29.49,852.68,3.6,6,No,8.07,22.72,15.39,No,Low
CUST-03963,42,Male,27,One Year,No,33.34,889.71,3.4,3,No,0.29,0.0,0.15,No,Low
CUST-03964,52,Male,11,Two Year,DSL,51.21,582.72,2.0,2,No,0.22,0.0,0.11,No,Low
CUST-03965,33,Female,12,Month-to-Month,DSL,61.16,747.82,3.0,2,No,9.39,11.12,10.26,No,Low
CUST-03966,47,Female,7,Two Year,DSL,70.75,538.19,2.5,3,No,1.68,0.0,0.84,No,Low
CUST-03967,46,Male,4,One Year,DSL,57.86,277.38,2.1,1,No,0.17,0.0,0.09,No,Low
CUST-03968,18,Male,28,Month-to-Month,No,30.81,821.32,1.0,4,No,8.89,13.1,10.99,No,Low
CUST-03969,70,Male,2,One Year,Fiber Optic,90.25,252.11,1.9,4,No,1.81,0.98,1.4,No,Low
CUST-03970,60,Female,66,Month-to-Month,DSL,89.27,6199.84,5.0,2,No,11.37,0.56,5.96,No,Low
CUST-03971,36,Male,42,Two Year,DSL,58.37,2614.52,4.5,2,No,0.02,0.0,0.01,No,Low
CUST-03972,26,Female,46,One Year,DSL,78.76,3882.71,2.3,3,No,6.71,0.1,3.4,No,Low
CUST-03973,46,Male,56,One Year,DSL,69.62,3856.43,2.7,2,No,2.38,0.01,1.19,No,Low
CUST-03974,43,Female,12,One Year,Fiber Optic,111.67,1336.06,5.0,2,No,19.99,2.89,11.44,No,Low
CUST-03975,46,Male,45,One Year,DSL,50.38,2323.43,5.0,5,No,1.64,0.04,0.84,No,Low
CUST-03976,44,Female,4,Two Year,No,24.38,126.84,3.4,1,No,1.48,0.05,0.77,No,Low
CUST-03977,49,Male,0,One Year,No,23.51,21.27,4.0,0,No,0.06,0.0,0.03,No,Low
CUST-03978,62,Male,36,Two Year,Fiber Optic,78.22,2614.3,3.5,8,No,2.8,3.14,2.97,No,Low
CUST-03979,49,Female,1,One Year,DSL,46.35,91.95,2.9,2,No,0.95,0.16,0.55,No,Low
CUST-03980,27,Female,72,Month-to-Month,No,28.06,1855.66,3.5,0,No,3.68,0.78,2.23,No,Low
CUST-03981,61,Male,26,Two Year,DSL,47.26,1223.37,3.9,3,No,0.59,0.0,0.3,No,Low
CUST-03982,64,Female,33,One Year,DSL,70.79,2302.44,4.4,6,No,0.37,0.0,0.19,No,Low
CUST-03983,80,Female,6,One Year,Fiber Optic,58.08,371.94,3.6,3,No,3.44,1.32,2.38,No,Low
CUST-03984,26,Female,26,Two Year,DSL,42.11,1150.48,3.5,2,No,0.02,0.0,0.01,No,Low
CUST-03985,45,Male,1,Month-to-Month,DSL,57.89,106.09,1.8,3,Yes,91.59,99.3,95.45,Yes,High
CUST-03986,18,Female,43,Month-to-Month,DSL,50.28,2081.97,2.3,4,Yes,81.3,79.44,80.37,Yes,High
CUST-03987,49,Male,4,Month-to-Month,DSL,59.24,298.89,1.2,2,Yes,87.11,99.07,93.09,Yes,High
CUST-03988,34,Male,28,One Year,Fiber Optic,80.6,2320.4,3.7,1,No,2.24,0.19,1.21,No,Low
CUST-03989,68,Female,6,Two Year,No,25.33,172.15,2.6,2,No,1.1,0.0,0.55,No,Low
CUST-03990,31,Male,1,Two Year,DSL,41.07,74.53,3.0,4,No,0.34,0.42,0.38,No,Low
CUST-03991,18,Male,15,Month-to-Month,DSL,52.25,848.09,3.3,0,Yes,79.61,86.01,82.81,Yes,High
CUST-03992,35,Female,4,One Year,No,18.0,92.14,3.5,2,No,0.08,0.0,0.04,No,Low
CUST-03993,18,Female,31,Two Year,No,43.9,1285.85,1.1,2,No,0.86,0.0,0.43,No,Low
CUST-03994,52,Male,6,One Year,No,32.77,240.38,3.6,0,No,0.22,0.0,0.11,No,Low
CUST-03995,18,Male,10,Month-to-Month,DSL,50.57,529.63,2.8,0,No,11.06,7.29,9.17,No,Low
CUST-03996,42,Female,20,One Year,DSL,74.25,1502.58,4.2,1,No,0.08,0.0,0.04,No,Low
CUST-03997,18,Male,8,Two Year,Fiber Optic,113.42,982.17,2.8,1,No,21.08,12.63,16.85,No,Low
CUST-03998,37,Female,11,Two Year,Fiber Optic,63.13,753.73,2.5,3,No,2.27,1.21,1.74,No,Low
CUST-03999,65,Female,40,One Year,DSL,68.91,2785.69,4.5,5,No,3.99,0.05,2.02,No,Low
CUST-04000,47,Male,4,Two Year,DSL,66.68,328.11,2.1,1,No,0.34,0.0,0.17,No,Low
CUST-04001,29,Female,2,Month-to-Month,Fiber Optic,84.01,256.37,2.6,3,Yes,98.5,97.97,98.23,Yes,High
CUST-04002,41,Female,9,Month-to-Month,No,24.55,255.12,2.2,4,Yes,87.51,98.58,93.05,Yes,High
CUST-04003,42,Male,13,Two Year,DSL,52.65,754.25,2.7,2,No,0.26,0.0,0.13,No,Low
CUST-04004,48,Female,18,Month-to-Month,DSL,36.27,694.74,5.0,2,No,6.24,1.69,3.96,No,Low
CUST-04005,22,Female,11,Month-to-Month,Fiber Optic,71.9,783.06,1.9,1,Yes,97.63,99.97,98.8,Yes,High
CUST-04006,50,Female,37,Month-to-Month,Fiber Optic,79.57,2833.99,2.9,6,Yes,98.1,99.98,99.04,Yes,High
CUST-04007,18,Female,0,One Year,No,28.36,25.97,4.1,6,No,2.02,0.28,1.15,No,Low
CUST-04008,33,Male,13,One Year,Fiber Optic,67.07,965.47,3.0,3,No,1.34,1.24,1.29,No,Low
CUST-04009,35,Male,11,Month-to-Month,DSL,61.01,730.52,3.6,3,No,8.03,13.98,11.0,No,Low
CUST-04010,50,Male,25,Two Year,DSL,44.95,1057.72,2.6,4,No,0.33,0.0,0.16,No,Low
CUST-04011,42,Male,72,Two Year,DSL,63.04,4640.98,3.1,3,No,0.26,0.0,0.13,No,Low
CUST-04012,22,Male,17,Month-to-Month,DSL,68.5,1172.04,2.9,1,No,14.69,10.12,12.41,No,Low
CUST-04013,28,Female,72,Month-to-Month,Fiber Optic,91.31,6542.38,3.0,5,Yes,84.62,98.59,91.61,Yes,High
CUST-04014,44,Female,8,One Year,Fiber Optic,73.19,650.12,4.5,1,No,2.65,0.16,1.41,No,Low
CUST-04015,40,Female,0,One Year,DSL,46.96,43.41,2.5,1,No,0.18,0.0,0.09,No,Low
CUST-04016,33,Female,4,Month-to-Month,DSL,53.47,256.61,3.5,4,No,11.02,3.36,7.19,No,Low
CUST-04017,35,Female,12,Month-to-Month,Fiber Optic,94.52,1184.49,4.3,1,Yes,98.25,99.97,99.11,Yes,High
CUST-04018,51,Male,9,Month-to-Month,Fiber Optic,81.3,806.69,3.8,2,Yes,99.44,99.99,99.72,Yes,High
CUST-04019,34,Female,2,Month-to-Month,Fiber Optic,97.66,302.78,2.9,3,Yes,99.52,100.0,99.76,Yes,High
CUST-04020,40,Male,13,Month-to-Month,DSL,66.78,927.71,4.7,4,No,8.35,8.16,8.25,No,Low
CUST-04021,72,Female,9,One Year,Fiber Optic,75.93,761.24,3.4,2,No,3.9,0.73,2.31,No,Low
CUST-04022,22,Female,3,One Year,Fiber Optic,84.87,339.38,4.2,1,No,3.51,0.31,1.91,No,Low
CUST-04023,18,Male,8,One Year,DSL,56.02,460.15,2.6,4,No,1.12,0.0,0.56,No,Low
CUST-04024,52,Female,52,Month-to-Month,Fiber Optic,81.94,4103.81,3.8,2,Yes,94.7,95.24,94.97,Yes,High
CUST-04025,32,Female,8,One Year,DSL,31.4,271.37,3.9,2,No,0.25,0.0,0.12,No,Low
CUST-04026,37,Male,30,Month-to-Month,Fiber Optic,102.9,3083.55,2.4,2,Yes,98.08,99.96,99.02,Yes,High
CUST-04027,31,Female,22,Month-to-Month,No,27.18,641.58,4.7,5,No,9.38,6.99,8.18,No,Low
CUST-04028,38,Male,13,One Year,Fiber Optic,94.0,1288.12,4.4,0,No,36.01,14.71,25.36,No,Low
CUST-04029,64,Male,6,One Year,Fiber Optic,85.74,613.58,2.6,2,No,50.87,69.18,60.02,Yes,High
CUST-04030,53,Female,11,Month-to-Month,No,18.64,231.73,1.6,0,No,17.54,16.31,16.92,No,Low
CUST-04031,54,Female,21,One Year,Fiber Optic,91.7,2026.27,3.0,1,No,2.62,0.45,1.54,No,Low
CUST-04032,22,Female,10,Two Year,DSL,67.43,680.16,3.1,0,No,2.63,0.05,1.34,No,Low
CUST-04033,25,Female,5,One Year,Fiber Optic,98.42,549.27,2.5,3,No,2.04,0.43,1.24,No,Low
CUST-04034,18,Male,2,One Year,Fiber Optic,99.5,305.73,2.7,3,No,1.33,0.31,0.82,No,Low
CUST-04035,30,Female,50,Two Year,DSL,52.82,2652.25,4.1,1,No,0.01,0.0,0.0,No,
CUST-04036,55,Female,13,One Year,No,25.97,355.36,5.0,2,No,0.28,0.0,0.14,No,Low
CUST-04037,49,Female,23,One Year,DSL,62.67,1572.25,4.1,1,No,1.49,0.02,0.76,No,Low
CUST-04038,38,Male,16,Month-to-Month,DSL,51.85,841.95,4.6,6,No,11.91,17.7,14.8,No,Low
CUST-04039,41,Female,49,Month-to-Month,DSL,41.56,1882.96,3.2,2,Yes,77.77,87.22,82.49,Yes,High
CUST-04040,32,Female,19,One Year,Fiber Optic,73.48,1378.89,1.5,3,No,2.06,0.61,1.34,No,Low
CUST-04041,44,Female,15,One Year,DSL,46.03,694.29,2.6,2,No,0.84,0.17,0.5,No,Low
CUST-04042,52,Female,62,Month-to-Month,Fiber Optic,95.91,5902.53,2.4,1,Yes,93.08,78.76,85.92,Yes,High
CUST-04043,19,Male,30,Two Year,Fiber Optic,106.14,2964.85,4.3,4,No,17.94,37.4,27.67,No,Low
CUST-04044,46,Female,2,Month-to-Month,DSL,61.46,193.27,1.0,3,No,23.29,15.49,19.39,No,Low
CUST-04045,55,Female,4,One Year,No,23.45,106.61,3.4,1,No,0.2,0.0,0.1,No,Low
CUST-04046,36,Male,37,Month-to-Month,Fiber Optic,73.57,2613.48,3.0,7,Yes,97.7,99.8,98.75,Yes,High
CUST-04047,51,Female,43,Month-to-Month,DSL,55.84,2459.09,3.6,0,No,45.96,21.29,33.63,No,Low
CUST-04048,80,Male,18,Two Year,Fiber Optic,77.74,1545.94,2.2,1,No,2.14,0.75,1.44,No,Low
CUST-04049,40,Male,19,Month-to-Month,Fiber Optic,106.49,2080.34,4.5,1,Yes,98.97,99.97,99.47,Yes,High
CUST-04050,47,Female,23,Month-to-Month,DSL,47.18,1077.14,3.4,1,No,5.8,4.22,5.01,No,Low
CUST-04051,31,Male,13,Month-to-Month,DSL,63.47,821.38,2.0,2,No,17.05,26.46,21.76,No,Low
CUST-04052,44,Male,27,Month-to-Month,DSL,30.68,889.54,2.1,1,No,10.06,10.79,10.43,No,Low
CUST-04053,48,Female,2,One Year,Fiber Optic,61.45,167.3,2.7,1,No,1.93,1.06,1.49,No,Low
CUST-04054,44,Male,72,Two Year,No,18.0,1196.39,3.8,5,No,0.19,0.0,0.1,No,Low
CUST-04055,27,Male,33,Month-to-Month,Fiber Optic,84.36,2608.86,2.4,2,Yes,99.26,99.99,99.63,Yes,High
CUST-04056,44,Male,23,One Year,DSL,61.6,1434.0,3.9,3,No,0.13,0.0,0.07,No,Low
CUST-04057,62,Male,9,One Year,DSL,62.55,650.32,3.2,1,No,0.27,0.0,0.13,No,Low
CUST-04058,48,Female,4,Two Year,DSL,61.1,300.42,4.8,0,No,0.21,0.0,0.11,No,Low
CUST-04059,55,Female,12,Two Year,No,35.56,440.65,2.6,5,No,1.46,0.0,0.73,No,Low
CUST-04060,38,Female,26,One Year,DSL,42.61,1076.59,3.1,3,No,1.26,0.12,0.69,No,Low
CUST-04061,52,Female,24,Month-to-Month,Fiber Optic,80.04,1955.32,4.2,5,Yes,97.15,93.16,95.15,Yes,High
CUST-04062,45,Male,11,Month-to-Month,Fiber Optic,105.12,1218.84,2.3,4,Yes,99.08,99.88,99.48,Yes,High
CUST-04063,28,Female,22,Month-to-Month,Fiber Optic,89.1,1873.1,2.2,6,Yes,97.8,99.27,98.54,Yes,High
CUST-04064,46,Female,40,One Year,Fiber Optic,94.97,3508.07,1.9,0,No,3.77,0.48,2.12,No,Low
CUST-04065,28,Female,0,One Year,No,35.65,35.27,3.8,3,No,0.43,0.0,0.22,No,Low
CUST-04066,33,Female,14,One Year,Fiber Optic,70.94,1094.7,1.6,4,No,1.18,0.62,0.9,No,Low
CUST-04067,44,Female,34,One Year,DSL,41.73,1447.88,3.5,1,No,0.1,0.0,0.05,No,Low
CUST-04068,46,Female,18,Month-to-Month,DSL,76.21,1374.07,2.4,2,Yes,48.44,16.37,32.4,No,Low
CUST-04069,25,Male,25,One Year,No,37.71,904.95,2.4,3,No,0.91,0.04,0.47,No,Low
CUST-04070,56,Female,17,Month-to-Month,DSL,54.54,992.38,1.1,1,Yes,85.22,97.27,91.24,Yes,High
CUST-04071,50,Male,72,Month-to-Month,DSL,53.86,3952.71,3.1,0,No,14.37,1.39,7.88,No,Low
CUST-04072,32,Male,1,Month-to-Month,Fiber Optic,116.35,238.99,2.4,3,Yes,97.44,99.82,98.63,Yes,High
CUST-04073,20,Male,16,Two Year,DSL,55.3,984.69,3.0,1,No,0.51,0.0,0.25,No,Low
CUST-04074,39,Male,2,Month-to-Month,Fiber Optic,94.56,260.08,3.0,3,Yes,98.3,99.65,98.98,Yes,High
CUST-04075,35,Male,4,Two Year,No,19.89,93.45,5.0,1,No,0.35,0.0,0.17,No,Low
CUST-04076,43,Male,11,Month-to-Month,Fiber Optic,97.52,1113.56,2.2,2,Yes,98.09,99.98,99.03,Yes,High
CUST-04077,36,Female,4,Month-to-Month,Fiber Optic,100.01,490.38,3.8,1,Yes,97.82,97.41,97.61,Yes,High
CUST-04078,18,Female,72,Two Year,DSL,60.6,4016.74,2.8,1,No,1.85,0.0,0.93,No,Low
CUST-04079,36,Female,70,One Year,DSL,49.55,3311.77,3.8,1,No,0.04,0.0,0.02,No,Low
CUST-04080,37,Male,9,Month-to-Month,DSL,49.94,508.95,3.0,1,Yes,75.14,62.39,68.76,Yes,High
CUST-04081,50,Female,24,Month-to-Month,Fiber Optic,82.07,1861.46,5.0,2,Yes,91.98,93.99,92.98,Yes,High
CUST-04082,32,Female,18,Two Year,Fiber Optic,85.71,1665.43,3.1,4,No,0.66,0.17,0.42,No,Low
CUST-04083,65,Male,40,Month-to-Month,Fiber Optic,74.97,2851.52,3.3,4,Yes,98.44,99.38,98.91,Yes,High
CUST-04084,18,Female,23,One Year,DSL,58.27,1322.63,4.5,2,No,0.04,0.0,0.02,No,Low
CUST-04085,60,Female,0,Month-to-Month,DSL,61.6,62.08,2.8,1,Yes,88.06,94.42,91.24,Yes,High
CUST-04086,38,Male,34,Month-to-Month,Fiber Optic,104.24,3702.0,4.3,5,Yes,99.41,99.99,99.7,Yes,High
CUST-04087,54,Female,32,Month-to-Month,DSL,61.13,1879.35,4.5,1,No,6.8,1.48,4.14,No,Low
CUST-04088,43,Female,17,One Year,Fiber Optic,94.04,1626.38,2.6,3,No,1.11,1.46,1.29,No,Low
CUST-04089,57,Male,55,One Year,No,36.62,1920.06,4.1,1,No,0.06,0.0,0.03,No,Low
CUST-04090,36,Male,57,Month-to-Month,Fiber Optic,104.9,5944.23,2.1,2,Yes,98.6,99.99,99.3,Yes,High
CUST-04091,26,Male,17,One Year,DSL,69.99,1257.12,3.4,1,No,1.14,0.0,0.57,No,Low
CUST-04092,61,Male,22,Two Year,DSL,40.87,884.09,2.5,3,No,0.84,0.0,0.42,No,Low
CUST-04093,40,Female,72,Two Year,Fiber Optic,77.26,5466.96,3.1,0,No,1.55,0.01,0.78,No,Low
CUST-04094,45,Female,8,Month-to-Month,Fiber Optic,84.89,749.01,4.0,1,Yes,97.99,97.25,97.62,Yes,High
CUST-04095,59,Male,9,Month-to-Month,Fiber Optic,98.68,950.14,4.4,5,Yes,98.97,99.55,99.26,Yes,High
CUST-04096,27,Female,4,Two Year,Fiber Optic,83.48,407.84,1.0,1,No,14.0,32.4,23.2,No,Low
CUST-04097,50,Male,54,Month-to-Month,DSL,48.88,2477.63,2.2,2,Yes,84.64,93.98,89.31,Yes,High
CUST-04098,33,Male,32,Month-to-Month,Fiber Optic,84.96,2540.34,4.7,3,Yes,94.45,86.62,90.54,Yes,High
CUST-04099,40,Male,2,Two Year,Fiber Optic,80.26,218.98,3.2,1,No,2.88,0.61,1.75,No,Low
CUST-04100,43,Female,72,Month-to-Month,DSL,44.89,3427.46,3.2,5,Yes,67.21,58.58,62.9,Yes,High
CUST-04101,20,Male,31,Month-to-Month,Fiber Optic,46.72,1362.12,4.3,5,Yes,86.11,93.35,89.73,Yes,High
CUST-04102,31,Male,45,Month-to-Month,Fiber Optic,79.78,3515.39,1.0,0,Yes,98.85,99.99,99.42,Yes,High
CUST-04103,60,Male,1,Two Year,Fiber Optic,85.85,174.92,2.1,2,No,2.51,2.67,2.59,No,Low
CUST-04104,54,Female,16,Month-to-Month,DSL,47.76,834.32,4.3,2,No,74.43,84.56,79.49,Yes,High
CUST-04105,41,Female,28,Two Year,DSL,42.87,1168.97,1.4,1,No,0.17,0.0,0.09,No,Low
CUST-04106,45,Male,18,One Year,No,18.0,340.63,3.2,2,No,0.05,0.0,0.02,No,Low
CUST-04107,37,Male,26,Month-to-Month,Fiber Optic,78.67,2142.34,1.0,4,Yes,99.51,100.0,99.75,Yes,High
CUST-04108,60,Female,40,Month-to-Month,Fiber Optic,59.73,2540.48,2.6,4,Yes,86.98,95.26,91.12,Yes,High
CUST-04109,39,Female,11,Month-to-Month,Fiber Optic,86.7,1075.12,4.4,2,Yes,98.86,99.98,99.42,Yes,High
CUST-04110,45,Male,45,One Year,DSL,66.58,2956.31,1.2,2,No,0.34,0.0,0.17,No,Low
CUST-04111,58,Female,4,Month-to-Month,DSL,48.09,235.93,2.8,2,No,7.62,2.28,4.95,No,Low
CUST-04112,31,Female,7,Two Year,Fiber Optic,74.63,609.06,4.2,3,No,2.04,0.36,1.2,No,Low
CUST-04113,63,Male,1,Month-to-Month,No,31.92,63.19,2.3,1,No,14.59,3.03,8.81,No,Low
CUST-04114,20,Female,10,Month-to-Month,DSL,53.66,562.76,3.6,2,No,4.27,1.13,2.7,No,Low
CUST-04115,64,Female,11,Month-to-Month,No,18.0,225.19,5.0,5,No,8.39,1.06,4.73,No,Low
CUST-04116,36,Female,39,One Year,Fiber Optic,104.7,4395.97,4.0,2,No,12.6,1.92,7.26,No,Low
CUST-04117,38,Male,25,Month-to-Month,Fiber Optic,81.82,2212.32,3.4,4,Yes,98.44,99.96,99.2,Yes,High
CUST-04118,18,Male,13,Month-to-Month,Fiber Optic,72.53,966.53,5.0,1,Yes,94.73,94.29,94.51,Yes,High
CUST-04119,35,Male,25,Two Year,Fiber Optic,78.48,1910.6,3.4,2,No,1.08,0.06,0.57,No,Low
CUST-04120,27,Male,1,One Year,No,18.0,35.06,3.1,3,No,0.89,0.0,0.45,No,Low
CUST-04121,33,Female,4,One Year,Fiber Optic,92.67,471.56,2.0,5,No,54.38,91.28,72.83,Yes,High
CUST-04122,40,Female,23,One Year,DSL,61.79,1394.75,4.1,1,No,0.03,0.0,0.02,No,Low
CUST-04123,55,Female,24,One Year,Fiber Optic,83.61,2008.71,5.0,3,No,1.96,0.19,1.07,No,Low
CUST-04124,44,Female,35,Month-to-Month,Fiber Optic,85.02,2824.17,1.0,4,Yes,98.09,99.9,98.99,Yes,High
CUST-04125,46,Male,12,Month-to-Month,Fiber Optic,75.25,983.38,2.3,1,Yes,99.59,99.99,99.79,Yes,High
CUST-04126,26,Female,30,Two Year,Fiber Optic,94.18,2950.56,3.1,1,No,11.4,3.65,7.52,No,Low
CUST-04127,29,Female,27,Month-to-Month,DSL,48.38,1319.88,2.2,1,Yes,87.26,93.42,90.34,Yes,High
CUST-04128,67,Male,72,One Year,No,19.42,1432.7,4.1,3,No,0.68,0.0,0.34,No,Low
CUST-04129,31,Female,5,Month-to-Month,DSL,71.24,426.01,3.9,2,No,8.81,0.89,4.85,No,Low
CUST-04130,65,Male,19,Month-to-Month,DSL,48.45,1007.19,3.6,3,Yes,80.71,94.35,87.53,Yes,High
CUST-04131,38,Female,22,Month-to-Month,Fiber Optic,78.86,1791.99,5.0,0,Yes,93.26,89.37,91.31,Yes,High
CUST-04132,42,Female,72,Month-to-Month,No,30.63,2132.08,3.6,4,No,4.91,3.43,4.17,No,Low
CUST-04133,56,Male,5,One Year,Fiber Optic,91.26,552.73,2.6,8,Yes,69.53,96.0,82.76,Yes,High
CUST-04134,59,Female,17,Month-to-Month,No,21.31,348.49,1.9,7,No,10.13,27.84,18.98,No,Low
CUST-04135,40,Female,10,Month-to-Month,DSL,60.85,650.24,3.7,2,No,4.31,0.82,2.57,No,Low
CUST-04136,36,Male,17,Two Year,Fiber Optic,76.17,1432.61,2.0,2,No,0.79,0.18,0.49,No,Low
CUST-04137,41,Male,6,Month-to-Month,DSL,48.31,340.12,4.0,4,No,14.51,18.62,16.57,No,Low
CUST-04138,46,Male,1,Two Year,No,18.0,37.79,2.7,1,No,0.29,0.0,0.15,No,Low
CUST-04139,54,Female,20,Two Year,Fiber Optic,99.17,1997.03,1.0,4,No,36.44,90.41,63.43,No,High
CUST-04140,42,Female,9,Two Year,Fiber Optic,46.94,450.12,4.3,0,No,24.13,13.47,18.8,No,Low
CUST-04141,50,Female,4,Two Year,Fiber Optic,73.79,335.35,3.8,1,No,15.0,5.48,10.24,No,Low
CUST-04142,64,Female,9,Month-to-Month,DSL,56.1,535.25,4.1,4,No,12.81,2.39,7.6,No,Low
CUST-04143,47,Female,1,Two Year,Fiber Optic,82.69,152.34,1.5,4,No,48.19,89.45,68.82,No,High
CUST-04144,46,Male,72,Two Year,DSL,38.29,2681.48,4.7,2,No,1.07,0.01,0.54,No,Low
CUST-04145,20,Female,20,Two Year,No,25.46,481.35,5.0,1,No,0.01,0.0,0.01,No,Low
CUST-04146,18,Male,40,Month-to-Month,No,28.73,1137.57,2.1,4,No,10.11,4.18,7.14,No,Low
CUST-04147,47,Male,13,Two Year,Fiber Optic,93.42,1361.34,3.6,2,Yes,51.34,36.83,44.08,Yes,Medium
CUST-04148,40,Female,56,One Year,DSL,48.22,2787.99,2.8,1,No,1.14,0.03,0.58,No,Low
CUST-04149,34,Male,15,One Year,Fiber Optic,76.3,1142.88,2.7,2,No,2.26,0.22,1.24,No,Low
CUST-04150,45,Female,20,Month-to-Month,DSL,64.07,1265.43,3.5,2,Yes,82.11,91.45,86.78,Yes,High
CUST-04151,41,Female,16,Month-to-Month,No,39.42,634.21,2.6,7,No,21.96,60.74,41.35,No,Medium
CUST-04152,57,Male,31,Two Year,DSL,66.95,1957.95,3.0,3,No,0.43,0.0,0.21,No,Low
CUST-04153,43,Male,20,Month-to-Month,No,26.26,578.37,5.0,0,No,56.12,57.32,56.72,Yes,Medium
CUST-04154,31,Female,7,Month-to-Month,No,31.62,253.0,1.8,3,Yes,89.55,98.61,94.08,Yes,High
CUST-04155,55,Female,3,Two Year,Fiber Optic,110.94,448.54,3.6,5,No,28.39,24.84,26.62,No,Low
CUST-04156,38,Male,22,Month-to-Month,DSL,58.34,1347.47,5.0,0,No,62.38,54.14,58.26,Yes,Medium
CUST-04157,49,Male,16,Month-to-Month,Fiber Optic,73.36,1209.41,3.3,1,Yes,96.71,89.1,92.91,Yes,High
CUST-04158,35,Female,2,Month-to-Month,Fiber Optic,97.22,298.21,4.0,3,Yes,98.54,99.26,98.9,Yes,High
CUST-04159,32,Female,12,Month-to-Month,Fiber Optic,74.72,908.86,2.4,3,Yes,98.09,99.73,98.91,Yes,High
CUST-04160,43,Male,17,Month-to-Month,No,26.56,458.11,2.2,2,No,9.64,3.21,6.43,No,Low
CUST-04161,42,Male,42,Month-to-Month,Fiber Optic,103.68,4230.33,1.7,2,Yes,99.2,100.0,99.6,Yes,High
CUST-04162,48,Female,1,Month-to-Month,DSL,41.53,86.62,3.3,2,Yes,73.41,67.03,70.22,Yes,High
CUST-04163,38,Female,10,One Year,DSL,68.04,677.98,5.0,6,No,0.21,0.0,0.11,No,Low
CUST-04164,18,Female,41,Two Year,DSL,75.03,2871.77,3.9,4,No,1.73,0.0,0.86,No,Low
CUST-04165,35,Female,25,Month-to-Month,DSL,45.76,1241.42,3.4,1,No,8.01,0.71,4.36,No,Low
CUST-04166,53,Female,8,Month-to-Month,Fiber Optic,91.51,826.18,2.7,3,Yes,98.45,97.41,97.93,Yes,High
CUST-04167,37,Male,44,Month-to-Month,DSL,53.61,2401.32,2.7,5,No,13.7,18.9,16.3,No,Low
CUST-04168,38,Female,16,Two Year,DSL,40.07,696.78,2.3,4,No,0.84,0.34,0.59,No,Low
CUST-04169,55,Male,16,Two Year,DSL,63.27,1115.95,2.4,1,No,0.82,0.13,0.47,No,Low
CUST-04170,32,Female,72,Month-to-Month,Fiber Optic,59.33,4480.18,3.8,2,Yes,88.6,99.92,94.26,Yes,High
CUST-04171,20,Male,70,Month-to-Month,Fiber Optic,89.06,6534.91,5.0,2,Yes,65.03,84.58,74.81,Yes,High
CUST-04172,39,Male,10,One Year,No,20.81,234.82,4.2,4,No,1.01,0.11,0.56,No,Low
CUST-04173,35,Female,3,One Year,Fiber Optic,73.03,268.18,2.6,2,No,3.22,0.24,1.73,No,Low
CUST-04174,28,Female,9,Month-to-Month,Fiber Optic,49.69,494.56,2.4,5,Yes,88.54,99.82,94.18,Yes,High
CUST-04175,39,Male,0,One Year,Fiber Optic,84.26,82.04,2.3,4,No,4.34,5.85,5.09,No,Low
CUST-04176,48,Female,0,One Year,Fiber Optic,102.99,104.75,5.0,4,No,38.93,35.91,37.42,No,Medium
CUST-04177,41,Male,12,Two Year,Fiber Optic,79.71,1081.07,4.2,3,No,3.34,0.54,1.94,No,Low
CUST-04178,46,Male,67,Month-to-Month,DSL,49.26,3197.84,3.7,1,No,3.14,1.25,2.19,No,Low
CUST-04179,67,Female,49,Two Year,No,27.39,1387.6,4.5,2,No,1.16,0.01,0.59,No,Low
CUST-04180,37,Male,17,Month-to-Month,Fiber Optic,93.56,1569.25,4.0,3,Yes,99.51,99.99,99.75,Yes,High
CUST-04181,45,Female,19,One Year,Fiber Optic,107.94,2079.4,1.0,4,No,3.51,9.1,6.3,No,Low
CUST-04182,34,Male,0,One Year,DSL,44.12,44.49,2.1,3,No,1.8,0.62,1.21,No,Low
CUST-04183,30,Female,5,Month-to-Month,Fiber Optic,99.92,547.4,4.5,2,Yes,96.7,97.59,97.15,Yes,High
CUST-04184,33,Female,0,One Year,No,23.24,23.92,5.0,5,No,0.31,0.0,0.16,No,Low
CUST-04185,35,Male,33,Month-to-Month,Fiber Optic,98.05,3458.91,4.7,0,Yes,94.34,99.91,97.12,Yes,High
CUST-04186,47,Male,3,Month-to-Month,DSL,74.01,305.16,3.2,5,No,25.74,33.18,29.46,No,Low
CUST-04187,74,Female,48,Month-to-Month,DSL,54.7,2412.57,3.8,2,No,15.81,3.81,9.81,No,Low
CUST-04188,31,Female,24,Month-to-Month,DSL,54.42,1388.42,2.2,2,Yes,88.96,95.21,92.08,Yes,High
CUST-04189,36,Male,6,Month-to-Month,DSL,44.8,324.43,3.7,2,No,63.17,63.05,63.11,Yes,High
CUST-04190,41,Female,4,Two Year,Fiber Optic,68.52,358.9,3.5,2,No,2.12,0.39,1.25,No,Low
CUST-04191,47,Male,23,Month-to-Month,Fiber Optic,96.89,2104.52,3.2,2,Yes,97.93,99.99,98.96,Yes,High
CUST-04192,45,Male,55,Month-to-Month,No,29.91,1649.12,3.9,1,No,58.16,72.27,65.22,Yes,High
CUST-04193,59,Male,30,Month-to-Month,No,27.65,884.83,3.4,3,Yes,82.45,92.01,87.23,Yes,High
CUST-04194,18,Male,10,Month-to-Month,Fiber Optic,99.37,1103.63,1.0,5,Yes,97.59,100.0,98.8,Yes,High
CUST-04195,18,Female,21,Month-to-Month,No,30.09,680.62,2.5,3,No,16.69,14.72,15.71,No,Low
CUST-04196,35,Female,8,Month-to-Month,DSL,71.05,642.49,2.5,3,No,19.01,25.11,22.06,No,Low
CUST-04197,57,Female,72,Month-to-Month,DSL,56.79,3746.13,3.0,1,No,5.98,1.64,3.81,No,Low
CUST-04198,20,Female,33,Month-to-Month,Fiber Optic,71.1,2494.11,3.5,2,Yes,96.28,97.14,96.71,Yes,High
CUST-04199,18,Female,22,One Year,DSL,57.07,1302.97,3.7,5,No,0.02,0.0,0.01,No,Low
CUST-04200,49,Female,13,One Year,Fiber Optic,120.0,1574.36,3.0,1,No,22.08,8.02,15.05,No,Low
CUST-04201,45,Female,23,Month-to-Month,DSL,57.4,1380.32,3.1,1,Yes,82.62,89.03,85.83,Yes,High
CUST-04202,26,Female,10,Month-to-Month,Fiber Optic,99.04,1064.56,1.0,2,Yes,98.22,98.96,98.59,Yes,High
CUST-04203,28,Female,0,Two Year,No,24.39,24.58,4.4,1,No,0.31,0.0,0.16,No,Low
CUST-04204,28,Male,12,Month-to-Month,Fiber Optic,87.78,1107.96,3.4,4,Yes,98.54,99.61,99.08,Yes,High
CUST-04205,43,Female,63,Two Year,Fiber Optic,96.76,5668.56,3.0,5,No,29.04,41.54,35.29,No,Medium
CUST-04206,33,Female,23,Month-to-Month,Fiber Optic,67.39,1676.91,2.9,0,Yes,98.65,99.98,99.31,Yes,High
CUST-04207,48,Female,2,Month-to-Month,Fiber Optic,64.88,195.11,1.6,4,Yes,96.05,99.91,97.98,Yes,High
CUST-04208,18,Female,51,One Year,DSL,68.53,3588.82,5.0,3,No,0.23,0.0,0.11,No,Low
CUST-04209,30,Female,7,Two Year,Fiber Optic,81.48,661.71,2.5,3,No,3.94,1.82,2.88,No,Low
CUST-04210,26,Female,6,Month-to-Month,No,18.0,123.08,1.5,3,Yes,82.44,92.18,87.31,Yes,High
CUST-04211,38,Male,8,Month-to-Month,DSL,63.28,573.55,3.0,2,No,6.93,1.97,4.45,No,Low
CUST-04212,34,Female,20,Month-to-Month,DSL,47.23,924.14,3.2,3,Yes,85.96,94.81,90.38,Yes,High
CUST-04213,53,Male,18,Two Year,Fiber Optic,84.46,1557.1,4.4,2,No,18.65,23.4,21.02,No,Low
CUST-04214,18,Female,16,One Year,Fiber Optic,78.63,1341.71,3.0,5,No,12.14,28.53,20.34,No,Low
CUST-04215,42,Female,30,Month-to-Month,Fiber Optic,84.69,2679.84,2.9,2,Yes,97.35,98.43,97.89,Yes,High
CUST-04216,49,Male,9,Month-to-Month,DSL,70.46,736.45,2.4,1,Yes,36.22,13.27,24.75,No,Low
CUST-04217,67,Male,36,Month-to-Month,Fiber Optic,81.82,3115.48,1.6,3,Yes,96.78,99.58,98.18,Yes,High
CUST-04218,35,Female,4,Month-to-Month,DSL,54.87,248.62,1.7,0,No,57.93,79.43,68.68,Yes,High
CUST-04219,46,Male,36,Month-to-Month,Fiber Optic,90.81,3113.06,3.8,4,Yes,98.9,99.94,99.42,Yes,High
CUST-04220,18,Male,26,One Year,No,33.45,904.88,3.7,4,No,1.29,0.12,0.7,No,Low
CUST-04221,18,Female,27,Month-to-Month,Fiber Optic,78.95,2016.76,4.3,2,Yes,95.67,79.33,87.5,Yes,High
CUST-04222,53,Male,15,Month-to-Month,Fiber Optic,91.72,1539.87,3.0,2,Yes,97.47,99.09,98.28,Yes,High
CUST-04223,41,Male,26,One Year,DSL,67.79,1776.66,4.9,2,No,4.41,0.02,2.22,No,Low
CUST-04224,58,Female,1,Month-to-Month,No,20.06,40.24,2.2,1,No,19.31,11.81,15.56,No,Low
CUST-04225,22,Male,45,Month-to-Month,DSL,38.08,1589.07,2.7,1,No,17.42,8.19,12.8,No,Low
CUST-04226,49,Male,1,Month-to-Month,Fiber Optic,98.53,190.08,3.1,3,Yes,98.41,99.64,99.03,Yes,High
CUST-04227,68,Female,3,Month-to-Month,DSL,52.14,195.2,3.1,4,No,10.88,4.15,7.51,No,Low
CUST-04228,47,Female,20,Two Year,No,20.59,395.95,2.3,1,No,0.21,0.01,0.11,No,Low
CUST-04229,45,Female,32,One Year,Fiber Optic,98.37,3249.1,2.1,2,No,2.43,0.79,1.61,No,Low
CUST-04230,42,Female,1,Month-to-Month,Fiber Optic,97.34,203.74,1.0,3,Yes,97.84,99.93,98.88,Yes,High
CUST-04231,20,Female,60,Month-to-Month,No,36.34,2096.52,4.9,3,No,49.58,63.74,56.66,No,Medium
CUST-04232,60,Male,72,Month-to-Month,No,38.22,2899.67,3.2,3,No,4.75,3.18,3.96,No,Low
CUST-04233,33,Male,22,One Year,DSL,65.3,1352.41,2.8,2,No,1.1,0.0,0.55,No,Low
CUST-04234,49,Male,15,Month-to-Month,No,25.9,414.17,2.3,7,Yes,84.09,96.81,90.45,Yes,High
CUST-04235,20,Male,32,Month-to-Month,Fiber Optic,79.01,2554.15,3.3,2,Yes,96.82,98.22,97.52,Yes,High
CUST-04236,25,Female,9,Month-to-Month,DSL,66.7,637.23,3.0,2,No,10.96,1.93,6.45,No,Low
CUST-04237,62,Female,16,Month-to-Month,DSL,59.66,976.32,5.0,4,Yes,73.37,87.32,80.34,Yes,High
CUST-04238,37,Male,59,One Year,DSL,48.0,2851.52,2.7,1,No,0.02,0.0,0.01,No,Low
CUST-04239,62,Female,72,Two Year,No,23.57,1692.57,2.9,3,No,0.21,0.0,0.11,No,Low
CUST-04240,40,Male,62,Two Year,No,26.68,1640.88,4.0,3,No,0.96,0.03,0.49,No,Low
CUST-04241,18,Male,7,Month-to-Month,Fiber Optic,88.7,743.27,3.9,3,Yes,98.12,99.04,98.58,Yes,High
CUST-04242,54,Female,6,One Year,Fiber Optic,82.35,585.27,1.9,1,No,18.84,19.46,19.15,No,Low
CUST-04243,33,Male,8,One Year,Fiber Optic,56.05,467.51,3.8,5,Yes,59.88,74.65,67.27,Yes,High
CUST-04244,51,Male,13,Two Year,DSL,46.26,672.0,4.5,0,No,0.83,0.02,0.43,No,Low
CUST-04245,42,Male,9,Month-to-Month,Fiber Optic,77.91,758.74,4.8,0,Yes,95.94,95.28,95.61,Yes,High
CUST-04246,20,Male,11,One Year,No,20.86,225.82,1.8,2,No,1.34,0.0,0.67,No,Low
CUST-04247,44,Female,23,Month-to-Month,Fiber Optic,71.88,1755.99,3.2,4,Yes,98.51,96.44,97.47,Yes,High
CUST-04248,72,Female,34,One Year,Fiber Optic,95.71,3192.15,2.0,1,No,29.04,46.98,38.01,No,Medium
CUST-04249,48,Male,31,Month-to-Month,DSL,51.6,1733.48,4.1,1,No,5.32,2.28,3.8,No,Low
CUST-04250,41,Male,40,One Year,DSL,41.02,1650.84,3.4,4,No,0.69,0.12,0.41,No,Low
CUST-04251,57,Female,0,Two Year,Fiber Optic,99.12,93.23,4.5,2,No,22.92,3.95,13.43,No,Low
CUST-04252,44,Female,1,Month-to-Month,DSL,55.74,112.91,3.8,2,Yes,71.09,61.99,66.54,Yes,High
CUST-04253,44,Male,37,Month-to-Month,Fiber Optic,87.54,3132.65,2.2,3,Yes,99.55,100.0,99.77,Yes,High
CUST-04254,26,Male,18,Month-to-Month,Fiber Optic,86.83,1490.91,3.3,6,Yes,97.89,99.85,98.87,Yes,High
CUST-04255,45,Female,20,Month-to-Month,Fiber Optic,74.04,1421.84,2.4,1,Yes,98.78,99.95,99.37,Yes,High
CUST-04256,56,Female,1,Month-to-Month,DSL,71.84,143.48,2.0,4,Yes,88.75,99.1,93.92,Yes,High
CUST-04257,30,Male,7,Month-to-Month,Fiber Optic,88.45,659.56,2.6,0,Yes,97.7,99.06,98.38,Yes,High
CUST-04258,61,Female,24,Two Year,No,23.47,549.0,3.4,0,No,1.51,0.02,0.77,No,Low
CUST-04259,40,Male,47,Month-to-Month,DSL,65.28,2890.1,2.1,1,No,10.3,7.73,9.01,No,Low
CUST-04260,29,Female,59,One Year,Fiber Optic,93.14,5244.48,3.3,3,No,2.52,0.18,1.35,No,Low
CUST-04261,55,Female,16,Two Year,Fiber Optic,52.98,913.26,1.7,5,Yes,21.14,49.59,35.36,No,Medium
CUST-04262,37,Female,18,Two Year,Fiber Optic,95.4,1771.02,1.1,3,No,2.09,4.53,3.31,No,Low
CUST-04263,52,Male,42,One Year,DSL,59.14,2371.12,5.0,3,No,0.08,0.0,0.04,No,Low
CUST-04264,37,Male,18,Month-to-Month,DSL,57.1,1016.7,2.8,6,Yes,87.78,99.08,93.43,Yes,High
CUST-04265,41,Male,17,Two Year,No,28.82,496.32,3.0,4,No,0.92,0.0,0.46,No,Low
CUST-04266,48,Female,56,Month-to-Month,Fiber Optic,81.7,4887.19,2.8,1,Yes,91.63,95.66,93.65,Yes,High
CUST-04267,46,Male,37,Two Year,Fiber Optic,97.95,3447.0,3.8,1,No,1.0,0.02,0.51,No,Low
CUST-04268,18,Male,57,One Year,Fiber Optic,67.59,4000.32,3.4,1,No,1.21,0.12,0.66,No,Low
CUST-04269,26,Male,5,One Year,Fiber Optic,65.6,405.35,4.2,1,No,16.16,4.34,10.25,No,Low
CUST-04270,55,Female,17,Month-to-Month,Fiber Optic,97.08,1823.09,3.5,1,Yes,98.94,99.98,99.46,Yes,High
CUST-04271,40,Male,44,One Year,No,27.4,1221.56,3.2,5,No,1.33,0.19,0.76,No,Low
CUST-04272,34,Male,2,Two Year,DSL,54.88,150.65,4.3,2,No,0.27,0.0,0.13,No,Low
CUST-04273,22,Male,37,Two Year,DSL,68.81,2362.39,2.8,4,No,1.25,0.0,0.62,No,Low
CUST-04274,26,Female,4,Month-to-Month,Fiber Optic,89.88,434.32,3.1,6,Yes,97.65,99.88,98.77,Yes,High
CUST-04275,18,Female,39,Two Year,Fiber Optic,103.78,3954.47,2.9,0,No,22.06,14.58,18.32,No,Low
CUST-04276,40,Female,22,Month-to-Month,Fiber Optic,69.05,1634.74,4.7,1,Yes,98.15,99.94,99.05,Yes,High
CUST-04277,33,Female,5,One Year,Fiber Optic,91.45,542.97,3.6,1,No,2.12,0.4,1.26,No,Low
CUST-04278,28,Female,15,One Year,DSL,62.54,1027.14,3.3,2,No,0.1,0.0,0.05,No,Low
CUST-04279,41,Male,27,Month-to-Month,Fiber Optic,89.62,2473.15,1.0,3,Yes,99.59,100.0,99.79,Yes,High
CUST-04280,47,Female,24,Month-to-Month,No,33.23,776.01,3.6,5,Yes,87.08,96.23,91.65,Yes,High
CUST-04281,71,Male,13,One Year,No,30.55,397.73,4.0,3,No,1.03,0.1,0.57,No,Low
CUST-04282,20,Male,55,Month-to-Month,Fiber Optic,94.12,5056.18,4.2,5,Yes,98.14,99.99,99.06,Yes,High
CUST-04283,58,Female,17,Month-to-Month,DSL,51.24,834.14,3.0,2,No,11.79,10.59,11.19,No,Low
CUST-04284,55,Male,16,One Year,DSL,73.84,1223.39,3.9,4,No,0.59,0.0,0.3,No,Low
CUST-04285,31,Male,1,Two Year,Fiber Optic,81.32,153.03,3.7,2,No,2.22,0.61,1.41,No,Low
CUST-04286,44,Male,61,One Year,No,19.5,1096.38,1.0,3,No,0.59,0.0,0.29,No,Low
CUST-04287,35,Female,4,Month-to-Month,Fiber Optic,106.11,515.26,4.4,2,Yes,96.77,89.82,93.3,Yes,High
CUST-04288,44,Male,18,Month-to-Month,DSL,81.88,1549.73,3.0,1,Yes,73.42,63.83,68.63,Yes,High
CUST-04289,63,Female,39,One Year,Fiber Optic,60.95,2231.03,3.5,2,No,1.01,0.26,0.64,No,Low
CUST-04290,50,Female,5,One Year,Fiber Optic,119.12,708.49,2.5,3,No,2.28,1.9,2.09,No,Low
CUST-04291,49,Female,17,One Year,DSL,45.97,861.75,4.0,2,No,0.18,0.0,0.09,No,Low
CUST-04292,35,Male,6,Two Year,No,33.56,224.7,3.6,2,No,0.66,0.09,0.38,No,Low
CUST-04293,21,Female,34,Month-to-Month,Fiber Optic,81.82,2999.04,1.4,2,Yes,97.84,100.0,98.92,Yes,High
CUST-04294,39,Male,19,Month-to-Month,Fiber Optic,68.51,1393.89,2.4,5,Yes,99.51,100.0,99.75,Yes,High
CUST-04295,58,Male,46,Two Year,Fiber Optic,81.21,3440.69,4.8,2,No,1.65,0.01,0.83,No,Low
CUST-04296,20,Male,53,Month-to-Month,Fiber Optic,98.92,5564.84,4.1,4,Yes,96.3,97.36,96.83,Yes,High
CUST-04297,27,Female,25,One Year,DSL,55.53,1409.85,2.8,3,No,0.29,0.0,0.15,No,Low
CUST-04298,43,Male,31,Two Year,DSL,40.83,1293.6,2.9,0,No,0.06,0.0,0.03,No,Low
CUST-04299,28,Male,19,Two Year,No,20.75,411.42,2.2,2,No,0.45,0.0,0.23,No,Low
CUST-04300,30,Male,11,One Year,DSL,42.44,488.23,2.3,3,No,0.59,0.0,0.3,No,Low
CUST-04301,36,Male,25,Month-to-Month,No,38.18,959.54,3.4,0,No,66.61,81.82,74.22,Yes,High
CUST-04302,22,Female,57,Two Year,DSL,55.77,3162.89,5.0,0,No,0.46,0.0,0.23,No,Low
CUST-04303,28,Female,12,One Year,No,20.57,279.4,2.9,4,No,0.79,0.0,0.4,No,Low
CUST-04304,51,Female,9,Month-to-Month,Fiber Optic,65.87,614.41,3.2,3,Yes,97.75,100.0,98.87,Yes,High
CUST-04305,23,Male,11,One Year,DSL,58.42,727.11,2.4,2,No,0.23,0.0,0.12,No,Low
CUST-04306,19,Male,13,Month-to-Month,No,18.0,263.69,3.1,2,No,12.16,12.5,12.33,No,Low
CUST-04307,33,Female,1,Two Year,DSL,53.77,103.64,3.6,5,No,0.4,0.0,0.2,No,Low
CUST-04308,52,Male,16,Month-to-Month,No,27.79,442.7,5.0,2,No,12.71,2.64,7.68,No,Low
CUST-04309,39,Female,16,Two Year,Fiber Optic,62.51,1030.02,4.5,2,No,1.39,0.02,0.7,No,Low
CUST-04310,35,Male,21,Two Year,No,18.62,374.92,4.5,3,No,0.23,0.0,0.11,No,Low
CUST-04311,42,Female,10,Two Year,DSL,62.32,701.43,2.7,1,No,1.28,0.09,0.68,No,Low
CUST-04312,18,Male,22,One Year,Fiber Optic,101.97,2221.5,2.2,3,No,2.26,2.56,2.41,No,Low
CUST-04313,48,Male,50,Two Year,Fiber Optic,78.02,3762.71,3.2,2,No,1.93,0.19,1.06,No,Low
CUST-04314,47,Female,72,Month-to-Month,Fiber Optic,100.25,7325.64,2.5,2,No,56.81,80.62,68.72,Yes,High
CUST-04315,36,Female,21,Month-to-Month,No,18.0,389.74,2.7,2,No,7.25,9.13,8.19,No,Low
CUST-04316,56,Male,1,Two Year,DSL,61.33,121.17,3.5,4,No,1.58,0.0,0.79,No,Low
CUST-04317,26,Female,72,Month-to-Month,No,24.35,1728.98,3.9,3,Yes,68.44,72.92,70.68,Yes,High
CUST-04318,57,Female,29,Month-to-Month,DSL,54.0,1567.51,4.5,3,Yes,80.28,80.81,80.54,Yes,High
CUST-04319,44,Male,9,Month-to-Month,No,19.74,187.01,3.8,0,No,12.13,3.43,7.78,No,Low
CUST-04320,37,Male,3,Month-to-Month,DSL,69.69,262.71,3.4,4,Yes,48.04,26.13,37.08,No,Medium
CUST-04321,41,Male,3,One Year,Fiber Optic,99.21,416.32,2.3,1,No,2.33,0.18,1.26,No,Low
CUST-04322,40,Male,4,One Year,Fiber Optic,60.62,291.11,4.5,3,No,3.5,0.48,1.99,No,Low
CUST-04323,59,Female,1,Month-to-Month,No,25.89,50.54,4.1,3,No,17.13,8.2,12.66,No,Low
CUST-04324,26,Male,55,Two Year,Fiber Optic,78.87,4238.15,2.7,2,No,1.71,0.26,0.99,No,Low
CUST-04325,31,Male,18,Month-to-Month,Fiber Optic,85.21,1633.47,4.1,1,Yes,98.78,99.98,99.38,Yes,High
CUST-04326,56,Male,28,One Year,Fiber Optic,58.91,1582.1,3.3,1,No,1.75,0.27,1.01,No,Low
CUST-04327,33,Female,42,Month-to-Month,Fiber Optic,75.82,2959.69,4.4,3,Yes,98.39,99.97,99.18,Yes,High
CUST-04328,54,Male,37,One Year,No,28.58,1136.11,2.9,0,No,0.94,0.03,0.49,No,Low
CUST-04329,65,Male,51,Month-to-Month,DSL,61.09,3114.23,3.0,4,No,18.16,15.53,16.85,No,Low
CUST-04330,36,Male,72,Month-to-Month,DSL,71.86,5154.48,1.5,7,Yes,80.51,99.02,89.77,Yes,High
CUST-04331,51,Female,13,Two Year,No,18.0,244.45,2.7,1,No,0.89,0.08,0.48,No,Low
CUST-04332,25,Male,72,Month-to-Month,DSL,70.42,4665.06,5.0,4,No,35.69,71.34,53.52,No,Medium
CUST-04333,52,Female,30,Two Year,No,28.61,888.24,5.0,2,No,0.11,0.0,0.06,No,Low
CUST-04334,44,Male,1,One Year,Fiber Optic,114.41,225.36,3.7,4,Yes,59.79,72.17,65.98,Yes,High
CUST-04335,48,Male,27,Month-to-Month,No,23.74,612.47,2.7,2,No,10.54,14.77,12.65,No,Low
CUST-04336,32,Female,27,One Year,Fiber Optic,85.65,2346.71,2.9,6,No,1.32,2.5,1.91,No,Low
CUST-04337,18,Male,56,Month-to-Month,DSL,43.54,2320.56,3.1,1,No,6.34,2.87,4.6,No,Low
CUST-04338,49,Female,11,Month-to-Month,DSL,54.02,645.65,2.8,3,No,10.56,17.79,14.17,No,Low
CUST-04339,18,Female,21,Two Year,Fiber Optic,77.29,1700.69,4.1,5,No,1.1,0.11,0.6,No,Low
CUST-04340,37,Female,0,Month-to-Month,Fiber Optic,98.94,93.45,1.7,4,Yes,98.61,99.88,99.25,Yes,High
CUST-04341,55,Female,9,One Year,Fiber Optic,112.06,1024.36,3.2,2,Yes,53.12,52.59,52.86,Yes,Medium
CUST-04342,44,Male,1,Month-to-Month,Fiber Optic,114.09,232.67,5.0,2,Yes,99.24,99.98,99.61,Yes,High
CUST-04343,69,Male,17,One Year,DSL,49.23,882.12,4.3,2,No,0.68,0.0,0.34,No,Low
CUST-04344,56,Female,40,Month-to-Month,No,31.85,1293.61,5.0,2,No,4.64,0.85,2.74,No,Low
CUST-04345,32,Female,5,Month-to-Month,DSL,54.14,321.5,3.1,3,No,12.66,15.83,14.25,No,Low
CUST-04346,42,Female,17,Two Year,DSL,55.31,1003.43,2.5,3,No,0.34,0.0,0.17,No,Low
CUST-04347,41,Male,5,Month-to-Month,Fiber Optic,86.16,482.98,3.6,2,Yes,99.4,99.99,99.7,Yes,High
CUST-04348,19,Male,3,One Year,Fiber Optic,94.99,365.15,2.4,3,No,1.06,0.44,0.75,No,Low
CUST-04349,28,Female,17,One Year,DSL,38.82,652.1,2.6,5,No,0.67,0.0,0.33,No,Low
CUST-04350,34,Male,1,One Year,No,18.0,32.78,3.0,2,No,1.06,0.0,0.53,No,Low
CUST-04351,18,Male,21,One Year,No,33.08,753.96,4.6,3,No,0.16,0.0,0.08,No,Low
CUST-04352,42,Male,0,Month-to-Month,Fiber Optic,93.0,84.35,4.2,4,Yes,99.45,100.0,99.72,Yes,High
CUST-04353,38,Female,2,Month-to-Month,DSL,51.27,139.49,3.8,2,Yes,70.56,63.39,66.97,Yes,High
CUST-04354,18,Male,19,Two Year,DSL,56.3,1067.79,3.3,3,No,1.12,0.13,0.62,No,Low
CUST-04355,47,Female,21,Two Year,DSL,43.67,910.6,5.0,1,No,1.47,0.01,0.74,No,Low
CUST-04356,52,Male,0,Month-to-Month,DSL,39.18,35.5,3.7,1,Yes,81.92,91.27,86.6,Yes,High
CUST-04357,45,Female,20,Month-to-Month,DSL,50.62,1079.08,2.2,2,Yes,28.83,19.86,24.35,No,Low
CUST-04358,37,Female,43,One Year,Fiber Optic,80.47,3248.94,3.4,2,No,1.81,0.24,1.03,No,Low
CUST-04359,50,Male,30,Two Year,No,24.72,699.85,2.2,1,No,0.23,0.0,0.11,No,Low
CUST-04360,51,Female,3,Two Year,Fiber Optic,111.43,406.99,2.6,2,No,1.4,1.27,1.33,No,Low
CUST-04361,46,Male,21,Two Year,DSL,60.12,1318.21,4.7,4,No,1.15,0.05,0.6,No,Low
CUST-04362,30,Male,26,Month-to-Month,No,36.11,902.22,3.5,4,No,13.14,18.5,15.82,No,Low
CUST-04363,45,Female,0,Two Year,DSL,62.14,61.32,3.3,1,No,0.76,0.0,0.38,No,Low
CUST-04364,58,Male,46,Two Year,Fiber Optic,83.19,3636.77,3.5,2,No,20.23,22.97,21.6,No,Low
CUST-04365,33,Male,56,Month-to-Month,Fiber Optic,75.38,4406.14,3.1,1,Yes,91.48,96.05,93.76,Yes,High
CUST-04366,71,Male,45,Month-to-Month,DSL,65.99,2817.16,1.0,0,No,14.39,14.26,14.32,No,Low
CUST-04367,34,Male,41,Month-to-Month,Fiber Optic,97.5,3949.51,4.0,4,Yes,97.32,98.81,98.06,Yes,High
CUST-04368,42,Female,32,One Year,Fiber Optic,73.97,2399.18,3.9,3,No,1.16,0.25,0.71,No,Low
CUST-04369,32,Male,24,Month-to-Month,Fiber Optic,80.96,2088.83,3.4,4,Yes,99.01,99.97,99.49,Yes,High
CUST-04370,45,Female,27,Month-to-Month,No,18.0,469.86,2.4,2,No,5.65,1.67,3.66,No,Low
CUST-04371,18,Female,39,Month-to-Month,Fiber Optic,113.42,4505.36,5.0,6,Yes,96.44,99.98,98.21,Yes,High
CUST-04372,34,Male,26,Month-to-Month,DSL,51.69,1262.59,2.7,1,No,64.32,68.65,66.49,Yes,High
CUST-04373,26,Male,9,Month-to-Month,Fiber Optic,97.8,993.94,2.3,3,Yes,98.9,99.7,99.3,Yes,High
CUST-04374,43,Female,11,One Year,DSL,59.28,696.47,3.3,2,No,0.05,0.0,0.03,No,Low
CUST-04375,55,Male,54,Month-to-Month,Fiber Optic,74.84,4288.08,4.0,3,Yes,92.28,96.15,94.21,Yes,High
CUST-04376,51,Male,0,Two Year,DSL,55.2,56.1,3.7,2,No,0.31,0.0,0.15,No,Low
CUST-04377,18,Male,28,Two Year,DSL,57.65,1605.18,3.8,3,No,0.13,0.0,0.07,No,Low
CUST-04378,70,Female,72,Two Year,Fiber Optic,77.24,5426.33,4.5,2,No,0.84,0.03,0.43,No,Low
CUST-04379,46,Female,29,One Year,No,22.57,610.05,3.5,3,No,0.35,0.0,0.17,No,Low
CUST-04380,31,Male,72,Month-to-Month,No,23.59,1766.35,4.7,8,No,6.56,10.02,8.29,No,Low
CUST-04381,44,Male,27,Month-to-Month,Fiber Optic,59.65,1704.96,3.8,1,Yes,94.37,96.61,95.49,Yes,High
CUST-04382,44,Female,0,Month-to-Month,DSL,42.38,41.76,3.1,1,No,9.62,1.24,5.43,No,Low
CUST-04383,32,Female,42,Two Year,DSL,29.43,1210.21,2.7,6,No,0.68,0.0,0.34,No,Low
CUST-04384,44,Female,8,Month-to-Month,Fiber Optic,88.64,814.31,4.7,5,Yes,98.83,99.95,99.39,Yes,High
CUST-04385,33,Female,14,One Year,Fiber Optic,94.24,1401.64,3.9,4,No,11.18,13.27,12.23,No,Low
CUST-04386,36,Male,8,One Year,No,32.5,271.58,2.8,0,No,0.05,0.0,0.03,No,Low
CUST-04387,32,Female,7,Two Year,DSL,56.17,420.76,2.7,1,No,0.19,0.0,0.09,No,Low
CUST-04388,21,Male,13,One Year,No,24.38,338.2,2.1,4,No,1.17,0.0,0.58,No,Low
CUST-04389,44,Male,11,One Year,DSL,44.83,538.88,5.0,3,No,0.26,0.0,0.13,No,Low
CUST-04390,50,Female,24,Month-to-Month,Fiber Optic,78.46,1798.68,3.7,8,Yes,98.71,100.0,99.36,Yes,High
CUST-04391,49,Male,40,One Year,Fiber Optic,69.16,2909.16,4.8,1,No,21.41,7.87,14.64,No,Low
CUST-04392,53,Female,8,Month-to-Month,DSL,59.3,520.63,5.0,0,No,8.9,0.22,4.56,No,Low
CUST-04393,46,Male,5,Two Year,DSL,69.78,389.36,5.0,1,No,0.57,0.0,0.29,No,Low
CUST-04394,34,Female,26,Month-to-Month,Fiber Optic,94.08,2501.6,2.8,1,Yes,97.7,98.42,98.06,Yes,High
CUST-04395,53,Female,26,Month-to-Month,DSL,56.62,1576.81,5.0,0,No,59.16,46.59,52.88,Yes,Medium
CUST-04396,22,Male,55,Two Year,No,26.22,1333.62,4.1,5,No,0.55,0.0,0.28,No,Low
CUST-04397,29,Female,0,Month-to-Month,DSL,64.36,60.06,1.9,4,Yes,57.27,49.56,53.42,Yes,Medium
CUST-04398,28,Male,46,Two Year,Fiber Optic,109.53,5068.04,3.5,3,No,1.03,0.04,0.54,No,Low
CUST-04399,57,Female,17,Two Year,Fiber Optic,116.13,1881.89,3.3,3,No,4.04,0.1,2.07,No,Low
CUST-04400,55,Male,23,Two Year,No,18.0,400.45,3.7,2,No,0.19,0.0,0.1,No,Low
CUST-04401,48,Female,2,Month-to-Month,No,18.1,50.8,3.5,4,No,19.88,18.69,19.28,No,Low
CUST-04402,57,Male,13,Month-to-Month,Fiber Optic,92.82,1341.86,3.9,2,Yes,98.22,90.17,94.19,Yes,High
CUST-04403,29,Male,6,Two Year,No,31.72,217.3,2.4,1,No,0.1,0.02,0.06,No,Low
CUST-04404,46,Male,7,Two Year,Fiber Optic,49.83,396.58,3.6,3,No,1.79,0.99,1.39,No,Low
CUST-04405,40,Male,16,Month-to-Month,Fiber Optic,76.72,1174.42,2.7,1,Yes,97.27,99.96,98.61,Yes,High
CUST-04406,53,Female,40,Month-to-Month,Fiber Optic,91.08,3577.48,3.4,2,Yes,95.86,97.15,96.51,Yes,High
CUST-04407,40,Female,32,Month-to-Month,Fiber Optic,62.61,1998.11,3.0,4,Yes,95.04,99.25,97.14,Yes,High
CUST-04408,36,Female,21,Two Year,No,30.07,678.63,2.8,2,No,0.02,0.0,0.01,No,Low
CUST-04409,49,Male,18,Month-to-Month,DSL,48.16,850.25,4.0,1,No,64.76,42.31,53.54,Yes,Medium
CUST-04410,54,Male,13,Month-to-Month,Fiber Optic,61.37,781.67,3.8,6,Yes,97.09,100.0,98.55,Yes,High
CUST-04411,32,Male,72,One Year,No,25.5,1905.67,3.7,2,No,1.19,0.02,0.6,No,Low
CUST-04412,41,Female,19,Month-to-Month,No,29.83,555.92,2.7,3,No,85.89,96.54,91.21,Yes,High
CUST-04413,27,Female,7,Two Year,Fiber Optic,84.85,681.26,3.8,3,Yes,55.13,39.67,47.4,Yes,Medium
CUST-04414,18,Male,6,Month-to-Month,DSL,50.05,320.13,3.2,3,No,17.65,24.59,21.12,No,Low
CUST-04415,44,Male,22,Month-to-Month,DSL,58.31,1342.31,2.8,2,No,9.82,11.76,10.79,No,Low
CUST-04416,50,Male,17,Month-to-Month,DSL,55.02,954.2,4.3,1,No,7.71,2.97,5.34,No,Low
CUST-04417,45,Female,0,Month-to-Month,DSL,47.4,49.26,4.1,3,Yes,85.3,93.1,89.2,Yes,High
CUST-04418,18,Female,42,Month-to-Month,Fiber Optic,88.28,3530.56,1.0,5,Yes,97.81,99.99,98.9,Yes,High
CUST-04419,37,Female,29,Month-to-Month,Fiber Optic,70.65,1928.89,1.0,5,Yes,98.52,100.0,99.26,Yes,High
CUST-04420,18,Male,26,Month-to-Month,No,19.87,525.78,4.9,2,Yes,80.1,74.76,77.43,Yes,High
CUST-04421,61,Female,1,Two Year,No,21.55,44.72,1.8,0,No,0.33,0.0,0.17,No,Low
CUST-04422,26,Female,10,Month-to-Month,Fiber Optic,91.81,939.75,1.8,1,Yes,99.51,100.0,99.75,Yes,High
CUST-04423,59,Male,65,Two Year,Fiber Optic,100.96,6831.47,3.0,3,No,2.99,0.2,1.59,No,Low
CUST-04424,55,Female,47,One Year,No,19.81,904.2,3.5,0,No,0.01,0.0,0.0,No,
CUST-04425,29,Male,8,Month-to-Month,Fiber Optic,85.51,704.06,2.7,2,Yes,98.58,99.65,99.11,Yes,High
CUST-04426,26,Male,4,Month-to-Month,Fiber Optic,57.12,282.31,1.0,2,Yes,91.8,99.86,95.83,Yes,High
CUST-04427,46,Female,14,Month-to-Month,Fiber Optic,90.88,1333.61,3.4,3,Yes,99.66,99.99,99.83,Yes,High
CUST-04428,30,Male,10,Month-to-Month,Fiber Optic,79.05,891.95,5.0,2,Yes,96.29,96.46,96.37,Yes,High
CUST-04429,43,Female,27,Month-to-Month,Fiber Optic,92.92,2381.76,1.7,2,Yes,99.42,100.0,99.71,Yes,High
CUST-04430,35,Female,72,Month-to-Month,DSL,49.69,3615.72,5.0,2,Yes,67.28,43.25,55.26,Yes,Medium
CUST-04431,18,Male,10,One Year,Fiber Optic,76.93,840.36,2.9,3,Yes,63.0,65.3,64.15,Yes,High
CUST-04432,18,Female,1,One Year,No,18.0,37.77,5.0,3,No,1.89,0.03,0.96,No,Low
CUST-04433,45,Female,54,Month-to-Month,No,27.69,1445.6,3.9,2,No,5.36,0.38,2.87,No,Low
CUST-04434,34,Male,0,Month-to-Month,No,25.19,22.84,2.6,5,Yes,53.89,48.5,51.19,Yes,Medium
CUST-04435,34,Male,72,One Year,No,35.23,2473.25,3.9,3,No,0.12,0.0,0.06,No,Low
CUST-04436,51,Male,26,Month-to-Month,DSL,63.94,1674.01,4.6,2,No,13.31,3.89,8.6,No,Low
CUST-04437,58,Male,68,Two Year,Fiber Optic,83.39,5496.96,1.6,1,No,1.4,0.3,0.85,No,Low
CUST-04438,38,Male,5,One Year,Fiber Optic,102.12,609.39,3.3,2,No,3.3,0.79,2.04,No,Low
CUST-04439,37,Male,0,Two Year,Fiber Optic,74.38,69.91,4.3,3,No,2.98,0.07,1.53,No,Low
CUST-04440,49,Male,16,Month-to-Month,Fiber Optic,70.17,1106.37,2.8,2,Yes,97.4,99.31,98.36,Yes,High
CUST-04441,23,Female,14,Two Year,DSL,46.66,677.44,1.8,5,No,0.83,0.01,0.42,No,Low
CUST-04442,45,Male,9,One Year,No,28.2,284.55,5.0,3,No,0.16,0.0,0.08,No,Low
CUST-04443,49,Female,72,One Year,Fiber Optic,109.68,8276.63,1.2,1,No,2.01,0.22,1.12,No,Low
CUST-04444,51,Female,41,Month-to-Month,DSL,51.34,2155.32,2.9,2,No,63.43,53.89,58.66,Yes,Medium
CUST-04445,18,Female,26,Month-to-Month,DSL,47.68,1231.49,3.1,4,Yes,86.1,96.26,91.18,Yes,High
CUST-04446,31,Male,4,Two Year,Fiber Optic,67.1,339.52,5.0,2,No,1.97,0.16,1.07,No,Low
CUST-04447,29,Female,31,One Year,No,18.0,534.72,1.0,4,No,0.94,0.01,0.47,No,Low
CUST-04448,43,Female,31,Month-to-Month,DSL,51.97,1684.33,3.2,3,No,13.49,10.86,12.18,No,Low
CUST-04449,48,Female,13,Month-to-Month,Fiber Optic,120.0,1633.19,2.5,3,Yes,96.67,99.56,98.12,Yes,High
CUST-04450,62,Male,62,Month-to-Month,No,31.08,1841.77,2.5,3,Yes,81.2,93.47,87.33,Yes,High
CUST-04451,35,Male,4,One Year,DSL,49.77,249.81,4.9,1,No,0.14,0.0,0.07,No,Low
CUST-04452,35,Female,7,One Year,DSL,44.91,345.79,2.1,2,No,0.85,0.0,0.42,No,Low
CUST-04453,58,Male,1,Month-to-Month,DSL,53.19,105.64,1.8,3,No,20.98,10.06,15.52,No,Low
CUST-04454,46,Male,38,Month-to-Month,DSL,62.36,2430.95,1.9,0,Yes,74.04,56.52,65.28,Yes,High
CUST-04455,59,Male,23,Month-to-Month,Fiber Optic,76.28,1755.63,3.4,3,Yes,98.5,99.25,98.88,Yes,High
CUST-04456,46,Female,9,Month-to-Month,No,26.02,272.66,3.2,6,Yes,81.75,98.47,90.11,Yes,High
CUST-04457,25,Female,4,Month-to-Month,No,28.34,137.24,2.9,5,No,19.51,9.28,14.4,No,Low
CUST-04458,23,Male,0,Month-to-Month,DSL,51.2,53.64,2.6,4,Yes,55.29,40.28,47.78,Yes,Medium
CUST-04459,20,Female,4,Month-to-Month,DSL,71.34,333.61,4.8,3,Yes,76.7,89.3,83.0,Yes,High
CUST-04460,51,Female,14,Two Year,No,22.64,314.14,1.0,4,No,0.99,0.01,0.5,No,Low
CUST-04461,58,Male,6,One Year,Fiber Optic,63.19,439.95,4.5,0,No,1.36,0.12,0.74,No,Low
CUST-04462,67,Female,7,Two Year,No,18.0,141.42,1.7,4,No,0.16,0.09,0.12,No,Low
CUST-04463,53,Female,50,Month-to-Month,DSL,36.54,1828.22,4.4,6,No,6.1,1.11,3.6,No,Low
CUST-04464,58,Female,17,Two Year,Fiber Optic,97.87,1848.43,4.1,3,No,26.08,29.14,27.61,No,Low
CUST-04465,33,Male,31,One Year,DSL,47.66,1372.85,3.9,1,No,0.91,0.03,0.47,No,Low
CUST-04466,25,Female,0,Month-to-Month,DSL,67.39,65.24,3.1,1,No,32.13,9.1,20.61,No,Low
CUST-04467,53,Male,10,Month-to-Month,Fiber Optic,73.51,764.98,2.7,6,Yes,98.08,99.27,98.68,Yes,High
CUST-04468,47,Male,15,One Year,No,29.31,452.17,3.4,1,No,0.1,0.0,0.05,No,Low
CUST-04469,43,Male,4,Two Year,DSL,50.33,261.9,4.4,4,No,1.25,0.1,0.68,No,Low
CUST-04470,47,Female,3,Month-to-Month,No,31.21,127.5,2.8,1,No,8.55,1.17,4.86,No,Low
CUST-04471,46,Female,49,Month-to-Month,Fiber Optic,73.02,3396.34,2.6,2,Yes,95.32,87.4,91.36,Yes,High
CUST-04472,59,Male,67,One Year,DSL,66.88,4573.47,3.2,2,No,0.97,0.02,0.5,No,Low
CUST-04473,60,Male,1,Two Year,DSL,67.76,133.75,2.9,3,No,0.69,0.0,0.34,No,Low
CUST-04474,49,Female,10,One Year,No,18.0,190.32,3.0,1,No,0.32,0.01,0.17,No,Low
CUST-04475,53,Male,72,Month-to-Month,No,30.99,2152.08,5.0,0,No,27.76,6.23,16.99,No,Low
CUST-04476,49,Female,2,Month-to-Month,No,29.7,88.19,2.4,2,No,26.54,21.89,24.21,No,Low
CUST-04477,35,Male,24,Month-to-Month,Fiber Optic,104.25,2528.99,4.6,2,Yes,97.09,97.1,97.1,Yes,High
CUST-04478,52,Male,72,Two Year,No,27.8,1993.8,4.2,5,No,0.79,0.01,0.4,No,Low
CUST-04479,22,Female,72,One Year,Fiber Optic,95.95,7116.04,1.6,2,No,2.79,0.28,1.54,No,Low
CUST-04480,56,Male,15,One Year,Fiber Optic,96.03,1605.7,2.4,4,Yes,56.04,78.89,67.46,Yes,High
CUST-04481,25,Male,4,Month-to-Month,Fiber Optic,100.18,481.68,3.1,3,Yes,98.63,99.56,99.1,Yes,High
CUST-04482,46,Male,5,Two Year,No,38.39,222.04,3.1,3,No,2.52,0.19,1.36,No,Low
CUST-04483,30,Female,52,One Year,Fiber Optic,50.33,2737.11,2.6,4,No,5.86,0.94,3.4,No,Low
CUST-04484,49,Female,58,Two Year,Fiber Optic,87.36,4739.2,4.3,3,No,18.54,11.84,15.19,No,Low
CUST-04485,41,Male,22,One Year,Fiber Optic,102.62,2407.76,3.4,2,No,2.7,0.39,1.54,No,Low
CUST-04486,19,Male,34,Two Year,DSL,48.68,1633.39,3.3,0,No,0.26,0.0,0.13,No,Low
CUST-04487,47,Female,32,Two Year,No,21.44,680.83,4.6,2,No,0.59,0.02,0.3,No,Low
CUST-04488,33,Male,26,Month-to-Month,Fiber Optic,85.59,2182.65,2.4,1,Yes,99.3,99.99,99.65,Yes,High
CUST-04489,54,Female,42,Two Year,DSL,49.81,1967.07,2.6,3,No,0.21,0.0,0.11,No,Low
CUST-04490,42,Male,27,Month-to-Month,Fiber Optic,68.2,1932.12,2.8,4,Yes,99.43,100.0,99.71,Yes,High
CUST-04491,47,Male,18,One Year,Fiber Optic,77.02,1514.34,1.7,1,No,1.55,1.15,1.35,No,Low
CUST-04492,28,Female,6,Two Year,Fiber Optic,67.28,459.33,3.2,3,No,4.66,0.14,2.4,No,Low
CUST-04493,33,Male,32,Month-to-Month,Fiber Optic,93.34,2860.81,3.9,0,No,91.7,69.91,80.8,Yes,High
CUST-04494,35,Female,15,One Year,DSL,43.95,665.59,1.8,2,No,0.28,0.0,0.14,No,Low
CUST-04495,53,Male,8,One Year,Fiber Optic,84.12,690.96,2.0,1,No,2.76,2.29,2.52,No,Low
CUST-04496,65,Male,38,One Year,No,18.0,719.26,3.2,5,No,0.13,0.0,0.07,No,Low
CUST-04497,30,Female,28,Two Year,No,18.0,510.57,3.6,3,No,0.5,0.0,0.25,No,Low
CUST-04498,57,Male,66,One Year,Fiber Optic,67.7,4748.19,2.9,1,No,1.46,0.12,0.79,No,Low
CUST-04499,18,Female,4,Two Year,Fiber Optic,69.15,351.23,2.8,2,Yes,53.54,50.68,52.11,Yes,Medium
CUST-04500,25,Male,25,Month-to-Month,DSL,49.11,1288.26,4.7,3,No,5.47,0.62,3.04,No,Low
CUST-04501,28,Female,6,Month-to-Month,Fiber Optic,98.38,665.04,2.6,3,Yes,98.99,99.65,99.32,Yes,High
CUST-04502,23,Female,56,Month-to-Month,Fiber Optic,105.07,5703.41,4.9,3,Yes,93.99,92.98,93.48,Yes,High
CUST-04503,19,Male,2,One Year,Fiber Optic,89.94,254.01,2.6,2,No,37.9,71.36,54.63,No,Medium
CUST-04504,47,Female,25,Month-to-Month,No,31.91,869.71,3.8,0,No,6.97,1.59,4.28,No,Low
CUST-04505,39,Female,37,One Year,DSL,33.31,1183.01,2.6,0,No,0.03,0.0,0.02,No,Low
CUST-04506,47,Male,10,Month-to-Month,Fiber Optic,71.99,730.13,2.7,3,Yes,98.46,99.7,99.08,Yes,High
CUST-04507,51,Female,72,One Year,Fiber Optic,83.72,5932.11,2.5,1,No,1.07,0.02,0.54,No,Low
CUST-04508,45,Female,45,Month-to-Month,Fiber Optic,94.72,4259.94,4.0,0,Yes,97.32,99.39,98.35,Yes,High
CUST-04509,51,Male,8,One Year,Fiber Optic,92.37,770.32,5.0,2,No,45.76,25.31,35.53,No,Medium
CUST-04510,41,Male,0,One Year,DSL,50.34,47.95,3.3,1,No,0.48,0.0,0.24,No,Low
CUST-04511,25,Male,8,Two Year,No,18.0,152.91,2.0,2,No,0.2,0.0,0.1,No,Low
CUST-04512,56,Male,7,One Year,Fiber Optic,85.86,694.59,3.9,3,No,1.95,0.71,1.33,No,Low
CUST-04513,33,Female,52,One Year,Fiber Optic,109.6,5653.4,4.8,3,No,2.25,0.09,1.17,No,Low
CUST-04514,28,Male,72,Two Year,Fiber Optic,91.91,6820.76,4.2,5,No,0.97,0.17,0.57,No,Low
CUST-04515,39,Female,1,One Year,Fiber Optic,87.21,159.38,1.7,2,No,15.72,37.06,26.39,No,Low
CUST-04516,29,Male,15,Month-to-Month,No,23.05,349.4,2.5,5,Yes,32.28,40.28,36.28,No,Medium
CUST-04517,36,Male,19,Two Year,Fiber Optic,73.59,1390.47,2.3,5,Yes,50.57,85.23,67.9,Yes,High
CUST-04518,46,Female,2,One Year,Fiber Optic,96.1,279.29,3.3,2,No,4.83,0.86,2.84,No,Low
CUST-04519,46,Female,11,Month-to-Month,Fiber Optic,68.16,785.57,3.8,2,Yes,97.5,98.3,97.9,Yes,High
CUST-04520,29,Female,9,One Year,DSL,65.23,612.61,4.4,4,No,2.0,0.01,1.01,No,Low
CUST-04521,35,Male,18,Two Year,No,23.86,463.62,3.6,6,No,0.21,0.0,0.1,No,Low
CUST-04522,57,Male,25,Two Year,Fiber Optic,107.1,2884.86,4.9,5,No,23.02,33.01,28.01,No,Low
CUST-04523,48,Male,29,Two Year,DSL,48.77,1486.89,5.0,2,No,1.24,0.01,0.63,No,Low
CUST-04524,71,Female,3,Month-to-Month,Fiber Optic,90.36,363.27,4.8,4,Yes,98.68,99.99,99.33,Yes,High
CUST-04525,58,Male,40,Month-to-Month,DSL,50.73,2055.68,2.5,2,No,5.93,1.33,3.63,No,Low
CUST-04526,58,Female,27,Month-to-Month,DSL,49.09,1306.29,4.0,1,No,54.25,32.73,43.49,Yes,Medium
CUST-04527,22,Female,52,Month-to-Month,DSL,51.91,2855.15,3.8,2,No,2.52,1.68,2.1,No,Low
CUST-04528,52,Male,14,Two Year,DSL,52.57,786.42,5.0,1,No,0.11,0.0,0.05,No,Low
CUST-04529,41,Female,53,Month-to-Month,No,18.0,1004.48,5.0,2,No,4.95,0.14,2.55,No,Low
CUST-04530,34,Female,48,One Year,Fiber Optic,85.89,4073.66,2.8,1,No,3.3,0.28,1.79,No,Low
CUST-04531,44,Female,13,One Year,DSL,41.94,564.74,3.5,3,No,0.2,0.0,0.1,No,Low
CUST-04532,55,Male,11,One Year,DSL,47.65,521.22,3.4,2,No,0.41,0.0,0.21,No,Low
CUST-04533,49,Male,64,Month-to-Month,DSL,71.25,4402.5,4.6,0,No,35.44,38.97,37.2,No,Medium
CUST-04534,29,Male,30,Month-to-Month,Fiber Optic,95.41,2833.12,3.1,3,Yes,98.88,99.99,99.44,Yes,High
CUST-04535,52,Male,63,Month-to-Month,Fiber Optic,59.77,3726.33,4.0,1,Yes,85.29,93.15,89.22,Yes,High
CUST-04536,33,Female,38,Month-to-Month,Fiber Optic,63.27,2396.64,3.3,1,Yes,93.41,96.36,94.88,Yes,High
CUST-04537,45,Female,22,Two Year,Fiber Optic,88.65,2115.79,1.6,2,No,1.13,0.19,0.66,No,Low
CUST-04538,37,Male,2,Two Year,DSL,64.69,189.43,3.2,4,No,1.4,0.0,0.7,No,Low
CUST-04539,38,Female,8,Month-to-Month,Fiber Optic,103.58,957.2,3.5,2,Yes,98.25,90.56,94.41,Yes,High
CUST-04540,52,Female,72,Two Year,DSL,36.51,2450.05,3.6,1,No,1.62,0.01,0.81,No,Low
CUST-04541,27,Male,9,Month-to-Month,No,18.0,177.45,4.4,5,No,16.34,17.32,16.83,No,Low
CUST-04542,69,Male,2,One Year,Fiber Optic,85.13,250.46,2.8,6,No,1.12,6.49,3.81,No,Low
CUST-04543,18,Female,29,Month-to-Month,Fiber Optic,74.2,2055.44,2.1,3,Yes,97.25,99.56,98.41,Yes,High
CUST-04544,33,Female,31,One Year,No,18.0,539.58,4.9,3,No,2.13,0.03,1.08,No,Low
CUST-04545,47,Female,8,Month-to-Month,DSL,45.93,403.06,2.8,2,No,19.89,15.94,17.91,No,Low
CUST-04546,50,Male,8,Month-to-Month,Fiber Optic,93.79,825.7,3.5,5,Yes,99.31,99.73,99.52,Yes,High
CUST-04547,40,Male,15,Month-to-Month,Fiber Optic,82.54,1366.88,3.4,1,Yes,98.25,98.59,98.42,Yes,High
CUST-04548,41,Male,0,Month-to-Month,DSL,57.32,53.0,1.6,2,No,31.51,44.53,38.02,No,Medium
CUST-04549,47,Female,37,One Year,DSL,48.94,1758.76,4.9,1,No,0.0,0.0,0.0,No,
CUST-04550,38,Female,9,Month-to-Month,DSL,50.42,471.94,3.6,2,No,7.45,7.79,7.62,No,Low
CUST-04551,61,Male,46,One Year,DSL,65.91,3151.64,4.0,1,No,2.01,0.02,1.01,No,Low
CUST-04552,53,Female,38,One Year,No,22.8,829.08,4.7,1,No,0.39,0.01,0.2,No,Low
CUST-04553,54,Female,25,One Year,Fiber Optic,99.43,2675.17,3.2,4,No,3.39,1.07,2.23,No,Low
CUST-04554,28,Female,9,One Year,DSL,50.35,523.43,4.0,1,No,0.11,0.0,0.06,No,Low
CUST-04555,40,Female,17,Month-to-Month,No,40.95,675.77,3.5,0,No,5.7,0.45,3.07,No,Low
CUST-04556,37,Male,14,One Year,Fiber Optic,90.59,1267.17,4.2,2,No,3.12,0.29,1.7,No,Low
CUST-04557,27,Female,9,Two Year,No,18.64,178.51,2.9,1,No,0.29,0.0,0.14,No,Low
CUST-04558,47,Male,45,One Year,Fiber Optic,94.4,4472.95,5.0,2,No,19.67,7.85,13.76,No,Low
CUST-04559,34,Male,15,One Year,Fiber Optic,86.15,1265.77,2.1,1,No,1.34,1.26,1.3,No,Low
CUST-04560,51,Female,42,One Year,No,18.0,736.6,4.8,1,No,0.02,0.0,0.01,No,Low
CUST-04561,27,Female,2,Month-to-Month,Fiber Optic,73.77,222.46,4.9,2,Yes,96.85,95.68,96.27,Yes,High
CUST-04562,66,Female,3,One Year,Fiber Optic,72.99,294.43,3.7,5,No,1.99,0.21,1.1,No,Low
CUST-04563,29,Female,72,Two Year,DSL,56.76,3950.65,3.3,4,No,0.53,0.0,0.27,No,Low
CUST-04564,45,Female,21,Month-to-Month,Fiber Optic,89.08,2046.92,4.8,6,Yes,96.46,99.07,97.77,Yes,High
CUST-04565,53,Female,17,Two Year,DSL,50.72,869.93,4.4,5,No,0.67,0.11,0.39,No,Low
CUST-04566,34,Male,17,Month-to-Month,Fiber Optic,80.16,1431.38,2.4,2,Yes,98.61,99.48,99.05,Yes,High
CUST-04567,53,Female,5,Month-to-Month,Fiber Optic,96.53,574.72,3.9,2,Yes,98.21,98.71,98.46,Yes,High
CUST-04568,24,Male,30,Two Year,Fiber Optic,113.0,3573.29,3.1,5,No,1.65,1.35,1.5,No,Low
CUST-04569,62,Male,2,Two Year,DSL,58.49,167.32,3.8,4,No,1.24,0.0,0.62,No,Low
CUST-04570,42,Male,20,Two Year,DSL,53.89,1088.17,4.0,3,No,1.09,0.07,0.58,No,Low
CUST-04571,33,Female,20,Two Year,DSL,50.3,1016.93,2.4,4,No,1.04,0.33,0.68,No,Low
CUST-04572,37,Female,58,Month-to-Month,DSL,54.32,2912.61,1.8,1,Yes,76.6,57.63,67.12,Yes,High
CUST-04573,53,Female,17,One Year,Fiber Optic,78.52,1427.35,2.7,2,No,31.08,53.87,42.48,No,Medium
CUST-04574,33,Female,3,Month-to-Month,DSL,41.71,169.39,4.7,2,No,7.13,3.32,5.23,No,Low
CUST-04575,31,Male,20,Month-to-Month,Fiber Optic,80.06,1720.09,3.5,3,Yes,99.65,99.99,99.82,Yes,High
CUST-04576,38,Female,2,Month-to-Month,Fiber Optic,116.04,350.61,4.7,2,Yes,97.35,97.82,97.59,Yes,High
CUST-04577,25,Female,5,One Year,DSL,46.68,276.97,5.0,3,No,1.08,0.04,0.56,No,Low
CUST-04578,67,Female,0,Month-to-Month,Fiber Optic,96.02,94.54,3.5,2,Yes,97.78,98.81,98.3,Yes,High
CUST-04579,34,Female,17,Two Year,DSL,63.29,1135.3,3.9,2,No,0.02,0.0,0.01,No,Low
CUST-04580,53,Female,2,One Year,Fiber Optic,70.1,189.52,4.3,4,Yes,58.46,55.74,57.1,Yes,Medium
CUST-04581,44,Female,15,Month-to-Month,DSL,50.12,775.6,1.1,0,No,13.22,18.45,15.84,No,Low
CUST-04582,28,Female,64,One Year,Fiber Optic,77.74,4577.89,2.6,4,No,2.71,0.55,1.63,No,Low
CUST-04583,41,Male,30,Month-to-Month,No,27.85,840.26,3.3,2,No,65.96,60.01,62.99,Yes,High
CUST-04584,52,Female,1,Month-to-Month,Fiber Optic,100.06,184.57,4.5,1,Yes,92.97,96.82,94.89,Yes,High
CUST-04585,39,Male,6,Two Year,DSL,59.52,375.56,1.7,3,No,1.98,0.1,1.04,No,Low
CUST-04586,58,Male,26,Month-to-Month,No,18.0,490.65,4.2,3,Yes,81.66,87.15,84.4,Yes,High
CUST-04587,56,Female,54,Two Year,DSL,47.05,2602.45,2.8,0,No,0.12,0.0,0.06,No,Low
CUST-04588,54,Male,0,One Year,DSL,60.23,57.7,3.9,4,No,1.99,0.2,1.1,No,Low
CUST-04589,35,Female,40,One Year,DSL,53.76,2005.39,2.9,1,No,0.2,0.0,0.1,No,Low
CUST-04590,26,Male,19,One Year,DSL,45.9,960.45,3.0,3,No,0.62,0.14,0.38,No,Low
CUST-04591,33,Male,18,Month-to-Month,No,27.03,473.83,2.8,3,No,82.36,97.35,89.86,Yes,High
CUST-04592,44,Male,72,Month-to-Month,Fiber Optic,98.54,7000.98,2.9,0,Yes,86.2,93.72,89.96,Yes,High
CUST-04593,49,Male,33,Month-to-Month,No,24.03,768.66,4.7,3,No,4.26,0.44,2.35,No,Low
CUST-04594,18,Female,45,Month-to-Month,DSL,51.3,2170.67,2.2,4,No,9.73,2.96,6.34,No,Low
CUST-04595,41,Male,10,Month-to-Month,No,18.68,200.74,1.8,3,Yes,91.53,98.82,95.18,Yes,High
CUST-04596,44,Male,19,Two Year,Fiber Optic,85.73,1593.52,2.0,2,No,1.48,0.23,0.86,No,Low
CUST-04597,38,Male,22,Month-to-Month,No,28.12,617.09,2.7,0,No,5.7,0.87,3.29,No,Low
CUST-04598,60,Male,9,One Year,Fiber Optic,70.36,697.25,3.2,4,No,4.15,2.15,3.15,No,Low
CUST-04599,47,Female,20,Month-to-Month,DSL,59.49,1196.85,3.5,5,No,10.85,15.98,13.42,No,Low
CUST-04600,60,Male,6,Month-to-Month,Fiber Optic,71.64,490.41,3.2,3,Yes,98.4,97.43,97.91,Yes,High
CUST-04601,38,Female,3,Month-to-Month,DSL,73.97,276.59,2.6,2,Yes,78.11,96.53,87.32,Yes,High
CUST-04602,55,Female,11,One Year,DSL,70.18,845.87,5.0,4,No,7.7,0.05,3.88,No,Low
CUST-04603,64,Female,32,Month-to-Month,Fiber Optic,70.95,2330.07,4.0,3,Yes,98.47,99.88,99.17,Yes,High
CUST-04604,60,Female,59,Month-to-Month,DSL,45.79,2758.24,2.5,0,No,5.13,2.3,3.72,No,Low
CUST-04605,26,Male,14,One Year,Fiber Optic,96.95,1382.94,3.3,3,No,16.24,16.48,16.36,No,Low
CUST-04606,38,Male,24,One Year,DSL,52.72,1372.13,4.5,1,No,0.68,0.0,0.34,No,Low
CUST-04607,37,Female,2,Month-to-Month,DSL,59.07,176.08,2.7,6,Yes,81.35,95.1,88.22,Yes,High
CUST-04608,48,Female,56,One Year,Fiber Optic,82.09,4300.51,3.1,3,No,1.09,0.03,0.56,No,Low
CUST-04609,51,Female,20,One Year,DSL,27.26,598.94,2.8,3,No,2.04,0.16,1.1,No,Low
CUST-04610,30,Female,36,One Year,DSL,43.3,1578.61,4.6,2,No,0.68,0.0,0.34,No,Low
CUST-04611,42,Male,37,Month-to-Month,Fiber Optic,103.37,3946.77,3.8,0,Yes,98.38,99.95,99.16,Yes,High
CUST-04612,18,Male,7,Month-to-Month,No,28.51,218.01,2.6,2,No,20.35,18.87,19.61,No,Low
CUST-04613,62,Female,18,Month-to-Month,DSL,51.95,953.83,5.0,4,No,11.98,5.07,8.53,No,Low
CUST-04614,34,Female,72,Two Year,Fiber Optic,55.75,4109.93,2.2,2,No,2.47,0.24,1.35,No,Low
CUST-04615,42,Male,2,Month-to-Month,Fiber Optic,80.85,249.78,3.3,1,Yes,99.15,99.99,99.57,Yes,High
CUST-04616,37,Female,27,Two Year,DSL,41.45,1211.75,4.6,2,No,0.08,0.0,0.04,No,Low
CUST-04617,58,Male,72,Month-to-Month,Fiber Optic,91.0,6965.17,3.2,4,Yes,77.71,97.41,87.56,Yes,High
CUST-04618,18,Male,8,Month-to-Month,Fiber Optic,82.17,731.61,3.0,3,Yes,99.66,100.0,99.83,Yes,High
CUST-04619,41,Female,47,Month-to-Month,Fiber Optic,79.31,3476.13,3.8,1,Yes,97.89,99.95,98.92,Yes,High
CUST-04620,40,Female,65,Month-to-Month,DSL,64.0,4168.1,3.5,2,No,13.7,2.47,8.08,No,Low
CUST-04621,35,Female,32,Two Year,DSL,65.84,2022.07,2.4,2,No,2.32,0.1,1.21,No,Low
CUST-04622,66,Male,6,Two Year,Fiber Optic,70.11,489.42,4.1,2,No,19.14,6.54,12.84,No,Low
CUST-04623,29,Male,9,One Year,DSL,50.37,478.69,2.4,4,No,0.9,0.0,0.45,No,Low
CUST-04624,52,Female,0,One Year,No,27.76,27.16,1.8,4,No,0.63,0.0,0.32,No,Low
CUST-04625,46,Male,42,One Year,No,42.24,1814.76,3.6,4,No,1.62,0.08,0.85,No,Low
CUST-04626,59,Female,45,Two Year,No,30.37,1447.66,2.4,1,No,0.26,0.0,0.13,No,Low
CUST-04627,32,Female,24,Month-to-Month,No,31.0,789.65,3.4,0,No,8.46,3.3,5.88,No,Low
CUST-04628,31,Female,10,One Year,Fiber Optic,82.46,819.23,3.8,5,No,1.53,0.19,0.86,No,Low
CUST-04629,57,Male,1,One Year,Fiber Optic,74.81,138.09,3.6,3,Yes,55.86,62.48,59.17,Yes,Medium
CUST-04630,47,Female,33,Two Year,DSL,69.94,2450.04,5.0,2,No,0.01,0.0,0.01,No,Low
CUST-04631,20,Male,31,Two Year,DSL,51.33,1661.42,5.0,2,No,0.33,0.0,0.16,No,Low
CUST-04632,34,Male,58,Two Year,No,33.19,1805.83,4.0,2,No,0.01,0.0,0.0,No,
CUST-04633,47,Male,31,One Year,Fiber Optic,119.89,3791.74,3.9,3,Yes,41.61,32.9,37.26,No,Medium
CUST-04634,53,Male,42,Month-to-Month,DSL,43.35,1841.94,4.3,3,No,78.37,84.83,81.6,Yes,High
CUST-04635,32,Female,32,Month-to-Month,DSL,56.65,1899.81,3.4,2,No,5.0,4.4,4.7,No,Low
CUST-04636,18,Male,23,One Year,DSL,60.05,1472.92,3.3,1,No,1.12,0.05,0.58,No,Low
CUST-04637,49,Male,13,One Year,DSL,48.89,685.21,3.3,6,No,0.23,0.0,0.12,No,Low
CUST-04638,24,Female,55,Month-to-Month,Fiber Optic,79.31,4472.38,2.9,2,Yes,93.85,83.3,88.58,Yes,High
CUST-04639,18,Male,25,Month-to-Month,No,18.0,468.0,5.0,1,No,13.4,1.68,7.54,No,Low
CUST-04640,18,Female,12,Month-to-Month,DSL,66.94,802.91,2.3,2,Yes,40.64,23.11,31.88,No,Low
CUST-04641,53,Male,2,Two Year,DSL,53.95,162.28,4.4,1,No,0.9,0.0,0.45,No,Low
CUST-04642,43,Male,8,Month-to-Month,Fiber Optic,95.87,837.52,4.3,4,Yes,98.76,95.18,96.97,Yes,High
CUST-04643,38,Female,18,One Year,DSL,63.3,1258.83,4.2,0,No,0.06,0.0,0.03,No,Low
CUST-04644,61,Male,7,Month-to-Month,Fiber Optic,60.64,488.19,3.5,1,Yes,91.38,88.11,89.74,Yes,High
CUST-04645,50,Female,6,Month-to-Month,Fiber Optic,93.75,627.45,2.4,2,Yes,98.8,99.64,99.22,Yes,High
CUST-04646,64,Male,17,Two Year,Fiber Optic,88.18,1645.19,3.9,5,No,1.13,0.15,0.64,No,Low
CUST-04647,22,Male,4,Month-to-Month,Fiber Optic,101.66,475.04,3.9,0,Yes,96.49,83.93,90.21,Yes,High
CUST-04648,41,Male,38,Month-to-Month,DSL,53.73,2032.84,5.0,2,Yes,75.26,69.26,72.26,Yes,High
CUST-04649,19,Male,15,Month-to-Month,Fiber Optic,75.73,1102.08,4.1,1,Yes,94.66,97.15,95.9,Yes,High
CUST-04650,38,Male,20,Month-to-Month,No,24.96,521.18,3.7,3,No,9.87,1.71,5.79,No,Low
CUST-04651,38,Female,3,One Year,Fiber Optic,82.95,326.42,3.4,2,No,19.89,11.46,15.68,No,Low
CUST-04652,50,Male,9,Month-to-Month,Fiber Optic,87.67,855.37,3.0,3,Yes,98.93,99.58,99.25,Yes,High
CUST-04653,42,Male,12,One Year,No,18.25,220.88,3.7,4,No,0.74,0.2,0.47,No,Low
CUST-04654,50,Male,39,Month-to-Month,Fiber Optic,78.87,3073.28,4.1,3,Yes,97.16,98.07,97.62,Yes,High
CUST-04655,51,Female,35,Two Year,Fiber Optic,80.59,2810.94,2.6,4,No,11.93,17.11,14.52,No,Low
CUST-04656,72,Female,6,Two Year,Fiber Optic,49.19,311.03,2.9,2,No,6.74,1.03,3.89,No,Low
CUST-04657,37,Female,22,Two Year,No,18.0,382.68,2.4,3,No,0.23,0.0,0.12,No,Low
CUST-04658,28,Female,6,Two Year,No,18.0,130.45,3.9,2,No,0.03,0.0,0.01,No,Low
CUST-04659,45,Male,72,Month-to-Month,Fiber Optic,75.72,5628.95,4.6,1,No,65.09,42.48,53.79,Yes,Medium
CUST-04660,30,Male,72,Month-to-Month,DSL,58.16,3897.47,1.0,2,Yes,81.76,75.44,78.6,Yes,High
CUST-04661,62,Female,19,One Year,DSL,66.16,1383.95,3.1,3,No,0.42,0.0,0.21,No,Low
CUST-04662,38,Female,28,Month-to-Month,No,27.14,763.29,5.0,1,No,55.68,14.36,35.02,Yes,Medium
CUST-04663,34,Male,38,Month-to-Month,Fiber Optic,76.19,3008.56,4.2,3,Yes,98.56,99.86,99.21,Yes,High
CUST-04664,35,Male,30,Month-to-Month,No,21.49,653.71,3.8,4,Yes,81.02,94.52,87.77,Yes,High
CUST-04665,52,Female,28,Month-to-Month,Fiber Optic,68.25,2008.24,2.1,4,Yes,99.11,100.0,99.55,Yes,High
CUST-04666,39,Female,72,One Year,Fiber Optic,76.2,5559.07,4.4,3,No,2.31,0.08,1.2,No,Low
CUST-04667,33,Male,21,Month-to-Month,Fiber Optic,65.77,1316.38,3.3,2,Yes,94.8,99.21,97.01,Yes,High
CUST-04668,65,Female,24,Month-to-Month,DSL,60.11,1558.4,4.2,4,No,73.09,91.46,82.28,Yes,High
CUST-04669,30,Male,45,One Year,DSL,63.31,2956.72,5.0,2,No,0.22,0.0,0.11,No,Low
CUST-04670,42,Male,26,Month-to-Month,DSL,43.62,1099.11,2.0,7,Yes,90.53,99.67,95.1,Yes,High
CUST-04671,51,Male,31,Two Year,DSL,72.62,2170.36,5.0,0,No,0.01,0.0,0.01,No,Low
CUST-04672,19,Male,6,Month-to-Month,DSL,51.19,359.4,3.1,0,No,8.91,6.06,7.48,No,Low
CUST-04673,48,Male,11,One Year,DSL,64.8,781.6,4.8,2,No,1.34,0.0,0.67,No,Low
CUST-04674,27,Female,3,Month-to-Month,Fiber Optic,62.81,229.4,2.7,3,Yes,95.28,99.61,97.44,Yes,High
CUST-04675,53,Male,16,Month-to-Month,Fiber Optic,77.67,1367.6,2.3,1,Yes,97.88,99.96,98.92,Yes,High
CUST-04676,28,Female,14,Month-to-Month,Fiber Optic,87.5,1328.3,4.2,3,Yes,98.71,98.38,98.54,Yes,High
CUST-04677,51,Male,72,Month-to-Month,Fiber Optic,64.89,4962.48,1.6,4,Yes,86.37,100.0,93.19,Yes,High
CUST-04678,57,Male,22,Two Year,DSL,44.21,981.15,2.6,0,No,0.22,0.0,0.11,No,Low
CUST-04679,54,Female,37,One Year,DSL,62.8,2178.62,2.6,1,No,0.21,0.0,0.11,No,Low
CUST-04680,45,Female,9,Month-to-Month,DSL,47.28,489.75,2.6,4,Yes,88.66,98.08,93.37,Yes,High
CUST-04681,38,Female,42,Month-to-Month,Fiber Optic,105.69,4644.34,4.1,3,Yes,97.67,99.75,98.71,Yes,High
CUST-04682,33,Female,22,Month-to-Month,DSL,54.92,1136.89,4.0,2,No,7.61,4.54,6.08,No,Low
CUST-04683,62,Male,28,Month-to-Month,Fiber Optic,91.77,2606.78,3.3,1,Yes,98.67,99.98,99.33,Yes,High
CUST-04684,32,Male,8,Month-to-Month,No,32.05,259.93,2.5,3,Yes,73.21,87.64,80.43,Yes,High
CUST-04685,27,Female,19,Two Year,Fiber Optic,68.53,1305.81,3.2,1,No,1.31,0.05,0.68,No,Low
CUST-04686,51,Female,24,Month-to-Month,DSL,60.45,1557.22,2.0,1,No,11.49,10.03,10.76,No,Low
CUST-04687,30,Female,21,One Year,DSL,58.49,1288.16,2.0,3,No,0.79,0.3,0.54,No,Low
CUST-04688,28,Female,59,One Year,No,32.23,1987.16,2.6,2,No,0.93,0.01,0.47,No,Low
CUST-04689,21,Female,54,Two Year,Fiber Optic,94.7,5122.96,1.8,2,No,1.1,0.07,0.58,No,Low
CUST-04690,35,Male,72,Month-to-Month,Fiber Optic,58.6,4346.78,3.5,5,Yes,91.64,99.99,95.82,Yes,High
CUST-04691,40,Female,26,One Year,Fiber Optic,90.05,2365.53,4.0,5,No,2.85,0.1,1.47,No,Low
CUST-04692,45,Female,72,Two Year,Fiber Optic,76.41,5440.81,3.4,0,No,1.84,0.04,0.94,No,Low
CUST-04693,55,Female,42,Month-to-Month,DSL,60.43,2571.72,2.1,1,No,9.11,7.6,8.36,No,Low
CUST-04694,49,Male,7,Month-to-Month,No,27.26,200.87,2.8,4,Yes,82.48,89.84,86.16,Yes,High
CUST-04695,39,Male,13,Two Year,Fiber Optic,90.13,1257.42,4.4,2,Yes,48.38,25.38,36.88,No,Medium
CUST-04696,39,Male,6,One Year,DSL,38.64,278.15,4.6,0,No,0.9,0.02,0.46,No,Low
CUST-04697,49,Male,0,Month-to-Month,No,18.0,16.63,2.0,1,No,24.18,19.46,21.82,No,Low
CUST-04698,59,Female,4,One Year,Fiber Optic,73.21,350.14,3.8,7,No,3.63,3.41,3.52,No,Low
CUST-04699,43,Male,0,Month-to-Month,DSL,59.68,61.95,2.4,2,Yes,88.32,97.95,93.13,Yes,High
CUST-04700,35,Male,30,Month-to-Month,No,23.83,699.36,4.6,0,No,5.98,1.05,3.51,No,Low
CUST-04701,28,Male,13,Month-to-Month,No,23.8,343.62,4.7,4,No,13.86,7.05,10.45,No,Low
CUST-04702,21,Female,8,Month-to-Month,DSL,43.19,387.23,1.0,3,Yes,89.48,99.28,94.38,Yes,High
CUST-04703,51,Female,34,One Year,Fiber Optic,81.93,2943.58,2.3,4,No,14.66,21.85,18.25,No,Low
CUST-04704,50,Male,42,One Year,Fiber Optic,82.13,3254.05,3.8,5,No,21.35,52.66,37.01,No,Medium
CUST-04705,50,Male,72,Two Year,DSL,54.19,4027.29,1.0,2,No,0.22,0.0,0.11,No,Low
CUST-04706,40,Male,24,Month-to-Month,Fiber Optic,69.21,1564.93,5.0,4,Yes,92.46,88.07,90.26,Yes,High
CUST-04707,61,Female,14,Two Year,Fiber Optic,102.11,1469.14,3.8,2,No,2.63,0.34,1.49,No,Low
CUST-04708,35,Male,8,Month-to-Month,DSL,60.72,514.77,1.6,1,Yes,84.7,98.14,91.42,Yes,High
CUST-04709,55,Female,6,Month-to-Month,DSL,40.15,279.97,4.4,3,No,59.12,55.22,57.17,Yes,Medium
CUST-04710,41,Male,5,Two Year,No,18.0,109.59,4.4,4,No,0.07,0.0,0.03,No,Low
CUST-04711,33,Male,12,Month-to-Month,Fiber Optic,100.4,1242.24,4.0,2,Yes,98.31,98.49,98.4,Yes,High
CUST-04712,50,Female,72,Month-to-Month,Fiber Optic,82.2,6154.0,3.8,2,Yes,76.12,89.03,82.58,Yes,High
CUST-04713,47,Male,0,Month-to-Month,No,18.0,17.69,4.3,3,No,24.98,10.13,17.55,No,Low
CUST-04714,46,Female,5,Month-to-Month,DSL,42.35,257.39,2.1,0,No,16.3,8.7,12.5,No,Low
CUST-04715,43,Male,5,One Year,No,19.48,117.91,3.5,0,No,0.73,0.04,0.39,No,Low
CUST-04716,41,Female,30,Two Year,No,18.0,513.78,2.4,2,No,0.03,0.0,0.02,No,Low
CUST-04717,75,Female,10,One Year,No,22.8,253.24,4.5,2,No,0.01,0.0,0.01,No,Low
CUST-04718,58,Female,14,Two Year,DSL,39.21,602.23,3.2,4,No,0.91,0.16,0.54,No,Low
CUST-04719,52,Male,3,One Year,Fiber Optic,63.92,231.46,1.0,2,No,2.35,8.02,5.19,No,Low
CUST-04720,43,Male,12,Two Year,DSL,56.88,683.51,1.6,2,No,1.77,0.41,1.09,No,Low
CUST-04721,56,Male,2,Month-to-Month,DSL,51.88,152.23,3.2,1,No,9.96,1.6,5.78,No,Low
CUST-04722,49,Female,18,Two Year,Fiber Optic,114.67,1980.09,2.6,5,No,2.07,0.36,1.21,No,Low
CUST-04723,42,Female,2,Month-to-Month,DSL,44.98,128.86,2.6,1,No,16.77,12.06,14.41,No,Low
CUST-04724,37,Male,37,Two Year,Fiber Optic,91.59,3570.59,2.4,2,No,1.47,0.49,0.98,No,Low
CUST-04725,40,Male,20,Month-to-Month,DSL,50.53,971.1,2.3,2,No,23.39,21.86,22.63,No,Low
CUST-04726,18,Male,30,One Year,Fiber Optic,82.29,2349.44,3.6,3,No,3.04,0.7,1.87,No,Low
CUST-04727,44,Male,13,One Year,DSL,63.23,812.53,4.0,2,No,0.69,0.01,0.35,No,Low
CUST-04728,35,Male,11,Two Year,No,33.51,394.77,3.5,3,No,0.35,0.0,0.17,No,Low
CUST-04729,64,Male,2,One Year,Fiber Optic,90.04,255.43,3.9,3,Yes,59.94,60.13,60.03,Yes,High
CUST-04730,42,Female,17,Month-to-Month,DSL,49.67,914.13,3.3,2,No,6.28,6.84,6.56,No,Low
CUST-04731,25,Female,17,One Year,Fiber Optic,102.81,1827.13,1.5,2,Yes,17.1,30.66,23.88,No,Low
CUST-04732,41,Female,15,Month-to-Month,No,21.52,344.49,4.8,1,Yes,78.26,66.83,72.55,Yes,High
CUST-04733,27,Male,32,Month-to-Month,No,25.36,791.8,4.8,4,No,60.2,47.85,54.03,Yes,Medium
CUST-04734,48,Female,42,Month-to-Month,No,36.14,1513.26,3.9,3,No,5.58,3.96,4.77,No,Low
CUST-04735,46,Female,33,Month-to-Month,No,18.0,584.83,1.8,3,Yes,90.12,97.47,93.79,Yes,High
CUST-04736,55,Male,3,Month-to-Month,DSL,67.82,264.39,1.6,0,Yes,85.47,97.45,91.46,Yes,High
CUST-04737,30,Female,23,Two Year,Fiber Optic,102.74,2473.75,2.4,0,Yes,41.64,28.54,35.09,No,Medium
CUST-04738,42,Male,2,Two Year,Fiber Optic,87.05,252.7,5.0,2,No,21.84,4.32,13.08,No,Low
CUST-04739,22,Male,28,Month-to-Month,DSL,37.31,984.61,3.6,4,Yes,75.03,76.45,75.74,Yes,High
CUST-04740,51,Male,11,Month-to-Month,DSL,53.73,616.15,3.2,2,No,20.37,14.01,17.19,No,Low
CUST-04741,49,Male,3,Month-to-Month,DSL,25.45,105.19,3.3,1,No,78.69,91.45,85.07,Yes,High
CUST-04742,48,Female,47,Month-to-Month,Fiber Optic,85.47,4198.89,2.8,1,Yes,94.2,82.21,88.2,Yes,High
CUST-04743,42,Male,22,Month-to-Month,Fiber Optic,85.32,2011.3,3.1,3,Yes,99.39,99.99,99.69,Yes,High
CUST-04744,47,Male,10,Month-to-Month,DSL,63.91,651.81,3.3,3,No,12.61,3.55,8.08,No,Low
CUST-04745,64,Male,0,One Year,Fiber Optic,89.51,81.62,2.6,4,No,1.49,0.53,1.01,No,Low
CUST-04746,38,Female,18,One Year,DSL,74.05,1437.89,1.9,5,No,6.84,0.1,3.47,No,Low
CUST-04747,43,Male,61,Month-to-Month,DSL,52.19,3235.43,3.3,1,No,12.57,2.85,7.71,No,Low
CUST-04748,26,Female,21,Month-to-Month,DSL,58.28,1251.7,2.4,3,Yes,88.15,96.94,92.54,Yes,High
CUST-04749,29,Female,72,One Year,Fiber Optic,115.34,8445.71,4.4,2,No,18.58,4.21,11.4,No,Low
CUST-04750,43,Male,3,Two Year,No,25.72,106.96,3.7,1,No,0.01,0.0,0.01,No,Low
CUST-04751,57,Male,20,Month-to-Month,Fiber Optic,103.3,1994.38,3.1,3,Yes,96.9,94.75,95.82,Yes,High
CUST-04752,38,Female,38,Month-to-Month,Fiber Optic,96.89,3496.91,2.4,2,Yes,97.26,98.78,98.02,Yes,High
CUST-04753,38,Male,17,Month-to-Month,DSL,73.23,1302.96,3.9,4,Yes,73.86,71.13,72.49,Yes,High
CUST-04754,36,Male,2,Month-to-Month,Fiber Optic,115.16,347.56,4.0,2,Yes,98.39,99.93,99.16,Yes,High
CUST-04755,34,Female,20,Month-to-Month,Fiber Optic,107.82,2256.38,2.7,2,Yes,99.62,99.99,99.81,Yes,High
CUST-04756,46,Male,22,Month-to-Month,Fiber Optic,66.57,1436.32,3.6,3,Yes,97.26,99.12,98.19,Yes,High
CUST-04757,21,Male,31,Month-to-Month,DSL,38.09,1210.75,2.3,6,Yes,36.54,51.2,43.87,No,Medium
CUST-04758,59,Male,34,Month-to-Month,No,27.43,944.72,3.4,1,Yes,69.72,43.24,56.48,Yes,Medium
CUST-04759,32,Male,35,One Year,DSL,63.51,2066.01,2.3,3,No,1.45,0.0,0.72,No,Low
CUST-04760,52,Female,26,Month-to-Month,DSL,54.65,1465.74,2.7,1,Yes,84.74,90.88,87.81,Yes,High
CUST-04761,24,Female,5,One Year,Fiber Optic,95.72,555.75,4.1,3,No,1.58,0.56,1.07,No,Low
CUST-04762,51,Female,12,Month-to-Month,Fiber Optic,86.76,1159.46,4.5,4,Yes,97.74,99.93,98.83,Yes,High
CUST-04763,51,Female,35,Month-to-Month,Fiber Optic,73.88,2655.16,1.7,7,Yes,98.48,99.92,99.2,Yes,High
CUST-04764,47,Male,72,Two Year,No,18.0,1290.36,3.0,2,No,0.07,0.0,0.03,No,Low
CUST-04765,28,Male,1,One Year,Fiber Optic,101.99,210.98,3.9,5,No,2.17,0.27,1.22,No,Low
CUST-04766,45,Male,18,Month-to-Month,No,27.96,531.02,2.1,0,Yes,81.71,94.46,88.09,Yes,High
CUST-04767,25,Male,8,One Year,Fiber Optic,108.03,911.58,2.8,5,No,3.49,6.25,4.87,No,Low
CUST-04768,38,Female,6,One Year,DSL,34.79,236.26,3.8,4,No,0.55,0.15,0.35,No,Low
CUST-04769,56,Female,16,Month-to-Month,No,18.85,320.73,2.6,2,No,5.07,1.8,3.43,No,Low
CUST-04770,53,Male,22,Month-to-Month,Fiber Optic,107.13,2520.92,1.7,1,Yes,97.6,96.37,96.98,Yes,High
CUST-04771,42,Male,0,Two Year,DSL,46.28,43.62,2.8,4,No,2.31,0.47,1.39,No,Low
CUST-04772,28,Male,36,Month-to-Month,Fiber Optic,60.86,2272.03,3.0,3,Yes,95.31,98.93,97.12,Yes,High
CUST-04773,51,Male,41,Month-to-Month,Fiber Optic,94.73,3988.29,4.9,3,Yes,93.74,95.9,94.82,Yes,High
CUST-04774,42,Male,72,Month-to-Month,Fiber Optic,99.47,6695.45,5.0,5,Yes,90.84,99.95,95.4,Yes,High
CUST-04775,18,Female,4,One Year,No,29.96,138.26,3.6,4,No,0.97,0.19,0.58,No,Low
CUST-04776,52,Female,21,Two Year,Fiber Optic,73.64,1579.99,3.3,3,No,2.17,0.62,1.4,No,Low
CUST-04777,41,Female,13,Two Year,Fiber Optic,82.09,1105.21,2.0,3,No,1.9,0.36,1.13,No,Low
CUST-04778,58,Male,9,One Year,No,20.11,185.02,1.7,2,No,0.66,0.43,0.54,No,Low
CUST-04779,26,Male,20,Two Year,Fiber Optic,86.78,1664.1,4.5,4,No,18.17,39.82,29.0,No,Low
CUST-04780,18,Female,36,One Year,Fiber Optic,74.43,2849.32,1.6,1,No,16.34,11.11,13.72,No,Low
CUST-04781,45,Female,0,One Year,No,24.28,22.55,3.9,2,No,0.27,0.0,0.13,No,Low
CUST-04782,46,Female,72,Two Year,Fiber Optic,79.51,5543.83,5.0,1,No,8.41,0.25,4.33,No,Low
CUST-04783,18,Female,39,Month-to-Month,Fiber Optic,70.1,2719.66,2.1,5,Yes,98.41,99.79,99.1,Yes,High
CUST-04784,28,Female,33,One Year,No,35.64,1105.68,1.1,3,No,2.3,0.43,1.36,No,Low
CUST-04785,80,Female,34,One Year,Fiber Optic,102.27,3295.7,3.7,2,No,19.34,28.66,24.0,No,Low
CUST-04786,37,Male,11,Two Year,Fiber Optic,76.29,896.09,4.6,5,No,48.53,51.14,49.83,No,Medium
CUST-04787,52,Female,33,Two Year,Fiber Optic,98.92,3379.79,2.1,0,No,2.25,0.27,1.26,No,Low
CUST-04788,32,Male,11,Two Year,DSL,60.29,742.78,4.3,1,No,0.88,0.03,0.45,No,Low
CUST-04789,18,Male,54,Two Year,Fiber Optic,74.39,4211.64,4.6,3,No,1.44,0.08,0.76,No,Low
CUST-04790,39,Female,4,Month-to-Month,Fiber Optic,90.29,443.21,3.6,3,No,95.7,95.78,95.74,Yes,High
CUST-04791,38,Male,8,Month-to-Month,Fiber Optic,85.3,723.96,2.8,3,Yes,98.49,99.7,99.1,Yes,High
CUST-04792,36,Male,19,Month-to-Month,Fiber Optic,68.08,1343.81,4.1,4,Yes,99.5,99.99,99.74,Yes,High
CUST-04793,40,Male,9,Month-to-Month,DSL,68.97,685.18,2.6,2,No,9.45,2.92,6.19,No,Low
CUST-04794,45,Male,13,Month-to-Month,Fiber Optic,78.33,1034.15,3.2,3,Yes,98.0,96.68,97.34,Yes,High
CUST-04795,39,Male,16,Month-to-Month,DSL,81.24,1381.19,2.8,4,Yes,73.14,97.9,85.52,Yes,High
CUST-04796,24,Male,46,Month-to-Month,DSL,42.95,1869.53,3.5,5,No,72.39,77.57,74.98,Yes,High
CUST-04797,48,Male,17,Two Year,Fiber Optic,77.22,1312.64,3.4,2,No,1.64,0.47,1.06,No,Low
CUST-04798,18,Male,10,Month-to-Month,Fiber Optic,104.86,1199.03,3.2,1,Yes,99.46,99.99,99.73,Yes,High
CUST-04799,18,Female,6,Two Year,Fiber Optic,53.86,368.16,2.9,1,No,2.12,0.06,1.09,No,Low
CUST-04800,52,Male,12,Two Year,Fiber Optic,71.11,852.86,3.9,1,No,26.88,26.58,26.73,No,Low
CUST-04801,49,Male,17,Month-to-Month,DSL,71.75,1291.84,2.4,3,Yes,19.49,23.31,21.4,No,Low
CUST-04802,41,Female,32,Month-to-Month,DSL,56.49,1741.99,2.3,4,No,12.58,5.32,8.95,No,Low
CUST-04803,22,Female,3,One Year,Fiber Optic,95.27,344.96,4.4,4,Yes,41.72,53.59,47.65,No,Medium
CUST-04804,32,Female,6,One Year,DSL,70.36,507.68,4.2,2,No,0.06,0.0,0.03,No,Low
CUST-04805,38,Male,11,Month-to-Month,No,32.8,379.89,2.4,2,No,16.55,3.94,10.24,No,Low
CUST-04806,19,Female,10,Month-to-Month,Fiber Optic,86.32,965.29,2.4,2,Yes,97.94,99.97,98.95,Yes,High
CUST-04807,31,Female,11,Month-to-Month,DSL,68.44,844.42,2.4,1,No,25.0,14.39,19.7,No,Low
CUST-04808,51,Female,37,Month-to-Month,DSL,50.61,1896.3,1.2,1,No,18.95,18.76,18.86,No,Low
CUST-04809,61,Female,9,Month-to-Month,Fiber Optic,94.46,863.87,4.2,0,Yes,97.41,99.97,98.69,Yes,High
CUST-04810,36,Female,16,Month-to-Month,DSL,58.19,937.82,3.6,2,No,4.64,0.92,2.78,No,Low
CUST-04811,52,Female,23,One Year,No,18.0,405.19,2.2,2,No,0.28,0.0,0.14,No,Low
CUST-04812,18,Female,6,Two Year,Fiber Optic,88.46,613.42,4.0,0,No,34.14,16.2,25.17,No,Low
CUST-04813,51,Male,30,One Year,No,33.05,985.24,4.2,7,No,0.27,0.0,0.13,No,Low
CUST-04814,30,Female,19,Two Year,Fiber Optic,76.72,1475.84,3.1,6,No,32.39,76.98,54.68,No,Medium
CUST-04815,46,Female,14,One Year,Fiber Optic,76.82,1150.21,3.7,3,No,1.14,0.49,0.81,No,Low
CUST-04816,38,Male,39,One Year,DSL,45.74,1655.38,3.7,1,No,0.39,0.0,0.2,No,Low
CUST-04817,60,Female,6,Month-to-Month,Fiber Optic,112.07,721.61,3.2,2,Yes,97.48,99.13,98.3,Yes,High
CUST-04818,29,Male,51,Month-to-Month,DSL,59.35,3188.91,3.2,4,No,5.35,1.19,3.27,No,Low
CUST-04819,50,Male,19,Two Year,Fiber Optic,87.74,1799.41,3.6,2,No,2.53,0.07,1.3,No,Low
CUST-04820,38,Female,22,Two Year,DSL,54.9,1314.68,3.4,2,No,0.38,0.05,0.21,No,Low
CUST-04821,39,Male,49,Month-to-Month,DSL,45.64,2125.59,2.7,2,Yes,86.43,92.26,89.35,Yes,High
CUST-04822,39,Male,40,Month-to-Month,DSL,68.47,2670.15,2.6,2,No,18.54,11.68,15.11,No,Low
CUST-04823,30,Male,22,One Year,Fiber Optic,109.63,2311.64,5.0,1,No,21.14,12.44,16.79,No,Low
CUST-04824,41,Male,33,Month-to-Month,Fiber Optic,56.99,1930.02,2.8,1,Yes,97.34,99.99,98.67,Yes,High
CUST-04825,41,Male,13,Month-to-Month,Fiber Optic,63.51,904.45,1.8,5,Yes,95.38,99.89,97.64,Yes,High
CUST-04826,45,Male,19,Two Year,DSL,66.29,1316.09,4.5,2,No,0.05,0.0,0.02,No,Low
CUST-04827,43,Male,1,Month-to-Month,Fiber Optic,96.56,191.09,3.2,0,Yes,98.07,99.99,99.03,Yes,High
CUST-04828,53,Female,2,One Year,DSL,63.17,193.37,3.1,3,No,1.71,0.19,0.95,No,Low
CUST-04829,54,Female,42,Two Year,Fiber Optic,92.55,3634.39,3.1,3,No,1.18,0.41,0.79,No,Low
CUST-04830,27,Male,1,Month-to-Month,DSL,44.66,90.33,4.6,0,No,7.99,2.14,5.06,No,Low
CUST-04831,54,Female,4,Month-to-Month,DSL,47.66,246.37,2.1,4,No,31.06,44.06,37.56,No,Medium
CUST-04832,25,Male,38,Month-to-Month,Fiber Optic,98.57,3832.3,4.4,3,Yes,98.56,99.84,99.2,Yes,High
CUST-04833,50,Male,0,Month-to-Month,DSL,55.46,55.6,3.6,2,No,9.57,1.52,5.55,No,Low
CUST-04834,50,Male,7,One Year,Fiber Optic,98.58,785.86,4.2,3,No,2.66,0.56,1.61,No,Low
CUST-04835,18,Female,21,Month-to-Month,No,20.08,452.17,2.7,1,Yes,84.75,89.36,87.06,Yes,High
CUST-04836,43,Female,21,Month-to-Month,DSL,48.57,1025.28,5.0,3,No,7.44,2.6,5.02,No,Low
CUST-04837,35,Male,36,Month-to-Month,DSL,59.86,2278.43,3.1,3,No,8.22,1.49,4.85,No,Low
CUST-04838,31,Male,16,Month-to-Month,No,22.23,355.43,3.1,7,No,16.2,56.85,36.52,No,Medium
CUST-04839,60,Male,17,Month-to-Month,No,37.29,615.69,2.2,1,No,8.58,1.95,5.26,No,Low
CUST-04840,32,Female,31,One Year,DSL,41.19,1198.45,3.1,5,No,0.31,0.0,0.15,No,Low
CUST-04841,30,Female,16,Month-to-Month,Fiber Optic,58.06,902.88,2.3,2,Yes,90.98,95.54,93.26,Yes,High
CUST-04842,43,Male,22,Month-to-Month,DSL,50.67,1128.63,5.0,1,No,12.41,1.95,7.18,No,Low
CUST-04843,51,Female,54,Month-to-Month,Fiber Optic,105.81,5757.18,1.2,1,Yes,98.9,99.99,99.44,Yes,High
CUST-04844,40,Male,12,Two Year,DSL,58.9,762.13,1.0,1,No,0.3,0.0,0.15,No,Low
CUST-04845,58,Female,11,Month-to-Month,DSL,55.41,654.73,2.6,6,No,15.48,41.5,28.49,No,Low
CUST-04846,49,Female,0,One Year,DSL,72.91,67.88,3.6,4,No,1.33,0.0,0.66,No,Low
CUST-04847,18,Male,22,One Year,DSL,54.47,1290.21,4.7,1,No,0.67,0.0,0.34,No,Low
CUST-04848,34,Female,0,One Year,DSL,58.72,54.71,3.3,2,No,1.2,0.11,0.65,No,Low
CUST-04849,34,Female,16,Month-to-Month,Fiber Optic,99.98,1740.21,2.8,4,Yes,98.09,99.64,98.86,Yes,High
CUST-04850,48,Male,39,Two Year,Fiber Optic,96.33,3880.65,3.2,1,No,2.1,0.17,1.14,No,Low
CUST-04851,18,Male,19,One Year,DSL,47.36,902.95,4.0,3,No,0.12,0.0,0.06,No,Low
CUST-04852,77,Female,7,Two Year,Fiber Optic,94.57,728.8,1.9,3,No,26.85,38.22,32.53,No,Low
CUST-04853,49,Male,37,Month-to-Month,DSL,68.07,2643.72,4.3,2,No,11.8,2.78,7.29,No,Low
CUST-04854,44,Male,7,One Year,Fiber Optic,70.22,588.6,1.2,3,Yes,68.79,90.55,79.67,Yes,High
CUST-04855,58,Male,31,One Year,Fiber Optic,94.61,2835.21,2.9,0,No,1.34,0.27,0.8,No,Low
CUST-04856,74,Female,22,Month-to-Month,DSL,51.6,1190.72,3.1,0,No,10.21,3.97,7.09,No,Low
CUST-04857,54,Female,4,Month-to-Month,DSL,70.26,320.09,1.6,4,No,22.81,18.65,20.73,No,Low
CUST-04858,55,Female,56,One Year,Fiber Optic,75.67,3934.17,3.2,7,Yes,26.21,71.34,48.78,No,Medium
CUST-04859,43,Female,5,Month-to-Month,Fiber Optic,64.04,371.81,2.7,1,Yes,97.52,99.99,98.76,Yes,High
CUST-04860,40,Male,72,One Year,Fiber Optic,114.56,7549.63,3.5,2,No,1.98,0.1,1.04,No,Low
CUST-04861,35,Female,0,Month-to-Month,Fiber Optic,68.12,70.61,3.5,1,Yes,97.94,98.73,98.34,Yes,High
CUST-04862,30,Female,7,Month-to-Month,Fiber Optic,76.32,584.88,3.6,5,Yes,98.12,97.16,97.64,Yes,High
CUST-04863,32,Male,5,One Year,DSL,42.26,242.7,2.6,3,No,0.5,0.4,0.45,No,Low
CUST-04864,23,Male,0,Month-to-Month,No,18.0,17.08,3.4,1,No,19.52,10.14,14.83,No,Low
CUST-04865,40,Male,31,Two Year,Fiber Optic,88.39,2672.43,4.5,2,No,9.3,2.74,6.02,No,Low
CUST-04866,18,Female,28,Two Year,Fiber Optic,98.59,2613.2,4.1,3,No,1.66,0.25,0.95,No,Low
CUST-04867,44,Female,37,One Year,DSL,48.32,1819.85,3.5,1,No,0.1,0.0,0.05,No,Low
CUST-04868,41,Female,7,Two Year,No,26.61,199.68,2.1,7,No,1.83,0.01,0.92,No,Low
CUST-04869,44,Female,14,Two Year,Fiber Optic,67.86,969.1,1.0,2,No,3.36,0.42,1.89,No,Low
CUST-04870,34,Male,25,Month-to-Month,Fiber Optic,100.07,2472.82,1.0,3,Yes,97.98,99.89,98.94,Yes,High
CUST-04871,80,Female,13,Two Year,Fiber Optic,94.5,1258.1,3.9,0,No,14.67,3.2,8.94,No,Low
CUST-04872,61,Female,28,Month-to-Month,Fiber Optic,120.0,3591.05,2.3,0,Yes,96.31,97.69,97.0,Yes,High
CUST-04873,24,Male,24,Month-to-Month,DSL,58.5,1419.57,1.8,1,Yes,90.25,96.37,93.31,Yes,High
CUST-04874,45,Female,2,One Year,No,18.0,52.73,2.5,1,No,1.97,0.13,1.05,No,Low
CUST-04875,33,Male,36,One Year,DSL,62.24,2343.42,3.1,5,No,0.36,0.0,0.18,No,Low
CUST-04876,27,Female,30,Month-to-Month,No,30.39,891.39,3.3,2,No,7.43,4.45,5.94,No,Low
CUST-04877,23,Female,25,Month-to-Month,Fiber Optic,76.9,2027.55,2.4,0,Yes,94.79,98.33,96.56,Yes,High
CUST-04878,48,Female,4,One Year,No,26.76,124.04,4.2,2,No,0.84,0.05,0.45,No,Low
CUST-04879,32,Female,7,Month-to-Month,Fiber Optic,92.43,744.06,3.0,3,Yes,98.88,99.5,99.19,Yes,High
CUST-04880,55,Male,11,One Year,Fiber Optic,75.4,833.84,2.9,3,Yes,61.22,72.49,66.86,Yes,High
CUST-04881,55,Female,7,One Year,DSL,84.9,681.47,2.2,0,No,6.84,0.12,3.48,No,Low
CUST-04882,61,Male,6,Month-to-Month,Fiber Optic,114.33,776.56,5.0,1,Yes,98.22,99.97,99.1,Yes,High
CUST-04883,30,Female,39,Month-to-Month,Fiber Optic,84.41,3071.81,3.0,0,Yes,97.59,99.97,98.78,Yes,High
CUST-04884,48,Female,24,One Year,DSL,53.55,1325.56,3.8,2,No,0.03,0.0,0.01,No,Low
CUST-04885,50,Female,20,Month-to-Month,Fiber Optic,116.28,2450.94,3.4,2,Yes,96.88,98.19,97.53,Yes,High
CUST-04886,35,Male,6,Month-to-Month,DSL,68.18,444.0,4.6,5,No,21.6,16.07,18.83,No,Low
CUST-04887,31,Female,60,Month-to-Month,Fiber Optic,72.17,4579.75,2.3,5,Yes,92.9,99.39,96.14,Yes,High
CUST-04888,64,Female,5,Month-to-Month,DSL,54.0,302.65,3.8,7,Yes,70.42,93.1,81.76,Yes,High
CUST-04889,45,Female,38,Month-to-Month,Fiber Optic,69.29,2558.28,2.9,2,Yes,99.31,99.99,99.65,Yes,High
CUST-04890,50,Male,72,Month-to-Month,DSL,46.8,3451.92,3.4,1,No,3.05,1.38,2.21,No,Low
CUST-04891,30,Male,31,One Year,Fiber Optic,77.27,2299.68,2.8,1,No,3.68,0.54,2.11,No,Low
CUST-04892,24,Male,72,One Year,No,23.03,1745.4,5.0,1,No,0.01,0.0,0.0,No,
CUST-04893,34,Female,25,Two Year,DSL,34.59,895.87,3.1,2,No,1.1,0.07,0.58,No,Low
CUST-04894,40,Female,5,Month-to-Month,Fiber Optic,68.41,415.52,1.5,2,Yes,97.76,99.82,98.79,Yes,High
CUST-04895,27,Female,5,Month-to-Month,Fiber Optic,86.53,476.53,3.1,1,Yes,98.83,99.99,99.41,Yes,High
CUST-04896,41,Male,9,One Year,Fiber Optic,66.38,679.24,3.3,2,No,16.63,12.87,14.75,No,Low
CUST-04897,18,Male,0,One Year,DSL,59.96,59.08,3.3,2,No,0.53,0.14,0.34,No,Low
CUST-04898,26,Female,27,One Year,DSL,63.9,1816.81,1.8,3,No,3.01,0.24,1.62,No,Low
CUST-04899,51,Female,7,One Year,Fiber Optic,81.64,594.82,1.9,4,No,2.6,6.64,4.62,No,Low
CUST-04900,50,Female,40,One Year,DSL,56.41,2292.62,5.0,2,No,1.36,0.01,0.68,No,Low
CUST-04901,36,Female,10,Month-to-Month,No,26.23,289.52,3.0,0,No,14.49,3.95,9.22,No,Low
CUST-04902,27,Male,15,One Year,Fiber Optic,118.27,1843.52,3.1,3,No,1.8,1.18,1.49,No,Low
CUST-04903,27,Female,72,One Year,Fiber Optic,85.29,6383.66,5.0,3,No,1.15,0.03,0.59,No,Low
CUST-04904,36,Female,6,Two Year,DSL,82.36,600.12,4.1,4,No,0.29,0.0,0.14,No,Low
CUST-04905,51,Male,30,One Year,DSL,65.82,1904.61,3.2,1,No,0.07,0.0,0.04,No,Low
CUST-04906,54,Male,33,One Year,Fiber Optic,89.85,2777.21,3.5,2,No,2.8,0.55,1.67,No,Low
CUST-04907,35,Male,5,Month-to-Month,Fiber Optic,99.47,606.34,5.0,3,Yes,97.34,98.39,97.87,Yes,High
CUST-04908,25,Male,16,Two Year,Fiber Optic,87.59,1447.49,2.5,5,No,0.74,3.69,2.21,No,Low
CUST-04909,45,Female,10,Two Year,DSL,60.7,606.74,4.1,1,No,0.2,0.0,0.1,No,Low
CUST-04910,30,Male,35,One Year,DSL,46.49,1528.65,3.9,2,No,0.76,0.04,0.4,No,Low
CUST-04911,34,Male,23,One Year,Fiber Optic,101.22,2269.34,3.3,1,No,2.18,0.05,1.11,No,Low
CUST-04912,60,Male,15,Month-to-Month,Fiber Optic,78.21,1127.08,2.6,5,Yes,97.62,100.0,98.81,Yes,High
CUST-04913,53,Female,36,One Year,Fiber Optic,62.78,2254.36,3.6,2,No,15.3,23.59,19.44,No,Low
CUST-04914,44,Male,6,One Year,No,18.0,120.4,3.2,1,No,0.85,0.1,0.47,No,Low
CUST-04915,24,Female,33,One Year,Fiber Optic,92.63,2856.08,4.0,1,No,6.8,2.64,4.72,No,Low
CUST-04916,44,Male,48,Month-to-Month,DSL,50.22,2303.66,1.4,2,Yes,88.67,97.31,92.99,Yes,High
CUST-04917,56,Male,50,One Year,DSL,46.73,2409.46,5.0,3,No,0.0,0.0,0.0,No,
CUST-04918,36,Male,36,Month-to-Month,No,20.9,789.62,3.9,2,No,72.5,82.77,77.63,Yes,High
CUST-04919,60,Male,12,One Year,DSL,55.13,645.46,3.7,2,No,0.82,0.09,0.46,No,Low
CUST-04920,60,Male,72,Month-to-Month,Fiber Optic,73.2,4894.52,5.0,3,Yes,88.23,99.92,94.08,Yes,High
CUST-04921,65,Male,11,One Year,No,21.77,274.23,2.5,4,No,2.73,0.0,1.37,No,Low
CUST-04922,46,Female,24,Month-to-Month,DSL,63.24,1576.75,2.4,4,No,14.06,21.32,17.69,No,Low
CUST-04923,50,Female,4,Month-to-Month,DSL,54.0,270.74,2.8,3,Yes,88.19,97.26,92.73,Yes,High
CUST-04924,61,Male,72,One Year,Fiber Optic,111.93,7818.76,5.0,0,No,16.34,1.58,8.96,No,Low
CUST-04925,48,Male,29,Month-to-Month,Fiber Optic,64.7,1893.75,3.1,2,Yes,96.97,99.02,98.0,Yes,High
CUST-04926,34,Female,33,One Year,DSL,64.48,2140.07,5.0,2,No,0.86,0.0,0.43,No,Low
CUST-04927,35,Female,1,Two Year,No,20.57,39.17,2.6,3,No,1.57,0.29,0.93,No,Low
CUST-04928,45,Male,34,Two Year,DSL,51.49,1808.39,1.0,4,No,1.97,0.91,1.44,No,Low
CUST-04929,23,Female,35,Month-to-Month,No,32.57,1155.98,1.3,3,Yes,32.46,32.32,32.39,No,Low
CUST-04930,39,Female,26,Two Year,DSL,68.1,1915.11,3.8,2,No,1.6,0.0,0.8,No,Low
CUST-04931,57,Female,8,Month-to-Month,Fiber Optic,97.34,789.35,3.9,3,Yes,93.27,99.0,96.14,Yes,High
CUST-04932,18,Male,16,Two Year,DSL,67.57,1186.33,3.6,3,No,1.69,0.01,0.85,No,Low
CUST-04933,63,Male,2,One Year,DSL,51.76,161.86,2.1,3,No,1.49,0.52,1.01,No,Low
CUST-04934,57,Male,15,Month-to-Month,DSL,65.94,972.83,1.9,1,No,18.86,20.36,19.61,No,Low
CUST-04935,35,Female,6,Month-to-Month,No,33.41,218.27,1.6,2,No,14.48,6.18,10.33,No,Low
CUST-04936,49,Female,10,Month-to-Month,Fiber Optic,94.76,946.03,2.9,2,Yes,98.8,99.99,99.4,Yes,High
CUST-04937,42,Male,4,One Year,Fiber Optic,90.7,424.14,3.6,2,No,2.48,0.83,1.65,No,Low
CUST-04938,59,Female,6,Month-to-Month,No,32.3,225.17,4.6,4,No,16.81,6.18,11.49,No,Low
CUST-04939,55,Female,1,One Year,Fiber Optic,73.63,137.32,4.2,5,Yes,61.32,67.77,64.54,Yes,High
CUST-04940,22,Female,60,One Year,DSL,83.87,5258.38,3.4,0,No,1.93,0.0,0.97,No,Low
CUST-04941,50,Female,18,Two Year,No,36.77,724.61,5.0,2,No,0.11,0.0,0.06,No,Low
CUST-04942,39,Female,12,Two Year,Fiber Optic,100.58,1182.22,3.3,3,No,19.16,14.07,16.61,No,Low
CUST-04943,43,Male,18,Month-to-Month,No,31.28,580.08,1.0,3,Yes,82.17,95.05,88.61,Yes,High
CUST-04944,31,Female,23,One Year,Fiber Optic,84.71,1834.51,1.7,4,No,1.45,3.32,2.39,No,Low
CUST-04945,66,Female,61,Two Year,No,18.0,1108.06,3.3,3,No,0.01,0.0,0.0,No,
CUST-04946,56,Male,4,Two Year,Fiber Optic,85.42,406.65,1.7,2,No,1.67,0.5,1.08,No,Low
CUST-04947,31,Male,8,Month-to-Month,DSL,63.09,583.07,4.6,3,No,11.39,8.29,9.84,No,Low
CUST-04948,23,Female,72,Month-to-Month,DSL,41.33,3130.6,3.5,2,No,7.2,0.31,3.76,No,Low
CUST-04949,36,Male,11,Month-to-Month,DSL,58.28,681.72,4.7,5,No,10.39,10.75,10.57,No,Low
CUST-04950,48,Female,0,Month-to-Month,DSL,51.44,53.65,3.5,2,No,7.49,1.1,4.29,No,Low
CUST-04951,45,Male,3,Month-to-Month,No,29.27,120.59,1.0,1,Yes,76.95,92.12,84.53,Yes,High
CUST-04952,59,Male,0,Month-to-Month,DSL,59.87,54.75,4.9,2,No,14.89,3.74,9.32,No,Low
CUST-04953,53,Male,72,One Year,No,23.42,1630.02,3.1,3,No,0.13,0.0,0.06,No,Low
CUST-04954,55,Male,7,Month-to-Month,DSL,66.22,503.84,3.2,2,No,11.17,2.24,6.71,No,Low
CUST-04955,46,Female,61,One Year,DSL,51.36,3010.93,3.7,6,No,1.03,0.1,0.57,No,Low
CUST-04956,22,Female,72,Month-to-Month,Fiber Optic,83.12,6186.76,3.0,3,Yes,93.41,99.8,96.61,Yes,High
CUST-04957,39,Male,21,Two Year,No,25.38,527.73,3.8,2,No,0.01,0.0,0.01,No,Low
CUST-04958,56,Male,0,Two Year,Fiber Optic,99.78,95.48,3.5,3,No,1.72,0.13,0.93,No,Low
CUST-04959,41,Male,2,One Year,Fiber Optic,114.3,313.02,3.2,0,No,2.91,0.46,1.69,No,Low
CUST-04960,49,Male,15,Two Year,Fiber Optic,98.01,1533.65,1.6,0,No,0.74,0.14,0.44,No,Low
CUST-04961,37,Female,12,Month-to-Month,Fiber Optic,92.24,1100.27,3.2,2,Yes,99.24,99.99,99.62,Yes,High
CUST-04962,27,Male,22,One Year,No,18.0,426.57,3.1,4,No,0.43,0.0,0.22,No,Low
CUST-04963,40,Male,13,Month-to-Month,Fiber Optic,102.03,1456.64,4.0,2,Yes,98.31,98.63,98.47,Yes,High
CUST-04964,46,Male,65,Month-to-Month,No,25.7,1603.49,4.1,1,No,2.7,1.02,1.86,No,Low
CUST-04965,32,Male,18,Month-to-Month,Fiber Optic,80.52,1377.94,3.0,7,Yes,94.92,99.91,97.41,Yes,High
CUST-04966,38,Male,28,One Year,No,27.6,728.94,2.9,3,No,0.99,0.0,0.49,No,Low
CUST-04967,28,Male,54,Month-to-Month,DSL,49.6,2544.39,4.5,5,No,7.87,4.47,6.17,No,Low
CUST-04968,57,Female,3,One Year,Fiber Optic,91.29,355.93,4.0,2,No,2.0,0.39,1.19,No,Low
CUST-04969,37,Female,6,Month-to-Month,DSL,31.07,219.6,2.5,2,No,14.66,14.34,14.5,No,Low
CUST-04970,62,Female,2,Two Year,Fiber Optic,82.3,225.87,1.5,2,No,2.4,4.12,3.26,No,Low
CUST-04971,63,Male,3,One Year,Fiber Optic,106.6,429.06,5.0,3,No,1.99,0.41,1.2,No,Low
CUST-04972,40,Male,17,Month-to-Month,Fiber Optic,69.42,1227.07,4.1,3,Yes,96.32,91.15,93.73,Yes,High
CUST-04973,27,Female,9,Month-to-Month,Fiber Optic,96.52,958.39,4.2,3,Yes,98.68,98.63,98.66,Yes,High
CUST-04974,18,Female,13,Two Year,Fiber Optic,52.4,762.33,2.0,5,No,1.95,3.24,2.59,No,Low
CUST-04975,21,Female,72,Month-to-Month,DSL,77.22,5879.11,4.1,4,No,5.37,0.33,2.85,No,Low
CUST-04976,22,Male,4,Month-to-Month,Fiber Optic,73.12,369.48,2.1,6,Yes,98.92,100.0,99.46,Yes,High
CUST-04977,61,Male,18,One Year,DSL,52.19,995.48,4.4,1,No,0.05,0.0,0.03,No,Low
CUST-04978,43,Female,2,Month-to-Month,No,31.43,95.65,3.1,4,Yes,90.76,97.36,94.06,Yes,High
CUST-04979,47,Female,9,Month-to-Month,Fiber Optic,79.35,794.26,1.7,3,Yes,98.42,98.78,98.6,Yes,High
CUST-04980,18,Female,17,Month-to-Month,DSL,64.6,1048.31,3.4,1,No,7.0,0.72,3.86,No,Low
CUST-04981,25,Female,70,Month-to-Month,Fiber Optic,95.56,7120.62,3.8,1,Yes,94.66,99.16,96.91,Yes,High
CUST-04982,54,Female,11,Month-to-Month,Fiber Optic,103.47,1236.1,3.9,4,Yes,98.85,99.96,99.4,Yes,High
CUST-04983,46,Female,1,Month-to-Month,DSL,56.57,110.12,3.3,0,No,12.51,4.46,8.48,No,Low
CUST-04984,39,Female,11,Month-to-Month,Fiber Optic,83.33,967.88,1.0,0,Yes,99.36,100.0,99.68,Yes,High
CUST-04985,49,Female,3,Month-to-Month,Fiber Optic,102.68,384.08,4.8,4,Yes,97.73,99.08,98.41,Yes,High
CUST-04986,64,Female,6,Two Year,Fiber Optic,88.76,603.64,3.9,2,No,3.24,0.07,1.66,No,Low
CUST-04987,38,Male,23,One Year,No,18.0,436.33,3.3,3,No,0.82,0.01,0.42,No,Low
CUST-04988,42,Male,1,One Year,DSL,54.28,101.84,4.6,2,No,0.73,0.06,0.39,No,Low
CUST-04989,44,Female,14,Month-to-Month,No,25.97,399.98,1.8,1,No,14.75,16.34,15.55,No,Low
CUST-04990,75,Male,22,Month-to-Month,No,33.29,713.3,2.8,2,Yes,85.41,95.79,90.6,Yes,High
CUST-04991,18,Female,13,Two Year,Fiber Optic,110.05,1585.0,4.3,0,No,4.57,0.11,2.34,No,Low
CUST-04992,51,Male,0,One Year,Fiber Optic,85.64,84.58,5.0,5,No,2.39,0.91,1.65,No,Low
CUST-04993,40,Male,72,Month-to-Month,Fiber Optic,68.66,5140.73,2.7,0,No,49.47,64.62,57.04,No,Medium
CUST-04994,49,Female,10,Month-to-Month,DSL,47.47,502.61,1.2,5,Yes,87.21,99.64,93.42,Yes,High
CUST-04995,32,Male,36,Month-to-Month,DSL,44.28,1553.48,4.0,1,No,6.87,0.47,3.67,No,Low
CUST-04996,41,Male,9,Two Year,Fiber Optic,77.82,781.82,4.7,2,No,2.62,0.2,1.41,No,Low
CUST-04997,51,Male,15,Month-to-Month,Fiber Optic,100.59,1536.12,1.3,2,Yes,98.55,99.8,99.17,Yes,High
CUST-04998,80,Female,11,One Year,Fiber Optic,76.77,960.78,3.0,6,No,1.63,3.94,2.78,No,Low
CUST-04999,53,Male,10,One Year,No,20.94,232.89,4.4,2,No,0.2,0.0,0.1,No,Low
CUST-05000,30,Female,0,Two Year,No,20.7,19.96,4.8,5,No,3.25,0.1,1.67,No,Low
CUST-05001,36,Male,10,Two Year,Fiber Optic,61.05,621.87,1.5,3,No,2.19,0.78,1.49,No,Low
CUST-05002,35,Female,52,Month-to-Month,Fiber Optic,85.82,4473.33,2.9,2,No,87.72,83.07,85.4,Yes,High
CUST-05003,18,Male,28,One Year,Fiber Optic,85.48,2452.53,2.6,5,No,0.93,2.13,1.53,No,Low
CUST-05004,37,Male,3,One Year,No,18.0,75.26,2.1,0,No,1.61,0.12,0.86,No,Low
CUST-05005,52,Male,21,One Year,No,35.79,796.48,3.4,1,No,1.24,0.05,0.64,No,Low
CUST-05006,24,Male,53,Two Year,Fiber Optic,74.76,3786.94,3.6,3,No,1.08,0.29,0.69,No,Low
CUST-05007,56,Female,28,Two Year,Fiber Optic,82.3,2241.79,5.0,2,No,7.14,1.55,4.35,No,Low
CUST-05008,48,Male,3,Month-to-Month,Fiber Optic,65.92,260.26,1.0,2,Yes,95.57,99.99,97.78,Yes,High
CUST-05009,31,Male,48,Month-to-Month,DSL,54.23,2439.11,3.8,1,No,2.09,0.31,1.2,No,Low
CUST-05010,40,Female,8,One Year,DSL,52.57,475.18,2.3,2,No,0.41,0.0,0.21,No,Low
CUST-05011,64,Male,14,Month-to-Month,DSL,55.07,753.26,1.9,3,Yes,88.96,98.91,93.94,Yes,High
CUST-05012,52,Male,17,Month-to-Month,No,22.98,407.85,2.9,0,No,14.5,7.25,10.88,No,Low
CUST-05013,42,Female,45,Month-to-Month,Fiber Optic,81.29,3916.42,3.5,2,Yes,96.87,96.73,96.8,Yes,High
CUST-05014,38,Female,64,Two Year,No,34.48,2310.55,2.6,1,No,0.02,0.0,0.01,No,Low
CUST-05015,43,Male,63,Month-to-Month,Fiber Optic,93.72,6157.93,2.9,2,No,70.87,96.53,83.7,Yes,High
CUST-05016,34,Male,0,One Year,Fiber Optic,82.55,83.58,3.2,3,No,26.68,22.41,24.55,No,Low
CUST-05017,18,Female,61,Month-to-Month,DSL,64.69,4168.51,3.7,4,No,9.18,3.19,6.18,No,Low
CUST-05018,70,Male,1,Month-to-Month,No,18.0,37.42,4.5,3,Yes,82.24,91.42,86.83,Yes,High
CUST-05019,44,Female,7,Month-to-Month,DSL,57.16,422.67,3.0,4,Yes,31.08,32.28,31.68,No,Low
CUST-05020,47,Male,17,Month-to-Month,DSL,54.17,910.98,3.3,2,No,4.51,1.25,2.88,No,Low
CUST-05021,41,Female,15,Two Year,DSL,61.58,1023.36,3.2,1,No,1.06,0.01,0.53,No,Low
CUST-05022,31,Male,22,Two Year,Fiber Optic,71.34,1544.34,5.0,2,No,1.72,0.11,0.92,No,Low
CUST-05023,39,Female,15,One Year,DSL,54.59,835.85,3.7,6,No,1.61,0.04,0.83,No,Low
CUST-05024,19,Male,65,Month-to-Month,DSL,40.3,2410.41,3.6,2,No,52.6,79.93,66.27,Yes,High
CUST-05025,73,Female,6,Month-to-Month,DSL,46.74,338.59,3.2,0,No,15.43,0.91,8.17,No,Low
CUST-05026,24,Male,7,Month-to-Month,DSL,56.3,410.24,3.2,4,No,14.82,27.42,21.12,No,Low
CUST-05027,27,Male,60,Month-to-Month,DSL,66.41,3967.78,1.1,2,Yes,85.4,96.24,90.82,Yes,High
CUST-05028,35,Female,1,Month-to-Month,No,18.0,33.59,2.7,2,No,17.77,17.6,17.69,No,Low
CUST-05029,60,Female,22,One Year,Fiber Optic,92.86,1931.01,3.8,1,No,20.18,23.78,21.98,No,Low
CUST-05030,42,Female,27,Month-to-Month,No,22.43,592.54,3.2,4,Yes,84.49,95.92,90.21,Yes,High
CUST-05031,24,Male,16,Month-to-Month,No,28.68,487.37,3.0,4,Yes,89.28,97.73,93.5,Yes,High
CUST-05032,59,Female,28,Two Year,Fiber Optic,73.24,1939.97,4.8,4,No,20.04,24.93,22.49,No,Low
CUST-05033,52,Male,4,Month-to-Month,DSL,62.3,320.13,3.6,1,No,58.02,59.93,58.98,Yes,Medium
CUST-05034,49,Female,45,Two Year,Fiber Optic,100.76,4652.42,1.9,1,No,0.49,0.05,0.27,No,Low
CUST-05035,52,Female,3,Two Year,Fiber Optic,96.35,350.24,1.5,2,No,1.87,0.57,1.22,No,Low
CUST-05036,75,Male,12,Month-to-Month,DSL,56.0,699.3,4.2,2,No,11.02,1.16,6.09,No,Low
CUST-05037,72,Female,1,Month-to-Month,No,23.36,47.72,2.2,2,Yes,43.83,21.18,32.51,No,Low
CUST-05038,32,Female,18,One Year,Fiber Optic,67.01,1323.85,3.5,2,No,1.79,0.5,1.14,No,Low
CUST-05039,64,Male,26,Month-to-Month,No,21.99,590.37,4.1,2,Yes,79.56,85.2,82.38,Yes,High
CUST-05040,47,Female,68,Month-to-Month,DSL,65.3,4515.47,3.5,3,No,43.93,31.77,37.85,No,Medium
CUST-05041,48,Male,32,One Year,No,21.92,746.15,4.9,3,No,0.67,0.03,0.35,No,Low
CUST-05042,18,Female,18,Month-to-Month,No,20.98,385.93,3.0,2,No,13.53,11.1,12.32,No,Low
CUST-05043,39,Male,64,Month-to-Month,No,31.36,2050.82,3.5,2,No,49.85,79.08,64.47,No,High
CUST-05044,30,Male,15,One Year,DSL,39.42,622.3,2.7,5,No,0.56,0.01,0.28,No,Low
CUST-05045,53,Male,19,One Year,No,30.55,613.6,2.9,6,No,0.91,0.0,0.46,No,Low
CUST-05046,56,Female,21,Month-to-Month,Fiber Optic,66.16,1502.61,4.1,2,Yes,94.6,96.48,95.54,Yes,High
CUST-05047,18,Female,12,Month-to-Month,Fiber Optic,98.58,1305.23,4.2,3,Yes,97.3,97.95,97.62,Yes,High
CUST-05048,41,Female,43,Month-to-Month,Fiber Optic,68.01,2750.4,1.5,5,Yes,98.64,100.0,99.32,Yes,High
CUST-05049,57,Male,4,Month-to-Month,DSL,49.91,259.48,2.3,3,Yes,89.19,98.37,93.78,Yes,High
CUST-05050,39,Male,19,One Year,Fiber Optic,100.14,1817.54,3.4,2,No,2.67,0.11,1.39,No,Low
CUST-05051,52,Female,30,One Year,Fiber Optic,55.99,1759.12,3.8,7,No,20.39,72.56,46.47,No,Medium
CUST-05052,46,Female,56,One Year,No,24.53,1318.24,1.9,1,No,0.7,0.06,0.38,No,Low
CUST-05053,46,Male,51,Month-to-Month,DSL,46.76,2472.8,2.6,0,No,8.91,0.54,4.73,No,Low
CUST-05054,38,Male,17,Month-to-Month,No,18.42,299.14,3.8,2,Yes,68.48,57.82,63.15,Yes,High
CUST-05055,24,Female,24,Month-to-Month,Fiber Optic,93.33,2177.13,4.0,1,No,90.88,95.94,93.41,Yes,High
CUST-05056,26,Male,12,Month-to-Month,Fiber Optic,86.71,1028.02,3.6,3,Yes,99.31,99.99,99.65,Yes,High
CUST-05057,51,Female,15,Month-to-Month,Fiber Optic,91.76,1487.06,3.0,2,Yes,98.59,99.02,98.8,Yes,High
CUST-05058,42,Female,56,Month-to-Month,Fiber Optic,90.34,4784.32,2.1,6,Yes,94.44,97.62,96.03,Yes,High
CUST-05059,40,Female,64,Month-to-Month,Fiber Optic,93.11,6289.07,2.8,2,Yes,95.0,99.97,97.48,Yes,High
CUST-05060,36,Female,54,One Year,Fiber Optic,64.5,3411.45,4.3,2,No,3.18,0.1,1.64,No,Low
CUST-05061,37,Male,3,One Year,Fiber Optic,77.2,311.24,4.2,4,No,3.33,1.1,2.21,No,Low
CUST-05062,56,Female,45,One Year,DSL,66.9,3150.45,2.3,5,No,0.35,0.0,0.17,No,Low
CUST-05063,37,Female,71,Month-to-Month,Fiber Optic,87.64,6581.24,5.0,3,Yes,75.44,84.04,79.74,Yes,High
CUST-05064,23,Male,10,Two Year,Fiber Optic,80.46,857.84,2.4,4,No,1.34,0.6,0.97,No,Low
CUST-05065,52,Female,17,Two Year,DSL,60.81,1095.3,3.4,3,No,0.17,0.0,0.09,No,Low
CUST-05066,39,Male,36,Month-to-Month,DSL,61.07,2157.1,2.0,1,Yes,78.49,70.39,74.44,Yes,High
CUST-05067,42,Female,19,One Year,No,18.0,339.31,5.0,4,No,0.2,0.0,0.1,No,Low
CUST-05068,64,Male,72,Two Year,DSL,37.85,2771.41,4.1,1,No,0.45,0.01,0.23,No,Low
CUST-05069,41,Female,14,Month-to-Month,No,18.0,259.37,3.4,3,Yes,86.18,94.39,90.29,Yes,High
CUST-05070,46,Male,30,Month-to-Month,No,18.22,556.84,2.7,6,Yes,91.0,98.79,94.89,Yes,High
CUST-05071,25,Male,37,Month-to-Month,DSL,54.55,1927.36,5.0,3,No,8.18,2.88,5.53,No,Low
CUST-05072,38,Female,16,Month-to-Month,DSL,52.13,892.6,3.8,3,No,7.15,0.99,4.07,No,Low
CUST-05073,50,Female,46,Month-to-Month,Fiber Optic,89.03,4374.42,5.0,1,No,74.51,33.6,54.06,Yes,Medium
CUST-05074,20,Male,18,Two Year,DSL,89.84,1673.97,3.4,2,No,0.3,0.0,0.15,No,Low
CUST-05075,44,Male,12,One Year,DSL,43.82,557.13,3.4,0,No,0.11,0.0,0.06,No,Low
CUST-05076,43,Male,2,Month-to-Month,No,27.25,84.05,4.1,2,No,14.91,8.4,11.65,No,Low
CUST-05077,42,Female,11,One Year,DSL,65.76,728.15,3.4,1,No,0.85,0.01,0.43,No,Low
CUST-05078,56,Female,31,One Year,No,18.0,552.4,3.5,3,No,0.57,0.07,0.32,No,Low
CUST-05079,46,Female,61,Month-to-Month,No,18.0,1033.48,3.6,6,No,7.93,9.45,8.69,No,Low
CUST-05080,62,Female,6,Month-to-Month,No,29.38,201.95,4.2,1,No,16.47,4.21,10.34,No,Low
CUST-05081,28,Female,10,Two Year,Fiber Optic,79.14,863.97,2.4,6,No,3.79,6.7,5.24,No,Low
CUST-05082,43,Male,4,One Year,Fiber Optic,94.25,488.73,3.2,5,No,2.66,3.9,3.28,No,Low
CUST-05083,43,Male,28,Month-to-Month,No,19.1,567.54,2.6,0,No,5.66,5.25,5.46,No,Low
CUST-05084,27,Female,72,Month-to-Month,DSL,49.28,3586.54,3.9,3,Yes,72.56,70.79,71.68,Yes,High
CUST-05085,55,Female,24,Month-to-Month,Fiber Optic,116.14,2950.54,3.2,0,Yes,98.3,99.98,99.14,Yes,High
CUST-05086,74,Female,23,Month-to-Month,DSL,49.97,1192.45,2.6,3,No,7.99,2.47,5.23,No,Low
CUST-05087,41,Female,19,Month-to-Month,DSL,61.15,1205.43,4.8,3,No,67.56,82.28,74.92,Yes,High
CUST-05088,49,Female,2,One Year,Fiber Optic,92.06,250.54,4.5,1,No,3.27,0.2,1.73,No,Low
CUST-05089,43,Female,31,Month-to-Month,DSL,44.37,1283.05,4.5,6,No,10.44,2.42,6.43,No,Low
CUST-05090,32,Male,22,Month-to-Month,No,18.0,425.52,4.6,2,No,6.07,2.95,4.51,No,Low
CUST-05091,18,Male,25,Month-to-Month,DSL,51.41,1259.52,3.8,6,No,10.37,24.23,17.3,No,Low
CUST-05092,32,Female,54,Month-to-Month,DSL,40.34,2113.62,3.9,2,No,4.73,0.39,2.56,No,Low
CUST-05093,22,Female,36,Two Year,Fiber Optic,71.38,2554.97,3.0,3,No,1.11,0.49,0.8,No,Low
CUST-05094,65,Male,36,Month-to-Month,DSL,54.95,1842.77,4.7,1,No,44.95,25.58,35.27,No,Medium
CUST-05095,40,Male,62,One Year,No,18.0,1184.17,3.4,2,No,0.02,0.0,0.01,No,Low
CUST-05096,37,Male,72,Month-to-Month,DSL,58.91,3936.83,2.6,4,No,8.13,8.99,8.56,No,Low
CUST-05097,54,Male,20,Month-to-Month,Fiber Optic,76.63,1682.01,3.7,4,Yes,96.6,99.21,97.91,Yes,High
CUST-05098,26,Female,2,One Year,DSL,75.28,227.24,2.8,2,No,0.7,0.0,0.35,No,Low
CUST-05099,31,Male,14,Month-to-Month,No,26.17,408.83,4.2,2,Yes,73.56,87.24,80.4,Yes,High
CUST-05100,42,Female,37,One Year,Fiber Optic,110.53,3813.06,4.1,2,No,1.98,0.16,1.07,No,Low
CUST-05101,56,Male,0,Month-to-Month,Fiber Optic,85.73,82.91,4.2,2,Yes,99.04,99.99,99.51,Yes,High
CUST-05102,49,Female,1,One Year,Fiber Optic,103.54,215.97,1.7,0,No,3.55,1.19,2.37,No,Low
CUST-05103,45,Male,1,One Year,DSL,49.95,99.6,1.3,2,No,0.81,0.0,0.41,No,Low
CUST-05104,43,Female,31,One Year,DSL,82.02,2577.45,3.4,4,No,0.58,0.0,0.29,No,Low
CUST-05105,47,Female,16,One Year,No,22.92,389.93,3.4,3,No,0.17,0.01,0.09,No,Low
CUST-05106,44,Female,11,One Year,Fiber Optic,74.52,829.8,4.7,5,No,17.84,13.29,15.56,No,Low
CUST-05107,27,Male,2,Two Year,DSL,62.2,188.82,2.5,3,No,0.29,0.0,0.15,No,Low
CUST-05108,42,Male,31,Month-to-Month,No,24.82,747.66,2.2,2,No,3.16,2.37,2.77,No,Low
CUST-05109,26,Male,9,One Year,Fiber Optic,116.84,1100.93,2.4,0,No,1.41,0.6,1.01,No,Low
CUST-05110,43,Male,7,Month-to-Month,DSL,80.64,638.42,2.0,0,No,23.65,19.16,21.41,No,Low
CUST-05111,35,Female,25,Month-to-Month,DSL,44.93,1055.06,2.7,3,Yes,26.94,16.5,21.72,No,Low
CUST-05112,77,Female,19,Month-to-Month,Fiber Optic,103.1,1872.51,1.9,2,Yes,98.35,99.72,99.03,Yes,High
CUST-05113,41,Female,10,Two Year,Fiber Optic,61.12,606.69,3.3,8,No,5.14,6.19,5.67,No,Low
CUST-05114,22,Female,24,Month-to-Month,DSL,42.59,1080.74,3.2,2,Yes,84.04,91.11,87.58,Yes,High
CUST-05115,40,Male,7,One Year,Fiber Optic,84.66,612.29,2.5,2,No,1.82,1.7,1.76,No,Low
CUST-05116,49,Male,38,Month-to-Month,Fiber Optic,79.6,2838.53,2.1,4,Yes,97.96,97.81,97.89,Yes,High
CUST-05117,65,Male,6,Month-to-Month,No,30.4,210.88,2.0,3,Yes,89.8,98.86,94.33,Yes,High
CUST-05118,33,Female,4,Two Year,DSL,56.85,276.07,1.0,4,No,0.9,0.01,0.45,No,Low
CUST-05119,19,Female,36,Month-to-Month,No,24.27,857.5,2.4,3,No,15.61,17.55,16.58,No,Low
CUST-05120,53,Male,29,Month-to-Month,Fiber Optic,101.67,2907.79,2.7,1,Yes,99.25,99.99,99.62,Yes,High
CUST-05121,22,Male,4,Month-to-Month,No,26.77,137.72,1.0,1,Yes,87.09,98.73,92.91,Yes,High
CUST-05122,35,Female,2,One Year,No,25.11,68.68,4.7,7,No,1.5,0.0,0.75,No,Low
CUST-05123,38,Female,43,Month-to-Month,No,27.79,1270.35,4.2,2,No,3.64,1.8,2.72,No,Low
CUST-05124,41,Female,35,Month-to-Month,Fiber Optic,86.29,2905.65,3.0,1,Yes,95.81,97.6,96.71,Yes,High
CUST-05125,51,Male,9,One Year,DSL,75.45,734.25,1.0,0,No,2.33,0.0,1.17,No,Low
CUST-05126,32,Male,25,Month-to-Month,DSL,39.09,1060.6,4.4,3,Yes,78.87,87.58,83.22,Yes,High
CUST-05127,38,Female,3,One Year,DSL,41.68,166.02,2.7,1,No,0.26,0.12,0.19,No,Low
CUST-05128,41,Female,16,Month-to-Month,No,22.86,364.41,1.5,2,No,13.4,5.46,9.43,No,Low
CUST-05129,44,Male,0,Month-to-Month,Fiber Optic,86.61,90.71,1.8,0,Yes,97.76,99.56,98.66,Yes,High
CUST-05130,43,Female,11,One Year,No,18.0,220.79,2.6,2,No,0.39,0.0,0.2,No,Low
CUST-05131,48,Female,1,Two Year,No,23.17,43.89,2.2,1,No,1.73,0.14,0.94,No,Low
CUST-05132,53,Male,15,One Year,DSL,38.4,608.18,2.5,4,No,0.69,0.0,0.35,No,Low
CUST-05133,47,Male,13,One Year,Fiber Optic,83.44,1148.8,1.0,1,No,1.12,2.62,1.87,No,Low
CUST-05134,48,Male,14,Month-to-Month,No,34.6,515.11,4.8,3,Yes,82.1,86.81,84.46,Yes,High
CUST-05135,19,Male,1,Month-to-Month,DSL,44.37,81.5,4.3,4,No,18.47,18.01,18.24,No,Low
CUST-05136,42,Female,10,Month-to-Month,No,24.01,263.27,2.4,3,No,22.86,23.39,23.13,No,Low
CUST-05137,48,Male,33,Two Year,No,20.8,659.2,4.1,0,No,0.48,0.01,0.25,No,Low
CUST-05138,52,Female,11,Two Year,Fiber Optic,95.92,1091.07,2.7,2,No,0.73,0.13,0.43,No,Low
CUST-05139,32,Female,30,Two Year,DSL,52.99,1612.81,3.2,0,No,1.23,0.02,0.63,No,Low
CUST-05140,32,Male,11,Month-to-Month,DSL,47.67,533.11,1.9,2,Yes,88.48,98.35,93.41,Yes,High
CUST-05141,33,Male,13,Month-to-Month,No,18.0,260.53,3.8,3,Yes,74.25,64.39,69.32,Yes,High
CUST-05142,49,Female,19,One Year,Fiber Optic,95.83,1844.98,4.1,0,No,1.9,0.11,1.01,No,Low
CUST-05143,56,Female,72,One Year,Fiber Optic,83.27,5621.72,3.4,2,No,1.93,0.11,1.02,No,Low
CUST-05144,36,Female,2,One Year,No,32.03,87.36,2.6,1,No,0.45,0.0,0.23,No,Low
CUST-05145,54,Male,0,One Year,Fiber Optic,77.86,79.2,1.0,4,No,4.12,16.7,10.41,No,Low
CUST-05146,43,Male,22,Month-to-Month,DSL,45.3,1067.16,4.1,2,No,7.79,0.87,4.33,No,Low
CUST-05147,40,Female,71,Month-to-Month,Fiber Optic,95.76,6287.99,3.0,1,Yes,79.18,66.78,72.98,Yes,High
CUST-05148,39,Female,72,Month-to-Month,DSL,44.73,3204.54,2.3,3,No,16.02,8.18,12.1,No,Low
CUST-05149,52,Male,15,Month-to-Month,DSL,45.59,727.98,2.5,3,No,11.98,25.01,18.49,No,Low
CUST-05150,46,Female,15,Month-to-Month,Fiber Optic,72.82,1207.35,3.5,1,Yes,98.62,99.84,99.23,Yes,High
CUST-05151,73,Male,24,Month-to-Month,No,23.46,532.1,1.9,1,No,11.52,14.84,13.18,No,Low
CUST-05152,30,Female,19,Month-to-Month,Fiber Optic,81.64,1554.64,3.7,3,Yes,96.53,90.18,93.35,Yes,High
CUST-05153,49,Female,24,One Year,Fiber Optic,95.58,2193.34,2.9,3,No,0.56,0.13,0.34,No,Low
CUST-05154,34,Male,49,Two Year,Fiber Optic,88.53,4268.46,2.4,4,No,15.6,17.72,16.66,No,Low
CUST-05155,29,Female,32,Two Year,DSL,56.8,1791.6,2.3,3,No,0.05,0.0,0.02,No,Low
CUST-05156,41,Male,16,Month-to-Month,Fiber Optic,111.96,1882.96,3.6,3,Yes,97.73,99.35,98.54,Yes,High
CUST-05157,43,Male,14,Month-to-Month,Fiber Optic,85.31,1281.28,1.0,3,Yes,98.56,99.91,99.24,Yes,High
CUST-05158,80,Male,24,Month-to-Month,No,30.56,798.13,2.5,5,Yes,80.21,91.26,85.74,Yes,High
CUST-05159,39,Male,14,Two Year,Fiber Optic,104.59,1450.29,3.9,1,No,33.44,27.13,30.28,No,Low
CUST-05160,26,Male,14,Month-to-Month,Fiber Optic,70.24,1074.55,3.1,1,Yes,97.92,98.62,98.27,Yes,High
CUST-05161,45,Female,0,Month-to-Month,DSL,62.8,64.49,4.5,4,No,19.59,8.78,14.19,No,Low
CUST-05162,18,Female,4,Two Year,Fiber Optic,85.32,420.1,3.3,2,No,4.5,0.79,2.64,No,Low
CUST-05163,40,Male,16,Month-to-Month,Fiber Optic,62.98,1090.11,2.5,3,Yes,93.65,99.62,96.64,Yes,High
CUST-05164,42,Female,41,Two Year,Fiber Optic,99.62,3985.07,2.9,3,No,14.1,8.32,11.21,No,Low
CUST-05165,53,Female,7,Month-to-Month,Fiber Optic,104.28,755.15,3.4,1,Yes,97.95,98.4,98.18,Yes,High
CUST-05166,55,Female,17,Month-to-Month,Fiber Optic,99.03,1644.58,2.3,7,Yes,98.28,99.56,98.92,Yes,High
CUST-05167,34,Female,10,Month-to-Month,Fiber Optic,73.84,751.41,3.9,1,Yes,97.35,97.73,97.54,Yes,High
CUST-05168,39,Male,2,Two Year,DSL,54.4,168.31,5.0,7,No,2.16,0.0,1.08,No,Low
CUST-05169,31,Male,72,Two Year,DSL,64.65,4925.61,1.9,4,No,0.18,0.0,0.09,No,Low
CUST-05170,26,Female,46,One Year,Fiber Optic,95.6,4315.24,3.9,4,No,1.78,0.37,1.08,No,Low
CUST-05171,46,Male,1,Month-to-Month,No,19.95,39.84,2.3,1,No,19.28,16.09,17.68,No,Low
CUST-05172,24,Male,30,Month-to-Month,No,30.96,907.46,2.4,1,No,13.61,12.65,13.13,No,Low
CUST-05173,36,Male,10,Two Year,No,18.0,191.43,2.8,0,No,0.3,0.0,0.15,No,Low
CUST-05174,28,Male,72,One Year,Fiber Optic,92.03,6671.85,2.5,2,Yes,45.97,23.07,34.52,No,Low
CUST-05175,49,Male,8,One Year,DSL,48.04,444.65,3.9,1,No,0.4,0.0,0.2,No,Low
CUST-05176,67,Male,6,Month-to-Month,Fiber Optic,86.43,583.24,3.3,1,Yes,98.57,98.95,98.76,Yes,High
CUST-05177,23,Male,20,Month-to-Month,No,39.23,827.83,3.0,1,No,12.67,6.72,9.69,No,Low
CUST-05178,18,Female,43,Month-to-Month,Fiber Optic,88.16,3635.87,3.6,1,No,85.23,67.09,76.16,Yes,High
CUST-05179,40,Female,5,One Year,Fiber Optic,99.62,567.41,3.7,5,No,1.88,1.98,1.93,No,Low
CUST-05180,42,Male,29,Two Year,DSL,57.02,1595.86,3.2,3,No,0.1,0.0,0.05,No,Low
CUST-05181,45,Male,1,Month-to-Month,DSL,38.65,79.6,4.3,5,Yes,84.06,97.14,90.6,Yes,High
CUST-05182,35,Male,60,Month-to-Month,DSL,49.47,2769.54,3.3,3,No,4.21,0.96,2.58,No,Low
CUST-05183,39,Male,2,Month-to-Month,Fiber Optic,84.62,257.79,5.0,3,Yes,99.5,99.99,99.74,Yes,High
CUST-05184,47,Male,58,Month-to-Month,Fiber Optic,59.08,3467.53,2.2,2,Yes,88.11,88.61,88.36,Yes,High
CUST-05185,56,Male,16,Two Year,No,33.52,568.42,1.6,1,No,0.59,0.0,0.3,No,Low
CUST-05186,18,Female,14,Month-to-Month,No,18.0,278.52,3.4,3,Yes,75.88,63.53,69.71,Yes,High
CUST-05187,36,Female,72,Two Year,DSL,50.71,3626.39,4.2,2,No,0.03,0.0,0.01,No,Low
CUST-05188,44,Male,72,One Year,DSL,58.98,3923.96,2.8,2,No,0.21,0.0,0.1,No,Low
CUST-05189,29,Male,25,One Year,Fiber Optic,85.5,2311.18,2.3,4,No,1.44,0.4,0.92,No,Low
CUST-05190,66,Female,3,Two Year,Fiber Optic,65.44,248.83,3.2,5,Yes,63.39,76.12,69.76,Yes,High
CUST-05191,33,Female,16,One Year,Fiber Optic,97.49,1499.0,2.9,2,No,2.8,1.08,1.94,No,Low
CUST-05192,41,Female,18,Two Year,DSL,41.73,776.99,3.0,1,No,0.15,0.0,0.08,No,Low
CUST-05193,49,Female,17,Month-to-Month,DSL,57.45,986.29,2.3,1,Yes,85.96,94.62,90.29,Yes,High
CUST-05194,33,Male,20,One Year,DSL,32.95,717.39,2.6,4,No,0.91,0.0,0.45,No,Low
CUST-05195,18,Male,0,One Year,Fiber Optic,81.58,79.67,4.3,1,No,27.83,27.29,27.56,No,Low
CUST-05196,35,Female,29,Month-to-Month,Fiber Optic,66.59,1813.93,4.6,6,Yes,97.03,99.95,98.49,Yes,High
CUST-05197,56,Male,29,One Year,Fiber Optic,92.29,2590.7,3.0,3,No,0.56,0.11,0.34,No,Low
CUST-05198,37,Female,2,One Year,DSL,66.46,186.12,2.0,5,No,3.93,0.16,2.04,No,Low
CUST-05199,30,Female,20,Two Year,Fiber Optic,83.17,1772.09,2.1,2,No,0.8,0.12,0.46,No,Low
CUST-05200,54,Female,20,Month-to-Month,DSL,59.05,1128.3,1.8,3,No,25.2,37.81,31.5,No,Low
CUST-05201,37,Male,27,One Year,DSL,62.12,1650.35,4.2,1,No,0.08,0.0,0.04,No,Low
CUST-05202,34,Female,2,Month-to-Month,Fiber Optic,70.51,211.66,3.4,2,Yes,98.9,99.99,99.45,Yes,High
CUST-05203,44,Male,23,One Year,Fiber Optic,93.46,2225.11,3.0,3,No,1.27,1.1,1.18,No,Low
CUST-05204,52,Male,7,Month-to-Month,DSL,45.69,364.48,4.2,2,No,74.93,90.25,82.59,Yes,High
CUST-05205,75,Male,16,One Year,Fiber Optic,73.09,1222.53,3.7,2,No,0.97,0.09,0.53,No,Low
CUST-05206,53,Female,35,Month-to-Month,DSL,47.05,1569.06,1.0,4,No,15.26,12.39,13.82,No,Low
CUST-05207,58,Female,29,Month-to-Month,DSL,62.49,1876.86,2.4,1,No,20.3,8.94,14.62,No,Low
CUST-05208,34,Male,3,Month-to-Month,Fiber Optic,87.25,363.88,3.2,3,Yes,98.47,99.46,98.96,Yes,High
CUST-05209,27,Male,21,Month-to-Month,DSL,55.78,1112.01,5.0,2,No,7.76,2.32,5.04,No,Low
CUST-05210,42,Female,72,One Year,No,35.65,2483.45,5.0,1,No,1.3,0.0,0.65,No,Low
CUST-05211,43,Female,4,Two Year,DSL,43.35,204.56,1.0,1,No,1.3,0.0,0.65,No,Low
CUST-05212,26,Female,46,Month-to-Month,No,19.13,829.18,1.8,4,No,6.35,4.29,5.32,No,Low
CUST-05213,39,Female,29,Month-to-Month,Fiber Optic,92.39,2604.46,3.4,4,Yes,97.73,99.34,98.54,Yes,High
CUST-05214,47,Male,35,Month-to-Month,DSL,45.25,1472.32,3.9,2,Yes,83.5,86.19,84.84,Yes,High
CUST-05215,47,Female,7,One Year,DSL,42.37,337.74,2.5,5,No,1.48,0.55,1.01,No,Low
CUST-05216,49,Male,8,Month-to-Month,No,18.0,160.68,3.8,1,No,75.37,86.37,80.87,Yes,High
CUST-05217,46,Female,56,Month-to-Month,Fiber Optic,69.63,3871.73,2.5,4,Yes,98.29,99.99,99.14,Yes,High
CUST-05218,34,Female,10,Month-to-Month,Fiber Optic,93.23,971.28,2.5,3,Yes,98.88,99.74,99.31,Yes,High
CUST-05219,34,Male,1,Month-to-Month,Fiber Optic,63.93,133.8,2.0,0,Yes,92.64,96.73,94.69,Yes,High
CUST-05220,25,Male,22,Month-to-Month,No,41.61,950.22,1.7,3,Yes,86.08,98.64,92.36,Yes,High
CUST-05221,66,Female,3,Month-to-Month,Fiber Optic,86.6,357.87,2.6,5,Yes,98.19,98.64,98.41,Yes,High
CUST-05222,42,Male,38,One Year,No,21.53,794.25,4.4,4,No,0.0,0.0,0.0,No,
CUST-05223,38,Male,24,One Year,Fiber Optic,96.08,2433.91,3.7,2,No,2.15,0.31,1.23,No,Low
CUST-05224,28,Female,49,Month-to-Month,Fiber Optic,82.09,3697.69,3.5,1,Yes,87.08,94.87,90.98,Yes,High
CUST-05225,80,Male,36,One Year,Fiber Optic,85.14,3154.99,2.9,1,Yes,36.94,35.72,36.33,No,Medium
CUST-05226,26,Female,2,Month-to-Month,DSL,45.42,137.93,3.7,5,No,68.69,83.61,76.15,Yes,High
CUST-05227,35,Male,11,Two Year,No,18.98,214.21,2.7,4,No,0.88,0.0,0.44,No,Low
CUST-05228,47,Female,35,Month-to-Month,Fiber Optic,102.4,3869.68,2.3,3,Yes,96.78,99.96,98.37,Yes,High
CUST-05229,50,Male,12,One Year,No,24.18,306.4,3.8,2,No,0.37,0.07,0.22,No,Low
CUST-05230,55,Male,72,One Year,Fiber Optic,57.09,3981.73,2.6,2,No,3.37,0.38,1.88,No,Low
CUST-05231,67,Female,31,Month-to-Month,DSL,32.04,951.2,2.0,2,Yes,73.02,77.02,75.02,Yes,High
CUST-05232,49,Female,0,Two Year,DSL,43.46,40.13,3.7,4,No,0.78,0.0,0.39,No,Low
CUST-05233,27,Male,50,Month-to-Month,Fiber Optic,115.3,5474.54,1.7,3,Yes,92.48,96.05,94.26,Yes,High
CUST-05234,38,Male,2,One Year,Fiber Optic,77.44,227.77,3.6,3,No,3.04,0.99,2.02,No,Low
CUST-05235,46,Female,3,Month-to-Month,Fiber Optic,93.23,365.64,3.6,3,Yes,98.71,99.14,98.92,Yes,High
CUST-05236,70,Female,31,Month-to-Month,Fiber Optic,93.94,2944.68,1.8,1,Yes,99.36,99.99,99.67,Yes,High
CUST-05237,22,Female,48,One Year,No,18.94,954.91,1.9,2,No,0.49,0.0,0.25,No,Low
CUST-05238,58,Female,18,Month-to-Month,No,24.03,411.02,4.6,6,No,16.54,16.38,16.46,No,Low
CUST-05239,44,Female,8,Month-to-Month,DSL,40.76,344.84,3.9,1,No,11.89,4.36,8.13,No,Low
CUST-05240,53,Male,10,Month-to-Month,DSL,59.54,676.45,3.7,4,Yes,80.25,96.66,88.45,Yes,High
CUST-05241,40,Male,10,One Year,Fiber Optic,89.12,896.98,3.4,2,No,3.24,0.76,2.0,No,Low
CUST-05242,30,Female,9,Month-to-Month,Fiber Optic,93.57,869.46,4.0,3,Yes,98.04,91.58,94.81,Yes,High
CUST-05243,52,Male,6,Month-to-Month,No,29.81,198.03,4.0,2,Yes,81.2,90.77,85.99,Yes,High
CUST-05244,51,Male,22,One Year,DSL,46.63,1095.97,2.3,5,No,0.84,0.68,0.76,No,Low
CUST-05245,55,Male,55,Month-to-Month,DSL,49.41,2732.59,3.0,1,Yes,63.81,42.18,52.99,Yes,Medium
CUST-05246,41,Male,8,Month-to-Month,DSL,54.21,479.77,2.7,1,No,21.17,15.7,18.44,No,Low
CUST-05247,33,Male,4,Month-to-Month,Fiber Optic,75.29,391.04,3.8,2,Yes,99.34,99.94,99.64,Yes,High
CUST-05248,20,Male,43,Month-to-Month,Fiber Optic,68.79,2945.34,3.4,2,No,92.0,85.52,88.76,Yes,High
CUST-05249,53,Female,32,Month-to-Month,No,37.09,1275.44,4.6,3,No,7.86,0.48,4.17,No,Low
CUST-05250,47,Male,64,Two Year,DSL,64.16,3837.27,3.5,6,No,0.66,0.0,0.33,No,Low
CUST-05251,28,Male,4,Month-to-Month,No,36.35,174.47,3.2,4,No,20.26,21.48,20.87,No,Low
CUST-05252,34,Male,3,Month-to-Month,Fiber Optic,94.43,386.54,4.1,2,Yes,97.44,92.38,94.91,Yes,High
CUST-05253,35,Female,18,Month-to-Month,Fiber Optic,46.99,823.66,4.1,5,Yes,78.22,96.01,87.12,Yes,High
CUST-05254,21,Male,22,Month-to-Month,Fiber Optic,87.17,1857.22,4.5,4,Yes,97.04,98.51,97.77,Yes,High
CUST-05255,30,Female,15,One Year,DSL,53.83,824.47,3.4,0,No,0.09,0.0,0.04,No,Low
CUST-05256,26,Female,21,Month-to-Month,DSL,57.69,1319.06,5.0,5,No,65.18,88.55,76.86,Yes,High
CUST-05257,36,Male,4,Month-to-Month,Fiber Optic,109.66,508.43,4.2,5,Yes,99.55,100.0,99.78,Yes,High
CUST-05258,31,Male,15,Month-to-Month,DSL,47.72,796.61,5.0,1,Yes,72.44,71.21,71.82,Yes,High
CUST-05259,19,Male,25,Two Year,DSL,44.12,1148.03,3.3,3,No,0.36,0.0,0.18,No,Low
CUST-05260,70,Female,13,Month-to-Month,Fiber Optic,92.63,1258.81,5.0,1,Yes,96.84,99.63,98.23,Yes,High
CUST-05261,59,Female,27,Month-to-Month,Fiber Optic,64.14,1621.08,4.0,2,Yes,89.22,82.12,85.67,Yes,High
CUST-05262,31,Female,14,One Year,Fiber Optic,96.58,1417.85,2.1,2,No,1.26,1.48,1.37,No,Low
CUST-05263,45,Male,9,Month-to-Month,Fiber Optic,92.42,889.4,2.2,3,Yes,99.73,100.0,99.87,Yes,High
CUST-05264,47,Female,8,One Year,DSL,45.65,418.5,2.9,3,No,0.35,0.0,0.17,No,Low
CUST-05265,58,Male,12,One Year,Fiber Optic,86.74,1109.45,2.9,3,No,3.44,1.86,2.65,No,Low
CUST-05266,30,Male,0,Month-to-Month,Fiber Optic,76.77,80.31,3.6,3,Yes,97.47,96.79,97.13,Yes,High
CUST-05267,57,Female,26,Month-to-Month,Fiber Optic,89.13,2206.26,5.0,1,Yes,90.13,90.05,90.09,Yes,High
CUST-05268,34,Female,44,Two Year,Fiber Optic,101.57,4740.88,3.6,3,No,1.85,0.22,1.03,No,Low
CUST-05269,23,Male,10,One Year,No,23.05,242.63,2.1,3,No,1.1,0.48,0.79,No,Low
CUST-05270,52,Male,1,Two Year,Fiber Optic,82.98,162.0,3.7,2,No,19.41,11.06,15.23,No,Low
CUST-05271,60,Male,72,Month-to-Month,DSL,57.67,4327.71,2.8,2,No,4.67,3.13,3.9,No,Low
CUST-05272,78,Male,7,Month-to-Month,Fiber Optic,87.6,702.71,2.8,2,Yes,98.86,99.64,99.25,Yes,High
CUST-05273,25,Male,3,Two Year,No,23.1,96.27,3.0,2,No,1.35,0.15,0.75,No,Low
CUST-05274,51,Female,11,Month-to-Month,No,32.48,408.35,2.8,1,Yes,82.08,91.85,86.97,Yes,High
CUST-05275,36,Female,32,Two Year,Fiber Optic,106.75,3509.47,1.8,2,No,2.58,1.03,1.81,No,Low
CUST-05276,52,Female,8,Month-to-Month,No,23.92,211.83,3.3,3,Yes,86.22,95.38,90.8,Yes,High
CUST-05277,21,Female,20,Two Year,Fiber Optic,95.07,1872.58,5.0,3,No,0.68,0.15,0.41,No,Low
CUST-05278,24,Female,12,Month-to-Month,Fiber Optic,79.1,967.96,4.1,5,Yes,98.45,99.57,99.01,Yes,High
CUST-05279,31,Female,3,Month-to-Month,Fiber Optic,69.88,262.21,1.9,5,Yes,97.27,100.0,98.63,Yes,High
CUST-05280,43,Female,9,Two Year,Fiber Optic,107.02,1089.16,1.0,4,No,1.44,1.02,1.23,No,Low
CUST-05281,33,Male,30,Month-to-Month,Fiber Optic,81.84,2517.56,3.6,4,Yes,99.4,99.99,99.7,Yes,High
CUST-05282,51,Female,22,Month-to-Month,Fiber Optic,73.56,1709.42,3.8,6,Yes,98.28,99.59,98.93,Yes,High
CUST-05283,56,Female,3,Month-to-Month,Fiber Optic,78.18,319.74,3.8,7,Yes,98.52,99.85,99.18,Yes,High
CUST-05284,50,Female,4,One Year,DSL,55.64,287.66,3.3,2,No,0.38,0.0,0.19,No,Low
CUST-05285,64,Female,24,Two Year,Fiber Optic,103.46,2384.86,2.1,0,No,0.47,0.07,0.27,No,Low
CUST-05286,47,Male,40,Month-to-Month,Fiber Optic,106.69,4511.04,5.0,2,Yes,93.86,99.93,96.9,Yes,High
CUST-05287,24,Female,10,Month-to-Month,DSL,75.27,825.37,3.1,5,No,12.79,5.81,9.3,No,Low
CUST-05288,61,Male,21,Month-to-Month,DSL,43.15,985.09,2.6,1,No,11.73,9.91,10.82,No,Low
CUST-05289,33,Female,4,One Year,Fiber Optic,88.2,458.33,3.7,1,No,35.29,31.66,33.47,No,Low
CUST-05290,54,Male,8,Month-to-Month,Fiber Optic,67.91,589.18,2.6,1,Yes,98.42,99.97,99.19,Yes,High
CUST-05291,64,Male,0,Month-to-Month,DSL,42.03,42.33,2.0,4,Yes,90.71,99.34,95.03,Yes,High
CUST-05292,48,Male,35,Month-to-Month,Fiber Optic,82.53,3042.06,2.7,2,Yes,99.46,99.99,99.72,Yes,High
CUST-05293,21,Female,12,One Year,No,18.0,219.64,3.5,1,No,0.03,0.0,0.01,No,Low
CUST-05294,29,Male,40,Two Year,Fiber Optic,78.71,3139.67,4.6,3,No,20.9,17.24,19.07,No,Low
CUST-05295,60,Female,29,Month-to-Month,Fiber Optic,84.58,2382.34,1.2,2,Yes,97.26,97.7,97.48,Yes,High
CUST-05296,39,Male,42,Month-to-Month,DSL,51.54,2024.01,3.7,7,Yes,87.88,98.03,92.96,Yes,High
CUST-05297,43,Female,8,One Year,No,31.26,282.66,4.1,5,No,0.19,0.02,0.11,No,Low
CUST-05298,52,Female,4,One Year,DSL,62.94,310.24,3.6,2,No,0.94,0.09,0.52,No,Low
CUST-05299,51,Male,72,Month-to-Month,Fiber Optic,95.41,6686.3,3.9,0,Yes,88.55,99.86,94.2,Yes,High
CUST-05300,45,Male,30,Month-to-Month,Fiber Optic,77.66,2243.47,4.8,2,Yes,93.28,76.24,84.76,Yes,High
CUST-05301,39,Female,43,Month-to-Month,DSL,55.5,2267.2,4.2,1,No,3.06,0.16,1.61,No,Low
CUST-05302,37,Female,0,One Year,Fiber Optic,81.57,76.83,2.8,2,Yes,50.14,60.44,55.29,Yes,Medium
CUST-05303,54,Female,10,One Year,DSL,49.3,567.96,4.3,5,No,0.46,0.0,0.23,No,Low
CUST-05304,49,Male,32,Month-to-Month,DSL,55.14,1900.39,3.4,0,No,5.78,2.26,4.02,No,Low
CUST-05305,38,Male,1,Month-to-Month,Fiber Optic,87.49,179.66,4.1,6,Yes,97.62,97.6,97.61,Yes,High
CUST-05306,57,Female,20,Month-to-Month,Fiber Optic,73.51,1405.18,1.8,2,Yes,98.47,99.54,99.01,Yes,High
CUST-05307,40,Male,13,Two Year,DSL,58.11,833.7,3.0,2,No,0.26,0.0,0.13,No,Low
CUST-05308,30,Male,0,Month-to-Month,DSL,40.73,41.27,3.9,1,No,11.31,7.29,9.3,No,Low
CUST-05309,31,Male,6,Two Year,No,23.58,171.79,3.1,1,No,0.14,0.0,0.07,No,Low
CUST-05310,28,Female,8,One Year,Fiber Optic,69.07,603.0,3.8,7,No,24.28,39.58,31.93,No,Low
CUST-05311,38,Female,2,Month-to-Month,DSL,51.0,149.52,4.7,3,No,13.96,6.82,10.39,No,Low
CUST-05312,59,Male,23,Month-to-Month,Fiber Optic,56.28,1330.67,2.9,3,Yes,92.78,99.42,96.1,Yes,High
CUST-05313,30,Male,6,Two Year,Fiber Optic,103.46,711.11,4.2,1,No,3.43,0.03,1.73,No,Low
CUST-05314,44,Male,7,Month-to-Month,DSL,49.7,376.55,2.1,4,Yes,26.63,46.2,36.42,No,Medium
CUST-05315,32,Male,54,Two Year,No,31.15,1583.41,4.0,2,No,0.01,0.0,0.0,No,
CUST-05316,38,Male,15,Month-to-Month,Fiber Optic,65.19,1050.1,1.4,2,Yes,96.57,99.74,98.15,Yes,High
CUST-05317,20,Female,11,One Year,No,18.0,223.97,3.4,1,No,0.03,0.0,0.02,No,Low
CUST-05318,38,Male,30,Two Year,DSL,47.02,1457.56,3.4,1,No,0.02,0.0,0.01,No,Low
CUST-05319,39,Male,57,Two Year,Fiber Optic,73.14,4345.5,5.0,2,No,1.24,0.03,0.64,No,Low
CUST-05320,49,Female,0,Month-to-Month,No,36.3,35.51,2.7,0,Yes,59.13,56.78,57.96,Yes,Medium
CUST-05321,45,Male,14,One Year,DSL,55.91,818.33,1.0,1,No,1.91,0.45,1.18,No,Low
CUST-05322,25,Female,22,Month-to-Month,DSL,61.59,1484.31,3.8,2,No,7.32,4.31,5.82,No,Low
CUST-05323,57,Male,9,Month-to-Month,DSL,68.28,716.38,2.1,5,Yes,81.25,99.26,90.25,Yes,High
CUST-05324,44,Male,35,Month-to-Month,DSL,46.12,1645.89,3.3,5,No,14.22,24.12,19.17,No,Low
CUST-05325,44,Female,72,Month-to-Month,No,21.85,1524.28,2.5,3,No,13.09,8.81,10.95,No,Low
CUST-05326,41,Female,68,Month-to-Month,Fiber Optic,82.02,5409.6,3.0,2,Yes,86.12,96.64,91.38,Yes,High
CUST-05327,34,Male,7,Month-to-Month,Fiber Optic,106.85,855.47,1.0,4,Yes,99.09,99.94,99.52,Yes,High
CUST-05328,45,Female,6,Two Year,No,29.9,195.41,1.3,0,No,0.08,0.0,0.04,No,Low
CUST-05329,48,Female,72,One Year,No,25.52,1950.58,3.6,3,No,0.1,0.0,0.05,No,Low
CUST-05330,18,Male,14,Month-to-Month,Fiber Optic,95.08,1436.11,3.0,1,Yes,97.21,93.5,95.36,Yes,High
CUST-05331,34,Female,5,Two Year,Fiber Optic,72.85,403.95,1.9,2,No,4.48,2.7,3.59,No,Low
CUST-05332,38,Female,29,Month-to-Month,DSL,51.52,1475.47,2.6,1,No,5.04,0.99,3.01,No,Low
CUST-05333,45,Male,8,Month-to-Month,Fiber Optic,59.07,496.31,3.7,4,Yes,93.96,96.64,95.3,Yes,High
CUST-05334,58,Female,7,One Year,Fiber Optic,89.62,654.52,2.9,3,No,2.02,1.41,1.71,No,Low
CUST-05335,31,Female,50,Month-to-Month,Fiber Optic,98.9,5027.38,3.7,6,Yes,93.93,98.78,96.36,Yes,High
CUST-05336,35,Female,4,One Year,DSL,43.44,198.88,2.2,5,No,1.24,1.14,1.19,No,Low
CUST-05337,34,Male,1,Month-to-Month,Fiber Optic,93.84,180.06,3.8,4,Yes,99.5,100.0,99.75,Yes,High
CUST-05338,30,Male,7,Month-to-Month,DSL,37.67,301.49,2.9,1,No,13.11,10.81,11.96,No,Low
CUST-05339,37,Female,22,Month-to-Month,DSL,48.97,1040.92,3.6,3,No,10.46,8.45,9.45,No,Low
CUST-05340,52,Male,3,Two Year,DSL,65.75,271.58,3.5,2,No,0.19,0.0,0.09,No,Low
CUST-05341,27,Male,15,One Year,Fiber Optic,78.4,1163.76,2.8,3,No,40.42,68.53,54.48,No,Medium
CUST-05342,47,Male,23,One Year,Fiber Optic,79.09,1882.2,2.8,3,No,2.62,1.02,1.82,No,Low
CUST-05343,18,Male,45,One Year,Fiber Optic,90.38,4317.83,3.0,4,No,11.5,11.63,11.57,No,Low
CUST-05344,34,Female,6,Month-to-Month,DSL,60.76,388.87,4.0,3,No,11.6,1.98,6.79,No,Low
CUST-05345,37,Male,40,One Year,DSL,60.01,2253.1,5.0,1,No,0.79,0.0,0.39,No,Low
CUST-05346,65,Female,6,Month-to-Month,Fiber Optic,45.58,293.17,2.3,3,Yes,85.27,98.06,91.66,Yes,High
CUST-05347,38,Male,27,Month-to-Month,DSL,46.77,1248.83,4.3,4,Yes,82.82,92.48,87.65,Yes,High
CUST-05348,18,Female,13,One Year,DSL,60.31,844.96,2.9,9,No,1.0,0.01,0.51,No,Low
CUST-05349,18,Male,2,Month-to-Month,DSL,50.01,147.15,3.1,4,No,12.87,6.58,9.72,No,Low
CUST-05350,42,Female,30,Month-to-Month,Fiber Optic,73.52,2153.15,3.5,0,Yes,94.35,94.95,94.65,Yes,High
CUST-05351,50,Female,5,Two Year,No,23.43,139.56,2.7,2,No,0.11,0.0,0.05,No,Low
CUST-05352,47,Male,4,One Year,DSL,67.8,327.8,2.8,2,No,0.25,0.0,0.12,No,Low
CUST-05353,44,Female,10,One Year,No,28.35,297.16,5.0,1,No,0.63,0.02,0.32,No,Low
CUST-05354,58,Male,25,Month-to-Month,Fiber Optic,90.86,2261.65,3.3,0,Yes,97.92,99.97,98.95,Yes,High
CUST-05355,34,Female,6,Month-to-Month,No,21.26,141.96,3.7,3,No,18.27,10.34,14.3,No,Low
CUST-05356,54,Female,4,One Year,Fiber Optic,80.03,390.85,5.0,0,No,2.62,0.1,1.36,No,Low
CUST-05357,19,Female,0,One Year,Fiber Optic,81.14,77.65,5.0,3,Yes,39.14,28.08,33.61,No,Low
CUST-05358,29,Female,15,Month-to-Month,DSL,59.29,899.24,3.0,5,No,14.33,6.62,10.48,No,Low
CUST-05359,18,Male,13,Two Year,DSL,45.79,607.82,2.3,4,No,1.28,0.0,0.64,No,Low
CUST-05360,38,Male,6,Two Year,DSL,58.57,382.46,2.0,3,No,1.98,0.07,1.03,No,Low
CUST-05361,41,Male,1,Month-to-Month,Fiber Optic,100.8,187.78,1.9,4,Yes,99.56,100.0,99.78,Yes,High
CUST-05362,43,Female,13,Two Year,No,24.03,317.21,2.7,6,No,0.3,0.0,0.15,No,Low
CUST-05363,42,Female,37,Month-to-Month,DSL,55.11,2190.17,2.0,4,No,18.95,5.19,12.07,No,Low
CUST-05364,29,Male,30,Month-to-Month,No,29.66,855.67,3.1,4,Yes,85.91,96.3,91.11,Yes,High
CUST-05365,39,Female,47,Month-to-Month,Fiber Optic,84.37,3914.85,2.4,0,Yes,99.23,99.97,99.6,Yes,High
CUST-05366,21,Male,0,One Year,DSL,48.92,50.69,2.8,3,No,1.4,0.0,0.7,No,Low
CUST-05367,61,Male,72,Two Year,Fiber Optic,73.73,4853.35,3.1,2,No,20.9,18.7,19.8,No,Low
CUST-05368,37,Female,10,One Year,DSL,56.38,614.43,2.8,2,No,0.04,0.0,0.02,No,Low
CUST-05369,35,Male,72,One Year,DSL,55.33,4162.4,2.0,1,No,0.02,0.0,0.01,No,Low
CUST-05370,64,Female,6,Month-to-Month,Fiber Optic,92.82,601.1,3.6,2,Yes,98.42,99.2,98.81,Yes,High
CUST-05371,24,Male,15,Month-to-Month,Fiber Optic,78.06,1276.32,4.6,3,Yes,98.13,88.02,93.08,Yes,High
CUST-05372,26,Female,10,Month-to-Month,DSL,58.08,636.91,4.5,3,No,11.64,6.23,8.94,No,Low
CUST-05373,26,Male,10,Month-to-Month,DSL,45.32,510.08,4.1,2,Yes,77.77,89.21,83.49,Yes,High
CUST-05374,41,Male,44,One Year,Fiber Optic,67.79,2777.95,2.9,2,No,0.79,0.06,0.43,No,Low
CUST-05375,48,Female,32,Month-to-Month,DSL,43.81,1316.55,2.5,3,No,14.04,13.17,13.6,No,Low
CUST-05376,52,Female,72,One Year,DSL,46.05,3097.58,4.0,1,No,1.07,0.01,0.54,No,Low
CUST-05377,78,Male,22,Month-to-Month,DSL,49.62,1194.72,3.6,3,No,18.34,13.38,15.86,No,Low
CUST-05378,18,Male,14,Month-to-Month,Fiber Optic,77.48,1199.28,4.0,2,Yes,97.68,88.79,93.24,Yes,High
CUST-05379,50,Female,2,Month-to-Month,DSL,58.49,172.99,5.0,4,No,53.99,57.6,55.8,Yes,Medium
CUST-05380,34,Male,72,Two Year,DSL,59.77,4272.75,3.2,3,No,0.21,0.0,0.1,No,Low
CUST-05381,33,Female,19,Month-to-Month,DSL,43.0,806.91,2.4,4,No,19.01,28.7,23.85,No,Low
CUST-05382,33,Female,28,Month-to-Month,No,29.58,799.3,2.6,3,No,12.65,19.51,16.08,No,Low
CUST-05383,29,Male,12,Two Year,DSL,54.91,667.56,3.4,1,No,0.18,0.0,0.09,No,Low
CUST-05384,65,Male,19,Two Year,Fiber Optic,73.86,1491.25,2.6,2,No,1.97,1.12,1.54,No,Low
CUST-05385,53,Female,68,One Year,Fiber Optic,71.08,4880.5,4.0,1,No,16.1,5.98,11.04,No,Low
CUST-05386,42,Male,4,Month-to-Month,Fiber Optic,75.1,366.21,4.0,4,Yes,99.23,99.97,99.6,Yes,High
CUST-05387,60,Female,8,Month-to-Month,Fiber Optic,117.27,1081.85,4.6,3,Yes,99.09,99.99,99.54,Yes,High
CUST-05388,20,Male,3,Two Year,No,34.75,126.34,4.6,3,No,0.69,0.01,0.35,No,Low
CUST-05389,23,Female,37,Two Year,No,26.18,900.76,1.0,0,No,0.87,0.0,0.43,No,Low
CUST-05390,18,Male,1,One Year,Fiber Optic,97.7,199.91,2.3,2,No,1.22,0.24,0.73,No,Low
CUST-05391,32,Female,2,Month-to-Month,Fiber Optic,93.16,268.98,3.3,4,Yes,98.6,99.72,99.16,Yes,High
CUST-05392,44,Male,8,Month-to-Month,Fiber Optic,102.41,921.53,2.0,1,Yes,98.05,99.55,98.8,Yes,High
CUST-05393,43,Male,17,Month-to-Month,No,21.8,376.95,3.1,2,No,4.2,1.56,2.88,No,Low
CUST-05394,44,Female,12,One Year,No,20.27,254.49,2.3,2,No,0.77,0.0,0.39,No,Low
CUST-05395,22,Male,1,Month-to-Month,Fiber Optic,73.9,133.52,2.7,2,Yes,89.64,97.52,93.58,Yes,High
CUST-05396,53,Male,72,Two Year,DSL,47.79,3417.37,5.0,1,No,0.68,0.0,0.34,No,Low
CUST-05397,45,Male,72,Month-to-Month,Fiber Optic,74.3,4910.35,4.6,1,Yes,74.38,39.53,56.95,Yes,Medium
CUST-05398,52,Male,7,One Year,Fiber Optic,82.19,626.43,3.2,2,No,44.53,58.95,51.74,No,Medium
CUST-05399,18,Female,31,Month-to-Month,Fiber Optic,92.94,2737.66,2.2,5,Yes,97.21,98.21,97.71,Yes,High
CUST-05400,46,Female,20,Month-to-Month,DSL,48.7,953.85,3.6,5,No,10.99,16.73,13.86,No,Low
CUST-05401,25,Male,6,Month-to-Month,Fiber Optic,90.33,655.15,1.0,1,Yes,98.07,98.97,98.52,Yes,High
CUST-05402,36,Female,7,One Year,Fiber Optic,82.32,688.46,3.9,0,No,2.15,0.12,1.13,No,Low
CUST-05403,49,Female,16,One Year,Fiber Optic,71.49,1099.83,3.8,5,No,3.61,1.48,2.54,No,Low
CUST-05404,43,Female,13,Month-to-Month,Fiber Optic,96.64,1403.16,1.9,2,Yes,98.56,99.66,99.11,Yes,High
CUST-05405,30,Male,8,Two Year,DSL,64.66,598.05,4.7,1,No,0.24,0.0,0.12,No,Low
CUST-05406,42,Female,39,Month-to-Month,Fiber Optic,106.55,4165.81,2.6,5,Yes,97.7,99.48,98.59,Yes,High
CUST-05407,20,Female,15,Two Year,No,29.45,458.27,2.2,3,No,1.28,0.0,0.64,No,Low
CUST-05408,58,Male,25,Two Year,Fiber Optic,100.3,2498.4,3.4,3,No,1.61,0.64,1.12,No,Low
CUST-05409,39,Male,5,Two Year,Fiber Optic,114.14,683.48,1.8,2,No,2.91,2.35,2.63,No,Low
CUST-05410,57,Male,18,Month-to-Month,Fiber Optic,88.03,1551.09,2.3,2,Yes,99.61,100.0,99.8,Yes,High
CUST-05411,34,Female,9,Month-to-Month,Fiber Optic,69.35,631.87,3.6,4,Yes,97.82,99.5,98.66,Yes,High
CUST-05412,34,Male,17,Two Year,Fiber Optic,102.88,1938.82,2.7,0,No,14.67,6.95,10.81,No,Low
CUST-05413,31,Female,36,Month-to-Month,Fiber Optic,81.39,3081.24,4.8,2,No,85.41,62.22,73.82,Yes,High
CUST-05414,54,Male,35,Month-to-Month,No,19.62,675.95,1.5,5,Yes,81.1,95.65,88.37,Yes,High
CUST-05415,32,Female,10,One Year,DSL,60.89,609.4,3.3,2,No,0.4,0.0,0.2,No,Low
CUST-05416,51,Female,28,Month-to-Month,No,18.0,544.75,4.3,0,No,3.36,0.14,1.75,No,Low
CUST-05417,36,Female,68,One Year,Fiber Optic,87.63,5488.43,4.1,4,No,0.87,0.13,0.5,No,Low
CUST-05418,18,Female,23,Two Year,DSL,50.5,1091.28,2.5,3,No,0.27,0.0,0.13,No,Low
CUST-05419,34,Female,3,One Year,Fiber Optic,103.62,390.98,5.0,1,No,2.75,0.14,1.44,No,Low
CUST-05420,25,Male,27,Month-to-Month,DSL,60.41,1711.42,1.2,0,No,23.25,19.2,21.22,No,Low
CUST-05421,42,Female,2,Month-to-Month,No,18.0,55.45,3.2,1,Yes,83.67,91.14,87.4,Yes,High
CUST-05422,25,Male,49,Month-to-Month,No,22.86,1128.98,4.2,3,No,6.42,3.36,4.89,No,Low
CUST-05423,54,Female,17,Month-to-Month,Fiber Optic,99.69,1738.84,4.6,3,Yes,99.11,99.98,99.55,Yes,High
CUST-05424,40,Male,11,Month-to-Month,Fiber Optic,74.66,808.33,2.2,4,Yes,91.77,99.84,95.81,Yes,High
CUST-05425,39,Female,1,Month-to-Month,Fiber Optic,77.97,148.49,3.4,1,Yes,98.97,99.99,99.48,Yes,High
CUST-05426,51,Female,11,Month-to-Month,Fiber Optic,90.34,989.3,4.1,1,Yes,97.55,97.77,97.66,Yes,High
CUST-05427,55,Male,56,Month-to-Month,Fiber Optic,82.55,4389.64,3.0,1,Yes,94.08,84.72,89.4,Yes,High
CUST-05428,41,Male,0,Two Year,Fiber Optic,88.53,80.59,1.9,3,Yes,52.22,83.83,68.03,Yes,High
CUST-05429,31,Female,15,Month-to-Month,Fiber Optic,69.82,1155.67,1.3,1,Yes,98.27,99.68,98.97,Yes,High
CUST-05430,18,Male,64,Month-to-Month,Fiber Optic,74.66,4882.95,2.5,2,Yes,86.9,97.5,92.2,Yes,High
CUST-05431,32,Male,12,One Year,Fiber Optic,86.12,1083.9,2.6,4,No,2.56,2.89,2.73,No,Low
CUST-05432,33,Male,13,One Year,DSL,58.57,852.5,2.4,3,No,0.74,0.0,0.37,No,Low
CUST-05433,43,Female,20,Month-to-Month,Fiber Optic,88.2,1724.91,5.0,3,Yes,96.52,96.55,96.54,Yes,High
CUST-05434,37,Female,14,One Year,Fiber Optic,65.78,1029.17,3.8,4,No,0.99,0.13,0.56,No,Low
CUST-05435,51,Female,4,Month-to-Month,DSL,43.46,197.99,2.9,1,No,25.11,13.09,19.1,No,Low
CUST-05436,33,Female,0,Month-to-Month,DSL,54.84,55.93,3.0,4,Yes,78.84,87.8,83.32,Yes,High
CUST-05437,41,Male,22,Two Year,Fiber Optic,78.92,1723.13,3.0,2,No,1.75,0.83,1.29,No,Low
CUST-05438,58,Female,60,Two Year,No,18.73,1050.89,3.9,2,No,0.0,0.0,0.0,No,
CUST-05439,46,Male,2,One Year,Fiber Optic,78.44,235.14,2.0,2,No,2.7,0.43,1.57,No,Low
CUST-05440,41,Male,5,One Year,Fiber Optic,80.17,478.76,2.1,2,No,1.77,0.42,1.1,No,Low
CUST-05441,33,Male,11,Two Year,Fiber Optic,102.72,1282.1,3.2,2,No,43.65,50.04,46.85,No,Medium
CUST-05442,33,Female,39,Two Year,Fiber Optic,66.0,2485.34,1.0,3,Yes,56.32,78.21,67.27,Yes,High
CUST-05443,30,Female,7,Month-to-Month,DSL,73.51,596.86,2.3,4,Yes,86.66,98.53,92.6,Yes,High
CUST-05444,34,Male,51,One Year,Fiber Optic,53.61,2894.3,4.2,2,No,0.87,0.11,0.49,No,Low
CUST-05445,52,Female,1,Month-to-Month,Fiber Optic,102.71,198.94,4.1,2,Yes,97.49,98.86,98.17,Yes,High
CUST-05446,38,Male,67,Month-to-Month,No,29.48,1929.56,1.4,0,No,5.22,5.36,5.29,No,Low
CUST-05447,23,Male,19,Month-to-Month,Fiber Optic,66.41,1268.81,3.1,1,Yes,95.89,99.0,97.44,Yes,High
CUST-05448,66,Male,25,One Year,DSL,54.44,1482.77,1.7,2,No,0.68,0.0,0.34,No,Low
CUST-05449,46,Female,11,Two Year,Fiber Optic,91.74,1091.24,2.4,3,No,1.68,0.19,0.93,No,Low
CUST-05450,22,Female,36,Two Year,Fiber Optic,93.88,3606.79,2.5,1,No,0.49,0.03,0.26,No,Low
CUST-05451,35,Male,4,Month-to-Month,Fiber Optic,100.19,484.63,3.9,1,Yes,97.8,98.82,98.31,Yes,High
CUST-05452,43,Female,1,Month-to-Month,DSL,49.18,101.54,4.2,1,No,10.77,0.69,5.73,No,Low
CUST-05453,65,Male,12,Month-to-Month,DSL,50.3,633.88,2.6,2,No,11.25,20.18,15.72,No,Low
CUST-05454,26,Female,46,Month-to-Month,Fiber Optic,59.57,2586.02,1.5,3,Yes,96.13,100.0,98.06,Yes,High
CUST-05455,55,Female,33,Two Year,Fiber Optic,99.59,3351.73,1.2,1,Yes,49.52,15.38,32.45,No,Low
CUST-05456,61,Male,17,Month-to-Month,No,27.92,517.84,4.4,4,No,18.25,10.16,14.2,No,Low
CUST-05457,33,Female,20,One Year,No,28.86,548.57,2.9,3,No,0.79,0.0,0.39,No,Low
CUST-05458,38,Female,3,Month-to-Month,DSL,44.76,168.75,3.0,4,Yes,76.01,85.65,80.83,Yes,High
CUST-05459,27,Male,44,Month-to-Month,DSL,62.11,2912.17,1.9,5,No,17.79,30.1,23.95,No,Low
CUST-05460,39,Female,37,One Year,No,18.65,666.55,4.2,3,No,0.17,0.0,0.09,No,Low
CUST-05461,41,Male,25,Month-to-Month,Fiber Optic,87.49,2183.19,3.9,1,Yes,96.88,97.66,97.27,Yes,High
CUST-05462,51,Male,15,Month-to-Month,DSL,48.24,732.61,2.7,0,No,13.96,1.46,7.71,No,Low
CUST-05463,57,Male,72,Month-to-Month,DSL,54.87,3761.45,2.2,4,No,12.16,2.5,7.33,No,Low
CUST-05464,31,Male,50,One Year,DSL,52.79,2581.4,3.4,5,No,1.18,0.15,0.67,No,Low
CUST-05465,18,Female,24,Two Year,Fiber Optic,69.16,1777.01,1.2,1,No,33.6,58.18,45.89,No,Medium
CUST-05466,41,Female,11,Two Year,DSL,63.08,718.73,3.7,3,No,1.41,0.09,0.75,No,Low
CUST-05467,46,Female,23,Two Year,DSL,54.96,1326.29,2.9,1,No,0.15,0.0,0.08,No,Low
CUST-05468,45,Male,20,Two Year,No,42.22,830.66,3.4,3,No,0.14,0.0,0.07,No,Low
CUST-05469,37,Male,12,Two Year,DSL,55.59,670.02,3.2,2,No,0.21,0.0,0.11,No,Low
CUST-05470,43,Male,8,One Year,No,32.9,302.33,4.1,3,No,0.16,0.0,0.08,No,Low
CUST-05471,63,Female,12,Month-to-Month,No,19.01,227.16,4.2,2,No,11.2,0.78,5.99,No,Low
CUST-05472,47,Female,20,Month-to-Month,Fiber Optic,95.58,2039.32,4.3,1,Yes,98.97,99.96,99.47,Yes,High
CUST-05473,36,Female,13,Two Year,Fiber Optic,87.76,1223.07,3.3,2,No,42.29,35.26,38.78,No,Medium
CUST-05474,34,Male,7,Month-to-Month,DSL,59.4,465.91,3.1,6,Yes,19.34,46.78,33.06,No,Low
CUST-05475,39,Female,34,Month-to-Month,No,20.42,692.61,2.5,2,No,6.58,8.73,7.66,No,Low
CUST-05476,64,Female,18,Two Year,Fiber Optic,81.01,1508.89,2.6,3,No,1.36,1.09,1.23,No,Low
CUST-05477,39,Male,1,Month-to-Month,DSL,49.49,90.94,3.6,1,No,12.48,1.58,7.03,No,Low
CUST-05478,41,Female,11,Two Year,Fiber Optic,85.49,961.23,3.2,2,No,1.97,0.49,1.23,No,Low
CUST-05479,35,Male,51,One Year,Fiber Optic,86.57,4064.33,4.5,1,No,1.13,0.07,0.6,No,Low
CUST-05480,57,Male,33,Month-to-Month,DSL,49.85,1703.12,2.9,0,Yes,76.97,84.28,80.63,Yes,High
CUST-05481,69,Male,9,One Year,DSL,56.55,576.61,1.6,2,No,0.79,0.0,0.39,No,Low
CUST-05482,48,Male,66,Two Year,DSL,46.3,3112.76,3.4,4,No,0.19,0.01,0.1,No,Low
CUST-05483,43,Male,1,Month-to-Month,No,18.0,36.23,4.2,3,Yes,87.46,93.76,90.61,Yes,High
CUST-05484,42,Male,72,One Year,Fiber Optic,71.5,5373.61,3.8,3,No,22.57,15.17,18.87,No,Low
CUST-05485,18,Male,6,Two Year,Fiber Optic,91.91,646.79,3.7,4,No,2.16,0.15,1.16,No,Low
CUST-05486,52,Female,0,Month-to-Month,No,22.98,21.89,4.3,2,No,14.04,4.09,9.07,No,Low
CUST-05487,43,Female,13,Month-to-Month,DSL,61.14,801.09,3.4,2,No,5.65,1.26,3.45,No,Low
CUST-05488,47,Female,10,Month-to-Month,Fiber Optic,96.92,1025.15,1.4,4,Yes,99.32,99.89,99.6,Yes,High
CUST-05489,32,Male,18,Month-to-Month,DSL,64.36,1185.52,4.1,2,No,15.57,7.09,11.33,No,Low
CUST-05490,36,Male,38,Month-to-Month,No,18.37,674.1,3.5,3,No,6.12,1.37,3.75,No,Low
CUST-05491,36,Male,44,One Year,DSL,51.98,2208.25,3.1,2,No,0.17,0.0,0.09,No,Low
CUST-05492,56,Male,12,Month-to-Month,No,31.42,411.1,1.9,4,Yes,25.57,43.0,34.28,No,Low
CUST-05493,36,Female,13,Two Year,Fiber Optic,86.19,1123.52,2.3,2,No,15.08,17.32,16.2,No,Low
CUST-05494,71,Female,3,Month-to-Month,Fiber Optic,83.32,338.32,1.2,2,Yes,98.83,99.83,99.33,Yes,High
CUST-05495,48,Female,1,Month-to-Month,No,18.0,33.79,2.6,3,Yes,91.75,97.38,94.56,Yes,High
CUST-05496,24,Female,24,One Year,DSL,48.97,1176.46,2.5,1,No,0.02,0.0,0.01,No,Low
CUST-05497,40,Male,1,Two Year,Fiber Optic,102.85,193.63,3.1,0,No,3.76,0.46,2.11,No,Low
CUST-05498,32,Male,31,Month-to-Month,DSL,60.7,1987.54,4.9,3,No,7.8,2.61,5.2,No,Low
CUST-05499,18,Female,18,Month-to-Month,DSL,56.16,1023.42,4.3,1,Yes,78.5,77.38,77.94,Yes,High
CUST-05500,64,Male,5,Two Year,Fiber Optic,111.71,701.61,3.2,3,No,24.87,19.97,22.42,No,Low
