Customer_ID,Age,Gender,Tenure,Contract_Type,Payment_Method,Internet_Service,Tech_Support,Streaming_Service,Online_Security,Customer_Support_Calls,Satisfaction_Score,Monthly_Charges,Total_Charges,Churn_Probability,Risk_Score,Risk_Category,Churn
CUST-00001,48,Female,5,Month-to-Month,Electronic Check,Fiber Optic,No,Yes,No,5,2.5,73.66,456.05,0.8932,89.3,High,Yes
CUST-00002,40,Female,11,Month-to-Month,Electronic Check,DSL,Yes,No Internet,No,2,5.0,59.48,672.8,0.5845,58.4,Medium,No
CUST-00003,51,Female,7,Month-to-Month,Mailed Check,DSL,No,No Internet,No,4,4.8,28.93,237.59,0.5637,56.4,Medium,No
CUST-00004,63,Male,2,One Year,Bank Transfer,No,No,Yes,No Internet,2,3.3,29.3,80.46,0.266,26.6,Low,No
CUST-00005,38,Male,42,Month-to-Month,Electronic Check,DSL,Yes,No,No,5,2.6,35.21,1402.05,0.6257,62.6,Medium,Yes
CUST-00006,38,Female,46,Month-to-Month,Bank Transfer,Fiber Optic,Yes,Yes,No,1,2.2,120.0,5209.63,0.6336,63.4,Medium,Yes
CUST-00007,64,Female,5,One Year,Bank Transfer,Fiber Optic,No Internet,No,Yes,5,4.9,82.02,488.16,0.4355,43.5,Medium,No
CUST-00008,52,Female,1,Month-to-Month,Credit Card,Fiber Optic,No,Yes,No,2,3.3,116.12,222.56,0.7688,76.9,High,Yes
CUST-00009,35,Female,32,One Year,Electronic Check,DSL,No,Yes,Yes,2,2.4,62.07,2108.77,0.3996,40.0,Medium,No
CUST-00010,49,Male,5,Month-to-Month,Electronic Check,No,Yes,No,No,5,3.1,19.98,116.63,0.6399,64.0,Medium,Yes
CUST-00011,35,Male,11,Month-to-Month,Mailed Check,No,No,Yes,No,2,2.9,33.44,411.59,0.5068,50.7,Medium,No
CUST-00012,35,Male,1,Two Year,Mailed Check,Fiber Optic,No,Yes,No,5,5.0,74.54,139.55,0.3887,38.9,Low,No
CUST-00013,45,Male,6,One Year,Bank Transfer,Fiber Optic,Yes,No Internet,No,0,3.4,71.6,521.1,0.286,28.6,Low,No
CUST-00014,18,Male,37,Month-to-Month,Bank Transfer,Fiber Optic,No,No Internet,No,2,3.2,51.63,1952.59,0.7617,76.2,High,Yes
CUST-00015,18,Female,39,Month-to-Month,Bank Transfer,DSL,No,Yes,No Internet,4,1.7,53.98,2107.05,0.7117,71.2,High,Yes
CUST-00016,34,Male,5,Two Year,Credit Card,No,No,No,Yes,0,3.7,26.36,156.79,0.2135,21.4,Low,No
CUST-00017,27,Male,9,Month-to-Month,Credit Card,Fiber Optic,Yes,No,No Internet,1,3.2,83.85,870.0,0.6328,63.3,Medium,Yes
CUST-00018,46,Male,3,Month-to-Month,Mailed Check,Fiber Optic,Yes,No,No Internet,3,3.8,76.43,290.86,0.6796,68.0,Medium,Yes
CUST-00019,29,Female,1,One Year,Credit Card,DSL,No Internet,No Internet,No Internet,0,3.3,45.31,84.9,0.1016,10.2,Low,No
CUST-00020,22,Female,72,One Year,Electronic Check,DSL,No Internet,No,No Internet,4,2.8,62.02,4241.38,0.1772,17.7,Low,No
CUST-00021,62,Female,25,One Year,Bank Transfer,Fiber Optic,No,No,No,6,3.3,64.21,1746.1,0.4693,46.9,Medium,No
CUST-00022,38,Female,18,One Year,Mailed Check,No,No,Yes,Yes,2,2.4,32.33,583.94,0.1661,16.6,Low,No
CUST-00023,42,Male,34,One Year,Credit Card,Fiber Optic,No,No,No,4,3.4,62.48,2258.05,0.4666,46.7,Medium,No
CUST-00024,22,Female,43,Two Year,Mailed Check,No,Yes,No,No,3,4.6,19.5,789.89,0.1136,11.4,Low,No
CUST-00025,34,Male,39,One Year,Bank Transfer,Fiber Optic,No,Yes,No Internet,2,4.2,75.71,2921.17,0.3833,38.3,Low,No
CUST-00026,43,Male,0,Month-to-Month,Credit Card,Fiber Optic,No,Yes,No,2,2.9,77.68,77.13,0.7588,75.9,High,Yes
CUST-00027,25,Female,4,Month-to-Month,Bank Transfer,Fiber Optic,No,Yes,No Internet,3,3.0,79.99,417.76,0.8255,82.6,High,Yes
CUST-00028,47,Female,25,One Year,Bank Transfer,Fiber Optic,No,Yes,No,6,3.8,83.37,2171.08,0.5312,53.1,Medium,No
CUST-00029,33,Male,11,Two Year,Electronic Check,DSL,No Internet,Yes,No,2,3.6,48.67,525.81,0.2193,21.9,Low,No
CUST-00030,37,Male,72,Month-to-Month,Electronic Check,DSL,No Internet,Yes,Yes,3,3.2,34.11,2524.94,0.6028,60.3,Medium,No
CUST-00031,33,Female,26,Month-to-Month,Credit Card,DSL,No Internet,Yes,No,4,2.6,63.92,1721.48,0.5488,54.9,Medium,No
CUST-00032,67,Male,72,Two Year,Bank Transfer,DSL,No Internet,No,Yes,3,2.2,72.15,4886.53,0.2515,25.2,Low,No
CUST-00033,41,Male,5,One Year,Mailed Check,Fiber Optic,No Internet,No,Yes,2,2.2,103.88,618.96,0.4074,40.7,Medium,No
CUST-00034,27,Male,47,Month-to-Month,Mailed Check,Fiber Optic,No,Yes,No,1,3.0,87.93,4384.59,0.7466,74.7,High,Yes
CUST-00035,53,Male,9,One Year,Electronic Check,No,Yes,No Internet,No,2,3.6,28.2,253.99,0.2945,29.4,Low,No
CUST-00036,24,Female,72,Two Year,Mailed Check,No,No,No,No,2,1.3,30.24,2309.42,0.1789,17.9,Low,No
CUST-00037,44,Male,4,Two Year,Mailed Check,Fiber Optic,No,No,No Internet,1,4.0,99.96,472.03,0.3394,33.9,Low,No
CUST-00038,18,Male,17,One Year,Electronic Check,DSL,No,No Internet,Yes,2,2.0,56.93,1015.65,0.3917,39.2,Low,No
CUST-00039,23,Female,37,Month-to-Month,Electronic Check,DSL,No Internet,Yes,Yes,4,2.4,55.76,1995.21,0.6675,66.8,Medium,Yes
CUST-00040,44,Female,13,Two Year,Mailed Check,Fiber Optic,No Internet,No,No,3,2.9,59.9,846.68,0.3422,34.2,Low,No
CUST-00041,52,Male,15,Month-to-Month,Bank Transfer,DSL,No,No,No Internet,1,3.6,56.93,890.27,0.531,53.1,Medium,No
CUST-00042,44,Male,72,Two Year,Electronic Check,DSL,No,Yes,No,3,4.9,68.44,4693.55,0.2831,28.3,Low,No
CUST-00043,40,Male,13,Month-to-Month,Bank Transfer,Fiber Optic,No Internet,Yes,Yes,1,2.7,64.27,877.75,0.7553,75.5,High,Yes
CUST-00044,37,Female,22,Month-to-Month,Credit Card,Fiber Optic,Yes,No Internet,No,4,4.4,94.76,2076.49,0.7093,70.9,High,Yes
CUST-00045,21,Female,1,Month-to-Month,Mailed Check,DSL,Yes,Yes,No Internet,6,2.8,61.68,115.64,0.4509,45.1,Medium,No
CUST-00046,31,Female,44,Month-to-Month,Credit Card,Fiber Optic,No Internet,No Internet,Yes,6,4.7,107.35,4777.22,0.6547,65.5,Medium,Yes
CUST-00047,35,Female,25,One Year,Credit Card,Fiber Optic,No,No,Yes,5,3.1,82.58,2137.93,0.4533,45.3,Medium,No
CUST-00048,56,Female,12,Two Year,Electronic Check,DSL,No,No,No,4,1.6,54.17,648.63,0.5217,52.2,Medium,No
CUST-00049,46,Female,0,One Year,Electronic Check,DSL,No Internet,Yes,Yes,3,2.4,53.24,55.34,0.2979,29.8,Low,No
CUST-00050,18,Male,21,Two Year,Mailed Check,Fiber Optic,No,No,No,1,3.2,67.23,1332.63,0.4433,44.3,Medium,No
CUST-00051,46,Male,0,Month-to-Month,Bank Transfer,No,No,Yes,Yes,3,3.0,24.43,23.0,0.5061,50.6,Medium,No
CUST-00052,36,Female,0,One Year,Mailed Check,DSL,No,Yes,Yes,5,2.1,38.28,36.42,0.2601,26.0,Low,No
CUST-00053,32,Male,22,Two Year,Electronic Check,Fiber Optic,Yes,No Internet,No,2,1.7,85.65,1792.59,0.5876,58.8,Medium,No
CUST-00054,50,Male,5,One Year,Bank Transfer,Fiber Optic,Yes,No,Yes,3,4.1,81.56,447.03,0.3652,36.5,Low,No
CUST-00055,56,Female,5,Month-to-Month,Electronic Check,DSL,No Internet,No,Yes,1,1.0,58.56,360.89,0.7659,76.6,High,Yes
CUST-00056,55,Male,25,One Year,Credit Card,Fiber Optic,Yes,No Internet,No Internet,5,3.8,94.23,2337.96,0.377,37.7,Low,No
CUST-00057,30,Female,1,One Year,Electronic Check,DSL,Yes,Yes,Yes,1,2.0,59.44,113.51,0.3497,35.0,Low,No
CUST-00058,37,Female,9,Month-to-Month,Credit Card,DSL,No,No,No,0,5.0,66.54,667.59,0.4512,45.1,Medium,No
CUST-00059,46,Male,3,Two Year,Electronic Check,DSL,Yes,No,No Internet,2,1.0,57.36,231.42,0.3565,35.7,Low,No
CUST-00060,55,Female,20,Two Year,Electronic Check,DSL,No Internet,No,Yes,3,1.0,56.94,1203.07,0.3747,37.5,Low,No
CUST-00061,35,Male,26,Month-to-Month,Electronic Check,DSL,Yes,No Internet,Yes,2,2.7,68.38,1791.5,0.6908,69.1,Medium,Yes
CUST-00062,39,Male,30,One Year,Credit Card,Fiber Optic,No,No Internet,No,2,4.3,88.94,2773.69,0.3587,35.9,Low,No
CUST-00063,26,Female,7,One Year,Electronic Check,Fiber Optic,No,No,No,4,5.0,96.01,797.72,0.593,59.3,Medium,No
CUST-00064,25,Female,2,One Year,Bank Transfer,DSL,No Internet,No,No,2,4.3,29.14,80.45,0.1579,15.8,Low,No
CUST-00065,53,Female,1,Month-to-Month,Credit Card,DSL,No,No,No Internet,3,3.4,50.7,100.0,0.6151,61.5,Medium,No
CUST-00066,60,Male,13,Two Year,Bank Transfer,DSL,No,No,Yes,1,2.1,48.08,694.53,0.2486,24.9,Low,No
CUST-00067,40,Female,69,Month-to-Month,Mailed Check,Fiber Optic,No Internet,No,No,2,2.4,80.73,5904.58,0.6173,61.7,Medium,No
CUST-00068,56,Male,5,Month-to-Month,Credit Card,No,Yes,Yes,No Internet,4,2.5,24.22,132.71,0.5385,53.8,Medium,No
CUST-00069,47,Female,7,Two Year,Credit Card,Fiber Optic,No,Yes,Yes,2,2.8,67.13,559.85,0.537,53.7,Medium,No
CUST-00070,32,Male,2,One Year,Mailed Check,Fiber Optic,No Internet,No Internet,Yes,1,2.9,95.94,290.4,0.2707,27.1,Low,No
CUST-00071,47,Female,22,Two Year,Bank Transfer,Fiber Optic,No,Yes,No,0,3.4,66.28,1537.7,0.4812,48.1,Medium,No
CUST-00072,63,Male,27,Month-to-Month,Credit Card,Fiber Optic,No,No,No Internet,1,2.6,98.68,2547.9,0.7427,74.3,High,Yes
CUST-00073,41,Male,24,Month-to-Month,Credit Card,DSL,Yes,No Internet,Yes,2,3.4,62.73,1546.88,0.3959,39.6,Low,No
CUST-00074,63,Male,47,Two Year,Mailed Check,Fiber Optic,Yes,Yes,No,3,3.6,66.05,3023.88,0.2836,28.4,Low,No
CUST-00075,18,Female,15,Month-to-Month,Credit Card,Fiber Optic,Yes,No,Yes,5,2.0,86.74,1370.96,0.7508,75.1,High,Yes
CUST-00076,53,Female,3,Two Year,Electronic Check,Fiber Optic,No Internet,Yes,No,0,1.8,94.82,383.3,0.5337,53.4,Medium,No
CUST-00077,43,Female,8,Two Year,Mailed Check,DSL,No Internet,No Internet,Yes,0,4.4,66.58,555.78,0.1294,12.9,Low,No
CUST-00078,37,Male,26,One Year,Electronic Check,No,No,Yes,No,2,3.3,18.0,448.55,0.2643,26.4,Low,No
CUST-00079,43,Male,22,Month-to-Month,Electronic Check,No,No,No,No,3,3.0,22.44,492.13,0.7595,75.9,High,Yes
CUST-00080,18,Male,18,One Year,Bank Transfer,Fiber Optic,Yes,No,No Internet,1,1.6,112.71,2133.67,0.4355,43.6,Medium,No
CUST-00081,38,Female,27,Two Year,Mailed Check,DSL,No,No Internet,No Internet,1,4.0,42.33,1186.51,0.101,10.1,Low,No
CUST-00082,46,Male,24,Month-to-Month,Electronic Check,Fiber Optic,No,Yes,No Internet,6,3.2,92.49,2292.19,0.9066,90.7,High,Yes
CUST-00083,62,Female,51,Month-to-Month,Mailed Check,Fiber Optic,No,No,Yes,8,4.8,97.37,5202.08,0.7179,71.8,High,Yes
CUST-00084,34,Female,21,Month-to-Month,Mailed Check,No,No Internet,Yes,Yes,4,3.4,24.23,538.51,0.4082,40.8,Medium,No
CUST-00085,30,Female,36,Month-to-Month,Credit Card,DSL,No,Yes,No,0,2.9,60.03,2167.15,0.5553,55.5,Medium,No
CUST-00086,34,Female,6,Two Year,Credit Card,Fiber Optic,No,No,No,1,2.5,95.08,647.18,0.5376,53.8,Medium,No
CUST-00087,54,Female,27,Two Year,Mailed Check,Fiber Optic,No,Yes,No,4,4.9,76.82,2193.24,0.3898,39.0,Low,No
CUST-00088,46,Female,55,Two Year,Credit Card,Fiber Optic,No,No,Yes,3,4.3,107.96,6242.82,0.4128,41.3,Medium,No
CUST-00089,34,Male,11,One Year,Mailed Check,Fiber Optic,No,No Internet,No,4,3.4,79.28,977.39,0.3282,32.8,Low,No
CUST-00090,49,Female,36,One Year,Bank Transfer,DSL,No,No Internet,Yes,2,4.2,77.79,2804.7,0.1304,13.0,Low,No
CUST-00091,43,Male,30,Month-to-Month,Credit Card,Fiber Optic,Yes,No,No,1,3.6,82.27,2516.91,0.5865,58.7,Medium,No
CUST-00092,55,Male,1,One Year,Mailed Check,No,No,Yes,Yes,1,1.2,28.42,57.86,0.3127,31.3,Low,No
CUST-00093,32,Male,20,One Year,Bank Transfer,DSL,No Internet,No,No Internet,3,4.2,35.9,744.03,0.2047,20.5,Low,No
CUST-00094,37,Male,3,Two Year,Electronic Check,No,No,No Internet,Yes,2,4.0,30.11,112.46,0.4017,40.2,Medium,No
CUST-00095,36,Male,72,Two Year,Electronic Check,DSL,No Internet,No Internet,No Internet,0,2.0,51.8,3906.26,0.2672,26.7,Low,No
CUST-00096,21,Male,40,Two Year,Bank Transfer,DSL,Yes,No,No Internet,4,3.8,54.24,2166.03,0.0811,8.1,Low,No
CUST-00097,46,Female,2,Two Year,Credit Card,DSL,No Internet,No Internet,No,1,2.3,75.19,236.24,0.1173,11.7,Low,No
CUST-00098,45,Male,3,Two Year,Mailed Check,Fiber Optic,No Internet,No Internet,No Internet,2,2.7,65.83,258.84,0.4782,47.8,Medium,No
CUST-00099,42,Female,21,Month-to-Month,Credit Card,DSL,No,No Internet,Yes,2,3.4,46.59,981.97,0.4709,47.1,Medium,No
CUST-00100,38,Male,10,Two Year,Credit Card,Fiber Optic,No Internet,No,No,2,3.3,65.56,672.12,0.2684,26.8,Low,No
CUST-00101,22,Female,0,One Year,Electronic Check,Fiber Optic,No,No Internet,No Internet,2,3.1,87.03,82.83,0.6166,61.7,Medium,No
CUST-00102,36,Female,18,Month-to-Month,Mailed Check,DSL,Yes,No Internet,Yes,4,1.4,58.93,1044.75,0.5897,59.0,Medium,No
CUST-00103,37,Female,11,Month-to-Month,Bank Transfer,DSL,Yes,Yes,No,2,3.3,56.92,709.16,0.5293,52.9,Medium,No
CUST-00104,30,Female,2,One Year,Mailed Check,No,No,No Internet,No,2,5.0,20.17,59.91,0.2068,20.7,Low,No
CUST-00105,39,Male,38,Month-to-Month,Electronic Check,Fiber Optic,No Internet,Yes,No,3,3.5,75.87,3027.07,0.8301,83.0,High,Yes
CUST-00106,47,Female,59,Month-to-Month,Credit Card,DSL,Yes,No,No Internet,4,3.0,52.63,2940.68,0.4452,44.5,Medium,No
CUST-00107,68,Male,33,One Year,Bank Transfer,No,No,No Internet,No,2,4.0,18.62,575.67,0.1707,17.1,Low,No
CUST-00108,44,Male,41,Two Year,Mailed Check,Fiber Optic,No,No,Yes,1,3.4,94.81,3834.03,0.4026,40.3,Medium,No
CUST-00109,45,Female,5,Two Year,Bank Transfer,Fiber Optic,Yes,No Internet,No Internet,1,2.7,100.17,625.32,0.3238,32.4,Low,No
CUST-00110,40,Male,7,Month-to-Month,Electronic Check,Fiber Optic,Yes,No,Yes,3,4.2,93.56,686.33,0.9206,92.1,High,Yes
CUST-00111,18,Female,5,Month-to-Month,Mailed Check,No,No,Yes,No Internet,2,3.5,19.09,116.63,0.4781,47.8,Medium,No
CUST-00112,41,Female,34,Month-to-Month,Credit Card,Fiber Optic,Yes,Yes,No Internet,3,3.6,90.36,2874.42,0.6115,61.1,Medium,No
CUST-00113,42,Male,70,Month-to-Month,Credit Card,Fiber Optic,Yes,No,No Internet,0,3.0,89.89,5902.11,0.6163,61.6,Medium,No
CUST-00114,76,Male,30,Month-to-Month,Electronic Check,DSL,Yes,No,No,3,3.1,60.13,1881.72,0.5756,57.6,Medium,No
CUST-00115,39,Male,51,Two Year,Mailed Check,No,Yes,Yes,No,5,4.1,21.39,1036.25,0.2113,21.1,Low,No
CUST-00116,46,Female,24,One Year,Bank Transfer,No,No,No,No,2,2.6,18.0,406.49,0.2413,24.1,Low,No
CUST-00117,41,Female,11,Month-to-Month,Mailed Check,Fiber Optic,No,Yes,No,2,5.0,97.88,1095.76,0.7755,77.6,High,Yes
CUST-00118,25,Male,13,Month-to-Month,Electronic Check,No,No,No,Yes,5,2.6,18.0,254.5,0.7323,73.2,High,Yes
CUST-00119,57,Male,1,Month-to-Month,Mailed Check,Fiber Optic,No,Yes,No,3,2.5,99.08,194.16,0.7187,71.9,High,Yes
CUST-00120,52,Female,0,Month-to-Month,Bank Transfer,Fiber Optic,No Internet,No,No,7,4.3,84.06,82.55,0.7507,75.1,High,Yes
CUST-00121,53,Female,28,Month-to-Month,Electronic Check,No,No Internet,Yes,No,0,3.2,20.35,567.47,0.6171,61.7,Medium,No
CUST-00122,29,Male,13,Two Year,Electronic Check,DSL,No Internet,Yes,No,4,3.9,37.57,484.89,0.3516,35.2,Low,No
CUST-00123,61,Male,19,Month-to-Month,Electronic Check,Fiber Optic,No,No Internet,No,3,4.9,72.35,1349.08,0.8578,85.8,High,Yes
CUST-00124,22,Female,19,Month-to-Month,Mailed Check,DSL,No Internet,No,No,5,3.6,62.46,1158.97,0.4991,49.9,Medium,No
CUST-00125,50,Male,7,Month-to-Month,Mailed Check,DSL,No,No,No,3,3.6,50.52,406.62,0.61,61.0,Medium,No
CUST-00126,72,Male,15,One Year,Electronic Check,No,No,No,Yes,2,2.6,24.96,410.17,0.3754,37.5,Low,No
CUST-00127,28,Female,15,Month-to-Month,Electronic Check,No,Yes,No,No,1,2.3,20.46,306.29,0.6379,63.8,Medium,Yes
CUST-00128,34,Female,11,Month-to-Month,Credit Card,DSL,No,No,Yes,0,1.5,46.36,515.08,0.5135,51.4,Medium,No
CUST-00129,43,Male,41,Month-to-Month,Electronic Check,No,Yes,No,No,2,2.4,24.26,955.5,0.6491,64.9,Medium,Yes
CUST-00130,34,Male,14,One Year,Mailed Check,DSL,No,No,Yes,2,2.7,51.4,802.47,0.1768,17.7,Low,No
CUST-00131,20,Male,22,Month-to-Month,Credit Card,DSL,No,Yes,No,4,2.4,33.57,719.64,0.6497,65.0,Medium,Yes
CUST-00132,42,Male,54,Month-to-Month,Bank Transfer,DSL,No,Yes,Yes,5,2.9,66.99,3697.33,0.5923,59.2,Medium,No
CUST-00133,27,Female,48,Month-to-Month,Bank Transfer,Fiber Optic,No Internet,No Internet,Yes,4,2.7,87.54,3935.63,0.6388,63.9,Medium,Yes
CUST-00134,48,Male,53,Month-to-Month,Mailed Check,Fiber Optic,No,No Internet,No,1,4.1,113.46,6120.96,0.6731,67.3,Medium,Yes
CUST-00135,29,Female,7,Month-to-Month,Electronic Check,Fiber Optic,No,Yes,Yes,4,1.8,67.3,504.31,0.9122,91.2,High,Yes
CUST-00136,63,Female,0,Month-to-Month,Bank Transfer,DSL,No,Yes,No,2,4.3,56.07,57.5,0.4623,46.2,Medium,No
CUST-00137,31,Male,7,Month-to-Month,Bank Transfer,Fiber Optic,No,Yes,No Internet,3,4.0,102.02,737.39,0.7939,79.4,High,Yes
CUST-00138,37,Male,7,Month-to-Month,Electronic Check,Fiber Optic,No,No,No,2,2.2,77.09,601.33,0.8728,87.3,High,Yes
CUST-00139,53,Female,57,Month-to-Month,Mailed Check,Fiber Optic,No Internet,Yes,No,8,1.8,78.41,4545.49,0.7351,73.5,High,Yes
CUST-00140,24,Female,25,Month-to-Month,Credit Card,Fiber Optic,No,No,No Internet,5,3.8,113.68,2989.75,0.8825,88.3,High,Yes
CUST-00141,45,Female,2,Month-to-Month,Electronic Check,DSL,No,No Internet,Yes,1,3.8,59.08,183.45,0.678,67.8,Medium,Yes
CUST-00142,60,Male,3,Two Year,Mailed Check,Fiber Optic,No,No Internet,No,4,2.3,93.63,372.23,0.5625,56.3,Medium,No
CUST-00143,19,Female,4,One Year,Mailed Check,Fiber Optic,No Internet,Yes,No,2,1.7,89.8,412.76,0.448,44.8,Medium,No
CUST-00144,44,Female,23,Two Year,Credit Card,DSL,No Internet,No Internet,Yes,2,2.8,54.86,1327.87,0.2253,22.5,Low,No
CUST-00145,45,Female,31,Two Year,Credit Card,No,No,No,Yes,2,1.0,18.0,564.02,0.2098,21.0,Low,No
CUST-00146,52,Male,47,Two Year,Bank Transfer,Fiber Optic,No,Yes,No,4,3.8,87.95,3862.52,0.3929,39.3,Low,No
CUST-00147,24,Female,67,One Year,Mailed Check,Fiber Optic,No,No,No Internet,2,2.5,75.03,4699.25,0.4526,45.3,Medium,No
CUST-00148,23,Female,5,One Year,Electronic Check,No,No Internet,No,No Internet,3,3.4,18.0,110.62,0.2825,28.2,Low,No
CUST-00149,49,Male,8,Month-to-Month,Mailed Check,Fiber Optic,No,No Internet,No,4,5.0,74.83,663.25,0.7262,72.6,High,Yes
CUST-00150,46,Male,6,Month-to-Month,Bank Transfer,No,Yes,Yes,No,0,2.8,37.01,239.3,0.4995,49.9,Medium,No
CUST-00151,45,Male,10,One Year,Bank Transfer,Fiber Optic,No,Yes,No,6,3.9,64.97,727.73,0.4568,45.7,Medium,No
CUST-00152,46,Male,59,Two Year,Credit Card,Fiber Optic,No,No,No,0,2.9,94.89,5624.92,0.4212,42.1,Medium,No
CUST-00153,32,Male,20,Month-to-Month,Mailed Check,Fiber Optic,No,No Internet,Yes,3,2.7,106.82,2075.22,0.8032,80.3,High,Yes
CUST-00154,45,Female,32,One Year,Bank Transfer,Fiber Optic,Yes,No Internet,No,1,4.9,71.93,2296.46,0.2466,24.7,Low,No
CUST-00155,46,Male,16,Month-to-Month,Mailed Check,No,Yes,Yes,No,2,2.6,18.0,318.04,0.3248,32.5,Low,No
CUST-00156,31,Male,0,Month-to-Month,Electronic Check,No,No,Yes,No,2,3.8,18.0,18.23,0.7014,70.1,High,Yes
CUST-00157,68,Female,1,Month-to-Month,Mailed Check,No,No Internet,No Internet,No,3,3.5,32.63,62.52,0.504,50.4,Medium,No
CUST-00158,48,Male,18,Month-to-Month,Mailed Check,No,No Internet,No,No,1,3.7,24.43,418.12,0.3778,37.8,Low,No
CUST-00159,25,Male,30,Month-to-Month,Credit Card,No,No,No Internet,Yes,7,3.9,27.44,794.41,0.5163,51.6,Medium,No
CUST-00160,51,Female,5,One Year,Mailed Check,DSL,No Internet,No Internet,Yes,2,3.8,43.43,241.59,0.1606,16.1,Low,No
CUST-00161,28,Female,30,Two Year,Credit Card,No,Yes,Yes,No Internet,3,2.6,30.26,897.4,0.13,13.0,Low,No
CUST-00162,53,Female,39,Two Year,Mailed Check,Fiber Optic,No,No,Yes,4,2.7,71.35,2946.4,0.3772,37.7,Low,No
CUST-00163,58,Female,12,Month-to-Month,Electronic Check,Fiber Optic,Yes,Yes,Yes,2,3.5,69.87,842.0,0.8893,88.9,High,Yes
CUST-00164,30,Male,32,Two Year,Electronic Check,DSL,No,No Internet,No,3,1.2,63.09,1889.31,0.4319,43.2,Medium,No
CUST-00165,55,Female,12,Month-to-Month,Electronic Check,No,No Internet,No,No,2,3.6,30.69,366.93,0.6567,65.7,Medium,Yes
CUST-00166,47,Male,27,Month-to-Month,Mailed Check,DSL,No Internet,No Internet,No,3,2.6,42.52,1151.19,0.4305,43.1,Medium,No
CUST-00167,53,Female,34,One Year,Electronic Check,No,No,No Internet,No,3,4.3,20.07,639.32,0.3222,32.2,Low,No
CUST-00168,68,Male,72,Month-to-Month,Mailed Check,DSL,No,Yes,No Internet,4,1.0,55.76,4003.23,0.6342,63.4,Medium,Yes
CUST-00169,38,Female,10,Month-to-Month,Credit Card,DSL,No Internet,Yes,Yes,1,3.7,54.48,563.97,0.4039,40.4,Medium,No
CUST-00170,31,Female,12,Month-to-Month,Bank Transfer,No,Yes,No,No,2,3.5,26.39,328.06,0.3292,32.9,Low,No
CUST-00171,29,Female,4,One Year,Bank Transfer,Fiber Optic,No Internet,No Internet,No,4,3.4,74.72,344.99,0.3428,34.3,Low,No
CUST-00172,30,Male,5,Month-to-Month,Electronic Check,No,Yes,No Internet,Yes,1,4.7,30.11,182.8,0.5776,57.8,Medium,No
CUST-00173,40,Male,28,One Year,Mailed Check,DSL,No Internet,No Internet,No,0,3.2,58.53,1624.73,0.1676,16.8,Low,No
CUST-00174,46,Female,59,One Year,Electronic Check,DSL,Yes,No,No,4,3.5,49.82,2741.9,0.265,26.5,Low,No
CUST-00175,45,Female,12,One Year,Credit Card,No,Yes,Yes,No,2,1.9,28.06,348.08,0.1528,15.3,Low,No
CUST-00176,53,Male,4,Two Year,Electronic Check,Fiber Optic,No,Yes,No Internet,1,3.3,71.71,375.59,0.5666,56.7,Medium,No
CUST-00177,42,Female,8,Month-to-Month,Mailed Check,Fiber Optic,Yes,Yes,No,1,2.9,95.99,870.04,0.7423,74.2,High,Yes
CUST-00178,62,Female,14,Month-to-Month,Bank Transfer,DSL,Yes,No,No,4,2.9,58.93,910.82,0.5442,54.4,Medium,No
CUST-00179,38,Male,8,Month-to-Month,Mailed Check,Fiber Optic,No,No Internet,No Internet,1,1.4,73.9,687.58,0.7271,72.7,High,Yes
CUST-00180,80,Female,6,Month-to-Month,Credit Card,DSL,No Internet,Yes,No,3,5.0,62.49,429.7,0.4427,44.3,Medium,No
CUST-00181,50,Female,31,One Year,Electronic Check,Fiber Optic,Yes,No Internet,No,1,2.1,105.63,3324.49,0.4468,44.7,Medium,No
CUST-00182,29,Male,0,Month-to-Month,Mailed Check,No,No Internet,No,No,0,2.9,32.18,33.34,0.4883,48.8,Medium,No
CUST-00183,27,Male,18,Month-to-Month,Credit Card,Fiber Optic,No Internet,Yes,No,3,1.6,70.94,1389.63,0.7577,75.8,High,Yes
CUST-00184,48,Female,37,One Year,Mailed Check,DSL,No,No,No,0,1.6,65.95,2524.78,0.2676,26.8,Low,No
CUST-00185,38,Female,7,One Year,Mailed Check,No,No,No,Yes,2,1.6,37.54,307.32,0.2815,28.2,Low,No
CUST-00186,51,Male,22,One Year,Electronic Check,No,Yes,No Internet,No Internet,4,4.9,31.27,727.27,0.1714,17.1,Low,No
CUST-00187,48,Female,26,Two Year,Bank Transfer,DSL,No,No,No,6,1.4,33.9,866.03,0.3065,30.7,Low,No
CUST-00188,40,Female,25,One Year,Credit Card,DSL,Yes,Yes,No,0,2.6,40.37,963.67,0.2044,20.4,Low,No
CUST-00189,30,Female,14,One Year,Bank Transfer,Fiber Optic,Yes,No Internet,Yes,2,2.8,67.57,1021.23,0.412,41.2,Medium,No
CUST-00190,20,Male,10,Month-to-Month,Credit Card,Fiber Optic,No,No Internet,No,2,2.4,78.84,898.33,0.7211,72.1,High,Yes
CUST-00191,35,Female,43,Two Year,Mailed Check,Fiber Optic,No,No,No Internet,1,2.2,74.6,3435.95,0.3861,38.6,Low,No
CUST-00192,53,Male,34,One Year,Electronic Check,DSL,No,Yes,No Internet,4,2.7,46.44,1474.78,0.4519,45.2,Medium,No
CUST-00193,44,Male,9,Month-to-Month,Electronic Check,Fiber Optic,No,Yes,No,2,1.8,88.76,883.63,0.8995,90.0,High,Yes
CUST-00194,24,Male,2,Month-to-Month,Bank Transfer,DSL,No Internet,Yes,No,4,4.2,50.95,151.72,0.499,49.9,Medium,No
CUST-00195,44,Male,1,One Year,Mailed Check,Fiber Optic,Yes,Yes,No,2,4.9,61.78,118.05,0.3032,30.3,Low,No
CUST-00196,47,Female,2,Two Year,Bank Transfer,DSL,Yes,No Internet,Yes,1,4.6,57.57,169.75,0.0704,7.0,Low,No
CUST-00197,29,Male,20,Month-to-Month,Bank Transfer,DSL,No,Yes,No,9,1.1,32.31,657.05,0.7259,72.6,High,Yes
CUST-00198,44,Female,1,Month-to-Month,Credit Card,No,Yes,No,No,0,1.0,35.56,73.87,0.5717,57.2,Medium,No
CUST-00199,42,Male,9,Two Year,Mailed Check,Fiber Optic,No,No,No Internet,4,1.5,79.55,751.65,0.4915,49.2,Medium,No
CUST-00200,25,Male,33,Two Year,Mailed Check,Fiber Optic,No,No Internet,No,2,3.8,120.0,3781.74,0.3942,39.4,Low,No
CUST-00201,47,Female,8,Month-to-Month,Electronic Check,Fiber Optic,No,Yes,No,6,2.6,54.28,488.99,0.7983,79.8,High,Yes
CUST-00202,49,Female,34,Month-to-Month,Mailed Check,Fiber Optic,No,No,No Internet,1,5.0,102.8,3392.47,0.6691,66.9,Medium,Yes
CUST-00203,57,Male,32,One Year,Credit Card,DSL,No,Yes,No,5,3.2,66.13,1982.29,0.239,23.9,Low,No
CUST-00204,56,Female,6,Month-to-Month,Electronic Check,Fiber Optic,No,Yes,Yes,3,4.4,71.46,510.34,0.8555,85.5,High,Yes
CUST-00205,22,Male,31,Two Year,Credit Card,Fiber Optic,Yes,Yes,No,2,4.4,92.45,2806.59,0.261,26.1,Low,No
CUST-00206,28,Male,33,Month-to-Month,Credit Card,No,Yes,No,No,0,2.1,27.92,995.68,0.3835,38.3,Low,No
CUST-00207,49,Female,12,Month-to-Month,Bank Transfer,DSL,No,Yes,No,3,2.3,68.22,839.68,0.515,51.5,Medium,No
CUST-00208,49,Female,5,Month-to-Month,Electronic Check,Fiber Optic,Yes,No,No,1,4.9,80.31,473.84,0.8879,88.8,High,Yes
CUST-00209,49,Male,17,Month-to-Month,Electronic Check,Fiber Optic,No,Yes,No,0,1.3,79.12,1316.16,0.9272,92.7,High,Yes
CUST-00210,80,Female,61,Month-to-Month,Electronic Check,Fiber Optic,Yes,No Internet,No Internet,2,3.0,89.49,5437.03,0.8274,82.7,High,Yes
CUST-00211,49,Female,24,Month-to-Month,Electronic Check,DSL,Yes,No,No,0,4.0,74.39,1747.71,0.5458,54.6,Medium,No
CUST-00212,57,Male,4,One Year,Mailed Check,DSL,Yes,No Internet,Yes,1,3.7,67.23,336.93,0.1032,10.3,Low,No
CUST-00213,55,Female,27,Month-to-Month,Electronic Check,DSL,No,Yes,No,1,2.8,50.17,1270.27,0.709,70.9,High,Yes
CUST-00214,51,Female,13,Two Year,Bank Transfer,Fiber Optic,Yes,No Internet,No,3,2.7,90.39,1271.61,0.2913,29.1,Low,No
CUST-00215,37,Female,21,Month-to-Month,Mailed Check,DSL,Yes,No,No,1,1.8,46.17,993.04,0.4805,48.0,Medium,No
CUST-00216,52,Male,31,One Year,Electronic Check,Fiber Optic,No,Yes,No,3,2.2,58.99,1806.51,0.6242,62.4,Medium,Yes
CUST-00217,31,Female,17,Month-to-Month,Mailed Check,DSL,No,No,No,2,5.0,47.86,783.68,0.5254,52.5,Medium,No
CUST-00218,38,Male,40,Month-to-Month,Credit Card,No,No Internet,No,No Internet,6,3.4,24.26,904.51,0.4023,40.2,Medium,No
CUST-00219,35,Female,30,One Year,Bank Transfer,Fiber Optic,No Internet,No Internet,No,6,2.5,84.87,2680.5,0.4043,40.4,Medium,No
CUST-00220,43,Female,22,One Year,Mailed Check,Fiber Optic,Yes,No,No,1,3.9,91.19,2120.65,0.2855,28.6,Low,No
CUST-00221,74,Male,3,One Year,Bank Transfer,No,Yes,Yes,No Internet,0,2.7,18.0,69.83,0.1721,17.2,Low,No
CUST-00222,18,Female,43,One Year,Bank Transfer,Fiber Optic,No,Yes,Yes,3,2.0,77.24,3062.22,0.4118,41.2,Medium,No
CUST-00223,51,Female,65,One Year,Credit Card,Fiber Optic,No Internet,No,Yes,1,2.6,72.28,4875.24,0.2526,25.3,Low,No
CUST-00224,19,Female,3,Month-to-Month,Electronic Check,DSL,No Internet,Yes,No Internet,3,1.6,59.36,237.4,0.627,62.7,Medium,Yes
CUST-00225,35,Male,16,Two Year,Credit Card,DSL,Yes,No,Yes,0,5.0,55.3,856.92,0.02,2.0,Low,No
CUST-00226,57,Male,7,One Year,Electronic Check,No,No,No,Yes,2,3.9,34.4,259.1,0.4234,42.3,Medium,No
CUST-00227,42,Female,33,Two Year,Credit Card,Fiber Optic,No,No Internet,No,3,3.9,73.47,2273.59,0.5019,50.2,Medium,No
CUST-00228,26,Male,30,Two Year,Electronic Check,Fiber Optic,No Internet,No,Yes,2,2.6,96.25,3074.68,0.5295,52.9,Medium,No
CUST-00229,31,Female,3,Month-to-Month,Credit Card,Fiber Optic,Yes,No,No,2,3.1,66.27,258.6,0.7519,75.2,High,Yes
CUST-00230,51,Male,50,Month-to-Month,Credit Card,DSL,No,Yes,No,1,2.7,54.05,2635.64,0.4742,47.4,Medium,No
CUST-00231,31,Male,4,One Year,Electronic Check,Fiber Optic,Yes,Yes,No,0,1.6,94.66,470.82,0.5232,52.3,Medium,No
CUST-00232,45,Male,38,One Year,Credit Card,DSL,Yes,No Internet,No,1,4.2,55.58,2193.35,0.1192,11.9,Low,No
CUST-00233,42,Male,14,One Year,Electronic Check,Fiber Optic,No,No Internet,No Internet,2,4.1,65.88,986.18,0.5589,55.9,Medium,No
CUST-00234,32,Female,9,One Year,Electronic Check,Fiber Optic,Yes,No,Yes,1,3.6,103.11,1056.18,0.5262,52.6,Medium,No
CUST-00235,72,Male,4,Month-to-Month,Mailed Check,Fiber Optic,No,No Internet,No,4,3.2,60.49,299.17,0.8152,81.5,High,Yes
CUST-00236,50,Male,4,Month-to-Month,Credit Card,No,No,No,No Internet,1,2.2,31.29,140.88,0.6043,60.4,Medium,No
CUST-00237,18,Male,26,Month-to-Month,Mailed Check,No,No Internet,No Internet,No,4,3.6,26.58,660.55,0.5429,54.3,Medium,No
CUST-00238,44,Female,19,One Year,Mailed Check,No,No,Yes,Yes,2,2.1,32.5,669.55,0.1807,18.1,Low,No
CUST-00239,32,Male,3,One Year,Bank Transfer,Fiber Optic,Yes,No,Yes,1,2.3,69.53,255.64,0.2934,29.3,Low,No
CUST-00240,53,Female,2,Month-to-Month,Credit Card,Fiber Optic,Yes,No,No Internet,3,2.1,90.29,268.96,0.7298,73.0,High,Yes
CUST-00241,30,Female,1,One Year,Bank Transfer,Fiber Optic,No,No,No,2,2.5,91.35,170.08,0.4649,46.5,Medium,No
CUST-00242,40,Female,32,Month-to-Month,Electronic Check,DSL,No,Yes,No Internet,6,2.4,59.15,2037.97,0.8258,82.6,High,Yes
CUST-00243,49,Female,29,Month-to-Month,Electronic Check,Fiber Optic,No,No,No,4,4.0,92.88,2601.95,0.8821,88.2,High,Yes
CUST-00244,54,Female,1,One Year,Electronic Check,Fiber Optic,No,No,No,1,2.1,104.86,200.13,0.5952,59.5,Medium,No
CUST-00245,25,Female,19,Month-to-Month,Bank Transfer,Fiber Optic,No,Yes,Yes,5,3.2,108.61,2207.08,0.7,70.0,High,Yes
CUST-00246,37,Male,2,One Year,Electronic Check,DSL,Yes,No,No Internet,1,3.9,46.56,139.5,0.2415,24.1,Low,No
CUST-00247,35,Male,56,Two Year,Electronic Check,Fiber Optic,No,No,No,0,4.5,97.23,5255.27,0.5377,53.8,Medium,No
CUST-00248,32,Male,57,Two Year,Credit Card,Fiber Optic,No,No Internet,No,1,3.6,71.47,4164.73,0.3175,31.8,Low,No
CUST-00249,66,Female,28,Month-to-Month,Electronic Check,Fiber Optic,No Internet,No,No,3,1.1,110.91,3367.52,0.8822,88.2,High,Yes
CUST-00250,47,Female,62,Month-to-Month,Mailed Check,Fiber Optic,No,Yes,Yes,1,2.9,71.79,4168.84,0.7954,79.5,High,Yes
CUST-00251,24,Female,40,One Year,Mailed Check,DSL,Yes,No,No,1,4.0,52.81,2026.78,0.0342,3.4,Low,No
CUST-00252,54,Male,42,One Year,Electronic Check,DSL,No,Yes,No,2,2.1,55.21,2296.54,0.4418,44.2,Medium,No
CUST-00253,71,Female,20,One Year,Mailed Check,Fiber Optic,No,No,Yes,1,4.7,77.12,1533.71,0.4383,43.8,Medium,No
CUST-00254,56,Male,8,Month-to-Month,Mailed Check,No,Yes,Yes,Yes,2,4.6,18.0,153.5,0.3444,34.4,Low,No
CUST-00255,20,Male,5,Month-to-Month,Credit Card,Fiber Optic,No Internet,Yes,No,3,3.8,80.75,467.23,0.7617,76.2,High,Yes
CUST-00256,35,Male,9,One Year,Electronic Check,DSL,Yes,Yes,No,2,4.3,55.19,562.08,0.2556,25.6,Low,No
CUST-00257,59,Male,23,One Year,Mailed Check,DSL,No,Yes,Yes,3,4.5,60.96,1395.08,0.2096,21.0,Low,No
CUST-00258,32,Female,4,Month-to-Month,Bank Transfer,No,No Internet,No Internet,Yes,2,3.3,36.14,169.59,0.3537,35.4,Low,No
CUST-00259,48,Male,7,Month-to-Month,Bank Transfer,DSL,No,No Internet,No Internet,1,4.2,41.65,327.41,0.4842,48.4,Medium,No
CUST-00260,52,Male,15,One Year,Credit Card,Fiber Optic,No,No,Yes,2,1.9,55.12,909.04,0.4495,45.0,Medium,No
CUST-00261,29,Female,6,Month-to-Month,Credit Card,DSL,Yes,Yes,Yes,2,4.0,64.79,455.76,0.4818,48.2,Medium,No
CUST-00262,41,Female,21,Month-to-Month,Credit Card,Fiber Optic,Yes,No Internet,No,3,3.6,81.75,1710.41,0.6667,66.7,Medium,Yes
CUST-00263,18,Female,61,Month-to-Month,Mailed Check,DSL,No,No Internet,Yes,3,5.0,58.51,3793.85,0.4285,42.9,Medium,No
CUST-00264,27,Male,33,Month-to-Month,Credit Card,Fiber Optic,No,No Internet,No,3,2.8,89.56,3056.07,0.7189,71.9,High,Yes
CUST-00265,38,Female,26,One Year,Mailed Check,DSL,No,No,No Internet,1,4.6,52.65,1308.88,0.1685,16.8,Low,No
CUST-00266,24,Female,20,Month-to-Month,Electronic Check,Fiber Optic,No Internet,Yes,No,1,4.2,68.01,1434.19,0.7949,79.5,High,Yes
CUST-00267,64,Male,16,Month-to-Month,Electronic Check,DSL,No,Yes,No,3,3.1,41.33,727.81,0.7727,77.3,High,Yes
CUST-00268,21,Female,4,Month-to-Month,Electronic Check,DSL,No,No Internet,No Internet,3,1.2,40.34,195.84,0.7356,73.6,High,Yes
CUST-00269,35,Male,54,Month-to-Month,Electronic Check,Fiber Optic,No,No Internet,Yes,2,2.8,68.13,3782.43,0.8264,82.6,High,Yes
CUST-00270,43,Male,6,One Year,Electronic Check,No,No,No,No,6,3.1,39.06,252.26,0.4979,49.8,Medium,No
CUST-00271,62,Female,2,Month-to-Month,Electronic Check,DSL,No,Yes,No,6,4.2,61.4,168.84,0.8006,80.1,High,Yes
CUST-00272,21,Female,33,One Year,Credit Card,Fiber Optic,No,No,No,2,3.5,90.09,3045.3,0.4495,45.0,Medium,No
CUST-00273,58,Male,4,Month-to-Month,Credit Card,Fiber Optic,No Internet,No Internet,No,5,3.2,74.91,359.59,0.6418,64.2,Medium,Yes
CUST-00274,42,Female,11,Month-to-Month,Bank Transfer,DSL,No,No,No,2,4.1,76.24,886.43,0.4751,47.5,Medium,No
CUST-00275,28,Female,0,Month-to-Month,Credit Card,Fiber Optic,No,No,No,4,4.1,81.48,77.09,0.7891,78.9,High,Yes
CUST-00276,48,Female,3,Month-to-Month,Electronic Check,No,No,Yes,Yes,6,4.3,22.1,85.6,0.7529,75.3,High,Yes
CUST-00277,44,Male,4,One Year,Credit Card,Fiber Optic,Yes,Yes,Yes,1,2.3,80.85,369.83,0.3183,31.8,Low,No
CUST-00278,33,Female,1,Month-to-Month,Mailed Check,Fiber Optic,No,No,No,3,4.3,75.03,137.48,0.797,79.7,High,Yes
CUST-00279,42,Male,25,Two Year,Electronic Check,No,No,No Internet,Yes,1,4.6,27.05,679.83,0.3095,30.9,Low,No
CUST-00280,36,Female,43,Month-to-Month,Electronic Check,No,No,Yes,No,1,5.0,20.64,879.07,0.6584,65.8,Medium,Yes
CUST-00281,43,Male,11,Month-to-Month,Electronic Check,Fiber Optic,No,Yes,No,3,3.7,112.37,1389.85,0.8598,86.0,High,Yes
CUST-00282,51,Male,49,Month-to-Month,Electronic Check,DSL,No Internet,No,No,2,4.4,35.7,1694.96,0.5299,53.0,Medium,No
CUST-00283,64,Female,5,One Year,Electronic Check,Fiber Optic,No,No,No,1,3.7,111.86,672.19,0.6205,62.0,Medium,Yes
CUST-00284,24,Male,9,Month-to-Month,Electronic Check,DSL,No Internet,No,No Internet,4,3.9,36.35,343.68,0.6645,66.5,Medium,Yes
CUST-00285,71,Male,3,Month-to-Month,Electronic Check,No,Yes,No,No Internet,0,4.4,26.81,101.47,0.5217,52.2,Medium,No
CUST-00286,18,Male,23,Month-to-Month,Electronic Check,Fiber Optic,No,No,No Internet,0,1.4,111.17,2684.96,0.8875,88.7,High,Yes
CUST-00287,39,Female,13,Month-to-Month,Credit Card,Fiber Optic,Yes,No Internet,No,2,3.5,81.09,1117.44,0.6637,66.4,Medium,Yes
CUST-00288,50,Male,22,Two Year,Electronic Check,Fiber Optic,Yes,Yes,Yes,4,3.6,69.5,1528.07,0.4829,48.3,Medium,No
CUST-00289,45,Female,34,Month-to-Month,Electronic Check,Fiber Optic,Yes,No,No,2,2.5,84.09,2862.2,0.8226,82.3,High,Yes
CUST-00290,33,Male,18,One Year,Bank Transfer,Fiber Optic,No,Yes,No,2,1.5,94.46,1842.6,0.4491,44.9,Medium,No
CUST-00291,39,Male,23,One Year,Credit Card,No,Yes,No Internet,No Internet,5,2.7,18.0,437.13,0.173,17.3,Low,No
CUST-00292,35,Male,65,Month-to-Month,Mailed Check,Fiber Optic,No,No Internet,No,4,3.5,80.62,5534.8,0.826,82.6,High,Yes
CUST-00293,33,Male,8,Month-to-Month,Credit Card,DSL,No,Yes,No,1,3.0,50.0,464.19,0.5695,56.9,Medium,No
CUST-00294,53,Male,10,One Year,Mailed Check,DSL,No,Yes,No,1,3.5,64.36,708.27,0.2503,25.0,Low,No
CUST-00295,46,Male,30,Month-to-Month,Electronic Check,DSL,Yes,Yes,No,0,2.2,56.78,1634.34,0.5928,59.3,Medium,No
CUST-00296,32,Female,22,Month-to-Month,Electronic Check,Fiber Optic,Yes,No,No,1,3.4,91.74,2013.57,0.7767,77.7,High,Yes
CUST-00297,54,Female,4,One Year,Bank Transfer,Fiber Optic,No,Yes,Yes,3,3.6,107.88,530.33,0.4622,46.2,Medium,No
CUST-00298,46,Male,11,One Year,Mailed Check,DSL,No,No,Yes,1,1.8,52.83,573.78,0.1305,13.0,Low,No
CUST-00299,53,Male,15,One Year,Bank Transfer,Fiber Optic,Yes,No,No,5,1.7,107.17,1718.48,0.3682,36.8,Low,No
CUST-00300,50,Female,13,One Year,Electronic Check,DSL,No Internet,No,No Internet,3,4.1,46.77,685.56,0.2944,29.4,Low,No
CUST-00301,30,Male,4,Month-to-Month,Bank Transfer,Fiber Optic,Yes,No Internet,No,3,3.3,110.14,563.99,0.7219,72.2,High,Yes
CUST-00302,34,Male,61,Month-to-Month,Mailed Check,DSL,No,Yes,No,1,2.1,69.11,4298.45,0.504,50.4,Medium,No
CUST-00303,52,Female,34,Month-to-Month,Mailed Check,DSL,Yes,No Internet,No,2,2.7,44.42,1557.32,0.4545,45.4,Medium,No
CUST-00304,50,Female,15,One Year,Mailed Check,DSL,No Internet,Yes,No,5,3.7,44.62,738.59,0.1403,14.0,Low,No
CUST-00305,41,Female,27,Two Year,Bank Transfer,Fiber Optic,No,Yes,Yes,3,2.2,75.36,1997.29,0.5183,51.8,Medium,No
CUST-00306,43,Male,54,Month-to-Month,Electronic Check,Fiber Optic,No Internet,No,No,2,4.9,87.37,4646.76,0.8204,82.0,High,Yes
CUST-00307,59,Male,3,Month-to-Month,Credit Card,No,No,No,No,6,3.8,19.75,78.93,0.5402,54.0,Medium,No
CUST-00308,33,Female,6,Month-to-Month,Bank Transfer,Fiber Optic,Yes,Yes,No,5,4.1,93.54,645.55,0.6532,65.3,Medium,Yes
CUST-00309,49,Male,18,Two Year,Electronic Check,Fiber Optic,No,No,Yes,2,3.4,91.01,1775.21,0.6923,69.2,Medium,Yes
CUST-00310,39,Female,38,One Year,Credit Card,DSL,No,Yes,No,7,3.9,62.93,2343.68,0.2209,22.1,Low,No
CUST-00311,38,Female,0,Month-to-Month,Bank Transfer,No,Yes,No Internet,Yes,4,5.0,26.66,25.66,0.4842,48.4,Medium,No
CUST-00312,57,Male,72,Two Year,Mailed Check,Fiber Optic,Yes,No,No,3,2.7,88.88,6081.98,0.2776,27.8,Low,No
CUST-00313,53,Female,14,Two Year,Electronic Check,DSL,No,No,No,4,2.8,46.27,691.13,0.3798,38.0,Low,No
CUST-00314,53,Female,10,Month-to-Month,Mailed Check,DSL,Yes,No Internet,No,2,5.0,47.29,498.63,0.3806,38.1,Low,No
CUST-00315,60,Female,8,Two Year,Electronic Check,Fiber Optic,No,No,Yes,4,4.6,91.32,807.32,0.626,62.6,Medium,Yes
CUST-00316,42,Male,4,Month-to-Month,Mailed Check,DSL,No,No,No Internet,3,3.0,72.6,330.0,0.5897,59.0,Medium,No
CUST-00317,51,Male,37,Month-to-Month,Mailed Check,No,No,No,No,3,2.3,18.0,687.87,0.4951,49.5,Medium,No
CUST-00318,37,Male,72,Month-to-Month,Bank Transfer,No,Yes,No,No,3,2.7,22.42,1603.75,0.3908,39.1,Low,No
CUST-00319,46,Male,12,Two Year,Electronic Check,Fiber Optic,No,Yes,No,2,5.0,84.95,1116.87,0.5252,52.5,Medium,No
CUST-00320,40,Female,72,One Year,Credit Card,DSL,Yes,Yes,No,2,3.3,52.41,3586.82,0.1249,12.5,Low,No
CUST-00321,43,Male,41,Month-to-Month,Electronic Check,Fiber Optic,Yes,Yes,No,3,4.4,78.35,3383.9,0.8208,82.1,High,Yes
CUST-00322,50,Male,15,Two Year,Mailed Check,Fiber Optic,No,No,No Internet,0,3.5,103.7,1710.0,0.3811,38.1,Low,No
CUST-00323,30,Male,26,Month-to-Month,Bank Transfer,DSL,No Internet,Yes,No Internet,6,3.6,70.7,1843.16,0.4145,41.4,Medium,No
CUST-00324,71,Female,13,One Year,Bank Transfer,Fiber Optic,Yes,Yes,No,2,3.9,88.45,1132.16,0.3297,33.0,Low,No
CUST-00325,27,Male,19,One Year,Electronic Check,Fiber Optic,Yes,Yes,No,2,3.1,74.29,1450.26,0.4898,49.0,Medium,No
CUST-00326,25,Male,1,Month-to-Month,Mailed Check,Fiber Optic,No,No,Yes,5,2.9,67.73,135.06,0.8735,87.3,High,Yes
CUST-00327,58,Male,28,Month-to-Month,Electronic Check,Fiber Optic,No,No,Yes,2,4.9,83.25,2389.91,0.8344,83.4,High,Yes
CUST-00328,53,Female,1,Two Year,Bank Transfer,DSL,No,No,No,1,3.0,68.12,140.96,0.1881,18.8,Low,No
CUST-00329,50,Male,40,Month-to-Month,Electronic Check,Fiber Optic,No Internet,Yes,No Internet,1,3.8,69.71,2965.96,0.7617,76.2,High,Yes
CUST-00330,50,Female,41,One Year,Bank Transfer,DSL,No Internet,No Internet,No,2,4.4,64.97,2710.51,0.156,15.6,Low,No
CUST-00331,41,Female,6,Month-to-Month,Bank Transfer,Fiber Optic,No,No,No,0,3.8,64.93,452.85,0.6774,67.7,Medium,Yes
CUST-00332,29,Male,9,One Year,Electronic Check,DSL,No,No,Yes,3,4.0,67.86,623.95,0.3147,31.5,Low,No
CUST-00333,43,Female,15,Month-to-Month,Electronic Check,No,No Internet,No Internet,No,0,1.4,23.67,363.19,0.6413,64.1,Medium,Yes
CUST-00334,32,Male,21,Month-to-Month,Electronic Check,Fiber Optic,Yes,No Internet,No,2,3.5,101.06,2111.08,0.8447,84.5,High,Yes
CUST-00335,55,Female,8,Month-to-Month,Mailed Check,DSL,No,No,No,3,4.6,58.52,501.33,0.5267,52.7,Medium,No
CUST-00336,39,Female,21,Two Year,Mailed Check,DSL,No,No Internet,Yes,0,5.0,55.0,1221.02,0.1573,15.7,Low,No
CUST-00337,30,Male,8,Month-to-Month,Mailed Check,DSL,No,No,No,1,4.5,54.5,477.35,0.5275,52.7,Medium,No
CUST-00338,37,Male,1,Month-to-Month,Bank Transfer,Fiber Optic,No Internet,Yes,No Internet,3,3.5,66.27,129.28,0.6546,65.5,Medium,Yes
CUST-00339,47,Male,0,Two Year,Electronic Check,DSL,No,Yes,No Internet,2,3.8,60.56,56.75,0.3928,39.3,Low,No
CUST-00340,34,Female,2,One Year,Credit Card,Fiber Optic,No,No,No Internet,4,4.0,74.45,206.61,0.4803,48.0,Medium,No
CUST-00341,30,Male,37,Month-to-Month,Mailed Check,Fiber Optic,No Internet,No,No,2,1.0,70.2,2564.64,0.8038,80.4,High,Yes
CUST-00342,45,Female,72,Two Year,Electronic Check,DSL,No,No,No Internet,2,1.9,63.39,4204.78,0.5026,50.3,Medium,No
CUST-00343,45,Male,13,One Year,Bank Transfer,Fiber Optic,No Internet,No Internet,No Internet,2,3.4,79.86,1032.99,0.3536,35.4,Low,No
CUST-00344,34,Female,17,Month-to-Month,Credit Card,DSL,Yes,No,No Internet,2,3.1,45.16,831.4,0.4964,49.6,Medium,No
CUST-00345,35,Male,3,Month-to-Month,Mailed Check,DSL,Yes,Yes,No Internet,2,2.8,64.33,248.47,0.4405,44.0,Medium,No
CUST-00346,45,Female,19,One Year,Bank Transfer,DSL,Yes,Yes,No Internet,4,3.6,53.99,1129.96,0.1917,19.2,Low,No
CUST-00347,21,Male,3,One Year,Credit Card,Fiber Optic,No,No Internet,Yes,7,3.8,85.99,309.79,0.5824,58.2,Medium,No
CUST-00348,22,Female,22,Month-to-Month,Bank Transfer,No,No,No Internet,Yes,0,1.5,34.37,820.62,0.4926,49.3,Medium,No
CUST-00349,31,Male,64,Month-to-Month,Electronic Check,DSL,Yes,No,No,2,1.7,62.17,4032.43,0.6945,69.5,Medium,Yes
CUST-00350,39,Male,5,Month-to-Month,Credit Card,Fiber Optic,No Internet,No Internet,No,2,2.7,70.43,419.82,0.7358,73.6,High,Yes
CUST-00351,46,Male,34,One Year,Bank Transfer,Fiber Optic,No Internet,No Internet,No,2,3.8,87.61,3146.25,0.341,34.1,Low,No
CUST-00352,62,Female,0,Month-to-Month,Bank Transfer,DSL,No,No Internet,No,5,3.0,56.0,55.67,0.6346,63.5,Medium,Yes
CUST-00353,54,Male,11,Month-to-Month,Bank Transfer,No,No Internet,No,Yes,2,2.6,31.08,337.61,0.4013,40.1,Medium,No
CUST-00354,39,Female,2,One Year,Credit Card,DSL,No Internet,No,Yes,4,4.8,45.9,142.63,0.0565,5.7,Low,No
CUST-00355,41,Male,10,One Year,Mailed Check,DSL,No,Yes,No,2,3.9,44.86,508.75,0.2049,20.5,Low,No
CUST-00356,27,Female,4,Month-to-Month,Electronic Check,Fiber Optic,No,No Internet,Yes,2,3.0,110.79,541.76,0.8128,81.3,High,Yes
CUST-00357,41,Female,11,Month-to-Month,Mailed Check,Fiber Optic,No Internet,No Internet,No,3,5.0,74.32,819.51,0.7392,73.9,High,Yes
CUST-00358,37,Female,12,Month-to-Month,Electronic Check,Fiber Optic,No,No,No Internet,0,3.3,84.26,1120.82,0.8105,81.1,High,Yes
CUST-00359,46,Male,8,Month-to-Month,Electronic Check,DSL,Yes,No,No,2,4.3,68.04,599.79,0.6581,65.8,Medium,Yes
CUST-00360,30,Male,25,Two Year,Bank Transfer,Fiber Optic,No,No,No,2,2.1,103.31,2548.9,0.4641,46.4,Medium,No
CUST-00361,49,Male,60,One Year,Electronic Check,Fiber Optic,No,No,Yes,2,1.7,90.65,5800.58,0.6525,65.2,Medium,Yes
CUST-00362,63,Male,12,Month-to-Month,Bank Transfer,Fiber Optic,No Internet,Yes,No,2,2.3,73.74,886.41,0.6685,66.8,Medium,Yes
CUST-00363,40,Female,5,Month-to-Month,Credit Card,No,No,No,No Internet,0,3.8,21.28,118.06,0.6032,60.3,Medium,No
CUST-00364,47,Female,7,Month-to-Month,Mailed Check,DSL,No Internet,Yes,No,2,3.1,67.91,537.82,0.4576,45.8,Medium,No
CUST-00365,51,Female,46,One Year,Credit Card,Fiber Optic,No,No Internet,Yes,4,3.0,95.08,4200.84,0.5378,53.8,Medium,No
CUST-00366,36,Male,20,Month-to-Month,Electronic Check,No,No,No,No Internet,3,3.5,18.0,363.57,0.7457,74.6,High,Yes
CUST-00367,45,Female,14,Two Year,Credit Card,Fiber Optic,No,No Internet,No Internet,6,3.4,94.71,1329.84,0.4408,44.1,Medium,No
CUST-00368,42,Male,3,One Year,Credit Card,Fiber Optic,Yes,No,Yes,2,4.6,65.88,268.1,0.3319,33.2,Low,No
CUST-00369,43,Female,14,Month-to-Month,Electronic Check,Fiber Optic,No,Yes,Yes,6,2.6,76.44,1079.18,0.9491,94.9,High,Yes
CUST-00370,31,Male,7,Two Year,Electronic Check,Fiber Optic,No Internet,Yes,No,3,1.6,82.64,678.53,0.5633,56.3,Medium,No
CUST-00371,42,Male,68,One Year,Electronic Check,Fiber Optic,No,No Internet,Yes,2,5.0,88.69,6183.19,0.5331,53.3,Medium,No
CUST-00372,48,Male,51,One Year,Credit Card,DSL,No Internet,No,No Internet,1,2.7,65.85,3234.73,0.184,18.4,Low,No
CUST-00373,62,Female,2,Two Year,Credit Card,DSL,Yes,Yes,No Internet,4,4.5,48.83,149.4,0.1046,10.5,Low,No
CUST-00374,55,Female,17,Month-to-Month,Electronic Check,DSL,No,Yes,No,1,3.6,65.08,1110.31,0.6628,66.3,Medium,Yes
CUST-00375,72,Male,6,Month-to-Month,Bank Transfer,DSL,Yes,No,No,1,4.8,52.63,354.04,0.3354,33.5,Low,No
CUST-00376,31,Male,12,Two Year,Electronic Check,DSL,No,Yes,No,1,2.5,59.08,700.25,0.4627,46.3,Medium,No
CUST-00377,54,Male,50,One Year,Mailed Check,Fiber Optic,No,Yes,No,4,4.2,87.29,4386.41,0.3723,37.2,Low,No
CUST-00378,44,Female,17,Two Year,Credit Card,DSL,No,No,No,1,2.9,36.81,677.45,0.3029,30.3,Low,No
CUST-00379,72,Male,9,Month-to-Month,Electronic Check,DSL,Yes,No,No Internet,2,2.5,47.87,475.56,0.6581,65.8,Medium,Yes
CUST-00380,30,Female,5,One Year,Credit Card,No,No,No,No Internet,2,5.0,22.0,129.72,0.0729,7.3,Low,No
CUST-00381,30,Female,38,Month-to-Month,Credit Card,Fiber Optic,No,No Internet,Yes,3,2.4,68.35,2758.12,0.8172,81.7,High,Yes
CUST-00382,33,Female,23,Month-to-Month,Credit Card,Fiber Optic,No,No,No,4,2.3,59.09,1370.22,0.827,82.7,High,Yes
CUST-00383,18,Male,15,Month-to-Month,Electronic Check,DSL,No,No Internet,No,3,2.0,47.21,792.65,0.7452,74.5,High,Yes
CUST-00384,34,Female,5,Month-to-Month,Electronic Check,DSL,No,Yes,No,1,2.7,58.28,338.88,0.722,72.2,High,Yes
CUST-00385,31,Female,9,Month-to-Month,Electronic Check,Fiber Optic,No Internet,Yes,No,4,3.4,88.83,885.18,0.9059,90.6,High,Yes
CUST-00386,44,Male,72,One Year,Bank Transfer,DSL,No Internet,Yes,No,2,3.0,51.72,3424.28,0.1313,13.1,Low,No
CUST-00387,46,Female,17,Month-to-Month,Bank Transfer,Fiber Optic,No,Yes,No,6,3.6,103.46,1871.18,0.7813,78.1,High,Yes
CUST-00388,68,Female,12,Month-to-Month,Electronic Check,No,No,No Internet,No,1,1.5,19.84,244.49,0.6442,64.4,Medium,Yes
CUST-00389,55,Male,17,Month-to-Month,Credit Card,Fiber Optic,No,No Internet,Yes,4,3.2,95.91,1586.82,0.8279,82.8,High,Yes
CUST-00390,33,Male,36,Month-to-Month,Electronic Check,Fiber Optic,Yes,No,No Internet,4,1.6,108.66,3707.72,0.8643,86.4,High,Yes
CUST-00391,29,Male,9,Two Year,Electronic Check,Fiber Optic,No,No,Yes,5,2.7,62.49,610.05,0.6795,68.0,Medium,Yes
CUST-00392,48,Female,4,Month-to-Month,Mailed Check,Fiber Optic,Yes,No,Yes,4,2.9,86.89,429.42,0.7609,76.1,High,Yes
CUST-00393,23,Male,21,Month-to-Month,Electronic Check,Fiber Optic,Yes,No,Yes,1,3.2,77.09,1705.3,0.8333,83.3,High,Yes
CUST-00394,67,Female,26,Two Year,Electronic Check,DSL,No,Yes,Yes,5,3.6,65.42,1707.9,0.3211,32.1,Low,No
CUST-00395,58,Female,29,One Year,Mailed Check,No,No,No,No,1,1.8,30.9,954.54,0.1987,19.9,Low,No
CUST-00396,35,Female,51,One Year,Credit Card,Fiber Optic,Yes,No,No,1,2.7,84.45,3997.4,0.3167,31.7,Low,No
CUST-00397,18,Male,11,One Year,Credit Card,DSL,No Internet,Yes,No,1,5.0,64.4,709.6,0.1247,12.5,Low,No
CUST-00398,60,Female,1,Two Year,Mailed Check,Fiber Optic,No Internet,Yes,Yes,1,3.1,97.1,181.42,0.2375,23.8,Low,No
CUST-00399,40,Male,72,Month-to-Month,Bank Transfer,Fiber Optic,No Internet,Yes,Yes,4,3.0,77.5,5178.09,0.6429,64.3,Medium,Yes
CUST-00400,59,Male,13,Two Year,Mailed Check,Fiber Optic,No,No,No,2,1.1,61.64,874.51,0.55,55.0,Medium,No
CUST-00401,19,Female,23,Two Year,Mailed Check,Fiber Optic,Yes,Yes,No,2,3.4,92.0,2107.39,0.1446,14.5,Low,No
CUST-00402,33,Male,26,One Year,Bank Transfer,DSL,Yes,No,No,2,1.5,56.02,1498.38,0.0503,5.0,Low,No
CUST-00403,42,Female,18,One Year,Bank Transfer,Fiber Optic,Yes,No,Yes,5,1.0,71.68,1381.99,0.4246,42.5,Medium,No
CUST-00404,42,Male,5,One Year,Bank Transfer,No,Yes,Yes,Yes,4,3.7,24.23,142.78,0.1768,17.7,Low,No
CUST-00405,35,Male,33,Month-to-Month,Bank Transfer,DSL,No Internet,No Internet,Yes,3,3.7,66.94,2230.48,0.4213,42.1,Medium,No
CUST-00406,50,Male,39,Month-to-Month,Bank Transfer,DSL,No Internet,No,Yes,2,1.4,52.61,2036.11,0.5255,52.5,Medium,No
CUST-00407,27,Female,19,Two Year,Mailed Check,No,No Internet,Yes,No,3,1.7,20.45,410.77,0.2968,29.7,Low,No
CUST-00408,40,Female,16,Month-to-Month,Credit Card,No,No,No Internet,No,4,2.3,25.89,431.08,0.6471,64.7,Medium,Yes
CUST-00409,43,Female,2,Month-to-Month,Electronic Check,DSL,No,Yes,Yes,1,5.0,65.95,190.04,0.5744,57.4,Medium,No
CUST-00410,49,Male,2,One Year,Credit Card,DSL,No,No Internet,No,2,3.5,47.94,142.77,0.1722,17.2,Low,No
CUST-00411,51,Male,9,Month-to-Month,Mailed Check,Fiber Optic,No Internet,No,No,1,3.8,91.27,953.07,0.6679,66.8,Medium,Yes
CUST-00412,26,Female,8,Month-to-Month,Electronic Check,DSL,No,Yes,No,2,4.6,59.43,546.22,0.6057,60.6,Medium,No
CUST-00413,20,Male,72,One Year,Bank Transfer,DSL,Yes,No,Yes,1,4.9,55.31,3904.65,0.1259,12.6,Low,No
CUST-00414,59,Male,36,One Year,Mailed Check,No,Yes,Yes,No,3,3.4,25.42,932.21,0.1794,17.9,Low,No
CUST-00415,46,Female,25,Month-to-Month,Credit Card,Fiber Optic,No,Yes,No,4,3.7,78.23,1949.98,0.664,66.4,Medium,Yes
CUST-00416,31,Male,17,Two Year,Mailed Check,Fiber Optic,No,Yes,No,5,3.2,120.0,2112.56,0.4733,47.3,Medium,No
CUST-00417,63,Female,4,Month-to-Month,Bank Transfer,Fiber Optic,No Internet,Yes,No,2,1.0,96.55,487.6,0.7692,76.9,High,Yes
CUST-00418,43,Female,72,Month-to-Month,Electronic Check,No,No,No,Yes,3,3.5,31.03,2323.38,0.6199,62.0,Medium,No
CUST-00419,58,Male,11,Month-to-Month,Electronic Check,Fiber Optic,No,No Internet,No,0,2.6,88.37,964.13,0.8595,86.0,High,Yes
CUST-00420,42,Male,2,One Year,Mailed Check,DSL,Yes,No Internet,No,3,1.0,58.63,162.65,0.2364,23.6,Low,No
CUST-00421,70,Male,16,Month-to-Month,Bank Transfer,Fiber Optic,No,Yes,Yes,2,2.3,66.38,1113.85,0.7549,75.5,High,Yes
CUST-00422,66,Female,49,Month-to-Month,Bank Transfer,Fiber Optic,No,No,No,3,2.7,58.4,2936.14,0.822,82.2,High,Yes
CUST-00423,38,Female,52,Two Year,Bank Transfer,Fiber Optic,No,Yes,No Internet,3,4.2,85.28,4515.87,0.3227,32.3,Low,No
CUST-00424,55,Male,0,Month-to-Month,Credit Card,DSL,No,No,No,4,3.0,60.51,56.72,0.5817,58.2,Medium,No
CUST-00425,51,Male,52,One Year,Bank Transfer,Fiber Optic,No Internet,No Internet,No,2,2.4,91.02,4815.22,0.3073,30.7,Low,No
CUST-00426,61,Female,7,One Year,Credit Card,DSL,No,Yes,No,1,1.7,30.69,237.98,0.2286,22.9,Low,No
CUST-00427,28,Female,0,Two Year,Electronic Check,No,No,No Internet,Yes,7,2.9,20.34,19.05,0.4721,47.2,Medium,No
CUST-00428,51,Male,45,One Year,Electronic Check,No,No Internet,No Internet,No,2,3.4,21.55,1023.71,0.2103,21.0,Low,No
CUST-00429,56,Male,47,Month-to-Month,Electronic Check,DSL,No Internet,No,No,1,3.8,60.57,2847.76,0.539,53.9,Medium,No
CUST-00430,18,Male,21,Month-to-Month,Electronic Check,DSL,Yes,No,No Internet,4,4.1,55.03,1246.21,0.5754,57.5,Medium,No
CUST-00431,25,Female,20,Two Year,Mailed Check,Fiber Optic,No Internet,No,No,3,1.6,96.31,1947.06,0.3932,39.3,Low,No
CUST-00432,18,Female,40,Two Year,Mailed Check,No,Yes,No Internet,No,2,3.5,35.1,1431.82,0.1705,17.1,Low,No
CUST-00433,38,Male,37,Month-to-Month,Bank Transfer,Fiber Optic,No,No,No,3,3.0,91.6,3559.27,0.7551,75.5,High,Yes
CUST-00434,52,Female,52,One Year,Bank Transfer,DSL,Yes,Yes,No Internet,2,2.9,52.15,2623.88,0.1008,10.1,Low,No
CUST-00435,63,Male,19,Month-to-Month,Credit Card,Fiber Optic,No,No,No,2,3.4,70.21,1444.41,0.722,72.2,High,Yes
CUST-00436,43,Male,72,Two Year,Credit Card,Fiber Optic,No,Yes,Yes,3,5.0,86.37,6006.95,0.3671,36.7,Low,No
CUST-00437,64,Male,72,Two Year,Electronic Check,Fiber Optic,No,No Internet,No Internet,4,2.9,80.22,5447.93,0.492,49.2,Medium,No
CUST-00438,22,Female,2,Two Year,Electronic Check,DSL,No,No Internet,Yes,0,3.3,55.99,169.82,0.3321,33.2,Low,No
CUST-00439,18,Male,45,Two Year,Electronic Check,DSL,No,No,Yes,2,2.1,54.46,2380.47,0.3289,32.9,Low,No
CUST-00440,41,Female,16,Two Year,Electronic Check,DSL,No,No,No,4,2.0,51.08,905.71,0.384,38.4,Low,No
CUST-00441,47,Male,11,Month-to-Month,Mailed Check,Fiber Optic,No Internet,No Internet,No,6,1.9,68.48,838.75,0.8083,80.8,High,Yes
CUST-00442,41,Male,22,Two Year,Mailed Check,No,No,Yes,No Internet,5,1.4,23.29,500.63,0.2768,27.7,Low,No
CUST-00443,18,Male,1,One Year,Electronic Check,Fiber Optic,No,No,No,2,2.5,97.05,203.41,0.5991,59.9,Medium,No
CUST-00444,40,Female,16,Two Year,Bank Transfer,Fiber Optic,No Internet,No,Yes,3,5.0,71.66,1162.86,0.3109,31.1,Low,No
CUST-00445,23,Male,49,One Year,Bank Transfer,DSL,Yes,No,No,0,2.3,61.21,3010.57,0.1601,16.0,Low,No
CUST-00446,51,Female,5,Month-to-Month,Electronic Check,No,No,Yes,No,0,2.8,27.06,147.91,0.768,76.8,High,Yes
CUST-00447,47,Male,13,One Year,Mailed Check,Fiber Optic,No,No,No Internet,0,1.6,74.95,950.92,0.4515,45.1,Medium,No
CUST-00448,28,Male,67,One Year,Credit Card,DSL,Yes,No,No,4,3.0,58.12,3732.18,0.1231,12.3,Low,No
CUST-00449,34,Male,13,Month-to-Month,Mailed Check,DSL,No,Yes,Yes,1,2.0,42.59,537.74,0.6528,65.3,Medium,Yes
CUST-00450,27,Male,10,Month-to-Month,Mailed Check,No,No Internet,Yes,No,2,2.8,22.03,228.19,0.5401,54.0,Medium,No
CUST-00451,41,Male,13,One Year,Electronic Check,Fiber Optic,Yes,Yes,Yes,2,2.8,93.49,1280.51,0.6468,64.7,Medium,Yes
CUST-00452,55,Male,17,Month-to-Month,Electronic Check,Fiber Optic,No,Yes,Yes,2,3.1,62.12,1122.22,0.9327,93.3,High,Yes
CUST-00453,28,Female,23,Month-to-Month,Electronic Check,Fiber Optic,No,No,No,2,4.4,69.12,1555.53,0.8868,88.7,High,Yes
CUST-00454,49,Female,38,Month-to-Month,Credit Card,Fiber Optic,No,No,No,2,5.0,97.68,3661.34,0.5884,58.8,Medium,No
CUST-00455,34,Male,14,Two Year,Electronic Check,Fiber Optic,No,Yes,No,2,5.0,65.36,938.67,0.6362,63.6,Medium,Yes
CUST-00456,30,Male,40,One Year,Electronic Check,No,No Internet,No,No,6,3.3,18.0,700.46,0.3068,30.7,Low,No
CUST-00457,40,Male,18,Month-to-Month,Electronic Check,Fiber Optic,No,No,No,2,3.4,81.85,1490.28,0.8609,86.1,High,Yes
CUST-00458,27,Male,9,One Year,Bank Transfer,No,No,Yes,Yes,5,3.3,30.06,292.55,0.2691,26.9,Low,No
CUST-00459,34,Male,25,One Year,Electronic Check,Fiber Optic,No,No,Yes,2,4.0,116.39,2813.63,0.5442,54.4,Medium,No
CUST-00460,25,Female,30,Month-to-Month,Electronic Check,No,No,No,Yes,1,2.4,18.69,561.83,0.7695,76.9,High,Yes
CUST-00461,69,Male,19,Month-to-Month,Bank Transfer,DSL,No Internet,Yes,No Internet,1,2.1,45.24,849.67,0.3856,38.6,Low,No
CUST-00462,42,Male,1,One Year,Mailed Check,Fiber Optic,No Internet,Yes,No,2,1.0,84.29,153.33,0.4553,45.5,Medium,No
CUST-00463,32,Male,4,Month-to-Month,Electronic Check,DSL,Yes,No Internet,No,3,4.2,54.44,253.7,0.6545,65.4,Medium,Yes
CUST-00464,44,Male,8,One Year,Electronic Check,Fiber Optic,No,No,Yes,3,3.4,89.22,835.19,0.6233,62.3,Medium,Yes
CUST-00465,40,Female,7,Month-to-Month,Credit Card,Fiber Optic,No,No,Yes,2,2.3,77.64,606.08,0.8568,85.7,High,Yes
CUST-00466,38,Male,26,Month-to-Month,Credit Card,DSL,No,No,No Internet,4,5.0,50.8,1436.6,0.5476,54.8,Medium,No
CUST-00467,50,Male,0,Two Year,Mailed Check,Fiber Optic,No Internet,No Internet,No Internet,3,2.5,75.49,70.49,0.5374,53.7,Medium,No
CUST-00468,52,Female,33,Month-to-Month,Electronic Check,DSL,No,No Internet,Yes,5,4.9,46.36,1487.66,0.6692,66.9,Medium,Yes
CUST-00469,34,Male,7,One Year,Electronic Check,DSL,No,Yes,No Internet,2,2.2,55.78,444.48,0.4024,40.2,Medium,No
CUST-00470,33,Female,8,Month-to-Month,Bank Transfer,Fiber Optic,Yes,No,No,2,3.4,98.96,849.05,0.698,69.8,Medium,Yes
CUST-00471,38,Female,18,Month-to-Month,Mailed Check,No,No,No,Yes,0,3.7,21.0,380.72,0.5531,55.3,Medium,No
CUST-00472,18,Male,5,Month-to-Month,Bank Transfer,No,No,Yes,Yes,3,2.6,22.7,139.82,0.5956,59.6,Medium,No
CUST-00473,20,Female,51,Month-to-Month,Bank Transfer,Fiber Optic,No,No Internet,No,1,1.8,67.04,3152.74,0.6976,69.8,Medium,Yes
CUST-00474,61,Male,2,Month-to-Month,Credit Card,Fiber Optic,No,No,No,2,3.2,72.13,216.37,0.6446,64.5,Medium,Yes
CUST-00475,65,Female,14,Month-to-Month,Credit Card,Fiber Optic,Yes,Yes,No Internet,2,2.3,57.87,895.87,0.6726,67.3,Medium,Yes
CUST-00476,38,Male,45,One Year,Bank Transfer,DSL,No,No Internet,Yes,2,1.5,27.63,1177.1,0.2565,25.7,Low,No
CUST-00477,50,Male,22,One Year,Mailed Check,Fiber Optic,No,Yes,No,2,1.2,89.89,1985.85,0.495,49.5,Medium,No
CUST-00478,46,Female,8,Month-to-Month,Electronic Check,Fiber Optic,No,Yes,Yes,6,3.4,94.87,872.08,0.8507,85.1,High,Yes
CUST-00479,80,Female,13,Two Year,Mailed Check,DSL,No,No,Yes,0,1.0,48.83,670.13,0.2282,22.8,Low,No
CUST-00480,57,Female,29,Month-to-Month,Mailed Check,DSL,No,No,Yes,7,2.9,43.23,1236.8,0.5534,55.3,Medium,No
CUST-00481,40,Female,72,Month-to-Month,Bank Transfer,Fiber Optic,Yes,No,No Internet,3,4.0,107.05,7766.89,0.6048,60.5,Medium,No
CUST-00482,28,Male,53,One Year,Electronic Check,No,No,Yes,No,0,1.5,42.72,2188.55,0.404,40.4,Medium,No
CUST-00483,19,Male,10,Month-to-Month,Bank Transfer,DSL,Yes,No,Yes,3,1.7,65.67,718.0,0.4727,47.3,Medium,No
CUST-00484,44,Male,72,Month-to-Month,Mailed Check,Fiber Optic,No,Yes,No,3,3.5,71.19,4790.24,0.7933,79.3,High,Yes
CUST-00485,31,Male,0,Month-to-Month,Bank Transfer,DSL,Yes,No,No,4,1.0,57.92,54.09,0.4682,46.8,Medium,No
CUST-00486,22,Male,0,Two Year,Electronic Check,Fiber Optic,No,Yes,No,4,3.1,98.74,89.08,0.6187,61.9,Medium,No
CUST-00487,32,Female,41,One Year,Mailed Check,DSL,No,No,No Internet,2,2.7,39.68,1546.02,0.3038,30.4,Low,No
CUST-00488,26,Male,5,Month-to-Month,Electronic Check,Fiber Optic,No Internet,No Internet,No Internet,1,4.8,109.99,606.89,0.6604,66.0,Medium,Yes
CUST-00489,65,Male,1,Month-to-Month,Credit Card,Fiber Optic,No Internet,No Internet,No,0,5.0,59.94,118.65,0.6195,61.9,Medium,No
CUST-00490,54,Male,6,Two Year,Mailed Check,Fiber Optic,No Internet,No,No,1,3.6,85.77,625.4,0.3476,34.8,Low,No
CUST-00491,41,Female,13,One Year,Electronic Check,Fiber Optic,No,No,No,4,2.4,68.03,887.95,0.6663,66.6,Medium,Yes
CUST-00492,62,Female,31,Month-to-Month,Electronic Check,DSL,No,No,Yes,3,3.3,61.55,1810.84,0.7678,76.8,High,Yes
CUST-00493,43,Female,23,Month-to-Month,Bank Transfer,DSL,No,No,No,5,4.2,59.25,1393.98,0.6013,60.1,Medium,No
CUST-00494,29,Male,6,Month-to-Month,Electronic Check,Fiber Optic,No Internet,No Internet,Yes,4,4.0,90.6,588.01,0.7965,79.7,High,Yes
CUST-00495,63,Female,16,Month-to-Month,Credit Card,Fiber Optic,No Internet,No Internet,No Internet,2,1.0,62.98,1050.58,0.778,77.8,High,Yes
CUST-00496,49,Male,62,Two Year,Mailed Check,No,No,No Internet,No,4,1.6,36.53,2245.39,0.225,22.5,Low,No
CUST-00497,27,Female,40,Month-to-Month,Electronic Check,Fiber Optic,No,No Internet,Yes,0,4.0,77.12,2854.93,0.8525,85.3,High,Yes
CUST-00498,39,Female,9,Month-to-Month,Bank Transfer,Fiber Optic,No,Yes,No,5,1.8,98.82,1032.32,0.7932,79.3,High,Yes
CUST-00499,29,Male,72,Two Year,Electronic Check,DSL,No,No,No,4,3.6,47.52,3226.86,0.4568,45.7,Medium,No
CUST-00500,22,Male,29,One Year,Credit Card,No,No,No Internet,No Internet,4,4.1,42.62,1322.36,0.1849,18.5,Low,No
CUST-00501,54,Female,1,One Year,Electronic Check,No,No Internet,No Internet,No,0,3.9,28.81,55.17,0.1968,19.7,Low,No
CUST-00502,68,Male,0,Month-to-Month,Credit Card,DSL,No,No Internet,No,1,3.7,61.29,56.62,0.5805,58.0,Medium,No
CUST-00503,22,Female,4,One Year,Bank Transfer,Fiber Optic,No,No,Yes,4,2.7,95.42,437.03,0.4725,47.2,Medium,No
CUST-00504,49,Male,31,One Year,Credit Card,DSL,No Internet,No,No,4,1.7,60.21,1881.64,0.2381,23.8,Low,No
CUST-00505,32,Male,4,Month-to-Month,Electronic Check,Fiber Optic,Yes,Yes,No,1,5.0,79.48,379.23,0.7708,77.1,High,Yes
CUST-00506,35,Male,17,Two Year,Mailed Check,Fiber Optic,Yes,No,Yes,3,1.1,84.9,1585.7,0.3385,33.8,Low,No
CUST-00507,33,Male,2,Two Year,Bank Transfer,DSL,No,No,No,1,3.3,67.5,188.37,0.2667,26.7,Low,No
CUST-00508,29,Male,60,One Year,Bank Transfer,DSL,Yes,No Internet,No,3,2.6,60.23,3705.43,0.1003,10.0,Low,No
CUST-00509,42,Male,10,Month-to-Month,Electronic Check,Fiber Optic,No,No Internet,No Internet,3,4.7,89.7,915.53,0.8137,81.4,High,Yes
CUST-00510,30,Female,57,Month-to-Month,Mailed Check,Fiber Optic,No,No Internet,No,2,3.2,95.34,5699.79,0.7318,73.2,High,Yes
CUST-00511,45,Male,69,Month-to-Month,Electronic Check,DSL,Yes,Yes,No,1,2.2,47.66,3258.03,0.5714,57.1,Medium,No
CUST-00512,41,Female,0,Month-to-Month,Bank Transfer,No,No,No,No Internet,1,2.7,23.63,24.21,0.5133,51.3,Medium,No
CUST-00513,38,Female,14,One Year,Mailed Check,DSL,No,No,No Internet,1,4.2,40.7,589.52,0.1107,11.1,Low,No
CUST-00514,29,Female,0,Month-to-Month,Electronic Check,Fiber Optic,No,Yes,No,3,4.4,70.3,65.12,0.9137,91.4,High,Yes
CUST-00515,33,Male,57,Two Year,Electronic Check,No,Yes,Yes,No,3,3.9,39.05,2221.64,0.3148,31.5,Low,No
CUST-00516,52,Male,17,Month-to-Month,Mailed Check,DSL,No,No Internet,No Internet,6,3.3,64.19,1087.11,0.5672,56.7,Medium,No
CUST-00517,49,Male,1,Month-to-Month,Electronic Check,DSL,No,Yes,No,1,2.1,58.65,108.82,0.8075,80.8,High,Yes
CUST-00518,28,Female,2,One Year,Credit Card,Fiber Optic,No,Yes,No,2,2.4,76.84,238.72,0.4786,47.9,Medium,No
CUST-00519,43,Female,11,Month-to-Month,Electronic Check,Fiber Optic,Yes,No,Yes,4,3.7,74.72,881.14,0.8674,86.7,High,Yes
CUST-00520,52,Male,67,Two Year,Credit Card,Fiber Optic,No,No Internet,No,1,4.3,92.69,6429.27,0.3659,36.6,Low,No
CUST-00521,18,Male,28,Two Year,Mailed Check,Fiber Optic,No,No Internet,Yes,4,1.6,92.63,2730.31,0.4641,46.4,Medium,No
CUST-00522,49,Female,48,Month-to-Month,Mailed Check,Fiber Optic,No,No Internet,Yes,3,1.3,62.5,2756.74,0.7614,76.1,High,Yes
CUST-00523,32,Male,10,Month-to-Month,Electronic Check,DSL,No Internet,No,No Internet,3,3.0,41.72,474.01,0.6469,64.7,Medium,Yes
CUST-00524,49,Female,1,Month-to-Month,Bank Transfer,Fiber Optic,No Internet,No,No,2,3.4,83.1,168.86,0.6859,68.6,Medium,Yes
CUST-00525,31,Female,72,One Year,Bank Transfer,No,No,No Internet,No,4,3.4,18.0,1235.57,0.2424,24.2,Low,No
CUST-00526,18,Female,0,Month-to-Month,Mailed Check,Fiber Optic,Yes,No,No,2,3.8,68.69,64.18,0.6993,69.9,Medium,Yes
CUST-00527,19,Male,70,One Year,Electronic Check,DSL,No,Yes,Yes,2,2.6,68.29,4405.06,0.3425,34.3,Low,No
CUST-00528,42,Male,11,Month-to-Month,Credit Card,DSL,Yes,No,Yes,4,4.5,63.12,692.21,0.468,46.8,Medium,No
CUST-00529,45,Female,0,One Year,Credit Card,DSL,No,No Internet,No,1,4.9,68.81,63.94,0.1268,12.7,Low,No
CUST-00530,29,Female,28,One Year,Mailed Check,Fiber Optic,No,No Internet,Yes,2,3.8,100.83,2633.19,0.4223,42.2,Medium,No
CUST-00531,50,Male,72,Month-to-Month,Bank Transfer,DSL,No Internet,Yes,No,0,2.6,50.88,3518.78,0.4005,40.1,Medium,No
CUST-00532,18,Male,72,Month-to-Month,Mailed Check,No,No Internet,No,No Internet,5,1.0,32.51,2464.21,0.6973,69.7,Medium,Yes
CUST-00533,41,Female,4,Month-to-Month,Electronic Check,No,No,No Internet,Yes,2,2.5,18.0,88.5,0.6852,68.5,Medium,Yes
CUST-00534,25,Female,4,Month-to-Month,Electronic Check,DSL,No,Yes,Yes,3,3.3,64.39,317.79,0.7589,75.9,High,Yes
CUST-00535,32,Female,20,Month-to-Month,Mailed Check,No,No,No,No Internet,1,3.9,27.7,544.19,0.4724,47.2,Medium,No
CUST-00536,42,Female,24,Month-to-Month,Credit Card,Fiber Optic,Yes,No,No,1,2.8,95.86,2237.78,0.6873,68.7,Medium,Yes
CUST-00537,29,Male,32,Two Year,Electronic Check,No,No Internet,Yes,Yes,3,3.1,29.54,931.05,0.3478,34.8,Low,No
CUST-00538,36,Male,4,Two Year,Bank Transfer,No,No,No,Yes,1,5.0,22.85,107.32,0.2694,26.9,Low,No
CUST-00539,56,Female,72,Two Year,Credit Card,DSL,Yes,No,No,3,2.0,61.53,4620.87,0.1195,12.0,Low,No
CUST-00540,33,Female,24,Month-to-Month,Electronic Check,DSL,No,No,No,0,1.4,40.19,931.02,0.7219,72.2,High,Yes
CUST-00541,53,Male,45,One Year,Electronic Check,DSL,Yes,No Internet,No,3,1.0,51.9,2390.34,0.2205,22.0,Low,No
CUST-00542,26,Male,18,Month-to-Month,Bank Transfer,Fiber Optic,Yes,No,No,7,4.2,83.09,1536.78,0.8073,80.7,High,Yes
CUST-00543,49,Female,12,Month-to-Month,Electronic Check,No,No,No Internet,No Internet,0,1.7,33.37,434.5,0.7009,70.1,High,Yes
CUST-00544,62,Male,72,Month-to-Month,Electronic Check,DSL,No,No,No,4,2.8,52.16,3903.65,0.6249,62.5,Medium,Yes
CUST-00545,18,Male,20,Month-to-Month,Mailed Check,DSL,No,Yes,Yes,0,4.1,65.58,1309.98,0.4943,49.4,Medium,No
CUST-00546,30,Female,48,Month-to-Month,Mailed Check,DSL,No,No,No,2,4.9,71.97,3459.91,0.4097,41.0,Medium,No
CUST-00547,50,Female,72,Month-to-Month,Credit Card,No,Yes,No,No,3,3.2,21.43,1525.02,0.367,36.7,Low,No
CUST-00548,39,Female,27,Two Year,Bank Transfer,DSL,No,Yes,Yes,4,2.1,55.65,1489.62,0.2124,21.2,Low,No
CUST-00549,47,Male,19,Month-to-Month,Mailed Check,Fiber Optic,No,No,Yes,1,3.6,55.47,1133.58,0.8076,80.8,High,Yes
CUST-00550,33,Female,0,Two Year,Mailed Check,DSL,No Internet,No Internet,Yes,2,2.0,69.59,62.74,0.2668,26.7,Low,No
CUST-00551,43,Female,0,Month-to-Month,Credit Card,No,Yes,No,No,5,3.1,26.57,25.15,0.5342,53.4,Medium,No
CUST-00552,39,Female,5,Month-to-Month,Electronic Check,DSL,No,Yes,No,3,1.7,50.65,311.44,0.7638,76.4,High,Yes
CUST-00553,58,Female,4,Month-to-Month,Electronic Check,No,No Internet,Yes,Yes,2,2.3,35.05,180.65,0.6048,60.5,Medium,No
CUST-00554,45,Male,7,One Year,Credit Card,No,No Internet,Yes,No,1,5.0,18.0,144.58,0.1027,10.3,Low,No
CUST-00555,46,Male,8,Month-to-Month,Credit Card,DSL,No Internet,No,No,3,4.4,45.55,389.91,0.449,44.9,Medium,No
CUST-00556,36,Male,10,Month-to-Month,Electronic Check,Fiber Optic,Yes,Yes,No Internet,1,2.5,91.9,1034.5,0.8625,86.3,High,Yes
CUST-00557,35,Male,13,Month-to-Month,Electronic Check,Fiber Optic,No,Yes,No Internet,1,2.7,75.46,964.11,0.9077,90.8,High,Yes
CUST-00558,35,Female,2,Month-to-Month,Mailed Check,DSL,No,Yes,No Internet,3,4.0,60.42,170.35,0.5721,57.2,Medium,No
CUST-00559,47,Female,1,One Year,Electronic Check,Fiber Optic,No Internet,No,No Internet,1,2.7,69.41,126.86,0.5464,54.6,Medium,No
CUST-00560,36,Female,26,Month-to-Month,Bank Transfer,No,Yes,Yes,No,3,4.5,23.06,570.66,0.4334,43.3,Medium,No
CUST-00561,46,Female,18,Month-to-Month,Electronic Check,DSL,Yes,Yes,No,4,1.5,48.24,906.44,0.732,73.2,High,Yes
CUST-00562,71,Male,14,Two Year,Electronic Check,Fiber Optic,No,Yes,No,3,3.1,75.75,1034.91,0.5602,56.0,Medium,No
CUST-00563,54,Male,24,Month-to-Month,Mailed Check,DSL,Yes,Yes,No,1,2.3,52.52,1315.59,0.3941,39.4,Low,No
CUST-00564,37,Male,42,One Year,Credit Card,DSL,No,Yes,Yes,5,3.5,48.72,1995.08,0.2718,27.2,Low,No
CUST-00565,58,Male,13,One Year,Mailed Check,Fiber Optic,No Internet,No,No,1,3.3,66.24,842.37,0.3228,32.3,Low,No
CUST-00566,36,Male,24,Two Year,Mailed Check,Fiber Optic,No,No,Yes,2,3.2,93.22,2197.29,0.4707,47.1,Medium,No
CUST-00567,18,Female,72,Month-to-Month,Credit Card,No,No,Yes,Yes,3,3.7,26.2,1835.89,0.5464,54.6,Medium,No
CUST-00568,27,Female,43,One Year,Mailed Check,Fiber Optic,No Internet,No Internet,Yes,1,3.5,79.75,3351.04,0.2583,25.8,Low,No
CUST-00569,18,Male,13,Month-to-Month,Mailed Check,Fiber Optic,Yes,No,No Internet,1,1.9,69.58,951.25,0.7746,77.5,High,Yes
CUST-00570,37,Male,24,One Year,Mailed Check,Fiber Optic,Yes,Yes,Yes,2,3.1,74.64,1820.13,0.4025,40.3,Medium,No
CUST-00571,42,Female,4,Month-to-Month,Electronic Check,Fiber Optic,No,Yes,No Internet,3,3.1,77.37,369.03,0.8789,87.9,High,Yes
CUST-00572,65,Male,19,Month-to-Month,Mailed Check,DSL,Yes,No Internet,Yes,0,3.1,41.85,866.2,0.4899,49.0,Medium,No
CUST-00573,46,Female,72,Two Year,Mailed Check,Fiber Optic,Yes,No Internet,No,3,5.0,81.48,5549.54,0.2358,23.6,Low,No
CUST-00574,38,Female,17,Month-to-Month,Electronic Check,No,No,Yes,No,1,3.2,30.17,516.47,0.7345,73.5,High,Yes
CUST-00575,53,Female,63,Two Year,Electronic Check,Fiber Optic,No Internet,Yes,No,4,5.0,100.55,6326.12,0.493,49.3,Medium,No
CUST-00576,18,Male,12,Two Year,Electronic Check,DSL,No Internet,No,No Internet,2,1.0,71.14,866.36,0.3114,31.1,Low,No
CUST-00577,45,Female,72,Month-to-Month,Mailed Check,Fiber Optic,No,No,Yes,0,2.6,41.65,2804.92,0.7151,71.5,High,Yes
CUST-00578,52,Male,20,Month-to-Month,Electronic Check,No,Yes,No,Yes,0,2.9,18.0,340.56,0.5796,58.0,Medium,No
CUST-00579,21,Female,1,Month-to-Month,Electronic Check,DSL,Yes,No,No,0,4.9,62.74,130.72,0.555,55.5,Medium,No
CUST-00580,58,Male,21,Two Year,Credit Card,No,No,Yes,No,3,1.0,37.42,837.75,0.3463,34.6,Low,No
CUST-00581,46,Male,7,Month-to-Month,Mailed Check,DSL,Yes,Yes,No Internet,2,4.3,48.59,401.68,0.413,41.3,Medium,No
CUST-00582,36,Female,0,One Year,Electronic Check,DSL,Yes,No,No,1,3.8,64.2,58.17,0.2644,26.4,Low,No
CUST-00583,50,Female,41,One Year,Bank Transfer,No,No,No Internet,No,4,3.8,18.0,688.72,0.2392,23.9,Low,No
CUST-00584,73,Female,7,Two Year,Electronic Check,Fiber Optic,No,Yes,No,3,3.0,71.83,564.75,0.5979,59.8,Medium,No
CUST-00585,44,Female,38,One Year,Bank Transfer,DSL,No,No,No,3,3.4,25.06,883.0,0.1472,14.7,Low,No
CUST-00586,45,Female,8,One Year,Bank Transfer,Fiber Optic,No,No,No,2,3.1,96.22,814.64,0.4074,40.7,Medium,No
CUST-00587,35,Male,5,Month-to-Month,Bank Transfer,DSL,No,Yes,Yes,5,2.5,53.9,338.24,0.5967,59.7,Medium,No
CUST-00588,30,Female,72,Month-to-Month,Bank Transfer,No,No,No Internet,No,3,4.2,38.51,2680.84,0.4594,45.9,Medium,No
CUST-00589,53,Female,10,Month-to-Month,Electronic Check,No,Yes,No,Yes,5,3.3,33.39,384.52,0.7229,72.3,High,Yes
CUST-00590,30,Female,22,Two Year,Bank Transfer,Fiber Optic,No Internet,No,No,3,2.3,97.47,2057.48,0.273,27.3,Low,No
CUST-00591,43,Female,22,One Year,Electronic Check,Fiber Optic,No,No,Yes,3,3.6,82.67,1821.11,0.6894,68.9,Medium,Yes
CUST-00592,35,Male,19,One Year,Electronic Check,Fiber Optic,Yes,Yes,No,1,3.0,70.26,1265.9,0.5616,56.2,Medium,No
CUST-00593,48,Female,59,One Year,Credit Card,Fiber Optic,No,No,No,1,2.7,99.49,5902.11,0.2831,28.3,Low,No
CUST-00594,46,Male,26,Month-to-Month,Mailed Check,Fiber Optic,No,No,Yes,4,1.3,95.91,2463.36,0.8328,83.3,High,Yes
CUST-00595,56,Male,12,Month-to-Month,Credit Card,Fiber Optic,No,Yes,Yes,1,2.6,77.25,979.74,0.7091,70.9,High,Yes
CUST-00596,34,Female,47,Month-to-Month,Electronic Check,No,No,No,Yes,2,2.6,18.0,880.6,0.7187,71.9,High,Yes
CUST-00597,38,Male,4,Month-to-Month,Mailed Check,DSL,No,Yes,Yes,4,3.5,50.73,249.26,0.5261,52.6,Medium,No
CUST-00598,28,Female,18,One Year,Electronic Check,DSL,No,Yes,Yes,3,2.8,54.61,1037.37,0.3571,35.7,Low,No
CUST-00599,35,Male,72,Month-to-Month,Bank Transfer,DSL,No,No,No,3,5.0,54.07,3831.97,0.4429,44.3,Medium,No
CUST-00600,47,Male,23,One Year,Electronic Check,DSL,Yes,Yes,No,4,1.5,52.92,1285.56,0.3573,35.7,Low,No
CUST-00601,52,Female,40,One Year,Electronic Check,No,Yes,No,No,1,1.8,18.0,730.9,0.2793,27.9,Low,No
CUST-00602,29,Female,25,Month-to-Month,Electronic Check,DSL,No,No Internet,No,1,2.6,68.26,1827.78,0.7179,71.8,High,Yes
CUST-00603,54,Female,43,Month-to-Month,Bank Transfer,Fiber Optic,No,Yes,No,1,3.6,94.0,4191.35,0.7875,78.8,High,Yes
CUST-00604,60,Female,69,Month-to-Month,Electronic Check,DSL,Yes,No,Yes,1,2.8,70.85,4636.17,0.6211,62.1,Medium,Yes
CUST-00605,47,Female,7,Month-to-Month,Credit Card,No,No,No,No Internet,7,2.5,18.08,141.56,0.6579,65.8,Medium,Yes
CUST-00606,68,Male,4,One Year,Electronic Check,Fiber Optic,Yes,No,No Internet,3,1.9,92.41,476.49,0.5601,56.0,Medium,No
CUST-00607,31,Male,15,Month-to-Month,Electronic Check,DSL,No,No,Yes,2,3.7,65.37,1076.08,0.7926,79.3,High,Yes
CUST-00608,24,Male,29,Two Year,Mailed Check,Fiber Optic,No,No,No,2,5.0,99.84,2910.05,0.3983,39.8,Low,No
CUST-00609,18,Female,6,One Year,Credit Card,Fiber Optic,Yes,Yes,Yes,3,2.0,77.44,513.39,0.3471,34.7,Low,No
CUST-00610,62,Female,0,Month-to-Month,Electronic Check,No,No,Yes,Yes,4,3.8,21.77,20.28,0.7644,76.4,High,Yes
CUST-00611,51,Male,10,One Year,Electronic Check,Fiber Optic,No Internet,No,No,2,4.9,120.0,1226.48,0.4926,49.3,Medium,No
CUST-00612,41,Female,72,One Year,Bank Transfer,Fiber Optic,Yes,Yes,No Internet,4,3.4,72.73,4892.91,0.3402,34.0,Low,No
CUST-00613,45,Female,28,One Year,Electronic Check,Fiber Optic,No Internet,No Internet,No,1,3.6,64.14,1952.96,0.4755,47.6,Medium,No
CUST-00614,26,Male,12,Month-to-Month,Bank Transfer,No,No,No,No,2,3.1,27.34,355.2,0.6644,66.4,Medium,Yes
CUST-00615,76,Male,5,Month-to-Month,Electronic Check,Fiber Optic,No,Yes,No,2,5.0,92.31,524.61,0.8727,87.3,High,Yes
CUST-00616,43,Female,10,Month-to-Month,Mailed Check,No,Yes,Yes,No,4,4.1,27.01,280.47,0.3523,35.2,Low,No
CUST-00617,43,Female,4,Month-to-Month,Electronic Check,Fiber Optic,No,Yes,No,2,4.5,83.25,393.7,0.7517,75.2,High,Yes
CUST-00618,52,Female,2,One Year,Mailed Check,No,No,No,No Internet,4,3.1,27.58,85.29,0.1714,17.1,Low,No
CUST-00619,48,Male,56,One Year,Bank Transfer,No,No,No Internet,No,3,3.9,18.0,1002.38,0.2108,21.1,Low,No
CUST-00620,45,Female,72,Two Year,Bank Transfer,Fiber Optic,No Internet,Yes,No,5,3.1,88.52,6078.92,0.3789,37.9,Low,No
CUST-00621,30,Male,4,Month-to-Month,Mailed Check,Fiber Optic,No,Yes,No,5,4.0,84.59,431.31,0.8613,86.1,High,Yes
CUST-00622,48,Male,1,Month-to-Month,Credit Card,Fiber Optic,Yes,Yes,No Internet,4,2.8,68.61,138.94,0.7267,72.7,High,Yes
CUST-00623,68,Female,9,One Year,Electronic Check,DSL,Yes,Yes,No,1,4.5,43.9,425.89,0.2325,23.2,Low,No
CUST-00624,60,Male,14,Month-to-Month,Electronic Check,Fiber Optic,Yes,No,Yes,3,3.8,79.05,1189.68,0.8531,85.3,High,Yes
CUST-00625,64,Female,5,Month-to-Month,Bank Transfer,Fiber Optic,No Internet,No,No,1,2.7,82.8,502.13,0.6912,69.1,Medium,Yes
CUST-00626,34,Male,8,Month-to-Month,Bank Transfer,Fiber Optic,Yes,Yes,No,4,4.2,63.04,514.84,0.7185,71.8,High,Yes
CUST-00627,28,Female,5,Month-to-Month,Electronic Check,Fiber Optic,No,No,No Internet,4,2.9,74.5,461.0,0.8594,85.9,High,Yes
CUST-00628,40,Female,35,One Year,Bank Transfer,Fiber Optic,No,Yes,No,3,1.8,101.57,3448.27,0.4773,47.7,Medium,No
CUST-00629,42,Male,29,Month-to-Month,Mailed Check,No,No Internet,Yes,Yes,4,2.9,40.08,1259.11,0.4641,46.4,Medium,No
CUST-00630,57,Female,24,One Year,Bank Transfer,No,No,Yes,No,1,2.9,28.93,749.45,0.28,28.0,Low,No
CUST-00631,18,Male,11,Two Year,Credit Card,Fiber Optic,No Internet,No,No,3,1.9,101.14,1095.82,0.4194,41.9,Medium,No
CUST-00632,63,Female,57,Month-to-Month,Mailed Check,DSL,No,No,No,4,3.7,43.87,2527.0,0.6255,62.6,Medium,Yes
CUST-00633,39,Male,72,Two Year,Electronic Check,DSL,No Internet,Yes,Yes,3,3.7,38.05,2902.0,0.265,26.5,Low,No
CUST-00634,36,Male,4,Month-to-Month,Bank Transfer,DSL,Yes,Yes,Yes,2,3.2,52.11,256.58,0.4327,43.3,Medium,No
CUST-00635,27,Male,6,Two Year,Bank Transfer,DSL,Yes,Yes,Yes,2,4.1,54.2,376.5,0.1138,11.4,Low,No
CUST-00636,18,Male,17,Month-to-Month,Electronic Check,DSL,Yes,Yes,No,4,2.8,67.03,1254.38,0.643,64.3,Medium,Yes
CUST-00637,53,Female,2,One Year,Mailed Check,DSL,No,No,No,2,1.6,60.33,178.44,0.305,30.5,Low,No
CUST-00638,43,Male,13,Month-to-Month,Credit Card,DSL,No,Yes,No Internet,3,2.5,62.08,814.07,0.6013,60.1,Medium,No
CUST-00639,23,Male,20,One Year,Electronic Check,Fiber Optic,Yes,No,Yes,1,2.3,80.84,1645.09,0.5105,51.0,Medium,No
CUST-00640,23,Male,17,One Year,Electronic Check,Fiber Optic,Yes,Yes,Yes,1,2.8,65.12,1116.48,0.5603,56.0,Medium,No
CUST-00641,37,Male,9,Month-to-Month,Electronic Check,Fiber Optic,No,No,No,1,3.3,89.68,829.6,0.9156,91.6,High,Yes
CUST-00642,65,Female,18,Two Year,Mailed Check,DSL,Yes,No,No Internet,1,5.0,59.86,1060.13,0.1456,14.6,Low,No
CUST-00643,38,Female,72,Month-to-Month,Credit Card,Fiber Optic,No,No,No,2,1.5,104.18,6914.32,0.7452,74.5,High,Yes
CUST-00644,20,Male,5,Month-to-Month,Bank Transfer,DSL,Yes,Yes,No,4,4.2,56.03,311.07,0.3893,38.9,Low,No
CUST-00645,38,Female,25,One Year,Electronic Check,Fiber Optic,No,Yes,No,0,2.1,75.39,1840.36,0.6571,65.7,Medium,Yes
CUST-00646,38,Female,1,One Year,Bank Transfer,No,No,Yes,Yes,4,3.7,29.61,60.03,0.2518,25.2,Low,No
CUST-00647,18,Male,1,Month-to-Month,Bank Transfer,Fiber Optic,No,No,No Internet,3,2.5,58.6,111.91,0.8567,85.7,High,Yes
CUST-00648,41,Female,19,Month-to-Month,Bank Transfer,DSL,Yes,Yes,No Internet,2,3.5,58.55,1175.27,0.3596,36.0,Low,No
CUST-00649,38,Female,2,Two Year,Electronic Check,DSL,Yes,Yes,No,4,5.0,43.03,135.47,0.2849,28.5,Low,No
CUST-00650,51,Female,0,One Year,Bank Transfer,Fiber Optic,No Internet,No Internet,Yes,2,1.6,94.99,93.78,0.3194,31.9,Low,No
CUST-00651,67,Female,4,Month-to-Month,Mailed Check,Fiber Optic,No,Yes,Yes,4,3.5,86.74,430.28,0.7957,79.6,High,Yes
CUST-00652,57,Male,19,Month-to-Month,Electronic Check,No,No,No Internet,No Internet,3,3.6,33.29,654.37,0.711,71.1,High,Yes
CUST-00653,38,Female,29,Two Year,Mailed Check,Fiber Optic,No,No Internet,No,2,4.3,88.69,2552.48,0.4216,42.2,Medium,No
CUST-00654,26,Female,5,One Year,Credit Card,No,Yes,No Internet,No,1,3.3,27.74,154.43,0.1885,18.9,Low,No
CUST-00655,78,Male,26,Two Year,Mailed Check,No,No Internet,No Internet,Yes,3,5.0,18.0,508.66,0.1104,11.0,Low,No
CUST-00656,42,Female,4,Month-to-Month,Credit Card,DSL,No,Yes,No,1,4.5,45.61,221.6,0.4985,49.8,Medium,No
CUST-00657,42,Male,22,One Year,Electronic Check,DSL,No,Yes,No Internet,3,3.9,48.29,1155.52,0.3287,32.9,Low,No
CUST-00658,41,Female,12,One Year,Bank Transfer,DSL,No Internet,Yes,No,2,3.6,62.48,762.67,0.0523,5.2,Low,No
CUST-00659,44,Female,25,Month-to-Month,Electronic Check,DSL,Yes,Yes,Yes,3,3.9,59.32,1413.2,0.619,61.9,Medium,No
CUST-00660,39,Male,72,One Year,Electronic Check,No,No,Yes,No,3,3.4,31.63,2298.67,0.2152,21.5,Low,No
CUST-00661,33,Male,66,One Year,Bank Transfer,Fiber Optic,No Internet,No Internet,Yes,3,3.4,60.72,4180.93,0.2538,25.4,Low,No
CUST-00662,34,Female,0,Month-to-Month,Bank Transfer,Fiber Optic,No,Yes,No Internet,4,1.5,102.94,102.87,0.8423,84.2,High,Yes
CUST-00663,41,Male,51,Two Year,Bank Transfer,Fiber Optic,Yes,Yes,No,3,3.8,104.25,5482.93,0.3064,30.6,Low,No
CUST-00664,34,Male,1,Two Year,Bank Transfer,DSL,No,No,No,3,3.8,69.57,137.92,0.2621,26.2,Low,No
CUST-00665,32,Male,72,Two Year,Bank Transfer,Fiber Optic,Yes,Yes,Yes,1,3.6,68.87,5087.62,0.2618,26.2,Low,No
CUST-00666,43,Male,7,Two Year,Credit Card,No,No Internet,Yes,Yes,1,3.6,27.06,206.02,0.201,20.1,Low,No
CUST-00667,38,Male,11,Month-to-Month,Mailed Check,Fiber Optic,Yes,Yes,No,5,4.0,61.89,711.8,0.7338,73.4,High,Yes
CUST-00668,63,Male,2,Month-to-Month,Electronic Check,No,No,No Internet,No Internet,1,3.7,34.83,106.27,0.7188,71.9,High,Yes
CUST-00669,18,Male,2,Two Year,Electronic Check,Fiber Optic,No,No,Yes,3,3.3,68.96,211.06,0.5544,55.4,Medium,No
CUST-00670,57,Female,31,Month-to-Month,Mailed Check,Fiber Optic,Yes,No,No,1,3.6,90.33,2637.31,0.7365,73.7,High,Yes
CUST-00671,59,Female,69,Month-to-Month,Bank Transfer,Fiber Optic,No Internet,Yes,No,2,4.6,90.55,5720.76,0.5458,54.6,Medium,No
CUST-00672,18,Male,22,Month-to-Month,Electronic Check,Fiber Optic,No,No Internet,No Internet,5,4.8,87.88,2021.2,0.8834,88.3,High,Yes
CUST-00673,37,Male,30,Month-to-Month,Electronic Check,DSL,No,Yes,No,3,2.1,67.55,1911.17,0.8469,84.7,High,Yes
CUST-00674,36,Female,34,One Year,Electronic Check,No,Yes,No,Yes,2,2.8,31.2,1010.88,0.172,17.2,Low,No
CUST-00675,22,Male,7,Month-to-Month,Bank Transfer,Fiber Optic,No,No Internet,No,2,4.2,84.62,629.29,0.7274,72.7,High,Yes
CUST-00676,31,Male,1,Month-to-Month,Electronic Check,DSL,No Internet,No,No Internet,0,3.8,75.66,147.75,0.4725,47.2,Medium,No
CUST-00677,26,Male,0,Two Year,Electronic Check,Fiber Optic,No,No,No Internet,3,2.5,98.75,91.85,0.6916,69.2,Medium,Yes
CUST-00678,66,Female,10,One Year,Bank Transfer,Fiber Optic,No,Yes,No,1,3.3,72.18,736.12,0.4057,40.6,Medium,No
CUST-00679,55,Female,6,One Year,Bank Transfer,DSL,Yes,No,No Internet,4,4.1,56.27,355.13,0.1302,13.0,Low,No
CUST-00680,59,Female,1,One Year,Electronic Check,Fiber Optic,No Internet,No Internet,Yes,0,5.0,80.69,163.8,0.395,39.5,Low,No
CUST-00681,52,Female,4,Two Year,Bank Transfer,No,No,Yes,No,0,5.0,32.82,151.03,0.1481,14.8,Low,No
CUST-00682,26,Female,3,One Year,Electronic Check,DSL,No,No Internet,No,2,1.2,67.35,265.44,0.4632,46.3,Medium,No
CUST-00683,34,Male,59,One Year,Credit Card,Fiber Optic,No,No,Yes,2,4.1,95.57,5418.56,0.319,31.9,Low,No
CUST-00684,48,Female,3,Two Year,Electronic Check,DSL,No,No,No Internet,3,2.5,66.08,245.14,0.3971,39.7,Low,No
CUST-00685,24,Male,18,Month-to-Month,Credit Card,Fiber Optic,No Internet,No,No,2,4.5,90.69,1640.45,0.6568,65.7,Medium,Yes
CUST-00686,51,Female,21,Two Year,Credit Card,DSL,No,Yes,No,2,1.7,53.72,1109.3,0.2236,22.4,Low,No
CUST-00687,38,Female,18,Month-to-Month,Bank Transfer,No,No Internet,Yes,Yes,5,2.4,18.0,330.03,0.5252,52.5,Medium,No
CUST-00688,36,Female,2,Month-to-Month,Electronic Check,No,No,Yes,No,4,3.0,24.96,75.14,0.6989,69.9,Medium,Yes
CUST-00689,51,Male,9,Month-to-Month,Mailed Check,Fiber Optic,No,No,No,3,3.9,54.02,490.31,0.7226,72.3,High,Yes
CUST-00690,48,Male,1,Month-to-Month,Electronic Check,Fiber Optic,No Internet,No Internet,No,3,2.8,64.68,119.98,0.8383,83.8,High,Yes
CUST-00691,36,Female,12,One Year,Credit Card,DSL,Yes,Yes,Yes,0,2.4,55.07,652.94,0.0749,7.5,Low,No
CUST-00692,58,Female,5,Two Year,Bank Transfer,No,No,No,No Internet,4,1.3,33.5,210.08,0.2641,26.4,Low,No
CUST-00693,26,Female,19,Two Year,Credit Card,No,No,Yes,Yes,1,2.5,18.0,354.99,0.1938,19.4,Low,No
CUST-00694,50,Male,28,Two Year,Bank Transfer,Fiber Optic,No Internet,No,No Internet,4,3.9,81.55,2419.47,0.3599,36.0,Low,No
CUST-00695,50,Female,18,Month-to-Month,Mailed Check,DSL,Yes,No,Yes,5,4.8,40.84,729.4,0.4942,49.4,Medium,No
CUST-00696,37,Female,13,Two Year,Mailed Check,No,Yes,No,No,0,2.1,21.66,313.64,0.214,21.4,Low,No
CUST-00697,46,Female,11,Month-to-Month,Mailed Check,Fiber Optic,Yes,No Internet,No,0,2.2,100.11,1194.53,0.7048,70.5,High,Yes
CUST-00698,24,Female,44,Two Year,Mailed Check,No,No,No Internet,No,4,2.4,28.47,1231.05,0.1661,16.6,Low,No
CUST-00699,54,Female,5,Month-to-Month,Bank Transfer,Fiber Optic,Yes,No,No Internet,5,3.1,63.41,376.69,0.678,67.8,Medium,Yes
CUST-00700,39,Female,31,Month-to-Month,Credit Card,Fiber Optic,No,No Internet,No Internet,0,3.4,101.96,2998.83,0.7486,74.9,High,Yes
CUST-00701,34,Female,34,Two Year,Bank Transfer,Fiber Optic,No Internet,No,No,1,2.9,76.5,2535.52,0.3466,34.7,Low,No
CUST-00702,56,Female,13,Two Year,Credit Card,DSL,No,No Internet,No,3,1.5,58.28,800.32,0.2012,20.1,Low,No
CUST-00703,32,Male,8,One Year,Credit Card,No,Yes,No,No,4,1.0,21.28,190.77,0.2866,28.7,Low,No
CUST-00704,22,Male,15,One Year,Mailed Check,DSL,No Internet,Yes,No Internet,1,2.7,59.94,894.32,0.2129,21.3,Low,No
CUST-00705,20,Female,2,Month-to-Month,Mailed Check,Fiber Optic,No,No Internet,No Internet,1,3.8,96.72,304.31,0.8245,82.4,High,Yes
CUST-00706,50,Female,1,One Year,Bank Transfer,Fiber Optic,Yes,Yes,No,3,3.2,78.65,161.23,0.3657,36.6,Low,No
CUST-00707,24,Female,2,One Year,Mailed Check,DSL,No,Yes,No,5,5.0,55.09,163.12,0.1543,15.4,Low,No
CUST-00708,66,Male,4,Month-to-Month,Electronic Check,DSL,No,Yes,Yes,1,1.5,66.12,345.81,0.7869,78.7,High,Yes
CUST-00709,18,Male,16,Month-to-Month,Mailed Check,DSL,No,Yes,No,3,3.3,65.93,1094.91,0.5535,55.4,Medium,No
CUST-00710,65,Female,45,Month-to-Month,Credit Card,Fiber Optic,No,Yes,No Internet,5,4.7,68.96,3305.63,0.746,74.6,High,Yes
CUST-00711,44,Female,6,One Year,Electronic Check,DSL,Yes,No,No Internet,1,2.9,51.11,362.34,0.3448,34.5,Low,No
CUST-00712,40,Male,65,Month-to-Month,Bank Transfer,No,No Internet,No Internet,No,1,1.8,32.94,2027.51,0.4062,40.6,Medium,No
CUST-00713,34,Male,72,Month-to-Month,Credit Card,DSL,No,Yes,No,3,1.0,56.75,3980.47,0.597,59.7,Medium,No
CUST-00714,47,Female,72,Month-to-Month,Bank Transfer,DSL,No,No,No,4,2.8,60.39,4141.42,0.5215,52.1,Medium,No
CUST-00715,41,Male,43,One Year,Mailed Check,No,No,Yes,No,4,2.6,23.47,1041.22,0.2009,20.1,Low,No
CUST-00716,57,Female,10,One Year,Bank Transfer,DSL,Yes,Yes,No,2,2.5,56.64,632.38,0.1347,13.5,Low,No
CUST-00717,43,Male,1,One Year,Mailed Check,DSL,Yes,No,No,4,3.5,61.42,123.16,0.1323,13.2,Low,No
CUST-00718,44,Female,20,Month-to-Month,Electronic Check,DSL,Yes,No Internet,Yes,4,5.0,53.23,1097.53,0.5468,54.7,Medium,No
CUST-00719,36,Female,19,Month-to-Month,Credit Card,Fiber Optic,Yes,Yes,Yes,4,1.7,73.04,1402.82,0.8486,84.9,High,Yes
CUST-00720,41,Female,45,Month-to-Month,Mailed Check,DSL,Yes,Yes,No,0,2.1,73.46,3540.15,0.4277,42.8,Medium,No
CUST-00721,46,Male,72,Two Year,Bank Transfer,No,No,Yes,No Internet,1,3.0,18.0,1188.12,0.1983,19.8,Low,No
CUST-00722,18,Female,17,Month-to-Month,Mailed Check,Fiber Optic,No,No Internet,No,5,4.0,84.34,1394.51,0.7489,74.9,High,Yes
CUST-00723,23,Male,10,Month-to-Month,Electronic Check,No,No,Yes,No,3,2.8,18.28,199.03,0.6962,69.6,Medium,Yes
CUST-00724,52,Male,4,One Year,Credit Card,DSL,No,No,No Internet,1,3.8,54.59,276.6,0.1603,16.0,Low,No
CUST-00725,44,Female,0,Month-to-Month,Credit Card,Fiber Optic,No Internet,No Internet,No,2,1.6,86.26,90.02,0.7009,70.1,High,Yes
CUST-00726,39,Female,17,Two Year,Electronic Check,DSL,No Internet,No,Yes,1,3.3,57.58,1009.05,0.2686,26.9,Low,No
CUST-00727,42,Female,19,Month-to-Month,Credit Card,Fiber Optic,Yes,No Internet,No Internet,2,3.2,68.82,1293.65,0.6769,67.7,Medium,Yes
CUST-00728,46,Male,41,One Year,Bank Transfer,No,No,No Internet,No Internet,0,4.9,18.0,778.3,0.2392,23.9,Low,No
CUST-00729,34,Male,16,Month-to-Month,Mailed Check,DSL,Yes,No,No,6,4.4,66.24,1087.89,0.4298,43.0,Medium,No
CUST-00730,31,Male,59,Month-to-Month,Bank Transfer,No,Yes,No,Yes,0,3.3,22.15,1221.83,0.404,40.4,Medium,No
CUST-00731,44,Female,23,Month-to-Month,Electronic Check,DSL,No,Yes,No Internet,1,2.2,60.83,1428.26,0.6227,62.3,Medium,Yes
CUST-00732,28,Female,44,Two Year,Mailed Check,DSL,No,No Internet,No,1,1.0,52.56,2315.12,0.209,20.9,Low,No
CUST-00733,47,Female,3,Two Year,Electronic Check,No,No,Yes,Yes,4,2.2,21.31,79.65,0.561,56.1,Medium,No
CUST-00734,18,Female,46,Month-to-Month,Mailed Check,Fiber Optic,No,No,Yes,3,5.0,77.53,3357.12,0.6517,65.2,Medium,Yes
CUST-00735,56,Male,26,Two Year,Mailed Check,DSL,Yes,Yes,No Internet,2,1.2,69.19,1721.25,0.2228,22.3,Low,No
CUST-00736,48,Male,4,One Year,Credit Card,Fiber Optic,No Internet,Yes,Yes,2,2.2,77.09,394.51,0.3872,38.7,Low,No
CUST-00737,45,Male,5,Two Year,Bank Transfer,No,Yes,Yes,No,4,3.3,29.32,171.55,0.1526,15.3,Low,No
CUST-00738,55,Male,62,Two Year,Electronic Check,DSL,Yes,No,No,1,4.6,40.7,2590.9,0.1309,13.1,Low,No
CUST-00739,65,Male,0,Month-to-Month,Credit Card,No,Yes,Yes,Yes,6,1.8,18.0,18.8,0.5483,54.8,Medium,No
CUST-00740,56,Female,14,One Year,Bank Transfer,No,No Internet,Yes,Yes,2,3.7,18.0,275.08,0.1079,10.8,Low,No
CUST-00741,18,Male,9,Month-to-Month,Bank Transfer,Fiber Optic,No,Yes,No,1,2.3,86.51,798.96,0.7297,73.0,High,Yes
CUST-00742,24,Female,26,Month-to-Month,Electronic Check,Fiber Optic,No,Yes,Yes,1,1.9,101.11,2628.92,0.7784,77.8,High,Yes
CUST-00743,33,Male,43,Month-to-Month,Credit Card,DSL,No,No,No Internet,1,2.5,57.26,2454.97,0.5237,52.4,Medium,No
CUST-00744,42,Female,10,Two Year,Credit Card,DSL,No,No,No,0,3.2,38.05,420.72,0.161,16.1,Low,No
CUST-00745,49,Female,13,Two Year,Bank Transfer,Fiber Optic,No Internet,Yes,Yes,1,1.8,83.97,1228.17,0.3035,30.3,Low,No
CUST-00746,31,Female,72,One Year,Credit Card,Fiber Optic,No,No,No,2,4.4,82.89,5704.6,0.2716,27.2,Low,No
CUST-00747,44,Male,36,Two Year,Electronic Check,DSL,No Internet,No,Yes,2,4.8,65.16,2481.28,0.1884,18.8,Low,No
CUST-00748,31,Female,54,Two Year,Credit Card,Fiber Optic,No Internet,No,Yes,4,2.4,75.02,3758.15,0.3805,38.0,Low,No
CUST-00749,33,Female,13,Month-to-Month,Mailed Check,No,No,No Internet,No,3,4.1,26.12,376.94,0.5493,54.9,Medium,No
CUST-00750,22,Male,6,Month-to-Month,Electronic Check,No,No,Yes,Yes,0,1.5,18.0,126.53,0.7517,75.2,High,Yes
CUST-00751,29,Male,12,Month-to-Month,Bank Transfer,DSL,No Internet,No Internet,No,1,3.0,56.36,662.55,0.404,40.4,Medium,No
CUST-00752,23,Male,30,Month-to-Month,Bank Transfer,Fiber Optic,No,No,No Internet,1,4.1,105.61,3246.45,0.8088,80.9,High,Yes
CUST-00753,28,Female,2,Month-to-Month,Electronic Check,Fiber Optic,No,No,No,3,4.0,88.96,277.48,0.8446,84.5,High,Yes
CUST-00754,56,Female,7,Month-to-Month,Electronic Check,DSL,No,No,No,0,3.4,58.99,455.35,0.7125,71.2,High,Yes
CUST-00755,28,Female,1,Two Year,Electronic Check,No,No,Yes,No Internet,1,4.5,31.29,57.42,0.3757,37.6,Low,No
CUST-00756,78,Male,13,Two Year,Mailed Check,Fiber Optic,Yes,Yes,No Internet,1,2.4,96.45,1415.51,0.329,32.9,Low,No
CUST-00757,48,Male,42,One Year,Electronic Check,Fiber Optic,No,No,No Internet,4,3.3,97.7,4043.59,0.51,51.0,Medium,No
CUST-00758,44,Female,0,Two Year,Electronic Check,Fiber Optic,No,Yes,No,2,3.3,106.07,103.86,0.641,64.1,Medium,Yes
CUST-00759,29,Male,26,Month-to-Month,Mailed Check,DSL,Yes,No,No Internet,5,3.7,48.4,1365.73,0.4796,48.0,Medium,No
CUST-00760,51,Female,64,Two Year,Credit Card,DSL,No,No,No Internet,3,3.9,61.35,3938.78,0.1046,10.5,Low,No
CUST-00761,33,Female,6,Month-to-Month,Bank Transfer,Fiber Optic,No,Yes,No,2,1.8,80.98,567.67,0.818,81.8,High,Yes
CUST-00762,43,Male,28,Month-to-Month,Electronic Check,DSL,Yes,Yes,No,4,4.0,34.05,993.86,0.6211,62.1,Medium,Yes
CUST-00763,77,Female,72,Two Year,Credit Card,DSL,Yes,Yes,Yes,1,1.9,54.51,4031.05,0.1595,15.9,Low,No
CUST-00764,40,Male,72,Month-to-Month,Bank Transfer,DSL,No Internet,Yes,No,1,4.2,45.54,3390.99,0.287,28.7,Low,No
CUST-00765,58,Female,6,Month-to-Month,Mailed Check,DSL,No,Yes,Yes,1,5.0,60.59,386.47,0.5236,52.4,Medium,No
CUST-00766,32,Male,2,Month-to-Month,Mailed Check,No,Yes,Yes,No,5,2.6,39.07,121.92,0.4944,49.4,Medium,No
CUST-00767,41,Female,3,One Year,Mailed Check,DSL,No Internet,Yes,Yes,2,2.2,64.56,253.54,0.1253,12.5,Low,No
CUST-00768,66,Male,29,Two Year,Electronic Check,DSL,No,Yes,No,1,5.0,67.51,1984.95,0.3293,32.9,Low,No
CUST-00769,33,Male,31,Month-to-Month,Mailed Check,No,No,Yes,No,3,3.1,30.45,999.08,0.5953,59.5,Medium,No
CUST-00770,67,Female,26,Two Year,Mailed Check,No,No,No Internet,No,3,1.7,20.99,536.13,0.257,25.7,Low,No
CUST-00771,51,Male,9,Month-to-Month,Mailed Check,Fiber Optic,Yes,No Internet,No,1,2.2,89.98,898.35,0.7384,73.8,High,Yes
CUST-00772,34,Female,4,Month-to-Month,Bank Transfer,Fiber Optic,No Internet,Yes,No Internet,2,2.2,63.73,301.94,0.6944,69.4,Medium,Yes
CUST-00773,50,Male,20,Month-to-Month,Mailed Check,No,No,Yes,No,6,4.5,24.71,526.24,0.5377,53.8,Medium,No
CUST-00774,55,Female,15,One Year,Bank Transfer,Fiber Optic,No,No,No,3,2.1,85.0,1312.32,0.5356,53.6,Medium,No
CUST-00775,50,Male,31,Month-to-Month,Bank Transfer,No,No Internet,Yes,Yes,0,1.0,36.61,1087.16,0.3535,35.4,Low,No
CUST-00776,20,Female,13,One Year,Credit Card,Fiber Optic,Yes,No,No Internet,1,3.1,93.31,1353.8,0.2157,21.6,Low,No
CUST-00777,31,Male,9,Month-to-Month,Mailed Check,No,Yes,No,No,1,3.5,34.79,352.42,0.4138,41.4,Medium,No
CUST-00778,38,Male,8,Month-to-Month,Credit Card,DSL,Yes,Yes,No Internet,4,3.8,54.25,440.46,0.4365,43.7,Medium,No
CUST-00779,40,Male,5,One Year,Credit Card,DSL,Yes,No Internet,Yes,2,1.0,41.5,226.51,0.2563,25.6,Low,No
CUST-00780,50,Female,7,Month-to-Month,Bank Transfer,Fiber Optic,No,No Internet,No,1,3.0,63.92,489.3,0.7436,74.4,High,Yes
CUST-00781,44,Male,2,Month-to-Month,Bank Transfer,No,No,No Internet,Yes,3,2.7,24.41,74.48,0.6003,60.0,Medium,No
CUST-00782,23,Female,10,Month-to-Month,Electronic Check,Fiber Optic,Yes,Yes,Yes,3,3.7,117.26,1214.27,0.8687,86.9,High,Yes
CUST-00783,47,Female,0,One Year,Credit Card,Fiber Optic,Yes,No Internet,No,3,1.0,75.66,79.34,0.4671,46.7,Medium,No
CUST-00784,50,Male,4,One Year,Electronic Check,Fiber Optic,Yes,No,No Internet,1,3.4,91.86,476.69,0.4425,44.2,Medium,No
CUST-00785,49,Female,32,Month-to-Month,Mailed Check,No,No Internet,No,No,1,3.4,28.07,953.82,0.4318,43.2,Medium,No
CUST-00786,57,Male,9,Month-to-Month,Electronic Check,DSL,No,No Internet,No,4,4.4,48.22,434.64,0.6302,63.0,Medium,Yes
CUST-00787,53,Male,26,Month-to-Month,Mailed Check,DSL,No,No Internet,No,1,3.6,57.48,1621.18,0.5551,55.5,Medium,No
CUST-00788,48,Female,30,Month-to-Month,Bank Transfer,DSL,No,No,Yes,3,4.0,57.59,1765.14,0.506,50.6,Medium,No
CUST-00789,41,Female,20,Two Year,Credit Card,No,No,Yes,No,3,1.8,39.46,819.29,0.2789,27.9,Low,No
CUST-00790,18,Female,72,One Year,Mailed Check,DSL,Yes,No,No,4,3.1,39.69,2650.51,0.1283,12.8,Low,No
CUST-00791,48,Male,0,One Year,Credit Card,DSL,No Internet,No,No,3,4.6,50.85,50.41,0.1279,12.8,Low,No
CUST-00792,44,Male,32,Month-to-Month,Bank Transfer,DSL,No,No Internet,No,1,2.7,56.39,1822.36,0.5517,55.2,Medium,No
CUST-00793,45,Male,72,One Year,Electronic Check,DSL,No,No,Yes,3,4.1,55.3,3961.06,0.3223,32.2,Low,No
CUST-00794,24,Female,47,Two Year,Electronic Check,Fiber Optic,No,Yes,No,2,2.1,92.32,4115.47,0.5833,58.3,Medium,No
CUST-00795,26,Female,4,One Year,Bank Transfer,Fiber Optic,No,No,No Internet,2,2.9,92.92,455.99,0.3725,37.2,Low,No
CUST-00796,56,Female,9,One Year,Electronic Check,Fiber Optic,Yes,Yes,No Internet,7,1.4,109.31,995.65,0.6168,61.7,Medium,No
CUST-00797,41,Male,4,One Year,Mailed Check,Fiber Optic,Yes,No Internet,No,0,3.1,93.46,422.07,0.3265,32.7,Low,No
CUST-00798,51,Male,22,One Year,Electronic Check,DSL,No,Yes,No,5,2.3,51.31,1099.85,0.4901,49.0,Medium,No
CUST-00799,42,Male,29,Month-to-Month,Mailed Check,DSL,Yes,No,Yes,2,4.5,56.14,1718.31,0.382,38.2,Low,No
CUST-00800,42,Male,9,One Year,Bank Transfer,No,Yes,No Internet,No,3,5.0,39.31,389.38,0.0904,9.0,Low,No
CUST-00801,55,Male,18,Month-to-Month,Mailed Check,Fiber Optic,No,No,No Internet,6,1.3,88.86,1745.99,0.776,77.6,High,Yes
CUST-00802,34,Female,28,One Year,Electronic Check,DSL,No Internet,No Internet,No,3,1.8,58.36,1621.95,0.3238,32.4,Low,No
CUST-00803,43,Female,13,Two Year,Electronic Check,DSL,No Internet,No Internet,No Internet,3,4.2,59.19,789.28,0.2467,24.7,Low,No
CUST-00804,35,Female,46,Two Year,Mailed Check,Fiber Optic,Yes,Yes,No,2,2.4,87.83,4148.68,0.297,29.7,Low,No
CUST-00805,35,Male,35,Month-to-Month,Electronic Check,DSL,Yes,No,No,4,3.1,55.62,1924.35,0.7216,72.2,High,Yes
CUST-00806,37,Male,1,Month-to-Month,Bank Transfer,No,No,No,Yes,1,4.9,28.09,53.77,0.509,50.9,Medium,No
CUST-00807,45,Female,23,Month-to-Month,Bank Transfer,Fiber Optic,No Internet,No,No,3,4.9,68.55,1595.69,0.6686,66.9,Medium,Yes
CUST-00808,35,Male,6,One Year,Electronic Check,DSL,No Internet,No,No Internet,4,1.8,76.16,488.98,0.3184,31.8,Low,No
CUST-00809,59,Female,19,Two Year,Mailed Check,Fiber Optic,No Internet,No,No,0,5.0,67.8,1261.65,0.2504,25.0,Low,No
CUST-00810,29,Male,72,One Year,Mailed Check,Fiber Optic,No,Yes,Yes,3,3.9,102.0,7375.25,0.3737,37.4,Low,No
CUST-00811,39,Male,50,Month-to-Month,Electronic Check,DSL,Yes,No,No Internet,3,4.3,55.78,2819.94,0.5554,55.5,Medium,No
CUST-00812,35,Female,12,Two Year,Mailed Check,No,Yes,Yes,No,4,2.5,18.0,231.32,0.2209,22.1,Low,No
CUST-00813,62,Male,8,Two Year,Mailed Check,DSL,Yes,Yes,No,2,2.3,53.3,446.11,0.1401,14.0,Low,No
CUST-00814,44,Female,6,Month-to-Month,Mailed Check,DSL,No,No,Yes,0,1.3,23.87,161.3,0.6364,63.6,Medium,Yes
CUST-00815,56,Female,18,One Year,Credit Card,No,Yes,No,Yes,1,1.8,18.0,355.05,0.2007,20.1,Low,No
CUST-00816,21,Male,2,One Year,Electronic Check,Fiber Optic,No,Yes,Yes,1,3.9,101.91,314.64,0.6087,60.9,Medium,No
CUST-00817,45,Male,19,One Year,Bank Transfer,DSL,No,No,No,2,3.7,53.22,1046.97,0.2009,20.1,Low,No
CUST-00818,54,Female,0,Two Year,Mailed Check,DSL,Yes,Yes,No,2,4.1,70.24,72.71,0.1371,13.7,Low,No
CUST-00819,43,Female,9,Month-to-Month,Electronic Check,No,No Internet,No Internet,No,2,3.5,25.07,251.01,0.6766,67.7,Medium,Yes
CUST-00820,56,Male,5,One Year,Bank Transfer,No,No,No,No,2,3.2,26.95,155.53,0.1968,19.7,Low,No
CUST-00821,34,Female,72,One Year,Mailed Check,No,No Internet,Yes,No,1,2.4,38.78,2877.55,0.02,2.0,Low,No
CUST-00822,61,Male,31,Two Year,Mailed Check,Fiber Optic,No Internet,No,No Internet,2,2.9,83.66,2530.69,0.3089,30.9,Low,No
CUST-00823,74,Male,10,Two Year,Bank Transfer,DSL,Yes,No,No Internet,6,4.2,52.55,594.35,0.1487,14.9,Low,No
CUST-00824,36,Male,2,Two Year,Credit Card,DSL,No,No,Yes,5,4.1,69.2,197.1,0.1954,19.5,Low,No
CUST-00825,35,Male,17,Month-to-Month,Credit Card,DSL,Yes,Yes,Yes,4,3.5,71.59,1313.34,0.5135,51.3,Medium,No
CUST-00826,62,Male,5,Two Year,Bank Transfer,DSL,No,Yes,No,0,2.2,60.42,341.56,0.1438,14.4,Low,No
CUST-00827,64,Female,18,Month-to-Month,Credit Card,Fiber Optic,No,Yes,Yes,2,2.7,91.45,1802.77,0.761,76.1,High,Yes
CUST-00828,34,Male,43,Month-to-Month,Electronic Check,Fiber Optic,No Internet,Yes,No Internet,3,1.7,113.97,4652.26,0.8392,83.9,High,Yes
CUST-00829,36,Male,22,Month-to-Month,Mailed Check,Fiber Optic,Yes,No,Yes,2,2.8,71.35,1653.93,0.6617,66.2,Medium,Yes
CUST-00830,38,Male,24,Two Year,Electronic Check,No,No,No Internet,No,1,1.4,18.0,432.59,0.4407,44.1,Medium,No
CUST-00831,23,Female,18,Two Year,Electronic Check,No,No Internet,No Internet,Yes,1,2.8,20.19,346.31,0.3531,35.3,Low,No
CUST-00832,29,Female,62,Month-to-Month,Mailed Check,Fiber Optic,No,Yes,No,2,2.5,103.03,6164.9,0.7583,75.8,High,Yes
CUST-00833,27,Male,64,Month-to-Month,Bank Transfer,No,Yes,No Internet,Yes,4,3.2,18.0,1088.56,0.4521,45.2,Medium,No
CUST-00834,31,Male,17,Two Year,Mailed Check,Fiber Optic,No,No,No,2,2.3,73.44,1299.82,0.4836,48.4,Medium,No
CUST-00835,41,Male,8,One Year,Bank Transfer,Fiber Optic,Yes,Yes,No Internet,2,4.0,92.9,785.08,0.3242,32.4,Low,No
CUST-00836,45,Male,14,Two Year,Mailed Check,Fiber Optic,Yes,No,No,4,1.4,77.55,1059.6,0.5019,50.2,Medium,No
CUST-00837,63,Male,4,Month-to-Month,Mailed Check,No,No,Yes,Yes,2,1.4,25.14,131.1,0.5918,59.2,Medium,No
CUST-00838,28,Male,24,Month-to-Month,Electronic Check,DSL,Yes,Yes,No,5,2.9,59.19,1519.36,0.6957,69.6,Medium,Yes
CUST-00839,55,Male,16,Month-to-Month,Mailed Check,Fiber Optic,No,Yes,No,1,3.5,75.87,1169.58,0.7306,73.1,High,Yes
CUST-00840,39,Female,2,Month-to-Month,Mailed Check,DSL,No,No,Yes,3,2.7,49.95,140.97,0.6534,65.3,Medium,Yes
CUST-00841,41,Male,5,Month-to-Month,Bank Transfer,Fiber Optic,No,Yes,No Internet,1,2.8,88.62,528.83,0.7281,72.8,High,Yes
CUST-00842,51,Female,15,Month-to-Month,Electronic Check,Fiber Optic,Yes,No,Yes,3,3.3,82.09,1245.41,0.787,78.7,High,Yes
CUST-00843,26,Female,52,Month-to-Month,Electronic Check,Fiber Optic,Yes,No,Yes,0,3.7,75.7,3780.48,0.7755,77.6,High,Yes
CUST-00844,47,Female,20,Month-to-Month,Bank Transfer,Fiber Optic,Yes,No,No,1,2.7,88.7,1842.92,0.7593,75.9,High,Yes
CUST-00845,44,Male,27,Two Year,Mailed Check,No,Yes,Yes,Yes,2,3.4,28.37,738.08,0.2215,22.2,Low,No
CUST-00846,48,Male,9,Month-to-Month,Mailed Check,DSL,No,No Internet,No,2,4.3,45.27,451.47,0.4343,43.4,Medium,No
CUST-00847,46,Male,20,Month-to-Month,Electronic Check,Fiber Optic,No,No,Yes,1,1.7,86.61,1661.29,0.9359,93.6,High,Yes
CUST-00848,76,Female,14,Two Year,Mailed Check,Fiber Optic,No Internet,No,No Internet,3,4.6,83.24,1184.6,0.3119,31.2,Low,No
CUST-00849,33,Male,25,One Year,Bank Transfer,Fiber Optic,No,No,No,1,4.5,79.39,1893.51,0.3375,33.8,Low,No
CUST-00850,34,Female,1,One Year,Credit Card,Fiber Optic,Yes,Yes,No,3,2.3,94.78,179.04,0.4517,45.2,Medium,No
CUST-00851,33,Female,16,One Year,Bank Transfer,DSL,Yes,Yes,Yes,1,3.8,46.81,797.7,0.1741,17.4,Low,No
CUST-00852,34,Male,8,Two Year,Electronic Check,Fiber Optic,No Internet,No,Yes,4,1.5,40.88,373.29,0.6339,63.4,Medium,Yes
CUST-00853,33,Female,9,Two Year,Bank Transfer,DSL,No,No,No,3,3.5,45.66,420.87,0.2407,24.1,Low,No
CUST-00854,58,Male,72,One Year,Electronic Check,Fiber Optic,No Internet,Yes,Yes,1,4.7,95.64,7065.03,0.3797,38.0,Low,No
CUST-00855,61,Male,4,Two Year,Electronic Check,Fiber Optic,Yes,Yes,No,2,2.0,77.82,355.11,0.5673,56.7,Medium,No
CUST-00856,34,Male,8,Month-to-Month,Electronic Check,No,Yes,Yes,No,3,2.4,39.78,333.85,0.6902,69.0,Medium,Yes
CUST-00857,30,Male,17,Month-to-Month,Bank Transfer,Fiber Optic,Yes,No Internet,Yes,3,3.6,110.56,1940.43,0.6359,63.6,Medium,Yes
CUST-00858,48,Female,47,Two Year,Bank Transfer,Fiber Optic,No Internet,Yes,No Internet,6,2.8,91.5,4592.67,0.405,40.5,Medium,No
CUST-00859,34,Male,12,Month-to-Month,Bank Transfer,Fiber Optic,Yes,Yes,No Internet,4,3.4,100.28,1363.65,0.7784,77.8,High,Yes
CUST-00860,50,Male,32,Two Year,Bank Transfer,Fiber Optic,No,No Internet,No,4,5.0,83.99,2693.38,0.4556,45.6,Medium,No
CUST-00861,44,Female,46,Month-to-Month,Electronic Check,Fiber Optic,No,No,No Internet,2,2.7,52.66,2526.37,0.8264,82.6,High,Yes
CUST-00862,20,Female,8,Month-to-Month,Mailed Check,Fiber Optic,No,No,No Internet,2,1.5,81.63,722.18,0.7929,79.3,High,Yes
CUST-00863,63,Male,11,Two Year,Bank Transfer,No,Yes,No,Yes,0,2.5,27.86,338.58,0.1907,19.1,Low,No
CUST-00864,67,Female,10,Month-to-Month,Bank Transfer,DSL,No,No,Yes,0,3.4,68.87,756.03,0.5101,51.0,Medium,No
CUST-00865,33,Female,42,Two Year,Credit Card,DSL,Yes,No,No,3,1.8,52.52,2268.69,0.1417,14.2,Low,No
CUST-00866,36,Male,1,Two Year,Electronic Check,DSL,No Internet,Yes,No,1,2.4,74.21,143.37,0.3555,35.6,Low,No
CUST-00867,46,Male,8,Two Year,Bank Transfer,DSL,Yes,No Internet,No,3,4.5,52.79,486.97,0.1347,13.5,Low,No
CUST-00868,46,Male,27,One Year,Mailed Check,Fiber Optic,Yes,Yes,No,3,5.0,78.39,2122.15,0.2169,21.7,Low,No
CUST-00869,51,Female,20,One Year,Bank Transfer,Fiber Optic,No,Yes,No,4,2.8,94.68,1999.94,0.5007,50.1,Medium,No
CUST-00870,70,Female,13,Two Year,Mailed Check,Fiber Optic,No Internet,Yes,No,3,2.8,116.21,1676.62,0.4113,41.1,Medium,No
CUST-00871,39,Female,18,One Year,Credit Card,DSL,Yes,No,Yes,5,1.9,50.39,955.82,0.1843,18.4,Low,No
CUST-00872,30,Male,5,One Year,Electronic Check,Fiber Optic,No,No,No,1,3.5,86.48,506.67,0.6296,63.0,Medium,Yes
CUST-00873,22,Male,13,Two Year,Bank Transfer,Fiber Optic,Yes,No,No Internet,4,5.0,79.84,1094.56,0.224,22.4,Low,No
CUST-00874,31,Male,16,One Year,Bank Transfer,Fiber Optic,Yes,No,No,3,2.8,88.72,1517.78,0.3523,35.2,Low,No
CUST-00875,41,Male,55,Two Year,Electronic Check,Fiber Optic,No,Yes,Yes,3,2.8,120.0,6140.9,0.581,58.1,Medium,No
CUST-00876,67,Female,7,Month-to-Month,Electronic Check,Fiber Optic,Yes,Yes,Yes,4,3.7,63.93,509.13,0.9079,90.8,High,Yes
CUST-00877,34,Female,48,Month-to-Month,Credit Card,Fiber Optic,No,No,No,3,2.7,75.98,3560.1,0.8332,83.3,High,Yes
CUST-00878,45,Male,24,Month-to-Month,Electronic Check,Fiber Optic,No,Yes,No Internet,3,2.7,104.13,2395.73,0.8696,87.0,High,Yes
CUST-00879,41,Male,0,Month-to-Month,Electronic Check,Fiber Optic,No Internet,Yes,No Internet,4,4.7,91.65,95.03,0.811,81.1,High,Yes
CUST-00880,58,Male,30,One Year,Credit Card,Fiber Optic,Yes,No Internet,No,4,1.8,96.94,2928.94,0.4731,47.3,Medium,No
CUST-00881,77,Male,0,Month-to-Month,Bank Transfer,Fiber Optic,No,No,Yes,1,2.0,78.53,76.06,0.8664,86.6,High,Yes
CUST-00882,34,Male,72,Two Year,Electronic Check,Fiber Optic,No Internet,Yes,No,1,3.9,99.55,7131.69,0.376,37.6,Low,No
CUST-00883,35,Male,49,Month-to-Month,Bank Transfer,DSL,No,No,No Internet,5,3.0,59.6,2960.28,0.564,56.4,Medium,No
CUST-00884,56,Male,8,Month-to-Month,Mailed Check,Fiber Optic,Yes,No,No Internet,3,2.0,90.32,755.32,0.7688,76.9,High,Yes
CUST-00885,51,Male,7,Month-to-Month,Credit Card,Fiber Optic,No,Yes,No,3,3.5,114.67,911.69,0.8005,80.0,High,Yes
CUST-00886,67,Male,11,One Year,Bank Transfer,Fiber Optic,No Internet,No,No,2,2.8,89.08,1018.58,0.3947,39.5,Low,No
CUST-00887,50,Male,10,Month-to-Month,Credit Card,Fiber Optic,No,Yes,No,3,3.4,91.38,1012.43,0.7528,75.3,High,Yes
CUST-00888,36,Female,11,Month-to-Month,Electronic Check,Fiber Optic,No Internet,Yes,No Internet,4,2.9,78.38,955.4,0.8814,88.1,High,Yes
CUST-00889,50,Male,9,One Year,Bank Transfer,No,No,Yes,No,6,1.6,25.68,231.41,0.31,31.0,Low,No
CUST-00890,57,Female,23,Month-to-Month,Electronic Check,No,Yes,No Internet,Yes,3,4.4,38.78,937.65,0.6609,66.1,Medium,Yes
CUST-00891,53,Male,4,Month-to-Month,Electronic Check,Fiber Optic,Yes,No,No,3,5.0,95.06,452.9,0.777,77.7,High,Yes
CUST-00892,49,Male,44,One Year,Bank Transfer,DSL,Yes,No Internet,No Internet,4,2.2,52.38,2228.77,0.1368,13.7,Low,No
CUST-00893,56,Male,40,Month-to-Month,Electronic Check,Fiber Optic,Yes,Yes,No,4,5.0,90.82,3559.54,0.8194,81.9,High,Yes
CUST-00894,58,Male,15,Month-to-Month,Bank Transfer,Fiber Optic,No Internet,Yes,No,4,3.1,78.73,1242.48,0.7374,73.7,High,Yes
CUST-00895,61,Female,45,Month-to-Month,Credit Card,DSL,No,No Internet,No,4,1.0,64.15,2706.51,0.6095,60.9,Medium,No
CUST-00896,51,Male,6,Month-to-Month,Mailed Check,Fiber Optic,No,No,No,2,3.7,87.75,617.16,0.7725,77.3,High,Yes
CUST-00897,39,Female,0,One Year,Electronic Check,DSL,No,No Internet,Yes,2,1.0,59.05,57.09,0.442,44.2,Medium,No
CUST-00898,44,Female,23,Month-to-Month,Bank Transfer,DSL,No,Yes,No,1,2.7,74.38,1649.41,0.5885,58.8,Medium,No
CUST-00899,58,Female,14,Two Year,Credit Card,DSL,Yes,No Internet,No,3,4.0,60.6,887.55,0.1483,14.8,Low,No
CUST-00900,30,Female,20,Two Year,Bank Transfer,No,No Internet,No,No Internet,6,3.7,37.05,767.25,0.1867,18.7,Low,No
CUST-00901,47,Female,55,Month-to-Month,Bank Transfer,DSL,No,Yes,No Internet,2,2.4,51.99,2771.53,0.5134,51.3,Medium,No
CUST-00902,36,Male,72,Two Year,Electronic Check,DSL,No,No,No,2,3.9,51.76,3910.52,0.3454,34.5,Low,No
CUST-00903,42,Female,24,Month-to-Month,Electronic Check,Fiber Optic,No Internet,No Internet,No Internet,5,4.2,107.4,2697.31,0.8271,82.7,High,Yes
CUST-00904,59,Male,34,Month-to-Month,Bank Transfer,Fiber Optic,No,Yes,No,2,2.5,104.87,3667.51,0.8761,87.6,High,Yes
CUST-00905,44,Male,2,Month-to-Month,Electronic Check,DSL,No Internet,No Internet,No,4,2.8,41.64,113.43,0.659,65.9,Medium,Yes
CUST-00906,42,Male,4,Month-to-Month,Credit Card,No,No Internet,No,Yes,1,3.4,25.91,126.34,0.4446,44.5,Medium,No
CUST-00907,22,Female,31,One Year,Mailed Check,Fiber Optic,Yes,Yes,Yes,1,1.9,80.86,2658.98,0.3473,34.7,Low,No
CUST-00908,52,Female,13,Month-to-Month,Mailed Check,No,Yes,Yes,No Internet,0,2.3,28.41,397.84,0.4432,44.3,Medium,No
CUST-00909,51,Male,14,Two Year,Bank Transfer,Fiber Optic,No Internet,No,No Internet,1,4.3,58.22,816.47,0.3664,36.6,Low,No
CUST-00910,72,Female,8,One Year,Bank Transfer,Fiber Optic,No,Yes,No,2,5.0,85.87,795.38,0.2779,27.8,Low,No
CUST-00911,37,Male,22,Month-to-Month,Bank Transfer,Fiber Optic,Yes,No,No,1,3.9,88.74,1950.05,0.6939,69.4,Medium,Yes
CUST-00912,45,Male,4,One Year,Credit Card,DSL,No,No,No,2,3.5,57.65,298.99,0.2085,20.9,Low,No
CUST-00913,45,Male,23,Two Year,Credit Card,No,No,No,No Internet,1,5.0,18.0,421.99,0.1887,18.9,Low,No
CUST-00914,64,Male,4,Month-to-Month,Credit Card,Fiber Optic,No,No,Yes,0,2.2,94.22,479.58,0.754,75.4,High,Yes
CUST-00915,40,Male,1,Month-to-Month,Credit Card,No,No Internet,Yes,No,2,3.3,20.41,40.48,0.4624,46.2,Medium,No
CUST-00916,45,Female,9,Month-to-Month,Bank Transfer,DSL,No Internet,No Internet,No,1,4.1,50.44,476.01,0.4182,41.8,Medium,No
CUST-00917,50,Female,6,Month-to-Month,Bank Transfer,DSL,No Internet,Yes,No Internet,2,2.3,51.0,356.31,0.4548,45.5,Medium,No
CUST-00918,44,Male,52,Month-to-Month,Electronic Check,DSL,Yes,Yes,Yes,1,1.4,50.34,2405.05,0.624,62.4,Medium,Yes
CUST-00919,35,Male,1,Month-to-Month,Electronic Check,Fiber Optic,No,No,No Internet,1,4.1,78.89,161.77,0.9655,96.6,High,Yes
CUST-00920,44,Female,4,One Year,Electronic Check,DSL,Yes,No,No,1,4.2,63.33,330.86,0.2496,25.0,Low,No
CUST-00921,57,Female,19,One Year,Electronic Check,Fiber Optic,Yes,No Internet,Yes,4,4.1,75.79,1411.3,0.5104,51.0,Medium,No
CUST-00922,27,Male,15,One Year,Mailed Check,Fiber Optic,No Internet,No Internet,No,3,4.1,94.47,1560.71,0.3857,38.6,Low,No
CUST-00923,43,Male,1,Month-to-Month,Electronic Check,DSL,No,No Internet,No,2,3.3,51.6,95.48,0.7629,76.3,High,Yes
CUST-00924,32,Female,0,Month-to-Month,Credit Card,No,No Internet,No,Yes,3,3.4,28.17,27.43,0.4739,47.4,Medium,No
CUST-00925,58,Female,72,Month-to-Month,Credit Card,DSL,Yes,Yes,No,3,3.5,41.36,2849.87,0.3995,40.0,Medium,No
CUST-00926,20,Male,25,Month-to-Month,Electronic Check,DSL,No Internet,No,No,5,4.4,60.22,1454.2,0.6164,61.6,Medium,No
CUST-00927,34,Male,10,Two Year,Electronic Check,DSL,Yes,Yes,Yes,0,3.5,42.28,471.29,0.3499,35.0,Low,No
CUST-00928,47,Female,15,Month-to-Month,Credit Card,Fiber Optic,Yes,Yes,No,0,3.3,50.08,818.1,0.6152,61.5,Medium,No
CUST-00929,63,Male,7,Month-to-Month,Credit Card,No,No,Yes,Yes,4,3.6,41.17,337.86,0.5236,52.4,Medium,No
CUST-00930,41,Female,10,Month-to-Month,Credit Card,Fiber Optic,No,Yes,No,0,3.7,87.78,870.25,0.7082,70.8,High,Yes
CUST-00931,34,Male,25,Two Year,Credit Card,Fiber Optic,No,No,Yes,2,2.0,92.0,2457.01,0.3992,39.9,Low,No
CUST-00932,68,Female,51,One Year,Credit Card,Fiber Optic,No Internet,No,No,7,4.7,79.05,3731.27,0.341,34.1,Low,No
CUST-00933,21,Male,4,Month-to-Month,Mailed Check,Fiber Optic,No,Yes,Yes,3,2.5,105.11,508.34,0.8416,84.2,High,Yes
CUST-00934,18,Male,44,Month-to-Month,Electronic Check,Fiber Optic,No,No Internet,No,6,3.3,73.93,3081.64,0.8678,86.8,High,Yes
CUST-00935,48,Female,3,Month-to-Month,Bank Transfer,Fiber Optic,Yes,No,Yes,2,2.2,103.75,429.94,0.6889,68.9,Medium,Yes
CUST-00936,34,Male,5,One Year,Electronic Check,Fiber Optic,No,No Internet,No,3,3.0,70.26,415.87,0.6822,68.2,Medium,Yes
CUST-00937,27,Female,0,Two Year,Credit Card,DSL,No,No,No,2,3.8,69.15,67.09,0.222,22.2,Low,No
CUST-00938,51,Male,3,One Year,Mailed Check,DSL,No,Yes,Yes,1,3.5,78.13,302.09,0.0693,6.9,Low,No
CUST-00939,45,Male,59,One Year,Credit Card,DSL,Yes,Yes,No Internet,5,2.6,50.6,2916.58,0.0791,7.9,Low,No
CUST-00940,34,Male,14,Month-to-Month,Electronic Check,Fiber Optic,No,No,No,4,2.4,97.83,1425.03,0.9268,92.7,High,Yes
CUST-00941,24,Female,1,Month-to-Month,Mailed Check,DSL,Yes,No Internet,No,3,3.5,40.87,80.5,0.5427,54.3,Medium,No
CUST-00942,54,Male,72,Two Year,Mailed Check,Fiber Optic,No,Yes,No,2,4.4,98.89,7381.83,0.3514,35.1,Low,No
CUST-00943,51,Male,50,Month-to-Month,Credit Card,DSL,No,No Internet,Yes,1,4.8,67.59,3225.28,0.4675,46.8,Medium,No
CUST-00944,40,Male,33,Two Year,Electronic Check,Fiber Optic,Yes,No,No Internet,2,5.0,92.79,3220.03,0.4452,44.5,Medium,No
CUST-00945,67,Female,65,Month-to-Month,Credit Card,DSL,No Internet,Yes,Yes,2,2.4,40.35,2728.54,0.4684,46.8,Medium,No
CUST-00946,27,Female,5,Month-to-Month,Credit Card,Fiber Optic,No,No,No,2,2.4,101.42,625.37,0.7346,73.5,High,Yes
CUST-00947,20,Male,43,One Year,Bank Transfer,No,No,No,No,3,3.1,22.69,1039.53,0.2241,22.4,Low,No
CUST-00948,32,Male,28,Month-to-Month,Bank Transfer,No,No,Yes,No Internet,0,3.0,40.18,1215.89,0.5151,51.5,Medium,No
CUST-00949,41,Female,48,Month-to-Month,Bank Transfer,DSL,No Internet,No,No,1,1.6,32.4,1454.54,0.446,44.6,Medium,No
CUST-00950,45,Male,38,Month-to-Month,Electronic Check,Fiber Optic,No,No,No,1,4.1,100.77,4054.44,0.8166,81.7,High,Yes
CUST-00951,38,Female,10,One Year,Electronic Check,Fiber Optic,No,No,No,3,2.3,82.28,929.35,0.6614,66.1,Medium,Yes
CUST-00952,46,Female,35,Month-to-Month,Credit Card,No,Yes,Yes,Yes,3,2.5,19.52,672.23,0.428,42.8,Medium,No
CUST-00953,24,Female,7,Month-to-Month,Bank Transfer,Fiber Optic,Yes,No Internet,Yes,1,3.7,87.15,699.78,0.6461,64.6,Medium,Yes
CUST-00954,62,Male,9,One Year,Electronic Check,No,Yes,Yes,Yes,1,1.9,22.02,228.79,0.3325,33.2,Low,No
CUST-00955,40,Female,2,Month-to-Month,Bank Transfer,Fiber Optic,No Internet,Yes,Yes,3,2.9,79.29,217.34,0.7255,72.5,High,Yes
CUST-00956,57,Female,65,Two Year,Mailed Check,No,No,Yes,Yes,2,4.0,27.92,1756.44,0.099,9.9,Low,No
CUST-00957,46,Female,8,Month-to-Month,Electronic Check,No,No Internet,No Internet,No,2,3.3,18.0,169.47,0.6883,68.8,Medium,Yes
CUST-00958,48,Male,17,One Year,Mailed Check,DSL,Yes,No,No Internet,1,4.0,55.81,986.73,0.1095,11.0,Low,No
CUST-00959,49,Male,11,Month-to-Month,Electronic Check,Fiber Optic,No,No,No Internet,1,4.3,120.0,1315.82,0.8754,87.5,High,Yes
CUST-00960,48,Male,72,One Year,Electronic Check,Fiber Optic,No Internet,No Internet,No,0,3.1,75.74,5773.16,0.4228,42.3,Medium,No
CUST-00961,50,Female,9,One Year,Mailed Check,No,Yes,No,Yes,1,1.0,29.42,304.62,0.1856,18.6,Low,No
CUST-00962,60,Female,36,Two Year,Bank Transfer,No,No,Yes,No Internet,5,4.6,27.83,1051.3,0.2603,26.0,Low,No
CUST-00963,44,Male,46,Month-to-Month,Electronic Check,Fiber Optic,No Internet,No,No Internet,4,3.1,73.49,3519.78,0.7865,78.6,High,Yes
CUST-00964,51,Male,13,Month-to-Month,Mailed Check,Fiber Optic,No Internet,No,No,1,4.1,93.72,1276.51,0.6565,65.7,Medium,Yes
CUST-00965,40,Male,11,One Year,Electronic Check,No,No Internet,Yes,Yes,2,4.7,25.13,310.99,0.2028,20.3,Low,No
CUST-00966,62,Female,33,Month-to-Month,Electronic Check,DSL,No Internet,Yes,No Internet,4,1.2,55.52,1785.47,0.716,71.6,High,Yes
CUST-00967,32,Female,58,Month-to-Month,Electronic Check,No,No,No,Yes,2,3.2,26.08,1467.61,0.5908,59.1,Medium,No
CUST-00968,67,Male,33,Two Year,Electronic Check,No,Yes,Yes,Yes,5,4.9,24.34,771.62,0.2125,21.2,Low,No
CUST-00969,41,Male,6,Month-to-Month,Electronic Check,No,No,Yes,No Internet,2,3.0,23.55,158.33,0.8124,81.2,High,Yes
CUST-00970,21,Male,52,Two Year,Credit Card,Fiber Optic,No Internet,No,No,4,4.3,101.35,5022.65,0.2091,20.9,Low,No
CUST-00971,43,Female,11,Month-to-Month,Mailed Check,Fiber Optic,No,No Internet,Yes,5,2.0,110.01,1255.4,0.804,80.4,High,Yes
CUST-00972,32,Female,20,One Year,Electronic Check,Fiber Optic,Yes,Yes,No,2,3.7,95.66,2016.0,0.4661,46.6,Medium,No
CUST-00973,53,Female,42,One Year,Electronic Check,No,No,No,No,7,1.8,28.11,1165.84,0.4709,47.1,Medium,No
CUST-00974,32,Male,5,Month-to-Month,Electronic Check,DSL,No,No,No Internet,4,4.2,45.66,278.11,0.6876,68.8,Medium,Yes
CUST-00975,35,Female,36,Two Year,Credit Card,Fiber Optic,Yes,No,No,1,2.7,72.28,2599.08,0.3225,32.3,Low,No
CUST-00976,18,Male,21,Month-to-Month,Mailed Check,Fiber Optic,No,No Internet,Yes,0,4.8,64.29,1302.48,0.6793,67.9,Medium,Yes
CUST-00977,35,Female,53,Two Year,Electronic Check,Fiber Optic,No,No,No,3,4.8,98.95,5403.76,0.4884,48.8,Medium,No
CUST-00978,18,Male,4,One Year,Mailed Check,No,No,No,No Internet,3,2.5,32.71,148.81,0.2127,21.3,Low,No
CUST-00979,19,Female,13,Month-to-Month,Mailed Check,DSL,No,No Internet,Yes,4,5.0,64.64,942.39,0.5204,52.0,Medium,No
CUST-00980,52,Female,42,Two Year,Electronic Check,DSL,Yes,Yes,No,4,2.6,65.12,2873.38,0.3254,32.5,Low,No
CUST-00981,53,Female,0,Month-to-Month,Bank Transfer,Fiber Optic,No,Yes,Yes,3,3.9,81.02,84.62,0.7282,72.8,High,Yes
CUST-00982,47,Female,2,Two Year,Mailed Check,No,No,No,Yes,0,3.2,18.0,50.61,0.1836,18.4,Low,No
CUST-00983,28,Male,72,Month-to-Month,Electronic Check,Fiber Optic,No,Yes,No Internet,4,2.7,96.99,6883.32,0.8988,89.9,High,Yes
CUST-00984,41,Male,7,Two Year,Bank Transfer,DSL,No,Yes,Yes,5,4.1,70.32,522.59,0.1937,19.4,Low,No
CUST-00985,41,Female,72,One Year,Bank Transfer,Fiber Optic,No,Yes,No,5,2.6,92.35,6494.61,0.4113,41.1,Medium,No
CUST-00986,25,Male,4,Month-to-Month,Bank Transfer,Fiber Optic,No,No,No,2,2.6,65.79,308.08,0.7622,76.2,High,Yes
CUST-00987,63,Male,10,One Year,Mailed Check,Fiber Optic,No Internet,No Internet,Yes,1,3.2,93.59,1058.23,0.3507,35.1,Low,No
CUST-00988,54,Male,33,Month-to-Month,Mailed Check,DSL,No,Yes,No Internet,3,4.2,58.82,1836.36,0.5035,50.4,Medium,No
CUST-00989,38,Female,25,Month-to-Month,Mailed Check,DSL,No Internet,No,No,3,3.5,54.65,1326.79,0.5158,51.6,Medium,No
CUST-00990,42,Male,20,Month-to-Month,Bank Transfer,Fiber Optic,No,Yes,No,1,2.8,70.78,1396.62,0.7852,78.5,High,Yes
CUST-00991,44,Male,18,Month-to-Month,Bank Transfer,Fiber Optic,No,No,No,6,2.6,112.34,2157.36,0.7801,78.0,High,Yes
CUST-00992,18,Male,44,Month-to-Month,Electronic Check,No,Yes,No,No,1,3.0,43.01,1924.91,0.6193,61.9,Medium,No
CUST-00993,38,Male,6,Month-to-Month,Bank Transfer,Fiber Optic,No,No Internet,No,1,3.8,79.87,514.61,0.7804,78.0,High,Yes
CUST-00994,32,Female,14,Month-to-Month,Bank Transfer,Fiber Optic,No,Yes,Yes,1,2.0,68.48,1017.8,0.7362,73.6,High,Yes
CUST-00995,27,Female,4,Month-to-Month,Mailed Check,Fiber Optic,No,No,No Internet,2,2.5,74.11,380.54,0.8174,81.7,High,Yes
CUST-00996,38,Female,21,Month-to-Month,Credit Card,No,No,Yes,No,3,4.1,18.0,383.26,0.505,50.5,Medium,No
CUST-00997,67,Male,6,One Year,Credit Card,Fiber Optic,Yes,No,Yes,2,2.3,85.74,595.24,0.3518,35.2,Low,No
CUST-00998,50,Female,9,One Year,Electronic Check,No,Yes,No Internet,No Internet,3,2.6,23.36,228.88,0.3586,35.9,Low,No
CUST-00999,34,Female,15,Month-to-Month,Credit Card,Fiber Optic,No Internet,No Internet,No,2,3.2,92.63,1413.42,0.6426,64.3,Medium,Yes
CUST-01000,50,Male,0,Two Year,Mailed Check,Fiber Optic,Yes,No,No,1,2.3,120.0,108.05,0.3395,34.0,Low,No
CUST-01001,61,Female,2,One Year,Bank Transfer,Fiber Optic,Yes,No Internet,Yes,5,2.7,82.08,228.5,0.3956,39.6,Low,No
CUST-01002,54,Female,27,One Year,Credit Card,DSL,No Internet,Yes,No Internet,3,3.3,73.18,2135.25,0.1907,19.1,Low,No
CUST-01003,42,Female,13,Month-to-Month,Mailed Check,Fiber Optic,No,Yes,No Internet,3,4.0,105.66,1410.01,0.7211,72.1,High,Yes
CUST-01004,32,Female,48,Month-to-Month,Mailed Check,DSL,Yes,No Internet,No,2,2.4,45.97,2127.67,0.4693,46.9,Medium,No
CUST-01005,51,Male,28,Two Year,Credit Card,Fiber Optic,Yes,Yes,No,2,2.3,109.75,3157.56,0.4207,42.1,Medium,No
CUST-01006,47,Male,0,Two Year,Electronic Check,Fiber Optic,Yes,Yes,No,3,4.5,57.48,59.52,0.5089,50.9,Medium,No
CUST-01007,54,Female,23,Month-to-Month,Electronic Check,No,No,Yes,Yes,1,2.5,20.41,463.08,0.6357,63.6,Medium,Yes
CUST-01008,50,Male,2,Month-to-Month,Mailed Check,DSL,No,Yes,No,4,2.4,42.87,120.05,0.6809,68.1,Medium,Yes
CUST-01009,56,Male,36,One Year,Credit Card,Fiber Optic,Yes,Yes,Yes,1,1.0,70.32,2693.67,0.3641,36.4,Low,No
CUST-01010,34,Female,72,One Year,Credit Card,DSL,No Internet,No Internet,No Internet,3,4.4,52.66,3905.79,0.2201,22.0,Low,No
CUST-01011,60,Female,18,Two Year,Electronic Check,DSL,Yes,No,Yes,0,4.7,59.48,1136.21,0.2136,21.4,Low,No
CUST-01012,44,Male,27,Month-to-Month,Credit Card,Fiber Optic,Yes,No,No,5,3.2,95.41,2627.61,0.7753,77.5,High,Yes
CUST-01013,71,Female,6,Month-to-Month,Electronic Check,DSL,No Internet,Yes,No,1,3.4,66.6,449.34,0.7259,72.6,High,Yes
CUST-01014,32,Female,13,Month-to-Month,Credit Card,Fiber Optic,Yes,No,Yes,5,3.2,97.97,1365.65,0.6389,63.9,Medium,Yes
CUST-01015,66,Female,46,Month-to-Month,Bank Transfer,DSL,No Internet,No,No,1,2.0,43.31,1898.24,0.4191,41.9,Medium,No
CUST-01016,44,Male,4,Month-to-Month,Electronic Check,DSL,No,No Internet,No,2,3.9,46.48,237.65,0.6992,69.9,Medium,Yes
CUST-01017,32,Male,7,Two Year,Electronic Check,Fiber Optic,Yes,No Internet,No,9,4.7,76.35,587.87,0.6463,64.6,Medium,Yes
CUST-01018,35,Male,14,Month-to-Month,Electronic Check,Fiber Optic,No,No,Yes,3,3.2,82.75,1257.65,0.8435,84.4,High,Yes
CUST-01019,37,Male,29,Two Year,Electronic Check,Fiber Optic,No,No Internet,No,4,4.0,76.88,2356.57,0.6606,66.1,Medium,Yes
CUST-01020,47,Male,11,Month-to-Month,Bank Transfer,No,No Internet,Yes,No Internet,2,2.2,27.25,297.99,0.4809,48.1,Medium,No
CUST-01021,49,Male,63,Month-to-Month,Electronic Check,DSL,No,Yes,No,4,2.1,57.66,3695.1,0.7106,71.1,High,Yes
CUST-01022,33,Male,2,Month-to-Month,Credit Card,Fiber Optic,No,No,No,2,3.7,93.84,266.15,0.7332,73.3,High,Yes
CUST-01023,41,Female,11,Month-to-Month,Bank Transfer,Fiber Optic,Yes,Yes,Yes,2,4.9,77.46,886.59,0.6988,69.9,Medium,Yes
CUST-01024,71,Male,29,Two Year,Bank Transfer,Fiber Optic,No,Yes,No Internet,3,2.5,69.18,2096.19,0.4728,47.3,Medium,No
CUST-01025,66,Female,6,Month-to-Month,Electronic Check,DSL,Yes,No Internet,No,2,3.0,50.12,366.14,0.6194,61.9,Medium,No
CUST-01026,48,Female,25,Month-to-Month,Credit Card,DSL,Yes,No Internet,No,2,3.8,57.25,1519.09,0.5126,51.3,Medium,No
CUST-01027,42,Male,4,Month-to-Month,Bank Transfer,No,No Internet,Yes,No,2,2.7,27.24,128.54,0.4906,49.1,Medium,No
CUST-01028,43,Female,1,Month-to-Month,Credit Card,Fiber Optic,Yes,No,Yes,1,3.7,88.59,178.27,0.71,71.0,High,Yes
CUST-01029,50,Female,3,One Year,Credit Card,DSL,Yes,No Internet,No,1,2.2,53.05,201.41,0.2906,29.1,Low,No
CUST-01030,27,Male,63,Month-to-Month,Electronic Check,DSL,No,No Internet,Yes,2,3.7,60.0,3709.21,0.7128,71.3,High,Yes
CUST-01031,38,Female,19,One Year,Electronic Check,No,No Internet,No,No,6,2.9,31.55,579.55,0.3858,38.6,Low,No
CUST-01032,18,Male,38,One Year,Credit Card,Fiber Optic,Yes,No,No,1,1.4,61.54,2460.41,0.3392,33.9,Low,No
CUST-01033,47,Female,9,Month-to-Month,Credit Card,DSL,Yes,No,No Internet,2,2.1,70.49,702.81,0.4931,49.3,Medium,No
CUST-01034,51,Male,21,Month-to-Month,Bank Transfer,Fiber Optic,Yes,No,Yes,4,3.6,59.05,1337.35,0.6802,68.0,Medium,Yes
CUST-01035,35,Female,16,One Year,Mailed Check,Fiber Optic,Yes,No,No,2,4.7,88.04,1397.19,0.2822,28.2,Low,No
CUST-01036,64,Male,69,One Year,Bank Transfer,No,No,No,No,3,1.8,19.02,1224.09,0.2381,23.8,Low,No
CUST-01037,24,Female,33,Month-to-Month,Electronic Check,No,No,No,Yes,4,4.3,26.36,916.24,0.6557,65.6,Medium,Yes
CUST-01038,21,Male,31,Month-to-Month,Electronic Check,DSL,No,No Internet,Yes,3,3.7,63.75,2104.97,0.7639,76.4,High,Yes
CUST-01039,45,Female,1,Month-to-Month,Mailed Check,Fiber Optic,No,Yes,No,4,4.3,107.08,198.27,0.8008,80.1,High,Yes
CUST-01040,56,Female,19,Month-to-Month,Electronic Check,No,No Internet,Yes,No,1,3.0,23.45,467.26,0.6301,63.0,Medium,Yes
CUST-01041,65,Male,15,Month-to-Month,Mailed Check,Fiber Optic,No,No,No Internet,3,3.9,112.81,1669.15,0.7825,78.3,High,Yes
CUST-01042,35,Female,63,Month-to-Month,Credit Card,Fiber Optic,No Internet,Yes,No Internet,4,5.0,80.77,4663.63,0.6217,62.2,Medium,Yes
CUST-01043,57,Male,7,Month-to-Month,Credit Card,DSL,No,No,No,4,3.4,43.42,340.88,0.5061,50.6,Medium,No
CUST-01044,41,Female,7,Month-to-Month,Credit Card,Fiber Optic,No Internet,Yes,Yes,2,2.1,70.17,585.25,0.6441,64.4,Medium,Yes
CUST-01045,39,Male,12,Month-to-Month,Credit Card,No,No,No,No,2,4.8,21.08,270.91,0.4674,46.7,Medium,No
CUST-01046,54,Female,6,Two Year,Mailed Check,Fiber Optic,No,No Internet,No,2,3.8,81.34,549.09,0.4767,47.7,Medium,No
CUST-01047,51,Female,3,One Year,Credit Card,Fiber Optic,No Internet,No,No,3,3.5,78.48,295.81,0.294,29.4,Low,No
CUST-01048,19,Male,46,Two Year,Credit Card,DSL,Yes,Yes,No Internet,1,5.0,65.79,2913.47,0.0814,8.1,Low,No
CUST-01049,62,Male,19,Month-to-Month,Credit Card,DSL,No,No Internet,No,5,4.7,57.84,1086.77,0.6503,65.0,Medium,Yes
CUST-01050,61,Male,47,One Year,Bank Transfer,DSL,No,Yes,No,3,3.7,54.49,2436.03,0.1774,17.7,Low,No
CUST-01051,33,Female,42,Month-to-Month,Electronic Check,Fiber Optic,No,No,Yes,2,2.2,67.48,2640.43,0.7629,76.3,High,Yes
CUST-01052,47,Male,7,One Year,Electronic Check,DSL,No,No,No Internet,5,2.8,51.29,415.89,0.4056,40.6,Medium,No
CUST-01053,48,Female,19,Month-to-Month,Electronic Check,Fiber Optic,No,No Internet,No Internet,1,3.4,93.14,1764.64,0.8256,82.6,High,Yes
CUST-01054,45,Female,2,Month-to-Month,Credit Card,Fiber Optic,Yes,Yes,No,4,3.2,82.84,229.49,0.7145,71.5,High,Yes
CUST-01055,34,Male,59,Two Year,Mailed Check,DSL,No Internet,No,No,2,2.7,48.97,2910.67,0.1494,14.9,Low,No
CUST-01056,32,Female,12,One Year,Credit Card,Fiber Optic,No,Yes,Yes,0,3.0,97.35,1316.37,0.5057,50.6,Medium,No
CUST-01057,41,Male,12,Two Year,Mailed Check,No,No Internet,Yes,Yes,3,4.4,19.6,255.63,0.1525,15.2,Low,No
CUST-01058,58,Male,8,Month-to-Month,Bank Transfer,DSL,Yes,No Internet,No,1,3.4,56.64,473.45,0.4031,40.3,Medium,No
CUST-01059,49,Female,14,Month-to-Month,Electronic Check,No,Yes,No,Yes,2,2.7,29.94,432.09,0.6263,62.6,Medium,Yes
CUST-01060,36,Male,6,Month-to-Month,Electronic Check,Fiber Optic,No,No,No Internet,1,3.9,78.97,565.93,0.8442,84.4,High,Yes
CUST-01061,52,Male,11,One Year,Mailed Check,No,No,Yes,No Internet,4,3.8,22.75,247.77,0.2691,26.9,Low,No
CUST-01062,18,Female,38,One Year,Bank Transfer,Fiber Optic,No,No,No,1,3.2,75.09,2783.51,0.4439,44.4,Medium,No
CUST-01063,58,Male,43,Two Year,Electronic Check,Fiber Optic,Yes,No Internet,No,1,2.0,83.76,3531.3,0.4659,46.6,Medium,No
CUST-01064,18,Female,8,Month-to-Month,Bank Transfer,Fiber Optic,Yes,No,No,4,3.1,82.22,716.22,0.7233,72.3,High,Yes
CUST-01065,36,Female,15,One Year,Mailed Check,DSL,Yes,No,Yes,3,3.2,63.13,993.71,0.1206,12.1,Low,No
CUST-01066,26,Male,49,Month-to-Month,Credit Card,Fiber Optic,Yes,No Internet,Yes,1,4.2,98.66,4805.0,0.595,59.5,Medium,No
CUST-01067,23,Male,1,Month-to-Month,Electronic Check,DSL,Yes,No Internet,No,4,2.4,42.57,78.7,0.7184,71.8,High,Yes
CUST-01068,58,Female,52,Month-to-Month,Bank Transfer,Fiber Optic,No,No,No Internet,2,2.9,67.33,3434.82,0.7721,77.2,High,Yes
CUST-01069,35,Male,5,Month-to-Month,Electronic Check,Fiber Optic,No,No,No Internet,2,4.9,112.72,646.12,0.8248,82.5,High,Yes
CUST-01070,46,Male,27,Month-to-Month,Credit Card,DSL,No,No,No Internet,1,2.9,56.53,1645.2,0.62,62.0,Medium,No
CUST-01071,41,Female,20,Month-to-Month,Mailed Check,Fiber Optic,No Internet,Yes,No,0,3.2,88.59,1881.64,0.6905,69.0,Medium,Yes
CUST-01072,48,Male,19,Month-to-Month,Bank Transfer,DSL,No,No,No Internet,1,5.0,48.22,993.25,0.5264,52.6,Medium,No
CUST-01073,43,Female,47,Month-to-Month,Credit Card,DSL,No Internet,No Internet,No,2,2.2,58.82,2841.56,0.451,45.1,Medium,No
CUST-01074,24,Male,2,Month-to-Month,Electronic Check,No,No,No Internet,Yes,1,4.6,21.23,57.86,0.687,68.7,Medium,Yes
CUST-01075,55,Male,10,Month-to-Month,Electronic Check,Fiber Optic,No,No Internet,No,3,2.8,74.47,795.5,0.9186,91.9,High,Yes
CUST-01076,35,Male,18,Month-to-Month,Bank Transfer,No,No,Yes,No Internet,3,3.4,29.67,573.14,0.5629,56.3,Medium,No
CUST-01077,20,Female,40,Two Year,Bank Transfer,DSL,No,No Internet,Yes,3,3.5,57.59,2334.55,0.2373,23.7,Low,No
CUST-01078,36,Female,5,Two Year,Electronic Check,No,No,No,Yes,3,2.9,36.09,219.52,0.4383,43.8,Medium,No
CUST-01079,63,Female,38,Month-to-Month,Mailed Check,Fiber Optic,Yes,Yes,Yes,3,2.2,79.66,3244.34,0.6439,64.4,Medium,Yes
CUST-01080,53,Male,12,Two Year,Electronic Check,DSL,No Internet,No,Yes,2,2.5,59.67,726.92,0.3012,30.1,Low,No
CUST-01081,37,Male,5,One Year,Electronic Check,No,No,No Internet,Yes,3,3.0,26.17,164.48,0.345,34.5,Low,No
CUST-01082,37,Male,34,Month-to-Month,Mailed Check,Fiber Optic,Yes,Yes,No,3,2.3,87.05,2797.16,0.6617,66.2,Medium,Yes
CUST-01083,37,Male,2,Month-to-Month,Credit Card,DSL,No,No Internet,No Internet,4,3.2,52.52,163.55,0.6332,63.3,Medium,Yes
CUST-01084,71,Female,17,Two Year,Mailed Check,No,No Internet,No Internet,No Internet,1,2.4,45.49,760.67,0.1785,17.9,Low,No
CUST-01085,47,Female,1,One Year,Bank Transfer,DSL,Yes,Yes,No Internet,2,2.2,59.16,119.26,0.2252,22.5,Low,No
CUST-01086,48,Male,10,Two Year,Credit Card,Fiber Optic,Yes,No Internet,Yes,2,1.5,108.39,1213.15,0.3843,38.4,Low,No
CUST-01087,56,Female,22,Two Year,Electronic Check,DSL,No Internet,No Internet,Yes,1,5.0,50.96,1197.48,0.2186,21.9,Low,No
CUST-01088,45,Male,19,Month-to-Month,Bank Transfer,Fiber Optic,No Internet,Yes,Yes,1,3.1,103.78,2004.32,0.7033,70.3,High,Yes
CUST-01089,38,Female,12,Month-to-Month,Credit Card,No,Yes,Yes,No Internet,4,2.5,28.05,337.45,0.5435,54.3,Medium,No
CUST-01090,39,Male,13,Month-to-Month,Electronic Check,Fiber Optic,No Internet,Yes,Yes,3,2.1,105.09,1499.81,0.8134,81.3,High,Yes
CUST-01091,40,Male,6,Month-to-Month,Mailed Check,Fiber Optic,No,Yes,No,0,2.6,84.09,586.67,0.7842,78.4,High,Yes
CUST-01092,41,Male,14,Month-to-Month,Credit Card,Fiber Optic,No Internet,No,Yes,5,1.2,71.92,1012.65,0.7534,75.3,High,Yes
CUST-01093,52,Male,72,Month-to-Month,Credit Card,DSL,No,Yes,Yes,3,2.5,63.76,4463.12,0.5159,51.6,Medium,No
CUST-01094,42,Female,45,Month-to-Month,Electronic Check,No,No Internet,No Internet,Yes,2,4.0,18.0,782.16,0.6224,62.2,Medium,Yes
CUST-01095,52,Male,3,Month-to-Month,Electronic Check,Fiber Optic,No,No Internet,No,3,2.5,106.48,441.77,0.9045,90.4,High,Yes
CUST-01096,40,Male,0,Month-to-Month,Electronic Check,Fiber Optic,Yes,Yes,Yes,5,3.9,94.04,95.97,0.8463,84.6,High,Yes
CUST-01097,43,Female,65,Month-to-Month,Mailed Check,Fiber Optic,Yes,No,Yes,0,4.2,85.96,5857.06,0.5094,50.9,Medium,No
CUST-01098,18,Female,17,Month-to-Month,Mailed Check,No,No,No,No,0,3.9,34.54,564.36,0.4761,47.6,Medium,No
CUST-01099,54,Female,18,Month-to-Month,Bank Transfer,DSL,Yes,No,No,3,3.2,54.3,1030.83,0.4878,48.8,Medium,No
CUST-01100,46,Male,36,One Year,Credit Card,Fiber Optic,No,Yes,No,1,4.5,77.05,2680.2,0.3953,39.5,Low,No
CUST-01101,55,Female,9,Two Year,Electronic Check,DSL,No Internet,Yes,No Internet,4,4.4,57.33,580.31,0.2683,26.8,Low,No
CUST-01102,18,Female,15,Month-to-Month,Credit Card,Fiber Optic,No,Yes,No,2,2.4,79.86,1320.77,0.7715,77.2,High,Yes
CUST-01103,71,Male,72,Month-to-Month,Electronic Check,Fiber Optic,No,Yes,Yes,3,2.2,65.77,4872.69,0.8103,81.0,High,Yes
CUST-01104,40,Male,26,Two Year,Electronic Check,Fiber Optic,No,No Internet,No,3,2.7,84.09,2353.59,0.6006,60.1,Medium,No
CUST-01105,57,Male,4,Month-to-Month,Mailed Check,No,No,Yes,No,1,2.9,18.8,90.22,0.5453,54.5,Medium,No
CUST-01106,27,Male,3,One Year,Electronic Check,No,Yes,Yes,No,2,4.5,29.3,116.45,0.262,26.2,Low,No
CUST-01107,50,Male,5,Month-to-Month,Mailed Check,DSL,Yes,No,No Internet,4,4.1,53.7,312.93,0.4922,49.2,Medium,No
CUST-01108,27,Male,34,Two Year,Credit Card,Fiber Optic,No Internet,Yes,No Internet,0,3.3,78.47,2813.77,0.3284,32.8,Low,No
CUST-01109,33,Female,8,Two Year,Electronic Check,DSL,No Internet,Yes,No,1,3.4,46.51,412.09,0.1896,19.0,Low,No
CUST-01110,68,Female,0,One Year,Bank Transfer,Fiber Optic,No,No,Yes,1,2.0,96.74,97.37,0.4617,46.2,Medium,No
CUST-01111,39,Female,69,Month-to-Month,Electronic Check,DSL,No,No,No Internet,0,4.4,64.27,4474.78,0.6056,60.6,Medium,No
CUST-01112,45,Female,4,Two Year,Electronic Check,DSL,No,Yes,No,2,3.4,54.47,280.34,0.379,37.9,Low,No
CUST-01113,54,Male,0,One Year,Mailed Check,No,No,No,No,4,2.0,41.37,40.51,0.2875,28.8,Low,No
CUST-01114,48,Female,6,One Year,Credit Card,Fiber Optic,No,No,No Internet,0,1.3,86.58,555.35,0.4016,40.2,Medium,No
CUST-01115,44,Female,6,Month-to-Month,Mailed Check,DSL,Yes,No,No,0,1.8,57.38,418.66,0.5761,57.6,Medium,No
CUST-01116,47,Male,13,One Year,Bank Transfer,DSL,No,No,No,4,3.3,45.1,620.91,0.254,25.4,Low,No
CUST-01117,75,Female,60,Month-to-Month,Credit Card,Fiber Optic,Yes,Yes,No,5,1.0,88.51,5493.15,0.7073,70.7,High,Yes
CUST-01118,41,Female,50,Month-to-Month,Bank Transfer,DSL,No,No,Yes,3,1.9,58.5,2989.03,0.5545,55.5,Medium,No
CUST-01119,44,Female,14,One Year,Electronic Check,No,No,No Internet,No,2,3.7,27.25,394.34,0.2975,29.8,Low,No
CUST-01120,56,Female,12,Month-to-Month,Bank Transfer,No,No,No Internet,No,4,2.7,40.71,551.83,0.5889,58.9,Medium,No
CUST-01121,57,Male,19,One Year,Mailed Check,DSL,No,No Internet,Yes,1,1.2,47.89,967.31,0.2443,24.4,Low,No
CUST-01122,58,Male,6,One Year,Bank Transfer,Fiber Optic,No,No,No,0,2.5,70.33,460.18,0.4516,45.2,Medium,No
CUST-01123,50,Male,1,Month-to-Month,Mailed Check,No,No,No,No,5,3.1,19.53,40.99,0.5874,58.7,Medium,No
CUST-01124,25,Female,67,One Year,Electronic Check,DSL,No Internet,No,No,0,4.2,54.05,3859.09,0.3254,32.5,Low,No
CUST-01125,64,Female,4,Two Year,Mailed Check,Fiber Optic,Yes,No Internet,No Internet,3,3.7,92.32,435.49,0.3067,30.7,Low,No
CUST-01126,25,Female,5,Month-to-Month,Mailed Check,Fiber Optic,No,No Internet,Yes,3,3.7,71.35,448.55,0.7475,74.7,High,Yes
CUST-01127,46,Male,15,One Year,Mailed Check,Fiber Optic,No,Yes,No,3,4.0,102.58,1629.15,0.4145,41.4,Medium,No
CUST-01128,31,Male,16,Month-to-Month,Credit Card,Fiber Optic,No Internet,Yes,No,2,1.4,92.45,1458.15,0.6987,69.9,Medium,Yes
CUST-01129,41,Female,0,Month-to-Month,Credit Card,DSL,No,Yes,No,3,4.6,71.33,74.66,0.5731,57.3,Medium,No
CUST-01130,46,Female,3,Month-to-Month,Mailed Check,Fiber Optic,No,Yes,No Internet,3,4.6,89.05,326.02,0.7035,70.4,High,Yes
CUST-01131,46,Male,11,Month-to-Month,Mailed Check,Fiber Optic,Yes,No Internet,Yes,4,2.5,85.63,1023.05,0.765,76.5,High,Yes
CUST-01132,47,Male,27,Month-to-Month,Mailed Check,Fiber Optic,Yes,Yes,No,5,1.0,83.73,2404.38,0.7609,76.1,High,Yes
CUST-01133,64,Female,6,Two Year,Mailed Check,DSL,No,Yes,No,3,4.7,56.81,407.37,0.2902,29.0,Low,No
CUST-01134,48,Female,13,One Year,Credit Card,Fiber Optic,No Internet,No Internet,No Internet,3,1.0,80.23,1011.94,0.3758,37.6,Low,No
CUST-01135,38,Male,19,Month-to-Month,Bank Transfer,Fiber Optic,Yes,Yes,No,8,3.6,75.48,1454.92,0.8167,81.7,High,Yes
CUST-01136,55,Male,52,Month-to-Month,Electronic Check,Fiber Optic,Yes,Yes,No,0,2.7,78.27,3788.71,0.8074,80.7,High,Yes
CUST-01137,58,Female,9,Month-to-Month,Mailed Check,DSL,Yes,No,No,2,2.5,49.43,464.12,0.5047,50.5,Medium,No
CUST-01138,24,Female,3,Month-to-Month,Bank Transfer,Fiber Optic,Yes,No,No,5,2.7,74.91,311.84,0.6737,67.4,Medium,Yes
CUST-01139,50,Male,16,Month-to-Month,Bank Transfer,DSL,No Internet,Yes,No,2,3.3,81.9,1437.78,0.4413,44.1,Medium,No
CUST-01140,51,Male,32,Month-to-Month,Bank Transfer,Fiber Optic,No Internet,No,No,1,1.0,120.0,3955.57,0.7119,71.2,High,Yes
CUST-01141,37,Female,2,Month-to-Month,Electronic Check,Fiber Optic,No,Yes,No,1,3.0,90.4,280.63,0.9184,91.8,High,Yes
CUST-01142,61,Male,13,Month-to-Month,Electronic Check,Fiber Optic,Yes,No,No,2,1.6,65.74,871.98,0.8344,83.4,High,Yes
CUST-01143,39,Male,0,One Year,Electronic Check,Fiber Optic,No Internet,No,Yes,3,2.6,65.73,67.32,0.6419,64.2,Medium,Yes
CUST-01144,43,Female,0,Two Year,Mailed Check,Fiber Optic,Yes,No Internet,Yes,0,3.4,92.12,92.37,0.3007,30.1,Low,No
CUST-01145,39,Male,15,Month-to-Month,Electronic Check,Fiber Optic,No,No,Yes,2,4.2,81.53,1317.65,0.7627,76.3,High,Yes
CUST-01146,42,Female,8,Month-to-Month,Credit Card,Fiber Optic,No Internet,No,No Internet,2,2.4,74.11,608.87,0.6993,69.9,Medium,Yes
CUST-01147,26,Male,44,Month-to-Month,Mailed Check,DSL,No,No,No Internet,4,5.0,51.55,2209.2,0.505,50.5,Medium,No
CUST-01148,21,Female,22,Two Year,Credit Card,Fiber Optic,Yes,Yes,No Internet,5,2.2,65.52,1367.28,0.4239,42.4,Medium,No
CUST-01149,64,Male,14,Two Year,Electronic Check,No,Yes,Yes,No Internet,0,2.2,18.56,256.84,0.2722,27.2,Low,No
CUST-01150,30,Male,12,One Year,Electronic Check,No,No Internet,No Internet,Yes,4,4.3,43.51,532.1,0.3882,38.8,Low,No
CUST-01151,28,Male,16,Two Year,Mailed Check,DSL,Yes,Yes,No,7,2.9,49.81,836.48,0.2234,22.3,Low,No
CUST-01152,18,Female,0,Month-to-Month,Electronic Check,Fiber Optic,No,No,No Internet,5,3.4,99.44,100.83,0.8757,87.6,High,Yes
CUST-01153,33,Female,53,Two Year,Credit Card,No,No,Yes,No,1,2.7,28.32,1401.24,0.1568,15.7,Low,No
CUST-01154,23,Male,72,Month-to-Month,Electronic Check,Fiber Optic,No Internet,No Internet,Yes,1,2.8,71.66,4750.98,0.8628,86.3,High,Yes
CUST-01155,64,Female,4,Month-to-Month,Mailed Check,Fiber Optic,No,No Internet,No,3,3.6,45.52,235.01,0.7666,76.7,High,Yes
CUST-01156,56,Female,3,One Year,Credit Card,Fiber Optic,Yes,Yes,Yes,4,4.6,100.63,370.14,0.3531,35.3,Low,No
CUST-01157,32,Female,3,Month-to-Month,Mailed Check,No,No,No,No,2,3.4,23.44,90.69,0.6083,60.8,Medium,No
CUST-01158,73,Male,25,One Year,Electronic Check,Fiber Optic,Yes,No,No,1,3.7,118.11,2815.71,0.4484,44.8,Medium,No
CUST-01159,55,Female,25,Month-to-Month,Electronic Check,No,Yes,No Internet,No Internet,1,4.3,29.75,758.23,0.5605,56.0,Medium,No
CUST-01160,37,Male,45,One Year,Mailed Check,Fiber Optic,No Internet,Yes,No,3,2.7,85.35,3596.07,0.4049,40.5,Medium,No
CUST-01161,18,Male,33,Month-to-Month,Electronic Check,No,Yes,No,No,3,2.1,23.77,819.77,0.6129,61.3,Medium,No
CUST-01162,74,Female,14,Month-to-Month,Mailed Check,No,Yes,No,No,4,2.1,18.0,246.47,0.5507,55.1,Medium,No
CUST-01163,22,Female,22,Two Year,Credit Card,No,No,No,No Internet,1,2.2,30.49,676.4,0.2821,28.2,Low,No
CUST-01164,18,Male,27,Two Year,Credit Card,DSL,No,Yes,No,3,2.1,54.94,1481.53,0.2199,22.0,Low,No
CUST-01165,56,Male,17,Two Year,Electronic Check,No,No,Yes,No,2,4.4,20.05,374.66,0.3969,39.7,Low,No
CUST-01166,76,Female,15,One Year,Electronic Check,No,No,No Internet,Yes,3,1.1,18.0,277.77,0.444,44.4,Medium,No
CUST-01167,61,Female,24,One Year,Electronic Check,Fiber Optic,No,Yes,No,5,3.8,108.35,2466.7,0.6008,60.1,Medium,No
CUST-01168,49,Male,19,One Year,Bank Transfer,Fiber Optic,No,No,Yes,3,1.9,68.93,1353.11,0.441,44.1,Medium,No
CUST-01169,50,Female,24,Month-to-Month,Mailed Check,DSL,No,Yes,No Internet,1,5.0,61.61,1553.72,0.5213,52.1,Medium,No
CUST-01170,53,Male,22,Month-to-Month,Credit Card,Fiber Optic,Yes,Yes,Yes,4,3.6,113.24,2475.86,0.6835,68.4,Medium,Yes
CUST-01171,52,Male,30,Month-to-Month,Bank Transfer,DSL,No,No,Yes,0,2.2,52.57,1615.47,0.544,54.4,Medium,No
CUST-01172,45,Female,24,Two Year,Electronic Check,Fiber Optic,No,No Internet,No,3,2.6,77.03,1768.32,0.6504,65.0,Medium,Yes
CUST-01173,43,Male,17,Month-to-Month,Bank Transfer,DSL,Yes,No,No,4,3.1,43.17,748.93,0.3981,39.8,Low,No
CUST-01174,41,Male,27,Two Year,Electronic Check,Fiber Optic,No,No,No,6,3.9,60.48,1566.24,0.6299,63.0,Medium,Yes
CUST-01175,31,Female,14,Month-to-Month,Electronic Check,Fiber Optic,No,No,Yes,5,3.6,108.39,1530.0,0.9359,93.6,High,Yes
CUST-01176,38,Female,6,One Year,Electronic Check,Fiber Optic,No,No,Yes,2,3.2,106.65,743.68,0.5541,55.4,Medium,No
CUST-01177,18,Male,0,Month-to-Month,Electronic Check,No,No,No,No Internet,3,2.4,28.96,29.34,0.7383,73.8,High,Yes
CUST-01178,40,Female,19,Month-to-Month,Bank Transfer,Fiber Optic,No,No Internet,No,2,2.9,79.88,1512.49,0.7677,76.8,High,Yes
CUST-01179,28,Female,21,Two Year,Mailed Check,No,No,No,No Internet,3,4.7,18.0,415.19,0.1926,19.3,Low,No
CUST-01180,26,Male,72,Month-to-Month,Electronic Check,No,No Internet,No,No,2,5.0,18.0,1238.73,0.5397,54.0,Medium,No
CUST-01181,44,Female,10,Month-to-Month,Credit Card,DSL,No,No,No,2,4.4,42.37,429.96,0.5444,54.4,Medium,No
CUST-01182,61,Male,12,Month-to-Month,Mailed Check,Fiber Optic,No,Yes,No,1,2.1,70.09,938.61,0.8419,84.2,High,Yes
CUST-01183,54,Male,5,Month-to-Month,Electronic Check,Fiber Optic,Yes,Yes,No,2,4.8,78.37,469.02,0.8303,83.0,High,Yes
CUST-01184,20,Female,1,Month-to-Month,Electronic Check,DSL,No,Yes,No Internet,4,2.8,52.82,105.84,0.7535,75.4,High,Yes
CUST-01185,28,Female,35,One Year,Bank Transfer,Fiber Optic,No Internet,No,Yes,5,3.2,82.92,3042.27,0.3609,36.1,Low,No
CUST-01186,55,Male,6,Month-to-Month,Credit Card,DSL,No,Yes,No,5,1.8,43.2,317.5,0.6934,69.3,Medium,Yes
CUST-01187,28,Male,22,One Year,Bank Transfer,No,Yes,No,No,1,3.3,21.62,468.73,0.1593,15.9,Low,No
CUST-01188,38,Male,27,Month-to-Month,Credit Card,Fiber Optic,No,No Internet,No,3,2.3,86.19,2370.38,0.8262,82.6,High,Yes
CUST-01189,49,Male,15,Two Year,Mailed Check,DSL,Yes,No,No,6,4.7,53.76,865.01,0.1766,17.7,Low,No
CUST-01190,28,Male,50,One Year,Mailed Check,No,No,Yes,No,1,5.0,18.0,846.33,0.1373,13.7,Low,No
CUST-01191,43,Male,14,Month-to-Month,Mailed Check,No,No,No Internet,Yes,4,3.2,24.46,347.1,0.5109,51.1,Medium,No
CUST-01192,23,Female,8,Month-to-Month,Bank Transfer,No,No,Yes,Yes,5,3.7,24.17,205.78,0.5593,55.9,Medium,No
CUST-01193,33,Male,54,Month-to-Month,Mailed Check,No,No Internet,No,No Internet,3,2.9,18.0,939.63,0.4518,45.2,Medium,No
CUST-01194,46,Male,47,One Year,Credit Card,Fiber Optic,No,No,No Internet,2,3.3,85.11,4116.86,0.3831,38.3,Low,No
CUST-01195,19,Female,4,One Year,Electronic Check,No,No,Yes,Yes,3,2.5,27.47,135.82,0.392,39.2,Low,No
CUST-01196,48,Female,0,Two Year,Mailed Check,No,No,Yes,Yes,5,3.5,18.0,18.13,0.2256,22.6,Low,No
CUST-01197,41,Male,2,Month-to-Month,Mailed Check,DSL,No,Yes,Yes,1,3.6,47.94,140.49,0.5464,54.6,Medium,No
CUST-01198,49,Male,8,Month-to-Month,Bank Transfer,Fiber Optic,No,Yes,Yes,3,3.5,71.21,668.65,0.8011,80.1,High,Yes
CUST-01199,45,Female,72,Month-to-Month,Electronic Check,Fiber Optic,Yes,Yes,No,1,4.0,92.67,6616.75,0.7336,73.4,High,Yes
CUST-01200,61,Male,19,Month-to-Month,Mailed Check,Fiber Optic,No,No Internet,Yes,3,2.8,98.58,1952.93,0.7863,78.6,High,Yes
CUST-01201,43,Male,11,Month-to-Month,Mailed Check,Fiber Optic,No,No,No Internet,3,5.0,80.91,917.27,0.7782,77.8,High,Yes
CUST-01202,35,Female,52,Month-to-Month,Bank Transfer,DSL,Yes,No Internet,No,0,2.5,59.11,2847.16,0.4826,48.3,Medium,No
CUST-01203,43,Male,14,One Year,Bank Transfer,DSL,Yes,No,Yes,2,2.5,57.96,888.81,0.2154,21.5,Low,No
CUST-01204,49,Male,9,Month-to-Month,Bank Transfer,DSL,Yes,No,No,4,1.0,67.96,698.95,0.5827,58.3,Medium,No
CUST-01205,42,Male,68,Two Year,Mailed Check,Fiber Optic,No Internet,Yes,No,2,4.0,50.14,3555.25,0.2488,24.9,Low,No
CUST-01206,42,Male,45,Month-to-Month,Credit Card,No,No,Yes,Yes,0,1.0,23.12,1085.05,0.5769,57.7,Medium,No
CUST-01207,32,Male,44,Two Year,Credit Card,Fiber Optic,No,No,No,1,2.8,80.63,3411.71,0.4442,44.4,Medium,No
CUST-01208,32,Female,17,Two Year,Electronic Check,Fiber Optic,No,No Internet,Yes,4,2.4,89.77,1593.6,0.6186,61.9,Medium,No
CUST-01209,22,Male,37,Two Year,Electronic Check,DSL,No,Yes,Yes,1,1.6,75.36,2927.37,0.329,32.9,Low,No
CUST-01210,66,Male,4,One Year,Electronic Check,Fiber Optic,No,No,Yes,1,3.3,60.54,300.83,0.6119,61.2,Medium,No
CUST-01211,24,Male,20,Two Year,Mailed Check,Fiber Optic,No,Yes,No Internet,6,5.0,94.93,2080.82,0.3484,34.8,Low,No
CUST-01212,32,Female,72,One Year,Credit Card,Fiber Optic,Yes,No,No,2,4.0,110.38,8071.07,0.246,24.6,Low,No
CUST-01213,31,Female,8,Month-to-Month,Bank Transfer,DSL,No,No,No,2,2.4,50.32,445.68,0.5488,54.9,Medium,No
CUST-01214,54,Male,37,One Year,Credit Card,DSL,No,No,No Internet,2,5.0,54.05,2155.18,0.1872,18.7,Low,No
CUST-01215,37,Female,16,One Year,Electronic Check,Fiber Optic,No,Yes,Yes,0,2.4,101.99,1699.47,0.5865,58.7,Medium,No
CUST-01216,59,Male,0,Two Year,Bank Transfer,Fiber Optic,No,Yes,No Internet,2,4.4,91.85,95.99,0.4041,40.4,Medium,No
CUST-01217,32,Male,34,Month-to-Month,Electronic Check,DSL,No,No,No,4,1.3,41.43,1307.69,0.7461,74.6,High,Yes
CUST-01218,45,Male,4,Month-to-Month,Electronic Check,No,No,No Internet,No,7,2.9,25.9,127.24,0.8022,80.2,High,Yes
CUST-01219,30,Male,23,One Year,Bank Transfer,DSL,No,Yes,No Internet,2,1.9,45.21,1023.57,0.2334,23.3,Low,No
CUST-01220,72,Male,2,Two Year,Electronic Check,No,Yes,No,No,3,5.0,27.52,79.2,0.1998,20.0,Low,No
CUST-01221,25,Female,70,Month-to-Month,Bank Transfer,DSL,No,No,No Internet,1,2.4,51.31,3326.76,0.5234,52.3,Medium,No
CUST-01222,46,Male,8,Month-to-Month,Bank Transfer,DSL,No Internet,Yes,No Internet,4,2.1,53.36,451.25,0.5349,53.5,Medium,No
CUST-01223,50,Female,6,Month-to-Month,Credit Card,No,No,No,Yes,1,3.7,32.37,223.29,0.5664,56.6,Medium,No
CUST-01224,47,Male,3,Month-to-Month,Electronic Check,DSL,No Internet,Yes,Yes,3,2.9,59.2,238.74,0.6991,69.9,Medium,Yes
CUST-01225,39,Male,70,Month-to-Month,Bank Transfer,No,Yes,No,Yes,1,5.0,25.51,1877.41,0.3813,38.1,Low,No
CUST-01226,40,Male,29,Month-to-Month,Credit Card,Fiber Optic,Yes,No,Yes,0,3.5,87.71,2459.64,0.6275,62.8,Medium,Yes
CUST-01227,42,Female,32,Two Year,Credit Card,No,No,No,No,1,3.3,19.5,655.93,0.2147,21.5,Low,No
CUST-01228,39,Male,16,Month-to-Month,Bank Transfer,DSL,Yes,Yes,Yes,2,4.0,37.38,574.25,0.3606,36.1,Low,No
CUST-01229,55,Female,15,Month-to-Month,Bank Transfer,No,Yes,No Internet,No,3,3.0,24.4,403.7,0.381,38.1,Low,No
CUST-01230,72,Male,2,One Year,Mailed Check,Fiber Optic,No,Yes,No,4,3.5,93.79,278.33,0.4103,41.0,Medium,No
CUST-01231,34,Male,19,Two Year,Bank Transfer,DSL,Yes,No,No Internet,2,2.3,50.98,1046.99,0.073,7.3,Low,No
CUST-01232,22,Male,6,Two Year,Bank Transfer,No,Yes,No Internet,Yes,1,2.5,18.0,118.22,0.1792,17.9,Low,No
CUST-01233,40,Male,72,Month-to-Month,Bank Transfer,Fiber Optic,No Internet,No,Yes,6,2.2,66.62,4649.04,0.7341,73.4,High,Yes
CUST-01234,78,Male,38,Two Year,Credit Card,DSL,Yes,Yes,Yes,2,3.6,54.79,1954.25,0.0621,6.2,Low,No
CUST-01235,30,Male,12,Month-to-Month,Mailed Check,No,Yes,No Internet,No Internet,1,2.5,18.0,213.37,0.5263,52.6,Medium,No
CUST-01236,64,Female,3,One Year,Electronic Check,Fiber Optic,Yes,Yes,No,2,4.1,71.12,291.3,0.4991,49.9,Medium,No
CUST-01237,65,Male,36,One Year,Mailed Check,Fiber Optic,No Internet,No Internet,No Internet,3,2.2,86.19,3012.2,0.2892,28.9,Low,No
CUST-01238,34,Female,3,Month-to-Month,Electronic Check,DSL,No,Yes,No Internet,5,2.1,63.58,242.34,0.8466,84.7,High,Yes
CUST-01239,49,Male,5,Month-to-Month,Mailed Check,DSL,Yes,No,No Internet,1,3.5,51.05,300.05,0.3972,39.7,Low,No
CUST-01240,64,Female,5,Month-to-Month,Electronic Check,Fiber Optic,Yes,Yes,Yes,3,3.4,65.74,394.68,0.8513,85.1,High,Yes
CUST-01241,36,Female,19,Two Year,Mailed Check,Fiber Optic,No,Yes,No,2,4.1,74.46,1350.7,0.4102,41.0,Medium,No
CUST-01242,39,Male,37,Month-to-Month,Credit Card,Fiber Optic,Yes,Yes,No Internet,4,1.9,90.87,3405.18,0.6686,66.9,Medium,Yes
CUST-01243,33,Male,9,One Year,Mailed Check,Fiber Optic,No Internet,Yes,Yes,0,1.5,102.92,1020.46,0.4229,42.3,Medium,No
CUST-01244,27,Female,2,Month-to-Month,Electronic Check,Fiber Optic,No,No Internet,No,5,4.5,68.96,212.58,0.97,97.0,High,Yes
CUST-01245,32,Female,14,Month-to-Month,Mailed Check,DSL,Yes,No,No,2,1.7,56.61,783.93,0.445,44.5,Medium,No
CUST-01246,24,Male,33,Two Year,Electronic Check,DSL,No Internet,Yes,No,1,4.1,64.25,2113.6,0.2527,25.3,Low,No
CUST-01247,42,Male,6,One Year,Mailed Check,DSL,No,Yes,No Internet,2,1.0,38.32,260.5,0.284,28.4,Low,No
CUST-01248,31,Female,5,Two Year,Mailed Check,Fiber Optic,Yes,No,No,5,3.8,80.48,495.98,0.374,37.4,Low,No
CUST-01249,45,Male,70,Month-to-Month,Credit Card,DSL,No,No,No,3,3.2,47.15,3194.9,0.6143,61.4,Medium,No
CUST-01250,20,Female,72,Month-to-Month,Electronic Check,Fiber Optic,No,No Internet,No,2,3.6,75.11,5001.38,0.8561,85.6,High,Yes
CUST-01251,46,Male,72,Month-to-Month,Bank Transfer,No,Yes,No,No,5,4.0,37.57,2715.7,0.4445,44.5,Medium,No
CUST-01252,53,Male,39,Month-to-Month,Credit Card,DSL,No,No,No Internet,3,4.2,47.22,1887.47,0.5645,56.4,Medium,No
CUST-01253,18,Female,5,Month-to-Month,Credit Card,No,Yes,No,No Internet,5,3.7,23.74,140.64,0.5778,57.8,Medium,No
CUST-01254,47,Female,5,One Year,Electronic Check,Fiber Optic,No Internet,No,No Internet,4,4.1,81.35,475.16,0.4886,48.9,Medium,No
CUST-01255,59,Male,9,Month-to-Month,Mailed Check,DSL,No,Yes,No,3,4.4,45.29,422.09,0.5221,52.2,Medium,No
CUST-01256,25,Male,9,Month-to-Month,Electronic Check,DSL,Yes,Yes,No,1,4.6,57.35,562.49,0.5992,59.9,Medium,No
CUST-01257,65,Female,72,Month-to-Month,Mailed Check,No,No,Yes,Yes,1,3.8,27.18,1796.47,0.4266,42.7,Medium,No
CUST-01258,47,Female,37,One Year,Electronic Check,DSL,No,No,Yes,5,2.2,64.55,2416.13,0.4721,47.2,Medium,No
CUST-01259,32,Male,30,One Year,Credit Card,DSL,No Internet,No,Yes,0,2.9,55.75,1682.22,0.143,14.3,Low,No
CUST-01260,41,Female,4,Month-to-Month,Electronic Check,Fiber Optic,No,No,No,1,3.1,104.74,546.16,0.8217,82.2,High,Yes
CUST-01261,49,Female,57,Month-to-Month,Mailed Check,DSL,No Internet,Yes,Yes,0,2.5,71.39,3925.28,0.3998,40.0,Medium,No
CUST-01262,43,Female,42,Month-to-Month,Mailed Check,Fiber Optic,No,No,Yes,2,1.9,80.98,3145.29,0.7286,72.9,High,Yes
CUST-01263,49,Female,4,Two Year,Credit Card,Fiber Optic,Yes,Yes,Yes,3,4.2,101.18,512.99,0.3089,30.9,Low,No
CUST-01264,29,Male,49,Two Year,Bank Transfer,Fiber Optic,No Internet,No,No,5,3.5,63.36,2930.88,0.2315,23.2,Low,No
CUST-01265,44,Female,7,One Year,Electronic Check,No,No,No Internet,Yes,3,2.5,22.21,174.42,0.4493,44.9,Medium,No
CUST-01266,22,Female,2,Month-to-Month,Electronic Check,Fiber Optic,No,No,No,3,3.2,120.0,335.6,0.8624,86.2,High,Yes
CUST-01267,40,Male,25,Month-to-Month,Electronic Check,No,No Internet,No Internet,No,4,3.5,25.21,642.95,0.5969,59.7,Medium,No
CUST-01268,29,Male,25,One Year,Bank Transfer,No,No,No Internet,No,4,1.9,18.0,461.99,0.25,25.0,Low,No
CUST-01269,31,Male,2,Two Year,Bank Transfer,No,Yes,No,No Internet,1,2.3,19.85,59.51,0.227,22.7,Low,No
CUST-01270,59,Female,9,Two Year,Bank Transfer,No,No Internet,Yes,Yes,3,2.9,18.0,172.07,0.2012,20.1,Low,No
CUST-01271,57,Male,72,Two Year,Electronic Check,No,Yes,Yes,No Internet,3,3.0,24.92,1653.92,0.35,35.0,Low,No
CUST-01272,50,Female,27,Month-to-Month,Bank Transfer,Fiber Optic,No,No,No,4,1.4,75.2,2083.57,0.7496,75.0,High,Yes
CUST-01273,26,Female,31,Two Year,Bank Transfer,Fiber Optic,Yes,No Internet,Yes,3,4.0,94.69,3120.01,0.24,24.0,Low,No
CUST-01274,37,Female,5,One Year,Credit Card,DSL,No,No,No,2,3.2,66.67,391.55,0.2063,20.6,Low,No
CUST-01275,58,Female,1,Two Year,Bank Transfer,DSL,No,Yes,No Internet,2,2.9,59.6,111.75,0.3086,30.9,Low,No
CUST-01276,43,Female,7,Month-to-Month,Electronic Check,Fiber Optic,No,No Internet,No,3,2.4,80.41,618.85,0.9328,93.3,High,Yes
CUST-01277,74,Male,6,Month-to-Month,Mailed Check,DSL,No,No,No,2,2.1,41.16,282.66,0.6313,63.1,Medium,Yes
CUST-01278,47,Female,6,Month-to-Month,Electronic Check,DSL,No Internet,No,No Internet,4,3.2,52.85,337.82,0.6169,61.7,Medium,No
CUST-01279,44,Male,5,Month-to-Month,Bank Transfer,No,No,No,No,1,3.4,23.44,138.56,0.5169,51.7,Medium,No
CUST-01280,37,Female,20,Month-to-Month,Bank Transfer,DSL,No,No Internet,No,2,5.0,41.87,805.76,0.4693,46.9,Medium,No
CUST-01281,43,Male,9,Two Year,Electronic Check,DSL,No,No Internet,No Internet,4,5.0,62.05,575.0,0.3645,36.5,Low,No
CUST-01282,39,Female,41,Month-to-Month,Electronic Check,DSL,No,No Internet,No,4,2.6,64.32,2590.56,0.7795,77.9,High,Yes
CUST-01283,51,Female,4,Month-to-Month,Electronic Check,DSL,No,No,No,2,2.1,40.51,206.58,0.753,75.3,High,Yes
CUST-01284,55,Female,14,Month-to-Month,Credit Card,No,No,No,No,2,1.8,18.0,276.36,0.537,53.7,Medium,No
CUST-01285,30,Male,0,Month-to-Month,Electronic Check,Fiber Optic,No,No,No Internet,3,3.3,67.95,64.04,0.8489,84.9,High,Yes
CUST-01286,23,Male,15,Two Year,Mailed Check,DSL,No,No Internet,Yes,0,1.8,72.29,1134.31,0.2536,25.4,Low,No
CUST-01287,18,Female,1,Month-to-Month,Electronic Check,DSL,No,Yes,Yes,3,1.7,63.23,115.59,0.8447,84.5,High,Yes
CUST-01288,49,Male,72,Month-to-Month,Mailed Check,Fiber Optic,No,Yes,Yes,2,2.4,103.99,7968.22,0.7727,77.3,High,Yes
CUST-01289,26,Female,37,Two Year,Bank Transfer,Fiber Optic,Yes,Yes,Yes,1,2.5,82.21,3118.02,0.2973,29.7,Low,No
CUST-01290,18,Male,16,Two Year,Credit Card,Fiber Optic,No Internet,No,Yes,4,2.4,81.93,1300.37,0.3487,34.9,Low,No
CUST-01291,47,Female,2,Month-to-Month,Electronic Check,Fiber Optic,No,Yes,No Internet,4,1.4,87.61,272.02,0.8964,89.6,High,Yes
CUST-01292,76,Male,21,One Year,Bank Transfer,Fiber Optic,No,No,No Internet,2,3.1,76.33,1599.43,0.4964,49.6,Medium,No
CUST-01293,41,Female,34,One Year,Mailed Check,No,Yes,Yes,Yes,1,3.1,31.82,1048.31,0.1108,11.1,Low,No
CUST-01294,53,Female,5,One Year,Credit Card,DSL,No,Yes,No,3,4.7,63.03,357.23,0.1545,15.4,Low,No
CUST-01295,43,Male,20,Month-to-Month,Electronic Check,Fiber Optic,No,Yes,No,1,1.8,78.33,1600.36,0.8631,86.3,High,Yes
CUST-01296,40,Male,40,Two Year,Electronic Check,Fiber Optic,No Internet,No,Yes,1,3.8,105.6,3918.37,0.4612,46.1,Medium,No
CUST-01297,54,Male,35,Month-to-Month,Mailed Check,Fiber Optic,Yes,Yes,Yes,3,5.0,95.93,3445.6,0.6176,61.8,Medium,No
CUST-01298,37,Female,38,Month-to-Month,Electronic Check,No,Yes,Yes,Yes,1,1.6,20.09,816.55,0.6245,62.4,Medium,Yes
CUST-01299,45,Female,50,Month-to-Month,Electronic Check,Fiber Optic,No Internet,No Internet,No,2,2.0,102.11,5323.9,0.8508,85.1,High,Yes
CUST-01300,46,Female,66,Month-to-Month,Bank Transfer,No,Yes,No Internet,No,4,1.8,31.77,2174.7,0.4109,41.1,Medium,No
CUST-01301,32,Female,12,Two Year,Bank Transfer,Fiber Optic,No,No Internet,Yes,3,3.7,64.25,848.7,0.4024,40.2,Medium,No
CUST-01302,55,Male,20,One Year,Mailed Check,No,Yes,No,Yes,5,3.6,27.52,551.05,0.1615,16.1,Low,No
CUST-01303,39,Male,37,Month-to-Month,Bank Transfer,Fiber Optic,No,No Internet,No Internet,0,4.2,92.19,3252.97,0.725,72.5,High,Yes
CUST-01304,31,Male,28,Month-to-Month,Mailed Check,Fiber Optic,Yes,No,No,5,3.3,111.21,3054.65,0.6827,68.3,Medium,Yes
CUST-01305,49,Male,72,Month-to-Month,Bank Transfer,Fiber Optic,No,No Internet,No,2,5.0,74.74,5051.83,0.6198,62.0,Medium,No
CUST-01306,29,Female,0,Two Year,Bank Transfer,DSL,No,Yes,No Internet,4,3.8,61.44,63.14,0.2542,25.4,Low,No
CUST-01307,42,Female,10,One Year,Bank Transfer,Fiber Optic,No Internet,Yes,No,8,4.6,102.86,1089.77,0.4989,49.9,Medium,No
CUST-01308,41,Male,7,One Year,Electronic Check,DSL,Yes,Yes,No,1,3.4,54.27,443.62,0.2585,25.9,Low,No
CUST-01309,57,Female,7,One Year,Electronic Check,No,No,No Internet,No,1,2.8,31.67,239.06,0.3882,38.8,Low,No
CUST-01310,48,Female,6,One Year,Mailed Check,Fiber Optic,Yes,No,No,2,3.0,102.57,661.67,0.3368,33.7,Low,No
CUST-01311,41,Male,29,One Year,Mailed Check,Fiber Optic,No Internet,No,No Internet,2,4.7,111.3,3441.13,0.2589,25.9,Low,No
CUST-01312,53,Male,2,Month-to-Month,Bank Transfer,No,No,No,No,1,4.1,24.88,76.12,0.5469,54.7,Medium,No
CUST-01313,61,Male,32,Two Year,Mailed Check,DSL,No,No Internet,No,0,4.0,48.39,1570.39,0.1551,15.5,Low,No
CUST-01314,49,Female,28,One Year,Electronic Check,No,Yes,No Internet,Yes,5,4.3,30.13,802.55,0.2284,22.8,Low,No
CUST-01315,42,Female,6,One Year,Electronic Check,Fiber Optic,No,No,No,3,3.5,72.48,482.22,0.6225,62.3,Medium,Yes
CUST-01316,23,Female,6,Two Year,Electronic Check,Fiber Optic,No,No,No,1,5.0,65.78,418.39,0.4831,48.3,Medium,No
CUST-01317,27,Male,23,Two Year,Bank Transfer,Fiber Optic,No,Yes,Yes,2,3.0,91.33,2268.05,0.4679,46.8,Medium,No
CUST-01318,37,Male,34,Two Year,Mailed Check,No,No,No,No,2,3.3,18.07,592.0,0.241,24.1,Low,No
CUST-01319,33,Female,50,Two Year,Bank Transfer,No,Yes,No Internet,No Internet,4,2.7,21.75,1085.39,0.2156,21.6,Low,No
CUST-01320,39,Female,45,Month-to-Month,Mailed Check,No,No,No,Yes,0,3.7,38.76,1856.56,0.4207,42.1,Medium,No
CUST-01321,42,Female,72,Month-to-Month,Credit Card,Fiber Optic,No Internet,No,No Internet,1,1.3,52.71,3822.7,0.6838,68.4,Medium,Yes
CUST-01322,49,Female,20,One Year,Credit Card,No,No Internet,Yes,Yes,1,1.0,20.39,425.39,0.2919,29.2,Low,No
CUST-01323,41,Male,57,Month-to-Month,Bank Transfer,Fiber Optic,No,Yes,No,0,2.5,73.92,4394.23,0.6688,66.9,Medium,Yes
CUST-01324,48,Female,39,Two Year,Credit Card,DSL,Yes,Yes,No Internet,4,3.8,51.62,2073.09,0.125,12.5,Low,No
CUST-01325,42,Female,54,One Year,Mailed Check,No,No,No,No,3,4.3,18.13,970.09,0.1779,17.8,Low,No
CUST-01326,18,Male,0,One Year,Credit Card,Fiber Optic,Yes,No,Yes,2,1.8,96.64,88.75,0.3577,35.8,Low,No
CUST-01327,28,Female,72,Two Year,Credit Card,Fiber Optic,Yes,No Internet,No Internet,1,1.4,95.43,6788.75,0.3008,30.1,Low,No
CUST-01328,39,Male,15,Month-to-Month,Credit Card,Fiber Optic,No,No,Yes,3,2.4,84.27,1250.29,0.7761,77.6,High,Yes
CUST-01329,25,Male,38,One Year,Bank Transfer,DSL,No Internet,Yes,No,2,2.4,63.02,2393.33,0.0885,8.9,Low,No
CUST-01330,50,Male,3,One Year,Bank Transfer,Fiber Optic,Yes,Yes,No,1,3.4,89.72,324.17,0.2665,26.6,Low,No
CUST-01331,63,Male,12,Month-to-Month,Mailed Check,Fiber Optic,Yes,No Internet,No,3,3.3,79.9,989.75,0.6725,67.3,Medium,Yes
CUST-01332,59,Male,7,Month-to-Month,Electronic Check,No,No,No,No,1,4.8,22.66,164.66,0.5132,51.3,Medium,No
CUST-01333,39,Male,8,Two Year,Mailed Check,Fiber Optic,Yes,No,No,4,2.7,103.49,858.61,0.3221,32.2,Low,No
CUST-01334,62,Female,3,One Year,Credit Card,Fiber Optic,No,No,Yes,1,1.7,90.35,362.93,0.4662,46.6,Medium,No
CUST-01335,44,Male,39,Two Year,Electronic Check,DSL,Yes,Yes,No,3,3.5,54.83,2295.07,0.24,24.0,Low,No
CUST-01336,37,Male,0,Month-to-Month,Bank Transfer,No,Yes,Yes,Yes,0,2.1,30.44,29.97,0.418,41.8,Medium,No
CUST-01337,33,Male,8,Month-to-Month,Mailed Check,Fiber Optic,No,Yes,Yes,5,2.2,84.07,700.2,0.8112,81.1,High,Yes
CUST-01338,37,Female,4,Month-to-Month,Mailed Check,DSL,No Internet,Yes,No,1,5.0,51.66,247.06,0.3742,37.4,Low,No
CUST-01339,36,Male,21,Month-to-Month,Credit Card,Fiber Optic,No,No,No,0,4.2,85.36,1756.14,0.7469,74.7,High,Yes
CUST-01340,44,Male,7,Two Year,Credit Card,DSL,No Internet,No,Yes,3,2.7,53.11,385.44,0.1838,18.4,Low,No
CUST-01341,44,Female,7,Month-to-Month,Bank Transfer,Fiber Optic,Yes,No Internet,No,2,5.0,67.63,561.04,0.6357,63.6,Medium,Yes
CUST-01342,42,Female,16,Two Year,Electronic Check,Fiber Optic,No Internet,No Internet,No,4,4.1,83.22,1388.32,0.4577,45.8,Medium,No
CUST-01343,48,Female,25,Two Year,Mailed Check,DSL,No,No,No,4,3.6,30.31,726.85,0.2097,21.0,Low,No
CUST-01344,58,Male,3,Two Year,Mailed Check,No,No Internet,No,No,1,2.5,24.19,97.91,0.0685,6.8,Low,No
CUST-01345,55,Male,4,Month-to-Month,Mailed Check,DSL,No,No,No Internet,1,1.0,66.26,306.68,0.7092,70.9,High,Yes
CUST-01346,21,Female,6,Two Year,Electronic Check,No,Yes,Yes,No,0,2.3,29.29,190.88,0.203,20.3,Low,No
CUST-01347,18,Male,72,Month-to-Month,Mailed Check,DSL,Yes,No Internet,No,1,2.7,58.23,4209.27,0.4044,40.4,Medium,No
CUST-01348,55,Male,12,Month-to-Month,Electronic Check,Fiber Optic,No,No,Yes,2,1.9,92.8,1162.93,0.8689,86.9,High,Yes
CUST-01349,22,Male,21,Month-to-Month,Bank Transfer,Fiber Optic,Yes,No Internet,No,5,3.3,88.29,2008.83,0.7127,71.3,High,Yes
CUST-01350,38,Female,6,Two Year,Electronic Check,No,No Internet,No Internet,No,3,1.0,26.62,184.38,0.3616,36.2,Low,No
CUST-01351,25,Male,16,Month-to-Month,Mailed Check,DSL,Yes,No,No,3,4.7,42.83,675.23,0.3641,36.4,Low,No
CUST-01352,18,Female,1,Month-to-Month,Electronic Check,No,No,Yes,No Internet,6,2.7,28.77,55.88,0.8176,81.8,High,Yes
CUST-01353,49,Female,0,Month-to-Month,Credit Card,Fiber Optic,Yes,No,Yes,1,4.0,81.62,82.36,0.706,70.6,High,Yes
CUST-01354,52,Male,15,Month-to-Month,Mailed Check,Fiber Optic,Yes,No,No,3,4.0,95.4,1511.16,0.666,66.6,Medium,Yes
CUST-01355,33,Female,12,Month-to-Month,Electronic Check,Fiber Optic,No,No,Yes,2,1.8,83.1,1024.32,0.9228,92.3,High,Yes
CUST-01356,18,Female,3,Two Year,Mailed Check,Fiber Optic,No,Yes,No,2,1.3,108.92,417.37,0.58,58.0,Medium,No
CUST-01357,34,Female,27,One Year,Credit Card,Fiber Optic,No Internet,No,No Internet,4,2.5,58.59,1640.26,0.3881,38.8,Low,No
CUST-01358,47,Male,72,Two Year,Bank Transfer,DSL,Yes,No Internet,No,5,3.6,59.27,4230.87,0.1641,16.4,Low,No
CUST-01359,21,Female,12,One Year,Bank Transfer,DSL,No Internet,No Internet,No,2,3.4,60.82,720.34,0.0685,6.8,Low,No
CUST-01360,44,Male,23,Two Year,Electronic Check,Fiber Optic,No,Yes,No,2,4.5,63.02,1485.71,0.6039,60.4,Medium,No
CUST-01361,41,Female,72,Month-to-Month,Bank Transfer,Fiber Optic,No Internet,No Internet,Yes,3,3.6,87.59,6190.85,0.6304,63.0,Medium,Yes
CUST-01362,50,Male,42,One Year,Bank Transfer,DSL,Yes,Yes,No,4,3.7,33.13,1456.27,0.1906,19.1,Low,No
CUST-01363,43,Male,14,One Year,Bank Transfer,DSL,No,No Internet,No,1,2.3,45.07,619.84,0.2339,23.4,Low,No
CUST-01364,28,Female,32,Month-to-Month,Credit Card,DSL,No,Yes,No,0,2.9,47.21,1402.38,0.4499,45.0,Medium,No
CUST-01365,58,Female,3,Two Year,Electronic Check,DSL,No,No Internet,No,2,2.9,61.61,252.14,0.3693,36.9,Low,No
CUST-01366,39,Female,17,One Year,Electronic Check,No,Yes,No,Yes,2,3.9,27.79,466.05,0.3153,31.5,Low,No
CUST-01367,41,Male,7,Two Year,Credit Card,DSL,No,No,No,5,4.0,57.2,414.0,0.3837,38.4,Low,No
CUST-01368,28,Male,4,One Year,Bank Transfer,No,Yes,Yes,No Internet,2,2.9,27.23,127.05,0.1188,11.9,Low,No
CUST-01369,35,Female,13,Month-to-Month,Electronic Check,DSL,No,Yes,Yes,0,3.0,67.78,980.14,0.626,62.6,Medium,Yes
CUST-01370,29,Female,3,One Year,Mailed Check,Fiber Optic,No,No,No,2,3.6,104.88,388.34,0.4199,42.0,Medium,No
CUST-01371,39,Female,28,Month-to-Month,Credit Card,Fiber Optic,No,No Internet,No,0,5.0,90.03,2475.1,0.703,70.3,High,Yes
CUST-01372,65,Male,14,One Year,Electronic Check,DSL,No Internet,No,No Internet,4,1.3,53.47,795.3,0.3841,38.4,Low,No
CUST-01373,22,Male,18,One Year,Electronic Check,DSL,Yes,No Internet,No,4,2.2,45.12,794.63,0.3771,37.7,Low,No
CUST-01374,19,Female,3,Two Year,Electronic Check,DSL,No,No,No,2,2.2,61.22,244.09,0.4262,42.6,Medium,No
CUST-01375,62,Female,3,Month-to-Month,Credit Card,Fiber Optic,No,No Internet,No,1,1.8,89.63,360.67,0.7557,75.6,High,Yes
CUST-01376,39,Male,21,Month-to-Month,Credit Card,DSL,No,No,Yes,1,2.3,53.22,1094.33,0.5738,57.4,Medium,No
CUST-01377,32,Female,72,Month-to-Month,Mailed Check,DSL,No Internet,Yes,No,2,3.6,64.1,4278.92,0.3296,33.0,Low,No
CUST-01378,56,Female,2,Month-to-Month,Mailed Check,DSL,No Internet,No Internet,No,2,4.2,52.44,151.07,0.3544,35.4,Low,No
CUST-01379,33,Male,8,Two Year,Electronic Check,DSL,No Internet,Yes,No,1,3.5,44.53,402.69,0.3236,32.4,Low,No
CUST-01380,67,Male,48,Two Year,Electronic Check,No,No Internet,No Internet,Yes,1,3.4,18.53,927.97,0.2901,29.0,Low,No
CUST-01381,51,Male,1,One Year,Credit Card,Fiber Optic,No Internet,Yes,No,2,2.2,107.28,194.28,0.2641,26.4,Low,No
CUST-01382,35,Female,50,Two Year,Electronic Check,Fiber Optic,No,Yes,Yes,4,1.0,90.04,4502.43,0.7313,73.1,High,Yes
CUST-01383,72,Male,17,Month-to-Month,Mailed Check,No,No Internet,Yes,No,2,3.6,18.0,304.11,0.4419,44.2,Medium,No
CUST-01384,33,Male,12,Month-to-Month,Bank Transfer,Fiber Optic,No,No,No Internet,2,4.7,83.75,1047.83,0.7859,78.6,High,Yes
CUST-01385,52,Female,8,Month-to-Month,Electronic Check,DSL,Yes,Yes,Yes,1,4.3,76.92,677.96,0.5071,50.7,Medium,No
CUST-01386,46,Male,8,Two Year,Mailed Check,Fiber Optic,Yes,No Internet,Yes,3,3.1,67.3,611.93,0.3209,32.1,Low,No
CUST-01387,60,Male,8,One Year,Bank Transfer,Fiber Optic,Yes,Yes,No Internet,3,3.3,57.35,467.62,0.3111,31.1,Low,No
CUST-01388,63,Male,51,One Year,Bank Transfer,Fiber Optic,No,Yes,No,0,4.7,82.14,3953.31,0.3123,31.2,Low,No
CUST-01389,42,Female,30,Month-to-Month,Electronic Check,Fiber Optic,No,Yes,No Internet,1,2.4,83.46,2567.73,0.878,87.8,High,Yes
CUST-01390,31,Female,26,Month-to-Month,Electronic Check,Fiber Optic,Yes,Yes,Yes,4,2.7,101.65,2651.59,0.7342,73.4,High,Yes
CUST-01391,48,Male,38,Two Year,Mailed Check,Fiber Optic,No,No,No Internet,2,1.2,105.92,3847.84,0.4385,43.9,Medium,No
CUST-01392,32,Female,7,Month-to-Month,Credit Card,DSL,Yes,Yes,No Internet,2,3.7,55.0,400.29,0.4149,41.5,Medium,No
CUST-01393,70,Female,23,One Year,Electronic Check,DSL,No Internet,Yes,Yes,1,2.7,60.94,1516.99,0.2397,24.0,Low,No
CUST-01394,43,Male,14,Month-to-Month,Credit Card,No,No Internet,Yes,Yes,1,2.9,33.45,478.89,0.4287,42.9,Medium,No
CUST-01395,36,Male,36,Month-to-Month,Bank Transfer,No,No Internet,Yes,No,3,4.0,18.67,664.25,0.5347,53.5,Medium,No
CUST-01396,44,Male,8,One Year,Credit Card,Fiber Optic,Yes,No,Yes,1,2.4,94.49,771.63,0.3388,33.9,Low,No
CUST-01397,23,Male,24,Month-to-Month,Electronic Check,No,No Internet,No,No Internet,1,3.7,23.28,588.28,0.5159,51.6,Medium,No
CUST-01398,28,Female,51,One Year,Electronic Check,DSL,No,Yes,No,1,3.8,54.5,2972.37,0.3386,33.9,Low,No
CUST-01399,58,Female,12,One Year,Electronic Check,DSL,No,Yes,No,3,2.8,57.05,776.32,0.4368,43.7,Medium,No
CUST-01400,32,Male,1,Month-to-Month,Mailed Check,DSL,No,No,No Internet,2,4.1,50.85,96.28,0.5666,56.7,Medium,No
CUST-01401,27,Male,17,One Year,Credit Card,Fiber Optic,No,Yes,No,2,3.1,85.06,1598.71,0.3883,38.8,Low,No
CUST-01402,49,Male,10,One Year,Electronic Check,DSL,No Internet,No,No,2,4.0,49.22,520.38,0.3171,31.7,Low,No
CUST-01403,58,Female,26,Month-to-Month,Mailed Check,Fiber Optic,No,No Internet,Yes,2,2.5,97.72,2527.85,0.8043,80.4,High,Yes
CUST-01404,52,Male,72,One Year,Electronic Check,Fiber Optic,No Internet,Yes,No,3,3.8,64.91,4855.69,0.4959,49.6,Medium,No
CUST-01405,55,Female,15,One Year,Bank Transfer,Fiber Optic,Yes,Yes,No Internet,5,2.8,78.76,1283.81,0.4054,40.5,Medium,No
CUST-01406,31,Male,15,Month-to-Month,Electronic Check,Fiber Optic,No,Yes,Yes,1,3.6,85.03,1321.34,0.9105,91.1,High,Yes
CUST-01407,22,Female,25,Two Year,Electronic Check,No,No,No,No,7,3.6,41.93,1054.33,0.4205,42.1,Medium,No
CUST-01408,63,Female,2,Month-to-Month,Electronic Check,No,No,Yes,No Internet,2,2.8,37.58,117.84,0.7569,75.7,High,Yes
CUST-01409,37,Male,7,Two Year,Bank Transfer,Fiber Optic,No Internet,No,No,1,2.7,89.39,687.43,0.3175,31.7,Low,No
CUST-01410,38,Male,60,Two Year,Electronic Check,Fiber Optic,No,No Internet,No,1,3.0,103.28,6484.41,0.542,54.2,Medium,No
CUST-01411,60,Female,26,Month-to-Month,Electronic Check,Fiber Optic,No,Yes,No Internet,2,3.3,115.5,3155.82,0.953,95.3,High,Yes
CUST-01412,49,Male,0,Month-to-Month,Electronic Check,No,No,Yes,Yes,3,3.8,26.85,24.6,0.7006,70.1,High,Yes
CUST-01413,48,Female,5,Month-to-Month,Credit Card,Fiber Optic,No,No,No,6,3.5,97.79,542.06,0.7913,79.1,High,Yes
CUST-01414,72,Male,27,Month-to-Month,Bank Transfer,No,Yes,Yes,No Internet,2,1.0,31.38,795.72,0.4882,48.8,Medium,No
CUST-01415,32,Female,34,Two Year,Bank Transfer,DSL,No,Yes,Yes,2,4.1,33.81,1071.26,0.1999,20.0,Low,No
CUST-01416,54,Male,43,One Year,Bank Transfer,No,No,No,No,4,3.6,18.0,784.61,0.1353,13.5,Low,No
CUST-01417,42,Female,8,Month-to-Month,Electronic Check,DSL,No Internet,Yes,No,0,4.5,69.96,573.95,0.5308,53.1,Medium,No
CUST-01418,45,Female,64,One Year,Bank Transfer,DSL,Yes,No Internet,Yes,1,4.1,52.26,3126.61,0.1031,10.3,Low,No
CUST-01419,63,Female,19,Two Year,Electronic Check,DSL,No,Yes,No,2,2.7,45.77,857.41,0.3791,37.9,Low,No
CUST-01420,49,Female,28,One Year,Mailed Check,No,Yes,No,No,0,1.9,24.44,696.71,0.0917,9.2,Low,No
CUST-01421,49,Female,21,One Year,Mailed Check,No,Yes,No,No Internet,3,5.0,26.98,554.59,0.1509,15.1,Low,No
CUST-01422,57,Male,3,One Year,Mailed Check,DSL,No,Yes,No,2,4.6,29.77,114.24,0.1594,15.9,Low,No
CUST-01423,36,Female,72,Month-to-Month,Electronic Check,DSL,Yes,Yes,No Internet,1,4.0,61.38,4270.15,0.5508,55.1,Medium,No
CUST-01424,30,Female,3,Month-to-Month,Electronic Check,No,No,Yes,Yes,4,2.3,26.62,102.16,0.8244,82.4,High,Yes
CUST-01425,27,Male,7,One Year,Credit Card,No,No,No Internet,Yes,2,1.8,23.92,198.89,0.2582,25.8,Low,No
CUST-01426,18,Female,40,Month-to-Month,Bank Transfer,DSL,Yes,No,No Internet,1,2.7,85.18,3651.13,0.4557,45.6,Medium,No
CUST-01427,70,Female,23,One Year,Electronic Check,Fiber Optic,No,Yes,No Internet,3,4.1,67.79,1481.95,0.5342,53.4,Medium,No
CUST-01428,26,Female,43,One Year,Electronic Check,Fiber Optic,Yes,No,Yes,3,1.0,73.17,2950.9,0.4917,49.2,Medium,No
CUST-01429,38,Male,17,One Year,Credit Card,No,No Internet,No,No,1,2.4,31.2,510.05,0.2021,20.2,Low,No
CUST-01430,38,Male,11,Month-to-Month,Bank Transfer,Fiber Optic,Yes,No Internet,No,5,5.0,110.55,1271.08,0.7575,75.8,High,Yes
CUST-01431,46,Male,61,Month-to-Month,Credit Card,Fiber Optic,Yes,No,No,4,2.8,109.39,6969.83,0.7592,75.9,High,Yes
CUST-01432,53,Male,0,Month-to-Month,Electronic Check,Fiber Optic,No,No Internet,No Internet,0,3.2,92.09,93.93,0.815,81.5,High,Yes
CUST-01433,54,Female,46,Month-to-Month,Mailed Check,DSL,No Internet,No,No,1,3.2,49.75,2228.86,0.3769,37.7,Low,No
CUST-01434,33,Male,6,Month-to-Month,Electronic Check,DSL,No Internet,No Internet,Yes,4,5.0,65.49,464.21,0.5143,51.4,Medium,No
CUST-01435,39,Male,45,One Year,Bank Transfer,Fiber Optic,Yes,Yes,No,4,2.8,88.53,4263.16,0.302,30.2,Low,No
CUST-01436,45,Female,3,Month-to-Month,Electronic Check,Fiber Optic,Yes,Yes,No,7,1.2,69.96,260.0,0.8871,88.7,High,Yes
CUST-01437,38,Male,20,Month-to-Month,Electronic Check,DSL,No,No Internet,No,5,4.3,66.38,1456.13,0.7442,74.4,High,Yes
CUST-01438,64,Male,52,Month-to-Month,Electronic Check,No,No Internet,No Internet,No,3,2.0,26.85,1445.28,0.6538,65.4,Medium,Yes
CUST-01439,48,Male,15,Month-to-Month,Bank Transfer,Fiber Optic,No,Yes,No Internet,1,1.6,85.13,1249.3,0.8388,83.9,High,Yes
CUST-01440,52,Male,32,Month-to-Month,Mailed Check,Fiber Optic,No,No,No Internet,4,4.9,88.66,2981.89,0.7845,78.5,High,Yes
CUST-01441,51,Female,39,Month-to-Month,Bank Transfer,DSL,Yes,No,Yes,4,4.0,54.63,2000.2,0.4315,43.2,Medium,No
CUST-01442,58,Female,32,Two Year,Credit Card,No,Yes,Yes,No,3,2.8,18.0,537.25,0.1946,19.5,Low,No
CUST-01443,44,Female,62,Month-to-Month,Bank Transfer,No,No,Yes,No,6,4.5,18.0,1150.66,0.5282,52.8,Medium,No
CUST-01444,23,Male,14,One Year,Mailed Check,DSL,Yes,Yes,Yes,4,4.3,65.23,1011.96,0.2048,20.5,Low,No
CUST-01445,47,Female,4,Two Year,Credit Card,No,Yes,No,No,5,2.4,25.55,122.65,0.2627,26.3,Low,No
CUST-01446,32,Male,1,Month-to-Month,Mailed Check,Fiber Optic,Yes,Yes,No Internet,3,3.4,81.61,147.49,0.7186,71.9,High,Yes
CUST-01447,34,Male,6,Two Year,Electronic Check,Fiber Optic,No,Yes,No,3,3.1,79.09,547.89,0.6529,65.3,Medium,Yes
CUST-01448,50,Male,3,Month-to-Month,Credit Card,DSL,Yes,No Internet,No,5,2.5,57.38,214.6,0.5455,54.5,Medium,No
CUST-01449,59,Male,19,Month-to-Month,Electronic Check,No,No,Yes,No,1,3.2,18.0,353.36,0.6909,69.1,Medium,Yes
CUST-01450,42,Male,4,Month-to-Month,Mailed Check,DSL,No Internet,No,No,2,4.0,68.97,326.81,0.4946,49.5,Medium,No
CUST-01451,46,Male,0,Month-to-Month,Electronic Check,No,Yes,No Internet,No Internet,2,2.2,36.42,36.18,0.5898,59.0,Medium,No
CUST-01452,65,Female,0,Month-to-Month,Mailed Check,No,No,Yes,No Internet,2,4.1,18.0,16.9,0.5433,54.3,Medium,No
CUST-01453,45,Male,42,Month-to-Month,Mailed Check,DSL,No Internet,Yes,Yes,3,1.2,59.64,2365.17,0.5303,53.0,Medium,No
CUST-01454,78,Male,21,One Year,Electronic Check,Fiber Optic,No,No,Yes,1,3.4,61.58,1372.18,0.5813,58.1,Medium,No
CUST-01455,49,Male,10,Two Year,Mailed Check,Fiber Optic,Yes,No,No,3,2.4,106.76,1151.84,0.3463,34.6,Low,No
CUST-01456,18,Female,53,Month-to-Month,Bank Transfer,DSL,Yes,No,No,4,4.9,64.7,3310.76,0.4496,45.0,Medium,No
CUST-01457,52,Male,1,Month-to-Month,Electronic Check,Fiber Optic,No,No,No,5,1.4,83.71,166.45,0.8496,85.0,High,Yes
CUST-01458,47,Female,72,Month-to-Month,Mailed Check,Fiber Optic,No,No Internet,Yes,3,2.9,101.92,7016.68,0.785,78.5,High,Yes
CUST-01459,60,Female,22,Month-to-Month,Electronic Check,No,Yes,Yes,No Internet,1,2.3,25.8,566.58,0.6199,62.0,Medium,No
CUST-01460,51,Male,4,One Year,Credit Card,No,No Internet,No,No,3,2.6,25.47,121.79,0.1096,11.0,Low,No
CUST-01461,40,Male,27,Month-to-Month,Bank Transfer,Fiber Optic,No,Yes,No,1,1.9,78.97,2065.16,0.7884,78.8,High,Yes
CUST-01462,24,Male,34,Month-to-Month,Credit Card,DSL,Yes,Yes,No,2,3.4,71.18,2406.92,0.3631,36.3,Low,No
CUST-01463,39,Female,13,One Year,Electronic Check,Fiber Optic,No,Yes,Yes,1,3.4,89.78,1284.93,0.5364,53.6,Medium,No
CUST-01464,30,Male,47,Two Year,Electronic Check,Fiber Optic,Yes,No,Yes,3,1.3,106.15,5327.77,0.5459,54.6,Medium,No
CUST-01465,33,Male,3,Month-to-Month,Electronic Check,DSL,No,No Internet,No,3,3.9,70.94,264.72,0.7758,77.6,High,Yes
CUST-01466,50,Male,7,One Year,Electronic Check,DSL,Yes,Yes,No,2,1.5,68.97,574.29,0.3764,37.6,Low,No
CUST-01467,65,Female,2,Month-to-Month,Mailed Check,Fiber Optic,No,Yes,No,4,3.2,97.07,274.23,0.8118,81.2,High,Yes
CUST-01468,47,Male,5,Month-to-Month,Credit Card,Fiber Optic,Yes,Yes,No,3,5.0,91.97,535.53,0.69,69.0,Medium,Yes
CUST-01469,25,Male,6,Month-to-Month,Mailed Check,Fiber Optic,No,Yes,Yes,3,2.3,90.23,577.98,0.8343,83.4,High,Yes
CUST-01470,48,Female,59,Month-to-Month,Credit Card,No,Yes,No,No,1,2.9,21.41,1273.3,0.349,34.9,Low,No
CUST-01471,58,Female,1,Two Year,Electronic Check,DSL,No,No,No,6,2.3,62.02,121.14,0.5501,55.0,Medium,No
CUST-01472,33,Female,13,Month-to-Month,Credit Card,Fiber Optic,Yes,No Internet,No,1,2.5,93.95,1317.72,0.6658,66.6,Medium,Yes
CUST-01473,40,Male,18,Month-to-Month,Electronic Check,Fiber Optic,Yes,No,No,3,3.5,74.41,1399.74,0.7498,75.0,High,Yes
CUST-01474,42,Female,54,Month-to-Month,Credit Card,DSL,Yes,No,Yes,1,5.0,52.16,3004.24,0.2623,26.2,Low,No
CUST-01475,31,Female,72,Month-to-Month,Electronic Check,DSL,Yes,Yes,Yes,1,3.2,59.3,4396.09,0.4599,46.0,Medium,No
CUST-01476,51,Male,33,One Year,Credit Card,No,No,No,No,2,4.5,20.28,720.43,0.132,13.2,Low,No
CUST-01477,40,Female,72,Month-to-Month,Electronic Check,Fiber Optic,No Internet,No,No,2,2.4,92.18,6586.66,0.7912,79.1,High,Yes
CUST-01478,47,Male,37,Month-to-Month,Electronic Check,No,No,No Internet,No,1,4.4,30.83,1103.84,0.6334,63.3,Medium,Yes
CUST-01479,29,Female,72,One Year,Mailed Check,Fiber Optic,No Internet,No Internet,No,4,5.0,97.29,6958.67,0.2476,24.8,Low,No
CUST-01480,35,Male,29,Month-to-Month,Mailed Check,Fiber Optic,Yes,No Internet,Yes,1,4.5,98.46,2865.22,0.5821,58.2,Medium,No
CUST-01481,52,Female,1,Month-to-Month,Bank Transfer,Fiber Optic,Yes,Yes,No,5,4.0,112.48,216.88,0.7348,73.5,High,Yes
CUST-01482,36,Male,12,Month-to-Month,Credit Card,DSL,No,Yes,No,1,3.9,33.34,416.15,0.5465,54.6,Medium,No
CUST-01483,66,Female,24,Month-to-Month,Bank Transfer,No,No Internet,No Internet,No,2,2.4,18.53,473.3,0.4872,48.7,Medium,No
CUST-01484,36,Male,10,Month-to-Month,Bank Transfer,DSL,No,No,No Internet,4,1.6,70.52,784.38,0.5168,51.7,Medium,No
CUST-01485,45,Female,7,Month-to-Month,Electronic Check,DSL,No,No,Yes,2,3.9,48.48,386.51,0.7191,71.9,High,Yes
CUST-01486,55,Female,20,One Year,Bank Transfer,Fiber Optic,Yes,Yes,No Internet,5,2.3,118.31,2476.44,0.3774,37.7,Low,No
CUST-01487,22,Male,65,One Year,Mailed Check,Fiber Optic,Yes,No Internet,No,1,2.4,80.19,5060.13,0.2736,27.4,Low,No
CUST-01488,18,Female,0,One Year,Credit Card,DSL,No,No,No,1,1.6,63.27,61.1,0.3111,31.1,Low,No
CUST-01489,20,Female,35,Two Year,Mailed Check,DSL,No,No,No Internet,3,2.6,57.57,1912.69,0.2516,25.2,Low,No
CUST-01490,59,Male,30,Month-to-Month,Bank Transfer,DSL,Yes,No Internet,No,1,4.4,55.54,1699.1,0.3072,30.7,Low,No
CUST-01491,34,Male,72,Two Year,Electronic Check,Fiber Optic,No Internet,No,Yes,2,4.3,88.62,5958.38,0.4866,48.7,Medium,No
CUST-01492,77,Female,64,Month-to-Month,Electronic Check,Fiber Optic,No Internet,No,No,2,1.7,91.9,6196.3,0.775,77.5,High,Yes
CUST-01493,34,Male,34,Month-to-Month,Mailed Check,Fiber Optic,No Internet,No,No,1,2.1,70.56,2376.62,0.6665,66.6,Medium,Yes
CUST-01494,44,Male,17,Month-to-Month,Electronic Check,No,No Internet,No,No,3,1.2,18.0,293.67,0.6916,69.2,Medium,Yes
CUST-01495,63,Male,5,Month-to-Month,Electronic Check,DSL,Yes,Yes,No,3,3.6,59.47,321.23,0.5611,56.1,Medium,No
CUST-01496,70,Male,18,Two Year,Electronic Check,Fiber Optic,No Internet,No,No,2,3.4,78.45,1492.7,0.4842,48.4,Medium,No
CUST-01497,70,Male,34,Month-to-Month,Credit Card,Fiber Optic,No,No,Yes,1,3.5,98.78,3428.71,0.6764,67.6,Medium,Yes
CUST-01498,58,Male,54,Month-to-Month,Electronic Check,Fiber Optic,No Internet,No,No,0,2.7,61.08,3411.61,0.7775,77.7,High,Yes
CUST-01499,56,Female,37,Month-to-Month,Credit Card,DSL,Yes,No Internet,Yes,1,3.9,64.5,2481.4,0.4271,42.7,Medium,No
CUST-01500,50,Female,5,Month-to-Month,Electronic Check,No,No,Yes,No,2,2.9,21.5,116.16,0.828,82.8,High,Yes
CUST-01501,52,Male,21,Month-to-Month,Electronic Check,No,Yes,No Internet,No,4,4.3,26.82,545.82,0.7084,70.8,High,Yes
CUST-01502,34,Female,9,Month-to-Month,Mailed Check,DSL,Yes,No,No,4,2.0,32.65,309.81,0.4714,47.1,Medium,No
CUST-01503,30,Female,0,Month-to-Month,Mailed Check,Fiber Optic,No Internet,No,No,3,4.2,96.06,87.34,0.7954,79.5,High,Yes
CUST-01504,41,Female,5,Two Year,Mailed Check,DSL,No Internet,Yes,Yes,2,3.7,68.17,379.05,0.1067,10.7,Low,No
CUST-01505,39,Male,2,Month-to-Month,Bank Transfer,DSL,No,Yes,No Internet,1,3.9,42.74,126.58,0.4561,45.6,Medium,No
CUST-01506,35,Male,44,Month-to-Month,Electronic Check,Fiber Optic,No,No,No,2,2.8,83.17,3624.97,0.8587,85.9,High,Yes
CUST-01507,51,Female,7,One Year,Bank Transfer,No,No,Yes,No,2,5.0,44.69,367.92,0.157,15.7,Low,No
CUST-01508,55,Female,8,Two Year,Mailed Check,No,No,No Internet,No Internet,3,2.4,31.96,268.54,0.2075,20.8,Low,No
CUST-01509,43,Female,72,Month-to-Month,Electronic Check,DSL,No,Yes,No Internet,1,5.0,28.48,2038.08,0.5764,57.6,Medium,No
CUST-01510,62,Female,11,Month-to-Month,Credit Card,DSL,No,No Internet,Yes,2,3.7,48.2,595.32,0.588,58.8,Medium,No
CUST-01511,26,Male,0,Two Year,Bank Transfer,DSL,No,No,No,3,4.5,65.96,59.96,0.1994,19.9,Low,No
CUST-01512,39,Female,8,Month-to-Month,Mailed Check,DSL,No Internet,No,No,4,4.8,49.66,460.58,0.3935,39.4,Low,No
CUST-01513,31,Male,3,Month-to-Month,Credit Card,Fiber Optic,No,Yes,Yes,3,4.1,75.46,287.23,0.6915,69.2,Medium,Yes
CUST-01514,18,Male,2,Month-to-Month,Credit Card,Fiber Optic,No,Yes,Yes,1,5.0,82.49,254.63,0.671,67.1,Medium,Yes
CUST-01515,40,Female,1,Two Year,Mailed Check,Fiber Optic,No Internet,Yes,No,3,4.2,66.03,132.36,0.3037,30.4,Low,No
CUST-01516,40,Male,21,Two Year,Electronic Check,DSL,No Internet,No,No,1,4.0,51.53,1134.7,0.2402,24.0,Low,No
CUST-01517,63,Male,5,Two Year,Credit Card,DSL,No Internet,No,No Internet,6,3.7,64.72,352.28,0.1989,19.9,Low,No
CUST-01518,50,Female,10,Month-to-Month,Electronic Check,DSL,No,No,Yes,4,3.6,43.67,500.15,0.738,73.8,High,Yes
CUST-01519,27,Male,47,Month-to-Month,Electronic Check,DSL,No,No Internet,No Internet,3,4.4,37.68,1744.73,0.7036,70.4,High,Yes
CUST-01520,67,Female,13,Month-to-Month,Electronic Check,Fiber Optic,Yes,No,No Internet,1,2.3,69.15,887.03,0.8229,82.3,High,Yes
CUST-01521,59,Female,59,Two Year,Bank Transfer,DSL,Yes,Yes,No,1,3.0,62.74,3820.95,0.1423,14.2,Low,No
CUST-01522,50,Female,16,Two Year,Credit Card,DSL,No,Yes,Yes,2,3.8,48.75,853.63,0.1513,15.1,Low,No
CUST-01523,38,Male,12,Month-to-Month,Bank Transfer,Fiber Optic,Yes,No Internet,No,1,2.4,75.18,1015.87,0.7306,73.1,High,Yes
CUST-01524,28,Male,33,One Year,Credit Card,Fiber Optic,No,Yes,No,1,4.3,39.77,1319.68,0.3807,38.1,Low,No
CUST-01525,36,Male,1,Month-to-Month,Electronic Check,No,No Internet,No,No,7,3.0,30.72,59.02,0.7686,76.9,High,Yes
CUST-01526,57,Male,2,Month-to-Month,Electronic Check,DSL,No Internet,Yes,No,3,1.8,59.58,176.51,0.7554,75.5,High,Yes
CUST-01527,68,Male,25,One Year,Bank Transfer,Fiber Optic,Yes,Yes,No Internet,3,2.5,101.49,2492.36,0.4822,48.2,Medium,No
CUST-01528,63,Female,16,Month-to-Month,Credit Card,No,No,No,Yes,2,4.3,18.0,293.43,0.5923,59.2,Medium,No
CUST-01529,35,Male,37,Month-to-Month,Mailed Check,DSL,No Internet,No,No,3,2.1,49.0,1826.35,0.4968,49.7,Medium,No
CUST-01530,26,Female,59,Month-to-Month,Electronic Check,Fiber Optic,No,No,No Internet,2,2.1,89.14,5474.95,0.944,94.4,High,Yes
CUST-01531,43,Male,11,Two Year,Electronic Check,Fiber Optic,No Internet,No,No,3,3.8,90.82,1120.38,0.5971,59.7,Medium,No
CUST-01532,18,Female,21,Two Year,Electronic Check,Fiber Optic,No Internet,Yes,Yes,1,1.8,87.84,1777.26,0.5062,50.6,Medium,No
CUST-01533,46,Female,16,Two Year,Electronic Check,DSL,No,Yes,No,1,3.8,71.39,1116.65,0.2819,28.2,Low,No
CUST-01534,39,Male,72,One Year,Electronic Check,DSL,No,No,No,4,1.0,53.26,3606.61,0.3324,33.2,Low,No
CUST-01535,35,Male,42,Month-to-Month,Credit Card,Fiber Optic,No,No,No,1,3.7,90.85,3865.36,0.723,72.3,High,Yes
CUST-01536,19,Female,58,Month-to-Month,Mailed Check,DSL,No,Yes,Yes,2,3.1,55.08,3023.61,0.46,46.0,Medium,No
CUST-01537,49,Female,7,Two Year,Bank Transfer,Fiber Optic,No,No,Yes,5,5.0,99.56,790.01,0.5118,51.2,Medium,No
CUST-01538,34,Female,35,One Year,Electronic Check,Fiber Optic,No,No,No,2,1.1,76.47,2777.16,0.5497,55.0,Medium,No
CUST-01539,25,Male,7,One Year,Electronic Check,DSL,No Internet,Yes,Yes,1,2.5,58.81,484.02,0.262,26.2,Low,No
CUST-01540,18,Male,5,One Year,Bank Transfer,Fiber Optic,Yes,No,No Internet,3,3.8,97.78,604.34,0.3924,39.2,Low,No
CUST-01541,41,Female,69,Two Year,Credit Card,DSL,No Internet,No,No,3,3.1,57.21,3733.19,0.1459,14.6,Low,No
CUST-01542,66,Female,0,Month-to-Month,Mailed Check,No,No,Yes,No,3,2.7,25.51,24.15,0.6314,63.1,Medium,Yes
CUST-01543,65,Male,72,Month-to-Month,Credit Card,Fiber Optic,No Internet,No,Yes,2,1.3,70.77,4790.37,0.6449,64.5,Medium,Yes
CUST-01544,35,Female,3,One Year,Credit Card,Fiber Optic,Yes,No,No Internet,1,3.7,81.62,327.16,0.24,24.0,Low,No
CUST-01545,33,Male,41,Two Year,Electronic Check,Fiber Optic,Yes,No Internet,Yes,3,5.0,46.13,1943.31,0.4787,47.9,Medium,No
CUST-01546,48,Male,7,One Year,Electronic Check,DSL,No,No,Yes,3,2.4,60.79,437.98,0.4335,43.3,Medium,No
CUST-01547,28,Male,10,Month-to-Month,Bank Transfer,DSL,No,Yes,Yes,2,3.3,43.48,442.28,0.586,58.6,Medium,No
CUST-01548,46,Male,5,Month-to-Month,Mailed Check,DSL,Yes,Yes,Yes,3,3.6,48.38,275.83,0.4532,45.3,Medium,No
CUST-01549,52,Female,21,One Year,Electronic Check,DSL,No Internet,No Internet,No,0,2.8,50.83,1041.19,0.3462,34.6,Low,No
CUST-01550,59,Male,10,One Year,Mailed Check,Fiber Optic,No,No Internet,No,5,3.2,73.25,791.81,0.4817,48.2,Medium,No
CUST-01551,40,Male,25,One Year,Mailed Check,Fiber Optic,No Internet,Yes,No,2,2.1,80.4,1894.03,0.3915,39.2,Low,No
CUST-01552,39,Female,0,Month-to-Month,Credit Card,Fiber Optic,No,Yes,No,3,1.7,92.59,94.81,0.8389,83.9,High,Yes
CUST-01553,29,Female,1,Two Year,Electronic Check,DSL,Yes,No,No,4,4.9,41.26,80.04,0.1681,16.8,Low,No
CUST-01554,30,Female,2,One Year,Electronic Check,Fiber Optic,No,No,No Internet,3,3.1,70.87,210.29,0.6608,66.1,Medium,Yes
CUST-01555,38,Female,13,One Year,Mailed Check,DSL,No Internet,Yes,Yes,1,3.8,55.99,773.65,0.1717,17.2,Low,No
CUST-01556,47,Male,40,Month-to-Month,Bank Transfer,DSL,No,No,Yes,1,3.7,52.3,2074.83,0.5443,54.4,Medium,No
CUST-01557,54,Female,52,Month-to-Month,Bank Transfer,Fiber Optic,Yes,Yes,Yes,3,2.2,73.89,3857.86,0.6656,66.6,Medium,Yes
CUST-01558,30,Female,6,Two Year,Credit Card,DSL,No Internet,Yes,No,2,1.8,57.23,365.12,0.2317,23.2,Low,No
CUST-01559,62,Female,20,Month-to-Month,Credit Card,No,Yes,Yes,No,0,2.5,45.73,919.69,0.3728,37.3,Low,No
CUST-01560,38,Male,35,Month-to-Month,Mailed Check,Fiber Optic,No,No,No,6,3.4,91.99,3333.1,0.809,80.9,High,Yes
CUST-01561,41,Male,8,Month-to-Month,Electronic Check,Fiber Optic,No,No Internet,Yes,1,2.3,104.66,899.49,0.8536,85.4,High,Yes
CUST-01562,31,Female,12,One Year,Mailed Check,DSL,No,No,No,3,2.7,62.28,759.53,0.1733,17.3,Low,No
CUST-01563,18,Male,17,Month-to-Month,Bank Transfer,DSL,Yes,Yes,No,5,1.0,49.93,885.05,0.5093,50.9,Medium,No
CUST-01564,54,Female,3,Month-to-Month,Credit Card,Fiber Optic,No Internet,No Internet,No,3,3.2,103.97,404.02,0.7644,76.4,High,Yes
CUST-01565,52,Female,0,Two Year,Credit Card,No,No Internet,Yes,Yes,5,3.3,20.25,19.85,0.2372,23.7,Low,No
CUST-01566,38,Female,3,One Year,Bank Transfer,DSL,No,No Internet,No,3,3.2,51.52,215.1,0.2002,20.0,Low,No
CUST-01567,42,Female,23,Month-to-Month,Mailed Check,No,Yes,No,No,0,2.1,29.35,649.81,0.4369,43.7,Medium,No
CUST-01568,49,Female,1,Month-to-Month,Electronic Check,Fiber Optic,Yes,Yes,No,2,2.1,82.13,163.02,0.7826,78.3,High,Yes
CUST-01569,20,Male,5,Two Year,Electronic Check,No,Yes,Yes,No Internet,1,2.0,29.64,160.87,0.3558,35.6,Low,No
CUST-01570,34,Female,9,Month-to-Month,Electronic Check,Fiber Optic,No,No Internet,No,2,2.7,79.27,790.38,0.934,93.4,High,Yes
CUST-01571,53,Female,1,One Year,Electronic Check,Fiber Optic,No,No,Yes,3,2.4,89.12,165.69,0.5866,58.7,Medium,No
CUST-01572,24,Male,5,Month-to-Month,Mailed Check,No,Yes,Yes,Yes,1,4.8,23.07,141.33,0.3017,30.2,Low,No
CUST-01573,46,Male,58,Two Year,Electronic Check,Fiber Optic,No,No Internet,No Internet,4,5.0,98.55,5468.21,0.6362,63.6,Medium,Yes
CUST-01574,23,Male,0,One Year,Bank Transfer,No,No,Yes,No Internet,6,4.2,18.0,17.28,0.2811,28.1,Low,No
CUST-01575,48,Female,25,One Year,Mailed Check,DSL,No Internet,Yes,No,2,3.3,46.6,1184.17,0.1579,15.8,Low,No
CUST-01576,41,Male,11,Month-to-Month,Bank Transfer,No,No,No,No,2,2.9,18.0,214.16,0.5302,53.0,Medium,No
CUST-01577,19,Female,26,Two Year,Mailed Check,DSL,No,No,Yes,4,2.3,67.25,1715.65,0.2193,21.9,Low,No
CUST-01578,58,Male,21,Month-to-Month,Electronic Check,DSL,No,Yes,No Internet,4,3.3,53.85,1094.08,0.7376,73.8,High,Yes
CUST-01579,31,Male,6,Two Year,Credit Card,Fiber Optic,No,Yes,Yes,3,3.0,69.73,485.81,0.5153,51.5,Medium,No
CUST-01580,30,Female,45,Month-to-Month,Electronic Check,DSL,No,No,No,2,2.1,55.99,2488.71,0.6915,69.2,Medium,Yes
CUST-01581,44,Male,16,One Year,Credit Card,DSL,No,No,No,3,2.3,49.67,767.25,0.2969,29.7,Low,No
CUST-01582,58,Female,41,Month-to-Month,Electronic Check,DSL,No,No Internet,No,1,1.1,57.57,2370.86,0.7036,70.4,High,Yes
CUST-01583,27,Female,12,One Year,Mailed Check,Fiber Optic,No,No,No,4,2.1,91.34,1151.88,0.4166,41.7,Medium,No
CUST-01584,42,Female,72,Month-to-Month,Electronic Check,Fiber Optic,No Internet,No,No,2,3.6,74.25,5294.78,0.7844,78.4,High,Yes
CUST-01585,48,Male,35,Month-to-Month,Electronic Check,Fiber Optic,No,Yes,No,3,4.3,80.64,2659.37,0.8943,89.4,High,Yes
CUST-01586,51,Female,72,Month-to-Month,Mailed Check,Fiber Optic,No,No Internet,No,2,3.8,57.42,4069.88,0.7607,76.1,High,Yes
CUST-01587,44,Female,17,Month-to-Month,Bank Transfer,DSL,No,Yes,Yes,3,2.6,59.86,1090.18,0.5242,52.4,Medium,No
CUST-01588,36,Female,15,Month-to-Month,Electronic Check,No,Yes,No,No,3,1.4,19.72,290.25,0.7709,77.1,High,Yes
CUST-01589,30,Male,33,Month-to-Month,Mailed Check,Fiber Optic,No,No Internet,No Internet,5,1.9,76.16,2572.71,0.7624,76.2,High,Yes
CUST-01590,43,Female,50,Two Year,Electronic Check,Fiber Optic,No Internet,No Internet,No,4,3.7,81.83,3867.34,0.5137,51.4,Medium,No
CUST-01591,26,Female,72,Month-to-Month,Mailed Check,No,No,No,No,3,3.6,25.21,1741.62,0.441,44.1,Medium,No
CUST-01592,18,Female,9,One Year,Credit Card,Fiber Optic,No,No,No,2,2.5,86.35,824.12,0.4666,46.7,Medium,No
CUST-01593,48,Male,38,Month-to-Month,Credit Card,DSL,No,No Internet,Yes,4,2.8,51.04,2019.44,0.5613,56.1,Medium,No
CUST-01594,54,Male,5,One Year,Mailed Check,DSL,Yes,No Internet,No,1,5.0,57.98,324.89,0.1121,11.2,Low,No
CUST-01595,18,Male,18,Month-to-Month,Electronic Check,DSL,No,No,Yes,1,1.3,59.05,1054.13,0.795,79.5,High,Yes
CUST-01596,27,Male,4,Two Year,Electronic Check,DSL,Yes,No,No,0,3.2,43.49,224.09,0.2969,29.7,Low,No
CUST-01597,50,Male,10,Two Year,Credit Card,DSL,No,Yes,No,3,1.9,54.87,610.52,0.2892,28.9,Low,No
CUST-01598,70,Male,64,Month-to-Month,Electronic Check,Fiber Optic,No,No,Yes,4,1.9,106.72,6769.88,0.7808,78.1,High,Yes
CUST-01599,42,Female,3,One Year,Credit Card,DSL,No,Yes,No,3,3.7,55.71,211.12,0.2173,21.7,Low,No
CUST-01600,31,Male,24,Month-to-Month,Mailed Check,DSL,No,No,No Internet,3,5.0,53.05,1351.13,0.5671,56.7,Medium,No
CUST-01601,39,Female,21,One Year,Credit Card,Fiber Optic,Yes,No,No,3,3.9,74.73,1618.39,0.294,29.4,Low,No
CUST-01602,61,Male,3,Month-to-Month,Mailed Check,Fiber Optic,No,Yes,No Internet,1,4.9,100.6,382.1,0.803,80.3,High,Yes
CUST-01603,32,Male,9,Month-to-Month,Mailed Check,No,No,Yes,No Internet,1,1.1,26.0,246.28,0.6506,65.1,Medium,Yes
CUST-01604,30,Male,19,Month-to-Month,Bank Transfer,DSL,Yes,No,No,6,3.7,74.29,1439.13,0.4678,46.8,Medium,No
CUST-01605,35,Male,4,One Year,Credit Card,Fiber Optic,No,Yes,No Internet,2,4.2,95.74,498.95,0.3878,38.8,Low,No
CUST-01606,28,Female,38,Month-to-Month,Credit Card,No,No,No,No,0,2.9,26.61,1034.15,0.4046,40.5,Medium,No
CUST-01607,43,Female,72,One Year,Bank Transfer,DSL,Yes,No Internet,No,1,4.1,43.89,3210.07,0.1125,11.3,Low,No
CUST-01608,64,Male,5,Month-to-Month,Bank Transfer,No,Yes,No,No Internet,3,5.0,25.4,146.0,0.3671,36.7,Low,No
CUST-01609,46,Male,4,Month-to-Month,Mailed Check,No,Yes,Yes,No,1,3.4,18.0,94.18,0.3584,35.8,Low,No
CUST-01610,38,Male,14,One Year,Bank Transfer,DSL,No,Yes,Yes,0,2.8,49.87,718.92,0.2779,27.8,Low,No
CUST-01611,37,Female,33,Two Year,Credit Card,DSL,Yes,No,Yes,3,4.4,41.44,1270.59,0.0949,9.5,Low,No
CUST-01612,20,Female,7,Two Year,Mailed Check,DSL,Yes,No,No,5,4.4,43.29,353.31,0.2609,26.1,Low,No
CUST-01613,54,Female,0,One Year,Bank Transfer,No,No,No,No,3,2.9,21.48,20.98,0.1492,14.9,Low,No
CUST-01614,40,Female,18,One Year,Mailed Check,DSL,No Internet,Yes,Yes,1,2.6,67.68,1186.31,0.0684,6.8,Low,No
CUST-01615,39,Female,72,One Year,Mailed Check,Fiber Optic,No,Yes,No Internet,2,4.4,75.78,4997.78,0.3633,36.3,Low,No
CUST-01616,80,Male,11,Month-to-Month,Credit Card,Fiber Optic,No Internet,Yes,No,5,2.7,47.41,596.7,0.7746,77.5,High,Yes
CUST-01617,46,Male,13,Month-to-Month,Mailed Check,Fiber Optic,Yes,No,No,1,3.1,50.96,711.37,0.7858,78.6,High,Yes
CUST-01618,31,Female,72,Month-to-Month,Electronic Check,No,Yes,No,Yes,3,3.5,18.0,1274.41,0.5577,55.8,Medium,No
CUST-01619,36,Female,28,Month-to-Month,Mailed Check,No,Yes,No Internet,Yes,1,3.0,18.83,518.81,0.4199,42.0,Medium,No
CUST-01620,58,Female,30,Month-to-Month,Electronic Check,DSL,No Internet,No,Yes,6,3.2,45.86,1294.89,0.7396,74.0,High,Yes
CUST-01621,43,Female,19,Two Year,Mailed Check,DSL,No,No Internet,No,3,2.3,60.81,1212.31,0.2244,22.4,Low,No
CUST-01622,21,Male,72,Month-to-Month,Credit Card,No,No,No Internet,No,2,3.8,31.28,2181.47,0.4975,49.8,Medium,No
CUST-01623,54,Female,28,One Year,Bank Transfer,Fiber Optic,No,No,No,6,2.8,95.0,2888.49,0.3974,39.7,Low,No
CUST-01624,32,Female,54,One Year,Credit Card,Fiber Optic,No,No,Yes,2,4.9,84.16,4241.26,0.3996,40.0,Medium,No
CUST-01625,68,Male,28,Month-to-Month,Electronic Check,DSL,No,No Internet,No Internet,2,3.3,56.41,1532.7,0.8605,86.1,High,Yes
CUST-01626,57,Female,31,Month-to-Month,Credit Card,No,No,Yes,Yes,1,4.3,26.71,820.97,0.4459,44.6,Medium,No
CUST-01627,35,Female,8,Month-to-Month,Bank Transfer,No,No Internet,Yes,Yes,1,3.9,20.63,189.31,0.5609,56.1,Medium,No
CUST-01628,59,Male,8,One Year,Electronic Check,Fiber Optic,No,No Internet,No Internet,3,4.4,83.53,764.21,0.6518,65.2,Medium,Yes
CUST-01629,42,Male,36,Two Year,Bank Transfer,Fiber Optic,No,No,Yes,1,2.7,66.47,2303.53,0.4574,45.7,Medium,No
CUST-01630,53,Male,8,Month-to-Month,Credit Card,DSL,No,No,No,4,1.9,47.46,407.57,0.6341,63.4,Medium,Yes
CUST-01631,48,Female,19,Two Year,Electronic Check,No,No Internet,No Internet,Yes,2,2.2,30.34,551.5,0.3074,30.7,Low,No
CUST-01632,30,Male,6,Month-to-Month,Bank Transfer,DSL,Yes,No,Yes,2,2.1,43.72,292.81,0.5171,51.7,Medium,No
CUST-01633,32,Female,40,One Year,Credit Card,Fiber Optic,Yes,No,No,3,2.3,104.13,3950.19,0.3636,36.4,Low,No
CUST-01634,56,Female,2,One Year,Electronic Check,Fiber Optic,No,No,Yes,2,1.9,86.49,269.31,0.5402,54.0,Medium,No
CUST-01635,37,Male,42,Month-to-Month,Bank Transfer,No,No,Yes,Yes,2,3.1,21.86,959.91,0.5413,54.1,Medium,No
CUST-01636,36,Female,22,Month-to-Month,Mailed Check,Fiber Optic,No Internet,Yes,No,2,4.0,90.19,1918.29,0.7547,75.5,High,Yes
CUST-01637,28,Female,4,Month-to-Month,Mailed Check,Fiber Optic,No,No,No,4,1.8,103.97,506.13,0.8542,85.4,High,Yes
CUST-01638,47,Male,18,Month-to-Month,Bank Transfer,No,No,Yes,No Internet,6,2.5,30.62,607.23,0.5515,55.1,Medium,No
CUST-01639,70,Male,7,One Year,Electronic Check,No,Yes,Yes,No Internet,1,4.3,29.06,223.55,0.226,22.6,Low,No
CUST-01640,27,Female,9,Month-to-Month,Bank Transfer,DSL,No,Yes,No,0,1.5,75.38,729.09,0.6411,64.1,Medium,Yes
CUST-01641,42,Female,10,One Year,Electronic Check,DSL,No,No,No,2,3.2,70.19,734.43,0.3917,39.2,Low,No
CUST-01642,61,Male,1,Month-to-Month,Electronic Check,Fiber Optic,No,No Internet,No,2,3.8,77.09,150.15,0.936,93.6,High,Yes
CUST-01643,40,Male,72,One Year,Mailed Check,Fiber Optic,Yes,No,No,5,5.0,96.06,6938.64,0.3058,30.6,Low,No
CUST-01644,48,Male,0,One Year,Mailed Check,Fiber Optic,No Internet,No,Yes,2,1.0,91.3,83.4,0.4674,46.7,Medium,No
CUST-01645,27,Female,26,One Year,Electronic Check,DSL,No,No Internet,No,3,1.8,31.81,784.9,0.4436,44.4,Medium,No
CUST-01646,47,Male,11,Month-to-Month,Credit Card,Fiber Optic,Yes,Yes,No Internet,5,3.5,76.04,926.49,0.735,73.5,High,Yes
CUST-01647,39,Female,24,Month-to-Month,Credit Card,No,No Internet,Yes,No,0,2.8,41.45,1085.38,0.4604,46.0,Medium,No
CUST-01648,55,Female,10,Two Year,Credit Card,Fiber Optic,No,Yes,No,4,1.0,67.49,722.86,0.4039,40.4,Medium,No
CUST-01649,58,Male,26,Month-to-Month,Mailed Check,DSL,No,Yes,Yes,4,2.7,67.58,1877.95,0.5477,54.8,Medium,No
CUST-01650,78,Female,31,Month-to-Month,Credit Card,DSL,No Internet,Yes,No,2,2.2,36.93,1217.62,0.5096,51.0,Medium,No
CUST-01651,50,Male,28,Month-to-Month,Credit Card,DSL,Yes,Yes,Yes,5,1.4,55.41,1535.28,0.4546,45.5,Medium,No
CUST-01652,46,Female,2,One Year,Mailed Check,Fiber Optic,Yes,Yes,No Internet,0,2.8,114.22,325.3,0.3812,38.1,Low,No
CUST-01653,44,Male,25,One Year,Electronic Check,No,No,No,Yes,2,1.7,18.0,472.42,0.4065,40.7,Medium,No
CUST-01654,37,Female,7,One Year,Electronic Check,DSL,Yes,No,No Internet,2,2.2,66.41,550.71,0.2596,26.0,Low,No
CUST-01655,46,Female,0,Month-to-Month,Mailed Check,DSL,No Internet,No,No,5,4.6,58.38,60.02,0.4683,46.8,Medium,No
CUST-01656,37,Male,12,Month-to-Month,Credit Card,DSL,No Internet,No,No,3,5.0,57.79,712.12,0.3591,35.9,Low,No
CUST-01657,44,Male,13,Two Year,Mailed Check,Fiber Optic,No,Yes,No Internet,5,2.2,77.02,1027.88,0.54,54.0,Medium,No
CUST-01658,60,Male,15,Month-to-Month,Bank Transfer,DSL,No Internet,No Internet,Yes,0,3.3,42.16,681.6,0.4845,48.5,Medium,No
CUST-01659,27,Male,29,Month-to-Month,Electronic Check,DSL,Yes,No,Yes,1,3.9,38.67,1099.32,0.583,58.3,Medium,No
CUST-01660,57,Female,8,One Year,Electronic Check,No,No,Yes,No Internet,3,2.3,23.27,215.25,0.4943,49.4,Medium,No
CUST-01661,60,Female,9,Month-to-Month,Mailed Check,No,No Internet,Yes,No,5,2.1,39.67,387.33,0.574,57.4,Medium,No
CUST-01662,40,Male,1,Month-to-Month,Credit Card,Fiber Optic,No Internet,No Internet,No,2,3.9,120.0,226.54,0.7138,71.4,High,Yes
CUST-01663,18,Female,27,Month-to-Month,Mailed Check,Fiber Optic,No,No,Yes,2,2.9,94.78,2502.45,0.7971,79.7,High,Yes
CUST-01664,33,Female,20,Month-to-Month,Credit Card,Fiber Optic,Yes,No,No,2,3.0,56.93,1216.56,0.6687,66.9,Medium,Yes
CUST-01665,60,Female,10,Month-to-Month,Electronic Check,No,Yes,Yes,Yes,3,1.9,32.67,330.15,0.6915,69.2,Medium,Yes
CUST-01666,41,Male,29,Two Year,Bank Transfer,Fiber Optic,No,No,No,4,2.1,60.04,1872.87,0.4853,48.5,Medium,No
CUST-01667,28,Male,18,Month-to-Month,Bank Transfer,DSL,No,No,No,1,3.3,63.32,1157.38,0.5314,53.1,Medium,No
CUST-01668,34,Male,15,Month-to-Month,Credit Card,DSL,Yes,No Internet,No,2,2.7,57.1,937.89,0.4427,44.3,Medium,No
CUST-01669,53,Female,17,One Year,Electronic Check,DSL,No,No,Yes,1,3.3,71.82,1317.12,0.3295,32.9,Low,No
CUST-01670,49,Male,24,Two Year,Electronic Check,Fiber Optic,No Internet,Yes,No,2,4.2,77.52,1970.73,0.3865,38.7,Low,No
CUST-01671,38,Male,25,Month-to-Month,Electronic Check,Fiber Optic,No,Yes,No,2,3.4,75.96,1977.27,0.8078,80.8,High,Yes
CUST-01672,36,Male,8,Two Year,Credit Card,Fiber Optic,Yes,Yes,No,3,2.5,87.5,767.75,0.3474,34.7,Low,No
CUST-01673,36,Female,3,One Year,Electronic Check,Fiber Optic,No Internet,No,No,1,4.2,75.66,290.08,0.4084,40.8,Medium,No
CUST-01674,29,Male,4,Month-to-Month,Electronic Check,Fiber Optic,Yes,Yes,Yes,3,3.2,85.64,422.68,0.8569,85.7,High,Yes
CUST-01675,64,Male,24,Month-to-Month,Mailed Check,Fiber Optic,No Internet,No,No Internet,9,4.6,96.71,2367.09,0.8031,80.3,High,Yes
CUST-01676,37,Male,49,Month-to-Month,Mailed Check,DSL,Yes,No,No,3,2.4,39.89,1900.07,0.4345,43.5,Medium,No
CUST-01677,59,Male,12,One Year,Credit Card,Fiber Optic,No,Yes,No,3,3.1,105.68,1338.1,0.5032,50.3,Medium,No
CUST-01678,63,Female,4,Month-to-Month,Credit Card,Fiber Optic,No,No,Yes,0,2.8,64.62,308.48,0.8283,82.8,High,Yes
CUST-01679,55,Male,33,Month-to-Month,Mailed Check,Fiber Optic,No,No,No,2,3.3,78.27,2657.69,0.6848,68.5,Medium,Yes
CUST-01680,35,Male,42,One Year,Credit Card,Fiber Optic,No,No,Yes,5,3.5,85.06,3749.95,0.4358,43.6,Medium,No
CUST-01681,47,Female,51,Month-to-Month,Bank Transfer,Fiber Optic,Yes,No Internet,No Internet,2,3.2,64.94,3437.78,0.5912,59.1,Medium,No
CUST-01682,41,Male,22,Two Year,Electronic Check,Fiber Optic,No,No,No,4,4.1,87.38,1911.47,0.4788,47.9,Medium,No
CUST-01683,29,Male,47,Two Year,Credit Card,DSL,No,Yes,Yes,1,3.6,59.33,2780.67,0.2003,20.0,Low,No
CUST-01684,46,Female,0,Month-to-Month,Bank Transfer,Fiber Optic,Yes,No Internet,Yes,2,5.0,65.99,59.5,0.5857,58.6,Medium,No
CUST-01685,25,Male,2,Two Year,Mailed Check,No,No Internet,No,No Internet,5,5.0,18.0,55.65,0.0509,5.1,Low,No
CUST-01686,58,Male,2,Month-to-Month,Bank Transfer,Fiber Optic,No Internet,No Internet,No,1,2.4,74.98,210.73,0.7142,71.4,High,Yes
CUST-01687,35,Male,29,Month-to-Month,Mailed Check,No,No Internet,No,Yes,3,2.6,35.42,1026.65,0.4481,44.8,Medium,No
CUST-01688,44,Male,1,Month-to-Month,Electronic Check,No,No,Yes,No Internet,1,1.8,25.64,47.33,0.7337,73.4,High,Yes
CUST-01689,45,Female,16,One Year,Bank Transfer,DSL,Yes,Yes,Yes,2,5.0,55.95,952.78,0.1442,14.4,Low,No
CUST-01690,38,Female,15,One Year,Credit Card,No,No,No,No,2,2.7,26.05,409.21,0.2849,28.5,Low,No
CUST-01691,50,Female,8,Month-to-Month,Bank Transfer,Fiber Optic,No Internet,Yes,No,4,3.5,80.61,692.64,0.7089,70.9,High,Yes
CUST-01692,35,Male,49,Month-to-Month,Electronic Check,Fiber Optic,Yes,No Internet,No Internet,1,1.9,84.56,4144.62,0.8493,84.9,High,Yes
CUST-01693,54,Male,4,Month-to-Month,Credit Card,Fiber Optic,No,Yes,No,5,3.3,51.27,237.2,0.7956,79.6,High,Yes
CUST-01694,23,Female,10,Two Year,Electronic Check,Fiber Optic,No,No,No,1,1.3,84.14,940.67,0.6313,63.1,Medium,Yes
CUST-01695,43,Female,35,Two Year,Electronic Check,Fiber Optic,Yes,No,No,2,4.5,73.32,2480.87,0.4805,48.1,Medium,No
CUST-01696,69,Male,0,One Year,Electronic Check,DSL,No,No,No,1,5.0,47.89,47.52,0.2658,26.6,Low,No
CUST-01697,27,Male,26,One Year,Electronic Check,Fiber Optic,No Internet,No,Yes,1,4.0,95.23,2660.97,0.4473,44.7,Medium,No
CUST-01698,32,Male,40,One Year,Mailed Check,Fiber Optic,No,No,No,6,2.2,73.17,2717.34,0.3997,40.0,Medium,No
CUST-01699,49,Male,64,Month-to-Month,Bank Transfer,Fiber Optic,No,Yes,No,2,3.8,109.85,6841.29,0.6329,63.3,Medium,Yes
CUST-01700,44,Male,50,Month-to-Month,Credit Card,DSL,No,Yes,No,1,3.4,56.52,2652.6,0.5103,51.0,Medium,No
CUST-01701,46,Male,9,One Year,Credit Card,No,Yes,No Internet,No,0,4.7,30.3,314.0,0.1715,17.2,Low,No
CUST-01702,48,Female,21,Month-to-Month,Credit Card,DSL,No,No Internet,No,4,4.1,38.08,799.23,0.5364,53.6,Medium,No
CUST-01703,50,Female,1,Month-to-Month,Mailed Check,Fiber Optic,No Internet,Yes,No,1,2.0,111.8,208.4,0.7237,72.4,High,Yes
CUST-01704,57,Male,7,Two Year,Bank Transfer,Fiber Optic,No,Yes,No,5,4.5,76.04,609.22,0.5016,50.2,Medium,No
CUST-01705,47,Male,2,Two Year,Credit Card,DSL,No,Yes,No Internet,4,3.1,56.66,166.83,0.2596,26.0,Low,No
CUST-01706,38,Female,9,Month-to-Month,Mailed Check,Fiber Optic,No,No Internet,No,1,4.6,79.2,809.85,0.7598,76.0,High,Yes
CUST-01707,51,Male,49,One Year,Bank Transfer,No,No,Yes,No,4,1.5,27.02,1368.51,0.2375,23.8,Low,No
CUST-01708,68,Female,10,Two Year,Mailed Check,Fiber Optic,No,Yes,Yes,0,3.8,83.19,957.37,0.3699,37.0,Low,No
CUST-01709,40,Male,19,Month-to-Month,Mailed Check,Fiber Optic,No Internet,Yes,Yes,3,2.9,81.85,1495.53,0.6147,61.5,Medium,No
CUST-01710,28,Female,13,Month-to-Month,Mailed Check,No,No,No,No,1,3.3,28.14,359.31,0.6279,62.8,Medium,Yes
CUST-01711,57,Male,14,Month-to-Month,Bank Transfer,No,No Internet,No Internet,Yes,4,2.5,30.49,473.86,0.5382,53.8,Medium,No
CUST-01712,40,Male,72,Month-to-Month,Bank Transfer,DSL,No Internet,No,No Internet,1,3.8,44.31,3374.88,0.2848,28.5,Low,No
CUST-01713,18,Male,8,Two Year,Mailed Check,Fiber Optic,No,Yes,No Internet,6,2.2,80.07,692.52,0.5182,51.8,Medium,No
CUST-01714,53,Male,23,Month-to-Month,Bank Transfer,DSL,No Internet,No,No,3,1.5,47.97,1114.88,0.5942,59.4,Medium,No
CUST-01715,34,Male,13,Month-to-Month,Credit Card,Fiber Optic,Yes,Yes,No,2,2.4,83.88,1121.83,0.6914,69.1,Medium,Yes
CUST-01716,40,Female,1,Month-to-Month,Credit Card,Fiber Optic,No,Yes,No,1,2.4,58.41,118.77,0.8516,85.2,High,Yes
CUST-01717,46,Male,16,Month-to-Month,Electronic Check,Fiber Optic,No,No Internet,No,1,2.9,78.84,1361.21,0.97,97.0,High,Yes
CUST-01718,44,Male,40,Month-to-Month,Electronic Check,DSL,No,No Internet,No,0,4.0,58.99,2256.7,0.6498,65.0,Medium,Yes
CUST-01719,51,Female,2,One Year,Bank Transfer,DSL,No Internet,No Internet,Yes,3,2.2,63.41,182.16,0.1334,13.3,Low,No
CUST-01720,35,Female,1,Month-to-Month,Mailed Check,Fiber Optic,Yes,No,No Internet,2,4.1,53.74,100.16,0.6037,60.4,Medium,No
CUST-01721,49,Female,4,One Year,Electronic Check,No,Yes,Yes,No,1,3.8,18.0,81.63,0.31,31.0,Low,No
CUST-01722,38,Female,34,One Year,Mailed Check,Fiber Optic,No Internet,No,Yes,6,4.3,99.13,3151.8,0.3399,34.0,Low,No
CUST-01723,52,Male,30,Month-to-Month,Credit Card,Fiber Optic,Yes,Yes,No,2,2.8,95.55,2731.08,0.6397,64.0,Medium,Yes
CUST-01724,50,Female,19,One Year,Credit Card,DSL,Yes,Yes,No,2,4.9,48.07,869.57,0.1326,13.3,Low,No
CUST-01725,28,Female,15,One Year,Mailed Check,No,No,Yes,Yes,3,2.9,28.71,442.58,0.236,23.6,Low,No
CUST-01726,57,Female,52,Month-to-Month,Mailed Check,No,No,No Internet,Yes,1,4.2,23.01,1109.29,0.5574,55.7,Medium,No
CUST-01727,34,Male,34,Month-to-Month,Bank Transfer,DSL,No,No,Yes,2,5.0,53.79,1933.69,0.5566,55.7,Medium,No
CUST-01728,53,Male,40,One Year,Electronic Check,Fiber Optic,No Internet,Yes,No Internet,1,4.5,102.07,4213.38,0.3912,39.1,Low,No
CUST-01729,47,Male,40,Two Year,Mailed Check,No,Yes,Yes,Yes,3,3.1,30.83,1286.21,0.1752,17.5,Low,No
CUST-01730,67,Female,24,Month-to-Month,Electronic Check,No,No Internet,No Internet,No,3,2.0,33.04,819.91,0.6455,64.5,Medium,Yes
CUST-01731,38,Female,14,Month-to-Month,Mailed Check,Fiber Optic,Yes,No Internet,Yes,2,2.1,75.89,1137.87,0.6751,67.5,Medium,Yes
CUST-01732,37,Female,48,Month-to-Month,Electronic Check,DSL,Yes,No,No,3,2.1,74.34,3340.36,0.681,68.1,Medium,Yes
CUST-01733,41,Male,62,Month-to-Month,Bank Transfer,DSL,No,Yes,No,4,2.4,45.34,2595.7,0.5437,54.4,Medium,No
CUST-01734,37,Female,0,One Year,Bank Transfer,DSL,Yes,No,No Internet,4,3.2,67.81,71.09,0.198,19.8,Low,No
CUST-01735,53,Female,1,Month-to-Month,Mailed Check,No,No,No,No,3,3.9,31.39,60.01,0.4994,49.9,Medium,No
CUST-01736,19,Male,72,Month-to-Month,Electronic Check,Fiber Optic,No,No Internet,No,2,4.1,74.05,4906.66,0.9089,90.9,High,Yes
CUST-01737,27,Female,7,Month-to-Month,Electronic Check,DSL,Yes,Yes,No,1,4.3,73.81,545.57,0.5825,58.3,Medium,No
CUST-01738,27,Male,49,Month-to-Month,Bank Transfer,Fiber Optic,No Internet,No,No,1,4.2,92.73,4780.84,0.5378,53.8,Medium,No
CUST-01739,55,Female,11,Month-to-Month,Electronic Check,DSL,No,Yes,Yes,1,3.1,57.52,642.52,0.753,75.3,High,Yes
CUST-01740,65,Female,3,Month-to-Month,Electronic Check,DSL,No Internet,No,No,3,3.9,51.22,198.75,0.7104,71.0,High,Yes
CUST-01741,40,Female,2,Month-to-Month,Bank Transfer,Fiber Optic,No Internet,Yes,Yes,0,2.9,89.87,269.64,0.6842,68.4,Medium,Yes
CUST-01742,39,Female,4,Two Year,Bank Transfer,Fiber Optic,Yes,No Internet,No Internet,3,3.5,54.67,285.62,0.3732,37.3,Low,No
CUST-01743,42,Female,6,Two Year,Electronic Check,No,No,Yes,No,6,2.9,22.27,140.63,0.4086,40.9,Medium,No
CUST-01744,58,Male,16,Month-to-Month,Mailed Check,DSL,No,No,No,3,3.2,58.96,975.4,0.4735,47.3,Medium,No
CUST-01745,29,Male,29,Month-to-Month,Credit Card,DSL,No Internet,No,No,2,2.8,70.86,2230.82,0.4709,47.1,Medium,No
CUST-01746,45,Female,72,Month-to-Month,Credit Card,Fiber Optic,No Internet,No Internet,No,3,1.2,100.65,6746.86,0.7128,71.3,High,Yes
CUST-01747,55,Male,13,Month-to-Month,Electronic Check,Fiber Optic,No,No,No,5,2.9,103.08,1325.59,0.9364,93.6,High,Yes
CUST-01748,49,Male,17,Month-to-Month,Credit Card,DSL,Yes,Yes,No,2,3.9,48.95,804.49,0.3892,38.9,Low,No
CUST-01749,44,Female,17,Month-to-Month,Bank Transfer,No,No,Yes,No,4,4.2,22.16,389.38,0.5294,52.9,Medium,No
CUST-01750,56,Female,18,One Year,Credit Card,Fiber Optic,No Internet,No,Yes,6,3.7,94.65,1712.5,0.3637,36.4,Low,No
CUST-01751,18,Male,17,Month-to-Month,Mailed Check,DSL,No,No,Yes,1,2.1,67.41,1222.41,0.5852,58.5,Medium,No
CUST-01752,51,Male,0,Month-to-Month,Bank Transfer,Fiber Optic,No Internet,Yes,Yes,4,2.6,93.55,92.21,0.6844,68.4,Medium,Yes
CUST-01753,32,Male,0,One Year,Bank Transfer,Fiber Optic,No,No Internet,No Internet,3,1.4,82.87,81.8,0.5349,53.5,Medium,No
CUST-01754,18,Male,2,One Year,Mailed Check,DSL,Yes,Yes,No,3,3.9,49.5,145.03,0.1348,13.5,Low,No
CUST-01755,49,Male,2,Month-to-Month,Credit Card,Fiber Optic,No Internet,No Internet,Yes,2,2.2,98.46,309.8,0.6605,66.0,Medium,Yes
CUST-01756,61,Female,29,Month-to-Month,Electronic Check,Fiber Optic,No Internet,Yes,Yes,2,3.6,78.4,2306.98,0.7784,77.8,High,Yes
CUST-01757,40,Male,5,Month-to-Month,Electronic Check,DSL,Yes,Yes,No,0,3.7,56.92,311.08,0.57,57.0,Medium,No
CUST-01758,55,Male,54,Month-to-Month,Mailed Check,DSL,Yes,Yes,No,4,2.2,54.24,2829.06,0.4981,49.8,Medium,No
CUST-01759,64,Male,63,Month-to-Month,Credit Card,No,No,No,No,2,3.5,18.0,1171.7,0.5008,50.1,Medium,No
CUST-01760,60,Female,72,Month-to-Month,Mailed Check,DSL,No,Yes,No,6,5.0,42.46,3081.81,0.5702,57.0,Medium,No
CUST-01761,64,Male,67,Month-to-Month,Bank Transfer,DSL,No,No,No Internet,4,2.8,56.39,3844.46,0.514,51.4,Medium,No
CUST-01762,52,Male,7,One Year,Bank Transfer,Fiber Optic,Yes,Yes,Yes,3,4.4,76.47,635.17,0.3374,33.7,Low,No
CUST-01763,43,Male,17,One Year,Electronic Check,Fiber Optic,No,Yes,No,2,3.5,69.44,1208.13,0.5682,56.8,Medium,No
CUST-01764,19,Female,4,Month-to-Month,Mailed Check,DSL,No,No Internet,No Internet,1,3.5,50.87,229.66,0.5043,50.4,Medium,No
CUST-01765,38,Female,39,Month-to-Month,Bank Transfer,Fiber Optic,No,No Internet,Yes,2,3.1,93.42,3918.09,0.7342,73.4,High,Yes
CUST-01766,30,Male,52,Month-to-Month,Credit Card,No,No,No,No,2,4.2,18.0,923.65,0.4534,45.3,Medium,No
CUST-01767,72,Male,45,Month-to-Month,Electronic Check,DSL,No Internet,No Internet,Yes,5,3.0,72.76,3061.27,0.6801,68.0,Medium,Yes
CUST-01768,39,Male,13,Month-to-Month,Mailed Check,Fiber Optic,No,Yes,No,4,3.9,60.49,831.86,0.8079,80.8,High,Yes
CUST-01769,43,Female,34,Two Year,Electronic Check,DSL,No,Yes,Yes,0,4.2,50.48,1746.54,0.2462,24.6,Low,No
CUST-01770,49,Female,2,One Year,Electronic Check,No,No,Yes,No Internet,1,4.3,18.0,53.17,0.2585,25.8,Low,No
CUST-01771,42,Male,0,Two Year,Mailed Check,Fiber Optic,No,No Internet,No Internet,0,3.8,83.89,87.64,0.4277,42.8,Medium,No
CUST-01772,65,Male,33,One Year,Mailed Check,Fiber Optic,No,No,No Internet,2,4.0,97.19,3132.45,0.4125,41.2,Medium,No
CUST-01773,33,Male,13,Two Year,Electronic Check,No,No,Yes,No,2,3.2,18.88,239.26,0.4447,44.5,Medium,No
CUST-01774,44,Male,72,One Year,Electronic Check,Fiber Optic,No,No,No Internet,4,2.7,73.82,5593.44,0.5804,58.0,Medium,No
CUST-01775,31,Female,2,Two Year,Bank Transfer,Fiber Optic,No Internet,Yes,No,2,3.6,78.97,220.01,0.3369,33.7,Low,No
CUST-01776,23,Male,46,Month-to-Month,Credit Card,Fiber Optic,No Internet,Yes,No,4,3.6,102.47,4875.89,0.6814,68.1,Medium,Yes
CUST-01777,33,Male,15,Month-to-Month,Electronic Check,DSL,No,No,Yes,2,3.6,45.89,683.28,0.7644,76.4,High,Yes
CUST-01778,41,Male,42,One Year,Bank Transfer,DSL,No Internet,Yes,No,1,4.4,42.94,1891.37,0.162,16.2,Low,No
CUST-01779,35,Female,40,Two Year,Electronic Check,DSL,No Internet,Yes,No,0,3.2,32.67,1387.63,0.2309,23.1,Low,No
CUST-01780,32,Female,59,Month-to-Month,Credit Card,No,No Internet,Yes,Yes,3,1.7,33.73,1853.4,0.4787,47.9,Medium,No
CUST-01781,22,Male,8,Month-to-Month,Bank Transfer,DSL,Yes,No,No,1,1.0,55.57,461.17,0.5007,50.1,Medium,No
CUST-01782,40,Male,71,Month-to-Month,Credit Card,No,No,No,No Internet,1,3.4,22.13,1655.17,0.3635,36.3,Low,No
CUST-01783,20,Male,3,One Year,Electronic Check,DSL,No,No,No,3,4.3,32.33,131.34,0.336,33.6,Low,No
CUST-01784,52,Male,2,Month-to-Month,Bank Transfer,Fiber Optic,No,No,No,1,3.0,88.81,241.34,0.7189,71.9,High,Yes
CUST-01785,43,Male,13,One Year,Mailed Check,No,Yes,Yes,No Internet,1,5.0,18.0,233.69,0.0655,6.5,Low,No
CUST-01786,21,Female,42,Two Year,Electronic Check,Fiber Optic,No,Yes,Yes,3,3.4,96.61,3995.59,0.636,63.6,Medium,Yes
CUST-01787,37,Female,15,Two Year,Electronic Check,DSL,No,No Internet,No Internet,1,5.0,65.26,1075.1,0.2448,24.5,Low,No
CUST-01788,31,Female,42,Month-to-Month,Bank Transfer,Fiber Optic,No Internet,Yes,No,2,3.1,96.3,3820.64,0.6679,66.8,Medium,Yes
CUST-01789,46,Male,31,Month-to-Month,Bank Transfer,DSL,No Internet,No,No,1,4.9,55.6,1794.54,0.3547,35.5,Low,No
CUST-01790,60,Female,5,Month-to-Month,Electronic Check,No,Yes,No Internet,Yes,1,2.8,23.05,126.21,0.5956,59.6,Medium,No
CUST-01791,18,Female,71,Month-to-Month,Mailed Check,Fiber Optic,Yes,No,Yes,3,4.4,60.4,4218.66,0.6346,63.5,Medium,Yes
CUST-01792,43,Male,1,Month-to-Month,Electronic Check,Fiber Optic,No,Yes,No,5,3.9,108.69,219.41,0.97,97.0,High,Yes
CUST-01793,39,Male,54,One Year,Electronic Check,Fiber Optic,No,No Internet,No,2,3.6,84.56,4230.87,0.4998,50.0,Medium,No
CUST-01794,51,Male,8,Month-to-Month,Bank Transfer,DSL,No,Yes,No,2,3.6,43.43,363.76,0.6267,62.7,Medium,Yes
CUST-01795,44,Male,16,Two Year,Electronic Check,Fiber Optic,No,No,No,6,4.8,79.12,1370.29,0.5936,59.4,Medium,No
CUST-01796,31,Male,13,Two Year,Mailed Check,DSL,No Internet,Yes,No,3,3.0,49.89,645.75,0.2956,29.6,Low,No
CUST-01797,37,Female,4,Month-to-Month,Mailed Check,Fiber Optic,Yes,No,No,2,3.3,94.78,473.96,0.678,67.8,Medium,Yes
CUST-01798,30,Male,10,Two Year,Bank Transfer,Fiber Optic,No,No,No Internet,5,5.0,86.92,952.61,0.4136,41.4,Medium,No
CUST-01799,57,Female,5,One Year,Mailed Check,DSL,No Internet,No,No,2,3.8,58.66,344.24,0.0219,2.2,Low,No
CUST-01800,42,Male,5,Month-to-Month,Credit Card,DSL,No Internet,No,No Internet,1,4.6,47.1,262.89,0.4707,47.1,Medium,No
CUST-01801,68,Female,4,Month-to-Month,Mailed Check,Fiber Optic,Yes,No Internet,Yes,3,3.0,65.25,314.03,0.693,69.3,Medium,Yes
CUST-01802,41,Male,16,Month-to-Month,Bank Transfer,DSL,Yes,Yes,No,4,2.6,46.7,788.55,0.4616,46.2,Medium,No
CUST-01803,32,Female,38,Month-to-Month,Electronic Check,No,Yes,No Internet,No,1,4.1,22.91,922.31,0.6209,62.1,Medium,Yes
CUST-01804,20,Male,20,One Year,Mailed Check,Fiber Optic,No Internet,Yes,No Internet,1,3.5,102.47,2194.22,0.4222,42.2,Medium,No
CUST-01805,18,Male,53,Month-to-Month,Mailed Check,Fiber Optic,No,Yes,No,4,3.0,107.11,5732.47,0.8155,81.6,High,Yes
CUST-01806,19,Female,24,One Year,Electronic Check,DSL,No,No Internet,Yes,1,1.4,56.33,1315.69,0.3291,32.9,Low,No
CUST-01807,45,Male,28,Month-to-Month,Mailed Check,Fiber Optic,Yes,No,No,3,1.3,73.38,1984.39,0.716,71.6,High,Yes
CUST-01808,49,Female,26,Month-to-Month,Electronic Check,Fiber Optic,Yes,Yes,Yes,2,1.1,62.8,1733.04,0.7558,75.6,High,Yes
CUST-01809,19,Female,14,One Year,Electronic Check,DSL,No,No,Yes,3,3.6,65.82,986.97,0.4053,40.5,Medium,No
CUST-01810,54,Male,28,One Year,Electronic Check,Fiber Optic,No,Yes,No,1,2.0,62.49,1728.32,0.6086,60.9,Medium,No
CUST-01811,35,Male,1,Month-to-Month,Bank Transfer,Fiber Optic,No,No,No Internet,5,1.3,76.88,160.79,0.8309,83.1,High,Yes
CUST-01812,44,Female,47,Month-to-Month,Bank Transfer,No,Yes,No,Yes,3,2.2,21.84,1083.4,0.4984,49.8,Medium,No
CUST-01813,64,Male,36,Two Year,Electronic Check,Fiber Optic,No,No Internet,No,4,1.1,96.06,3556.8,0.7211,72.1,High,Yes
CUST-01814,54,Female,6,One Year,Mailed Check,No,No Internet,Yes,No Internet,2,2.5,32.49,217.28,0.1254,12.5,Low,No
CUST-01815,38,Female,35,Month-to-Month,Electronic Check,Fiber Optic,Yes,Yes,No,6,2.5,92.17,3139.98,0.848,84.8,High,Yes
CUST-01816,29,Male,0,Month-to-Month,Electronic Check,No,No Internet,Yes,No Internet,3,3.8,27.72,28.85,0.5421,54.2,Medium,No
CUST-01817,18,Male,5,Month-to-Month,Bank Transfer,DSL,Yes,Yes,Yes,2,3.4,42.82,248.32,0.4657,46.6,Medium,No
CUST-01818,31,Female,1,Month-to-Month,Bank Transfer,Fiber Optic,Yes,No Internet,No,3,2.7,68.39,139.52,0.7253,72.5,High,Yes
CUST-01819,39,Male,36,One Year,Electronic Check,DSL,No,No Internet,Yes,3,3.9,62.07,2390.65,0.2739,27.4,Low,No
CUST-01820,28,Male,33,Two Year,Electronic Check,No,No Internet,No,No Internet,0,1.8,25.06,829.72,0.1885,18.8,Low,No
CUST-01821,40,Male,40,One Year,Credit Card,Fiber Optic,No,No,No Internet,2,2.7,90.89,3718.91,0.4279,42.8,Medium,No
CUST-01822,43,Female,0,Month-to-Month,Electronic Check,DSL,No,No Internet,No Internet,1,2.3,68.71,62.73,0.7138,71.4,High,Yes
CUST-01823,38,Male,16,Two Year,Electronic Check,DSL,No,Yes,Yes,0,3.1,60.6,1028.02,0.3612,36.1,Low,No
CUST-01824,32,Male,29,Month-to-Month,Bank Transfer,DSL,Yes,Yes,No Internet,0,1.0,52.67,1473.07,0.4142,41.4,Medium,No
CUST-01825,44,Female,4,Two Year,Mailed Check,DSL,Yes,Yes,No Internet,2,5.0,57.41,287.22,0.1663,16.6,Low,No
CUST-01826,48,Male,25,Month-to-Month,Mailed Check,Fiber Optic,No Internet,No Internet,No,6,3.6,107.01,2546.2,0.7249,72.5,High,Yes
CUST-01827,26,Male,2,Month-to-Month,Credit Card,Fiber Optic,Yes,No,No,2,3.6,87.31,255.19,0.6567,65.7,Medium,Yes
CUST-01828,61,Female,4,One Year,Electronic Check,DSL,No,No,No Internet,2,1.0,49.25,240.87,0.4389,43.9,Medium,No
CUST-01829,40,Female,15,Month-to-Month,Bank Transfer,No,No Internet,Yes,No,0,3.4,23.83,370.81,0.3851,38.5,Low,No
CUST-01830,42,Female,25,One Year,Electronic Check,Fiber Optic,Yes,No,Yes,6,3.0,90.33,2380.31,0.5115,51.1,Medium,No
CUST-01831,51,Male,3,One Year,Bank Transfer,DSL,No,No Internet,No Internet,4,4.4,48.83,197.89,0.1536,15.4,Low,No
CUST-01832,45,Female,4,Month-to-Month,Credit Card,Fiber Optic,Yes,Yes,No,3,2.9,80.5,404.9,0.82,82.0,High,Yes
CUST-01833,55,Male,5,One Year,Mailed Check,DSL,Yes,No,No Internet,4,2.8,59.74,356.56,0.2824,28.2,Low,No
CUST-01834,46,Male,6,Month-to-Month,Bank Transfer,DSL,Yes,Yes,No,2,3.1,53.46,387.56,0.4243,42.4,Medium,No
CUST-01835,33,Male,6,Month-to-Month,Credit Card,DSL,No,No Internet,Yes,2,4.7,46.19,318.92,0.5,50.0,Medium,No
CUST-01836,47,Male,12,Two Year,Electronic Check,No,No,No,No,4,1.5,18.0,222.83,0.5364,53.6,Medium,No
CUST-01837,25,Female,25,Two Year,Bank Transfer,Fiber Optic,No,Yes,No,2,1.3,88.37,2088.26,0.4798,48.0,Medium,No
CUST-01838,43,Male,13,Month-to-Month,Credit Card,Fiber Optic,No Internet,No,Yes,2,1.0,65.23,895.3,0.8169,81.7,High,Yes
CUST-01839,41,Female,35,Month-to-Month,Bank Transfer,No,Yes,Yes,No,6,4.4,23.81,800.73,0.5629,56.3,Medium,No
CUST-01840,39,Female,30,Month-to-Month,Electronic Check,Fiber Optic,No,No Internet,Yes,0,4.3,88.49,2628.1,0.8476,84.8,High,Yes
CUST-01841,40,Female,3,One Year,Electronic Check,DSL,No,No Internet,No,1,1.9,49.78,180.7,0.4199,42.0,Medium,No
CUST-01842,18,Male,1,Two Year,Electronic Check,DSL,Yes,No,No Internet,3,1.6,53.2,105.99,0.409,40.9,Medium,No
CUST-01843,34,Female,50,Month-to-Month,Electronic Check,DSL,Yes,Yes,No,5,4.3,49.14,2588.85,0.6031,60.3,Medium,No
CUST-01844,43,Male,1,Two Year,Mailed Check,Fiber Optic,No,No,No,3,1.6,83.9,159.2,0.5775,57.8,Medium,No
CUST-01845,44,Male,3,Month-to-Month,Electronic Check,Fiber Optic,No Internet,No,No,1,2.9,96.7,394.82,0.8338,83.4,High,Yes
CUST-01846,27,Female,0,Month-to-Month,Electronic Check,DSL,No Internet,Yes,No,4,2.6,44.03,40.46,0.8096,81.0,High,Yes
CUST-01847,59,Male,23,Two Year,Mailed Check,Fiber Optic,Yes,Yes,No,4,5.0,73.12,1769.75,0.3035,30.4,Low,No
CUST-01848,29,Male,20,Month-to-Month,Mailed Check,DSL,No Internet,No Internet,No,5,3.0,66.91,1281.41,0.538,53.8,Medium,No
CUST-01849,55,Female,72,Month-to-Month,Mailed Check,DSL,No Internet,No Internet,No Internet,6,4.6,56.36,3862.46,0.408,40.8,Medium,No
CUST-01850,47,Male,52,One Year,Bank Transfer,Fiber Optic,No,No Internet,No,0,3.7,63.72,3221.93,0.2867,28.7,Low,No
CUST-01851,32,Female,12,Month-to-Month,Electronic Check,Fiber Optic,Yes,No,No Internet,1,2.7,67.5,810.39,0.8853,88.5,High,Yes
CUST-01852,66,Male,11,Month-to-Month,Electronic Check,No,No Internet,No,No Internet,4,2.6,18.0,200.38,0.7457,74.6,High,Yes
CUST-01853,25,Male,8,Two Year,Electronic Check,DSL,No,No,Yes,4,3.3,50.25,454.44,0.2953,29.5,Low,No
CUST-01854,54,Male,3,One Year,Mailed Check,DSL,No Internet,Yes,No,1,3.3,61.97,226.65,0.0884,8.8,Low,No
CUST-01855,56,Male,3,Two Year,Electronic Check,No,No,No Internet,No Internet,3,2.6,20.08,83.54,0.4262,42.6,Medium,No
CUST-01856,32,Male,3,Month-to-Month,Bank Transfer,DSL,No,No Internet,No Internet,2,3.8,60.06,243.9,0.5288,52.9,Medium,No
CUST-01857,61,Female,2,Month-to-Month,Electronic Check,No,Yes,No Internet,No,2,3.2,18.0,51.49,0.6861,68.6,Medium,Yes
CUST-01858,38,Female,6,Two Year,Credit Card,Fiber Optic,No Internet,No,No,1,2.4,85.77,596.98,0.2427,24.3,Low,No
CUST-01859,46,Female,8,Month-to-Month,Mailed Check,No,Yes,No,No,3,2.8,18.0,163.28,0.5832,58.3,Medium,No
CUST-01860,45,Male,72,Month-to-Month,Mailed Check,Fiber Optic,Yes,No,Yes,3,3.8,74.8,5401.28,0.6141,61.4,Medium,No
CUST-01861,40,Female,20,Month-to-Month,Bank Transfer,No,No,No Internet,No Internet,2,2.0,18.56,386.93,0.5832,58.3,Medium,No
CUST-01862,53,Female,72,Month-to-Month,Bank Transfer,No,No,No,No Internet,4,2.0,27.42,2076.51,0.581,58.1,Medium,No
CUST-01863,53,Female,11,Month-to-Month,Bank Transfer,Fiber Optic,Yes,Yes,No,2,1.8,65.65,813.14,0.8123,81.2,High,Yes
CUST-01864,18,Male,14,Two Year,Credit Card,Fiber Optic,No,No,Yes,3,2.8,80.61,1253.97,0.3778,37.8,Low,No
CUST-01865,60,Female,9,Two Year,Mailed Check,DSL,No,No Internet,No Internet,1,2.9,58.38,602.94,0.2203,22.0,Low,No
CUST-01866,18,Female,4,One Year,Credit Card,Fiber Optic,No,Yes,No,4,2.0,100.44,503.61,0.4373,43.7,Medium,No
CUST-01867,56,Male,3,One Year,Mailed Check,DSL,Yes,No,Yes,2,3.2,49.28,191.95,0.2108,21.1,Low,No
CUST-01868,57,Female,69,Two Year,Credit Card,Fiber Optic,No,Yes,Yes,4,3.2,100.01,6812.43,0.3897,39.0,Low,No
CUST-01869,26,Male,72,One Year,Electronic Check,No,Yes,No Internet,Yes,4,4.2,31.25,2317.14,0.2619,26.2,Low,No
CUST-01870,36,Female,1,Month-to-Month,Electronic Check,Fiber Optic,Yes,No,No,1,4.2,107.51,223.32,0.7837,78.4,High,Yes
CUST-01871,26,Female,3,Month-to-Month,Bank Transfer,DSL,No,No,No,1,1.0,60.13,219.65,0.7171,71.7,High,Yes
CUST-01872,38,Female,13,Month-to-Month,Electronic Check,Fiber Optic,No,No,Yes,2,3.5,83.15,1200.8,0.8344,83.4,High,Yes
CUST-01873,37,Male,4,Month-to-Month,Electronic Check,Fiber Optic,Yes,No Internet,No Internet,3,1.0,77.74,399.37,0.9013,90.1,High,Yes
CUST-01874,52,Male,10,Month-to-Month,Electronic Check,Fiber Optic,No,No Internet,No Internet,6,3.8,91.07,914.75,0.7823,78.2,High,Yes
CUST-01875,60,Female,3,Month-to-Month,Bank Transfer,DSL,Yes,No Internet,Yes,3,3.8,73.52,293.63,0.485,48.5,Medium,No
CUST-01876,61,Male,14,Month-to-Month,Credit Card,Fiber Optic,Yes,Yes,Yes,2,2.1,84.84,1330.86,0.6402,64.0,Medium,Yes
CUST-01877,34,Male,7,Month-to-Month,Bank Transfer,No,No,Yes,No,3,3.6,28.68,235.81,0.6488,64.9,Medium,Yes
CUST-01878,39,Female,10,Month-to-Month,Credit Card,Fiber Optic,No,No Internet,Yes,3,2.1,67.62,676.45,0.7696,77.0,High,Yes
CUST-01879,18,Male,2,Month-to-Month,Mailed Check,DSL,No,No Internet,Yes,1,3.1,51.36,160.05,0.4977,49.8,Medium,No
CUST-01880,30,Male,13,One Year,Electronic Check,DSL,No,Yes,No,2,3.3,48.48,628.47,0.3776,37.8,Low,No
CUST-01881,55,Male,72,Month-to-Month,Electronic Check,DSL,No,Yes,No Internet,3,2.9,60.01,3990.28,0.632,63.2,Medium,Yes
CUST-01882,64,Male,9,Two Year,Mailed Check,Fiber Optic,No,Yes,No Internet,0,4.0,72.09,673.45,0.3342,33.4,Low,No
CUST-01883,24,Female,50,Two Year,Electronic Check,DSL,Yes,No,No Internet,1,2.3,41.91,2078.6,0.276,27.6,Low,No
CUST-01884,33,Female,44,One Year,Electronic Check,DSL,Yes,No,No,2,3.8,60.84,2798.81,0.2151,21.5,Low,No
CUST-01885,41,Female,72,One Year,Mailed Check,Fiber Optic,No,Yes,No,1,1.8,85.88,5893.51,0.4509,45.1,Medium,No
CUST-01886,45,Female,37,Two Year,Bank Transfer,Fiber Optic,No,Yes,No,2,1.0,76.06,2770.44,0.5356,53.6,Medium,No
CUST-01887,30,Female,25,Month-to-Month,Mailed Check,Fiber Optic,No,No Internet,No,2,1.3,91.63,2194.56,0.8328,83.3,High,Yes
CUST-01888,47,Female,46,Two Year,Credit Card,Fiber Optic,Yes,Yes,No,4,2.1,67.24,2982.46,0.299,29.9,Low,No
CUST-01889,35,Male,1,One Year,Bank Transfer,Fiber Optic,No,No,No,3,3.9,73.04,151.24,0.3901,39.0,Low,No
CUST-01890,41,Female,14,One Year,Bank Transfer,Fiber Optic,No Internet,Yes,Yes,5,3.8,98.14,1475.22,0.3013,30.1,Low,No
CUST-01891,49,Male,72,Month-to-Month,Credit Card,DSL,No,No,Yes,3,3.0,53.31,3895.87,0.5064,50.6,Medium,No
CUST-01892,42,Female,35,Month-to-Month,Electronic Check,Fiber Optic,No,Yes,No Internet,3,1.0,76.02,2565.61,0.9231,92.3,High,Yes
CUST-01893,35,Female,72,One Year,Bank Transfer,Fiber Optic,Yes,Yes,No,4,5.0,93.5,6292.65,0.2871,28.7,Low,No
CUST-01894,40,Male,36,One Year,Credit Card,Fiber Optic,Yes,No,Yes,4,1.5,106.68,4077.87,0.483,48.3,Medium,No
CUST-01895,40,Female,49,One Year,Bank Transfer,DSL,Yes,No Internet,No,0,3.6,52.19,2717.92,0.2128,21.3,Low,No
CUST-01896,36,Male,29,Month-to-Month,Bank Transfer,Fiber Optic,No,No,No,1,2.8,97.32,2651.11,0.7835,78.4,High,Yes
CUST-01897,38,Female,34,Month-to-Month,Mailed Check,DSL,No Internet,Yes,Yes,2,3.6,65.45,2243.85,0.4535,45.3,Medium,No
CUST-01898,64,Male,17,Month-to-Month,Bank Transfer,DSL,No Internet,No Internet,Yes,3,4.7,45.72,794.96,0.3531,35.3,Low,No
CUST-01899,49,Female,61,Month-to-Month,Electronic Check,DSL,No,Yes,No,2,3.4,55.14,3455.47,0.7306,73.1,High,Yes
CUST-01900,37,Male,41,Month-to-Month,Credit Card,Fiber Optic,No Internet,No Internet,Yes,6,4.0,86.46,3432.58,0.7255,72.5,High,Yes
CUST-01901,51,Male,44,Month-to-Month,Credit Card,DSL,No,Yes,No,2,5.0,67.04,2995.94,0.4898,49.0,Medium,No
CUST-01902,37,Male,26,Month-to-Month,Credit Card,Fiber Optic,No,No,Yes,1,4.3,90.76,2235.82,0.7329,73.3,High,Yes
CUST-01903,58,Male,8,Month-to-Month,Bank Transfer,No,Yes,Yes,Yes,0,1.4,21.42,197.3,0.5598,56.0,Medium,No
CUST-01904,47,Male,0,Month-to-Month,Electronic Check,DSL,No,No,No Internet,3,1.0,69.34,64.89,0.8867,88.7,High,Yes
CUST-01905,40,Female,65,Two Year,Electronic Check,DSL,Yes,No,No,6,3.8,45.0,2812.85,0.283,28.3,Low,No
CUST-01906,48,Male,21,One Year,Credit Card,No,No,No,No,6,2.7,32.97,693.96,0.294,29.4,Low,No
CUST-01907,20,Male,8,One Year,Mailed Check,DSL,No Internet,Yes,Yes,3,4.1,59.21,496.12,0.1207,12.1,Low,No
CUST-01908,26,Male,3,Month-to-Month,Electronic Check,Fiber Optic,Yes,No Internet,Yes,3,1.0,76.11,310.94,0.8866,88.7,High,Yes
CUST-01909,25,Female,42,One Year,Mailed Check,Fiber Optic,Yes,No Internet,No Internet,3,4.5,86.29,3377.65,0.3228,32.3,Low,No
CUST-01910,44,Female,43,Month-to-Month,Mailed Check,DSL,Yes,No,Yes,3,3.1,49.2,2251.46,0.3583,35.8,Low,No
CUST-01911,66,Female,40,Two Year,Bank Transfer,No,No,No,No Internet,0,5.0,22.21,946.66,0.1013,10.1,Low,No
CUST-01912,73,Female,24,One Year,Mailed Check,No,Yes,No,No,1,3.2,20.4,522.29,0.174,17.4,Low,No
CUST-01913,50,Male,10,One Year,Bank Transfer,DSL,No,Yes,No,3,3.8,58.23,667.96,0.2262,22.6,Low,No
CUST-01914,49,Male,8,Two Year,Credit Card,Fiber Optic,No,No Internet,No,1,2.8,89.81,819.74,0.4379,43.8,Medium,No
CUST-01915,18,Male,0,Month-to-Month,Electronic Check,DSL,No,Yes,No,0,2.7,63.82,62.82,0.7248,72.5,High,Yes
CUST-01916,34,Female,43,Month-to-Month,Electronic Check,DSL,Yes,No,No,2,3.5,60.38,2678.62,0.6592,65.9,Medium,Yes
CUST-01917,30,Female,2,One Year,Mailed Check,Fiber Optic,No Internet,No,No,3,2.9,87.84,237.32,0.4105,41.1,Medium,No
CUST-01918,33,Male,23,Month-to-Month,Credit Card,DSL,No,No,No Internet,2,2.5,48.9,1176.9,0.5403,54.0,Medium,No
CUST-01919,39,Male,16,Month-to-Month,Mailed Check,DSL,No,No Internet,Yes,2,3.6,49.12,756.8,0.6009,60.1,Medium,No
CUST-01920,35,Male,17,One Year,Mailed Check,No,No,Yes,No,0,2.6,18.0,334.74,0.2046,20.5,Low,No
CUST-01921,18,Male,62,Month-to-Month,Bank Transfer,No,No,No,No,4,3.6,36.2,2359.23,0.4433,44.3,Medium,No
CUST-01922,52,Female,0,One Year,Mailed Check,Fiber Optic,Yes,No,No,1,1.5,110.6,101.44,0.4013,40.1,Medium,No
CUST-01923,26,Male,35,Two Year,Credit Card,Fiber Optic,No,Yes,Yes,3,3.2,94.14,3395.63,0.3503,35.0,Low,No
CUST-01924,45,Female,1,Month-to-Month,Credit Card,No,No,No,No Internet,1,3.0,32.71,65.43,0.5837,58.4,Medium,No
CUST-01925,71,Male,0,Month-to-Month,Mailed Check,No,No,No Internet,No,1,1.0,18.0,17.54,0.5799,58.0,Medium,No
CUST-01926,29,Female,13,Month-to-Month,Bank Transfer,Fiber Optic,Yes,Yes,No Internet,1,1.8,56.56,715.63,0.6011,60.1,Medium,No
CUST-01927,18,Female,1,Month-to-Month,Electronic Check,DSL,Yes,No,No Internet,3,1.0,67.76,124.29,0.7291,72.9,High,Yes
CUST-01928,37,Female,37,Month-to-Month,Bank Transfer,No,No,No,Yes,2,3.3,27.42,1040.8,0.6053,60.5,Medium,No
CUST-01929,57,Female,18,Month-to-Month,Bank Transfer,No,Yes,No,Yes,2,2.3,32.36,602.2,0.4478,44.8,Medium,No
CUST-01930,69,Female,0,Month-to-Month,Mailed Check,DSL,No Internet,No Internet,No Internet,4,2.8,61.05,55.37,0.5245,52.4,Medium,No
CUST-01931,24,Female,0,Month-to-Month,Electronic Check,Fiber Optic,Yes,Yes,No,3,4.7,83.4,81.53,0.8254,82.5,High,Yes
CUST-01932,48,Female,22,One Year,Credit Card,DSL,No,No,Yes,2,3.2,59.14,1397.47,0.1002,10.0,Low,No
CUST-01933,35,Female,39,Two Year,Mailed Check,Fiber Optic,No,No,No Internet,3,3.5,68.78,2843.56,0.4204,42.0,Medium,No
CUST-01934,40,Female,13,One Year,Bank Transfer,No,No Internet,Yes,No,1,2.7,21.3,299.56,0.1839,18.4,Low,No
CUST-01935,79,Female,19,Month-to-Month,Electronic Check,Fiber Optic,No,No Internet,No,2,2.4,58.54,1170.09,0.8617,86.2,High,Yes
CUST-01936,20,Female,38,Month-to-Month,Mailed Check,DSL,Yes,Yes,No,4,1.6,31.63,1252.53,0.4908,49.1,Medium,No
CUST-01937,45,Female,22,One Year,Credit Card,DSL,Yes,Yes,No Internet,2,4.0,53.42,1130.38,0.1213,12.1,Low,No
CUST-01938,48,Male,6,Month-to-Month,Mailed Check,DSL,No,No,Yes,7,4.9,62.27,404.74,0.608,60.8,Medium,No
CUST-01939,57,Male,22,Month-to-Month,Bank Transfer,DSL,No,Yes,No,3,4.5,56.17,1256.85,0.4479,44.8,Medium,No
CUST-01940,43,Male,23,Two Year,Electronic Check,Fiber Optic,No,No,No,0,1.9,39.41,915.25,0.5313,53.1,Medium,No
CUST-01941,46,Female,31,Month-to-Month,Mailed Check,DSL,Yes,No Internet,No Internet,1,4.6,51.92,1541.24,0.4128,41.3,Medium,No
CUST-01942,36,Female,23,Month-to-Month,Credit Card,Fiber Optic,No Internet,Yes,No,4,3.0,77.06,1852.66,0.6687,66.9,Medium,Yes
CUST-01943,45,Male,72,Two Year,Mailed Check,Fiber Optic,Yes,Yes,No,1,4.8,97.41,7190.31,0.2852,28.5,Low,No
CUST-01944,37,Female,5,Two Year,Credit Card,No,No,Yes,No,4,3.6,29.45,166.21,0.2402,24.0,Low,No
CUST-01945,50,Female,72,Month-to-Month,Credit Card,DSL,No Internet,Yes,No,3,3.5,63.65,4399.91,0.3727,37.3,Low,No
CUST-01946,36,Male,18,Month-to-Month,Credit Card,DSL,No,Yes,No,3,3.6,65.29,1164.34,0.4906,49.1,Medium,No
CUST-01947,47,Female,26,One Year,Credit Card,DSL,No,No Internet,No Internet,5,1.3,47.8,1215.47,0.1169,11.7,Low,No
CUST-01948,41,Female,2,One Year,Electronic Check,DSL,Yes,No,No,4,1.8,46.96,134.5,0.3185,31.9,Low,No
CUST-01949,57,Male,11,Month-to-Month,Credit Card,DSL,No Internet,Yes,No Internet,2,2.5,66.66,772.85,0.4762,47.6,Medium,No
CUST-01950,41,Female,35,One Year,Electronic Check,DSL,Yes,No Internet,No,4,2.8,48.29,1690.85,0.3112,31.1,Low,No
CUST-01951,18,Female,29,Two Year,Electronic Check,No,No,Yes,Yes,3,3.3,21.81,636.46,0.2833,28.3,Low,No
CUST-01952,59,Male,0,Month-to-Month,Electronic Check,DSL,No Internet,No,No Internet,4,2.7,59.54,59.1,0.6514,65.1,Medium,Yes
CUST-01953,29,Male,18,Two Year,Mailed Check,DSL,Yes,Yes,Yes,1,2.6,46.42,839.31,0.2217,22.2,Low,No
CUST-01954,32,Female,2,Two Year,Bank Transfer,No,No,Yes,No,4,4.6,20.22,59.17,0.3234,32.3,Low,No
CUST-01955,33,Male,72,Month-to-Month,Mailed Check,Fiber Optic,No Internet,No,No,5,4.7,86.92,6192.33,0.6773,67.7,Medium,Yes
CUST-01956,61,Male,54,One Year,Electronic Check,DSL,No,No,No Internet,0,3.9,36.84,1852.97,0.2897,29.0,Low,No
CUST-01957,18,Male,0,Month-to-Month,Mailed Check,No,No,No,Yes,4,2.4,21.53,21.41,0.5362,53.6,Medium,No
CUST-01958,80,Female,46,One Year,Mailed Check,Fiber Optic,No Internet,No,No Internet,3,3.7,65.04,2878.74,0.3076,30.8,Low,No
CUST-01959,56,Female,60,One Year,Bank Transfer,Fiber Optic,No,Yes,No Internet,0,4.6,79.23,4383.77,0.2908,29.1,Low,No
CUST-01960,45,Female,10,Month-to-Month,Electronic Check,DSL,No,No,Yes,2,2.9,53.88,590.94,0.8113,81.1,High,Yes
CUST-01961,41,Male,30,One Year,Electronic Check,Fiber Optic,No,No Internet,No Internet,2,4.7,95.38,2682.58,0.5315,53.2,Medium,No
CUST-01962,45,Female,14,Two Year,Electronic Check,No,Yes,Yes,Yes,1,5.0,18.0,260.9,0.2699,27.0,Low,No
CUST-01963,49,Male,25,Month-to-Month,Electronic Check,Fiber Optic,Yes,Yes,Yes,2,4.3,65.67,1695.76,0.7825,78.3,High,Yes
CUST-01964,51,Male,9,Month-to-Month,Bank Transfer,Fiber Optic,Yes,No,No Internet,1,3.9,87.58,919.4,0.7221,72.2,High,Yes
CUST-01965,49,Male,9,Month-to-Month,Mailed Check,No,Yes,No,No,2,3.6,24.42,238.65,0.4373,43.7,Medium,No
CUST-01966,43,Male,13,One Year,Electronic Check,Fiber Optic,Yes,No,No,2,3.9,101.18,1342.48,0.5129,51.3,Medium,No
CUST-01967,39,Female,3,Two Year,Mailed Check,DSL,No,No,No,2,3.7,62.89,244.97,0.2073,20.7,Low,No
CUST-01968,39,Female,42,Two Year,Mailed Check,No,Yes,No Internet,Yes,0,1.9,19.36,773.67,0.1804,18.0,Low,No
CUST-01969,39,Male,10,Month-to-Month,Credit Card,No,No Internet,No,No,5,4.7,18.0,191.21,0.4026,40.3,Medium,No
CUST-01970,57,Female,12,Month-to-Month,Electronic Check,DSL,No,No,Yes,3,3.3,53.19,712.88,0.7829,78.3,High,Yes
CUST-01971,50,Female,53,Month-to-Month,Credit Card,Fiber Optic,No,No,Yes,3,5.0,90.97,4521.45,0.6131,61.3,Medium,No
CUST-01972,18,Female,16,Month-to-Month,Bank Transfer,Fiber Optic,No,No,No Internet,3,5.0,82.81,1378.94,0.763,76.3,High,Yes
CUST-01973,51,Male,18,Month-to-Month,Electronic Check,Fiber Optic,Yes,No,No Internet,2,2.9,60.96,1150.27,0.7727,77.3,High,Yes
CUST-01974,44,Female,72,Month-to-Month,Credit Card,Fiber Optic,No,No,No,4,3.4,61.52,4252.72,0.7842,78.4,High,Yes
CUST-01975,41,Male,52,Month-to-Month,Bank Transfer,DSL,No,No,Yes,0,2.7,47.42,2539.37,0.5682,56.8,Medium,No
CUST-01976,36,Female,4,Two Year,Bank Transfer,Fiber Optic,No,No,No,4,2.2,105.99,529.71,0.4235,42.3,Medium,No
CUST-01977,57,Male,15,One Year,Mailed Check,DSL,Yes,Yes,No Internet,4,3.1,65.97,1023.43,0.1174,11.7,Low,No
CUST-01978,55,Female,72,One Year,Mailed Check,Fiber Optic,No,No,Yes,1,3.2,80.51,5853.78,0.3142,31.4,Low,No
CUST-01979,31,Male,11,Month-to-Month,Electronic Check,DSL,No,No Internet,Yes,2,1.8,70.16,863.84,0.8301,83.0,High,Yes
CUST-01980,47,Male,11,Two Year,Electronic Check,Fiber Optic,No,No Internet,No Internet,1,2.0,72.94,866.58,0.5607,56.1,Medium,No
CUST-01981,28,Female,5,One Year,Credit Card,Fiber Optic,Yes,No,No,2,1.0,118.48,700.44,0.3649,36.5,Low,No
CUST-01982,22,Female,2,Two Year,Credit Card,DSL,No,No,Yes,1,1.9,65.28,194.51,0.1445,14.4,Low,No
CUST-01983,33,Female,32,Month-to-Month,Electronic Check,DSL,No,Yes,Yes,3,4.1,52.5,1734.82,0.7197,72.0,High,Yes
CUST-01984,54,Female,35,Month-to-Month,Bank Transfer,No,No,No,No Internet,3,4.8,18.0,622.39,0.5178,51.8,Medium,No
CUST-01985,55,Male,72,Month-to-Month,Bank Transfer,No,No,Yes,No,0,1.0,18.0,1347.54,0.4281,42.8,Medium,No
CUST-01986,49,Female,35,Month-to-Month,Electronic Check,DSL,Yes,No Internet,Yes,4,1.7,55.18,2063.13,0.758,75.8,High,Yes
CUST-01987,52,Male,6,One Year,Mailed Check,DSL,Yes,Yes,No Internet,2,4.5,60.97,423.92,0.1638,16.4,Low,No
CUST-01988,49,Male,0,Two Year,Mailed Check,Fiber Optic,Yes,No,No Internet,2,2.3,95.9,99.07,0.3142,31.4,Low,No
CUST-01989,33,Female,72,Month-to-Month,Bank Transfer,Fiber Optic,Yes,No Internet,Yes,2,2.7,99.83,7372.84,0.5741,57.4,Medium,No
CUST-01990,48,Female,9,Month-to-Month,Credit Card,No,Yes,No Internet,No,3,2.4,19.26,185.56,0.5859,58.6,Medium,No
CUST-01991,53,Female,8,One Year,Electronic Check,Fiber Optic,Yes,No,Yes,6,4.2,82.58,724.2,0.5702,57.0,Medium,No
CUST-01992,52,Female,56,Month-to-Month,Mailed Check,Fiber Optic,Yes,No,No,3,5.0,73.09,4105.8,0.6253,62.5,Medium,Yes
CUST-01993,58,Female,21,One Year,Bank Transfer,Fiber Optic,No,No,Yes,2,3.3,96.49,2209.52,0.4766,47.7,Medium,No
CUST-01994,51,Male,5,One Year,Bank Transfer,Fiber Optic,No Internet,Yes,No,4,2.7,66.9,400.28,0.3928,39.3,Low,No
CUST-01995,46,Male,52,Month-to-Month,Electronic Check,DSL,No,Yes,No,3,3.0,68.94,3567.16,0.6633,66.3,Medium,Yes
CUST-01996,56,Female,72,Two Year,Mailed Check,Fiber Optic,No,Yes,No,1,4.2,69.77,4678.16,0.2203,22.0,Low,No
CUST-01997,41,Male,2,Month-to-Month,Credit Card,DSL,No Internet,Yes,No,2,3.8,56.39,169.18,0.5226,52.3,Medium,No
CUST-01998,29,Male,47,Two Year,Electronic Check,Fiber Optic,No,No Internet,Yes,3,2.9,54.14,2555.08,0.6683,66.8,Medium,Yes
CUST-01999,39,Male,11,One Year,Mailed Check,DSL,No,Yes,No Internet,1,3.2,47.94,598.87,0.1973,19.7,Low,No
CUST-02000,31,Female,17,Two Year,Credit Card,DSL,No,No,Yes,2,2.4,57.4,982.89,0.2361,23.6,Low,No
CUST-02001,32,Male,59,Month-to-Month,Electronic Check,Fiber Optic,No,Yes,No,7,2.5,94.82,5799.1,0.9471,94.7,High,Yes
CUST-02002,39,Female,72,Month-to-Month,Credit Card,DSL,No,No Internet,Yes,2,1.7,64.16,4413.8,0.525,52.5,Medium,No
CUST-02003,30,Female,7,Month-to-Month,Electronic Check,Fiber Optic,No Internet,Yes,No,3,4.5,72.1,533.98,0.7776,77.8,High,Yes
CUST-02004,37,Male,5,Month-to-Month,Electronic Check,DSL,No,No,Yes,3,1.0,66.29,358.69,0.7632,76.3,High,Yes
CUST-02005,18,Female,2,Two Year,Electronic Check,DSL,No Internet,No,Yes,2,3.5,64.02,198.65,0.2888,28.9,Low,No
CUST-02006,44,Female,19,Month-to-Month,Electronic Check,No,No,No Internet,No,5,3.2,19.68,380.49,0.8085,80.9,High,Yes
CUST-02007,42,Female,0,Two Year,Electronic Check,Fiber Optic,No,Yes,No,0,3.1,68.33,64.38,0.5396,54.0,Medium,No
CUST-02008,30,Female,12,Month-to-Month,Bank Transfer,Fiber Optic,No,No Internet,No,4,2.5,87.36,1090.79,0.7842,78.4,High,Yes
CUST-02009,51,Male,1,Month-to-Month,Electronic Check,Fiber Optic,No,No,Yes,6,2.9,87.04,175.26,0.789,78.9,High,Yes
CUST-02010,55,Female,12,Two Year,Credit Card,Fiber Optic,Yes,Yes,Yes,3,5.0,99.64,1242.2,0.4038,40.4,Medium,No
CUST-02011,19,Male,0,Month-to-Month,Mailed Check,Fiber Optic,No,Yes,No,4,3.3,103.16,96.34,0.7896,79.0,High,Yes
CUST-02012,31,Female,43,One Year,Mailed Check,Fiber Optic,No,No,Yes,1,3.4,55.9,2246.03,0.4504,45.0,Medium,No
CUST-02013,31,Female,5,Month-to-Month,Mailed Check,Fiber Optic,No,Yes,Yes,0,3.4,73.62,438.74,0.6867,68.7,Medium,Yes
CUST-02014,28,Female,9,Two Year,Bank Transfer,No,Yes,No Internet,Yes,1,2.4,34.21,357.8,0.2294,22.9,Low,No
CUST-02015,53,Male,48,One Year,Mailed Check,Fiber Optic,Yes,Yes,Yes,2,2.6,101.38,4943.87,0.3792,37.9,Low,No
CUST-02016,39,Male,32,One Year,Electronic Check,No,No,No,Yes,2,3.8,19.3,663.67,0.2724,27.2,Low,No
CUST-02017,38,Male,5,Month-to-Month,Credit Card,No,No Internet,No,No,2,2.3,18.0,111.42,0.4787,47.9,Medium,No
CUST-02018,18,Male,1,Month-to-Month,Mailed Check,No,No,No,Yes,4,3.1,20.76,38.34,0.5332,53.3,Medium,No
CUST-02019,50,Male,30,Two Year,Electronic Check,No,No,Yes,No Internet,0,4.5,31.05,993.21,0.3081,30.8,Low,No
CUST-02020,24,Female,11,Two Year,Mailed Check,DSL,Yes,No Internet,Yes,4,2.5,44.48,480.47,0.2655,26.6,Low,No
CUST-02021,42,Male,34,Month-to-Month,Bank Transfer,DSL,No,No,No Internet,2,3.1,51.43,1757.65,0.5632,56.3,Medium,No
CUST-02022,45,Female,14,Month-to-Month,Electronic Check,Fiber Optic,No,No,No Internet,5,2.9,76.56,1123.6,0.9038,90.4,High,Yes
CUST-02023,61,Male,10,Month-to-Month,Credit Card,DSL,No,No,Yes,2,3.8,63.05,699.81,0.6007,60.1,Medium,No
CUST-02024,23,Female,14,Month-to-Month,Bank Transfer,No,No Internet,No,Yes,5,3.4,18.0,273.62,0.4787,47.9,Medium,No
CUST-02025,18,Female,33,One Year,Bank Transfer,Fiber Optic,No Internet,No Internet,Yes,4,2.4,84.82,2695.71,0.4249,42.5,Medium,No
CUST-02026,44,Female,55,Month-to-Month,Mailed Check,Fiber Optic,Yes,No Internet,No,3,2.6,84.82,4903.36,0.6112,61.1,Medium,No
CUST-02027,67,Female,1,Month-to-Month,Credit Card,DSL,No,Yes,No,3,2.5,59.92,111.08,0.6277,62.8,Medium,Yes
CUST-02028,59,Male,17,One Year,Electronic Check,DSL,Yes,Yes,No,3,2.4,42.97,807.66,0.3351,33.5,Low,No
CUST-02029,44,Female,0,Month-to-Month,Bank Transfer,No,Yes,No Internet,No,4,1.3,24.42,25.59,0.5143,51.4,Medium,No
CUST-02030,35,Male,15,One Year,Electronic Check,Fiber Optic,Yes,Yes,Yes,3,3.4,70.85,1138.72,0.4784,47.8,Medium,No
CUST-02031,53,Male,51,Two Year,Bank Transfer,DSL,No,No Internet,No Internet,3,2.5,64.2,3329.39,0.1481,14.8,Low,No
CUST-02032,28,Female,10,Month-to-Month,Electronic Check,Fiber Optic,No,No,No,0,3.7,73.57,847.21,0.8216,82.2,High,Yes
CUST-02033,48,Male,64,One Year,Electronic Check,No,No,Yes,No Internet,2,3.3,19.37,1178.85,0.3917,39.2,Low,No
CUST-02034,49,Female,23,Month-to-Month,Credit Card,Fiber Optic,No Internet,Yes,No,1,2.8,92.16,2203.88,0.6892,68.9,Medium,Yes
CUST-02035,56,Male,65,Month-to-Month,Mailed Check,No,Yes,No,Yes,0,2.7,22.85,1449.17,0.3773,37.7,Low,No
CUST-02036,80,Male,33,Month-to-Month,Mailed Check,Fiber Optic,No,No Internet,No Internet,0,1.7,71.2,2239.57,0.7125,71.2,High,Yes
CUST-02037,47,Male,2,Month-to-Month,Bank Transfer,Fiber Optic,No,Yes,No,3,3.3,72.47,199.84,0.8304,83.0,High,Yes
CUST-02038,34,Male,6,Month-to-Month,Bank Transfer,Fiber Optic,Yes,Yes,No,3,3.1,98.01,689.54,0.7626,76.3,High,Yes
CUST-02039,41,Male,12,Month-to-Month,Electronic Check,Fiber Optic,No Internet,No Internet,No,2,2.5,57.27,695.63,0.8743,87.4,High,Yes
CUST-02040,18,Male,4,Two Year,Electronic Check,DSL,No,Yes,No Internet,3,1.0,47.2,233.62,0.3946,39.5,Low,No
CUST-02041,32,Male,16,One Year,Credit Card,Fiber Optic,No Internet,No,No Internet,2,3.0,100.85,1604.11,0.3398,34.0,Low,No
CUST-02042,36,Female,15,Two Year,Bank Transfer,Fiber Optic,No,No,No,2,3.1,57.63,892.64,0.4446,44.5,Medium,No
CUST-02043,34,Male,72,One Year,Mailed Check,Fiber Optic,Yes,Yes,Yes,1,4.4,87.06,6427.51,0.2558,25.6,Low,No
CUST-02044,44,Female,13,Month-to-Month,Credit Card,No,Yes,Yes,No,1,3.2,26.12,358.08,0.3328,33.3,Low,No
CUST-02045,30,Male,36,Month-to-Month,Mailed Check,Fiber Optic,No Internet,No,No Internet,3,4.5,107.4,4095.88,0.6699,67.0,Medium,Yes
CUST-02046,57,Female,68,Month-to-Month,Electronic Check,Fiber Optic,Yes,Yes,No,3,2.5,110.6,7470.72,0.7152,71.5,High,Yes
CUST-02047,42,Male,50,Month-to-Month,Electronic Check,DSL,No Internet,No,No Internet,3,2.9,59.53,2820.88,0.7165,71.6,High,Yes
CUST-02048,41,Male,5,One Year,Mailed Check,No,No,No,No,0,2.1,20.02,124.27,0.1637,16.4,Low,No
CUST-02049,37,Female,16,Month-to-Month,Credit Card,No,Yes,No,No Internet,2,2.9,29.34,480.17,0.5315,53.2,Medium,No
CUST-02050,44,Male,10,Month-to-Month,Electronic Check,No,No,No,Yes,0,4.1,42.12,477.27,0.6651,66.5,Medium,Yes
CUST-02051,53,Female,12,Month-to-Month,Electronic Check,Fiber Optic,Yes,Yes,No,3,4.1,87.2,1059.76,0.8161,81.6,High,Yes
CUST-02052,29,Male,10,Month-to-Month,Credit Card,No,Yes,Yes,No,1,3.4,30.28,331.56,0.4372,43.7,Medium,No
CUST-02053,32,Female,42,Month-to-Month,Electronic Check,DSL,No Internet,Yes,No,1,1.7,48.87,1943.37,0.6345,63.5,Medium,Yes
CUST-02054,37,Male,14,Month-to-Month,Bank Transfer,No,No,No,No,2,1.7,27.0,369.36,0.485,48.5,Medium,No
CUST-02055,23,Male,17,One Year,Electronic Check,Fiber Optic,No,No Internet,No Internet,1,2.9,73.71,1392.9,0.5848,58.5,Medium,No
CUST-02056,30,Female,72,Month-to-Month,Bank Transfer,No,Yes,Yes,No Internet,0,2.5,41.48,2730.02,0.3678,36.8,Low,No
CUST-02057,35,Male,1,One Year,Mailed Check,Fiber Optic,Yes,No,No Internet,2,3.9,80.38,158.94,0.2334,23.3,Low,No
CUST-02058,54,Female,16,Month-to-Month,Electronic Check,DSL,No,No,Yes,5,3.7,54.66,838.17,0.7033,70.3,High,Yes
CUST-02059,45,Male,35,Month-to-Month,Bank Transfer,Fiber Optic,No,No,Yes,1,3.6,75.23,2661.59,0.7312,73.1,High,Yes
CUST-02060,44,Female,3,Two Year,Bank Transfer,Fiber Optic,No,No Internet,No,3,2.6,59.75,218.68,0.4094,40.9,Medium,No
CUST-02061,53,Male,22,One Year,Bank Transfer,DSL,No,Yes,No,4,3.4,71.34,1670.57,0.2181,21.8,Low,No
CUST-02062,40,Female,6,Month-to-Month,Bank Transfer,Fiber Optic,No,Yes,Yes,4,3.6,119.46,789.31,0.7782,77.8,High,Yes
CUST-02063,47,Female,48,Two Year,Mailed Check,No,Yes,Yes,No,2,2.8,18.0,839.36,0.1319,13.2,Low,No
CUST-02064,40,Male,9,Month-to-Month,Mailed Check,DSL,Yes,Yes,No,2,2.9,41.45,388.74,0.4266,42.7,Medium,No
CUST-02065,45,Male,9,Month-to-Month,Bank Transfer,DSL,Yes,No,No,1,3.5,54.28,497.8,0.4211,42.1,Medium,No
CUST-02066,33,Male,21,One Year,Bank Transfer,Fiber Optic,No,No Internet,No,3,2.0,66.29,1421.99,0.4624,46.2,Medium,No
CUST-02067,18,Female,4,One Year,Bank Transfer,No,No,No,No,0,2.6,27.52,133.08,0.1401,14.0,Low,No
CUST-02068,40,Male,8,Month-to-Month,Bank Transfer,DSL,Yes,Yes,Yes,3,2.5,48.09,424.55,0.4971,49.7,Medium,No
CUST-02069,61,Male,12,Month-to-Month,Electronic Check,Fiber Optic,Yes,Yes,Yes,2,4.3,92.83,1199.41,0.864,86.4,High,Yes
CUST-02070,54,Male,10,Two Year,Electronic Check,DSL,No,No Internet,No Internet,2,2.6,46.76,469.76,0.343,34.3,Low,No
CUST-02071,55,Male,17,Month-to-Month,Electronic Check,Fiber Optic,No Internet,No,No,4,3.2,107.32,1858.4,0.8661,86.6,High,Yes
CUST-02072,59,Female,21,Month-to-Month,Credit Card,Fiber Optic,No,No Internet,No Internet,4,3.9,70.35,1530.49,0.72,72.0,High,Yes
CUST-02073,43,Female,20,Month-to-Month,Bank Transfer,DSL,Yes,No,Yes,2,2.4,58.71,1169.38,0.4655,46.5,Medium,No
CUST-02074,44,Female,25,Two Year,Mailed Check,DSL,No,No Internet,No,0,4.2,55.09,1330.23,0.1301,13.0,Low,No
CUST-02075,33,Female,8,Month-to-Month,Electronic Check,Fiber Optic,No,No Internet,No,4,4.3,88.69,790.98,0.8073,80.7,High,Yes
CUST-02076,37,Female,3,One Year,Electronic Check,Fiber Optic,Yes,No,No Internet,2,1.0,91.98,370.78,0.5721,57.2,Medium,No
CUST-02077,50,Male,34,One Year,Credit Card,No,No,No,No Internet,3,3.6,19.68,697.47,0.2108,21.1,Low,No
CUST-02078,58,Male,45,Month-to-Month,Credit Card,Fiber Optic,No,No,Yes,2,4.3,87.84,3833.93,0.7261,72.6,High,Yes
CUST-02079,40,Female,7,One Year,Electronic Check,Fiber Optic,Yes,Yes,Yes,3,2.8,85.94,628.97,0.5018,50.2,Medium,No
CUST-02080,35,Female,12,Two Year,Credit Card,No,No Internet,Yes,No,6,3.8,26.5,357.36,0.136,13.6,Low,No
CUST-02081,42,Female,16,Month-to-Month,Mailed Check,Fiber Optic,No Internet,No,No Internet,2,1.7,90.29,1539.8,0.7569,75.7,High,Yes
CUST-02082,50,Male,18,Month-to-Month,Electronic Check,DSL,No,Yes,No,0,1.5,43.31,857.67,0.6865,68.7,Medium,Yes
CUST-02083,21,Male,25,Two Year,Bank Transfer,Fiber Optic,Yes,Yes,No Internet,4,2.7,66.11,1584.51,0.3727,37.3,Low,No
CUST-02084,18,Male,1,One Year,Bank Transfer,DSL,No,No,Yes,3,2.1,52.99,105.83,0.1931,19.3,Low,No
CUST-02085,34,Female,30,Month-to-Month,Bank Transfer,Fiber Optic,Yes,No Internet,No,5,3.6,88.78,2558.02,0.6711,67.1,Medium,Yes
CUST-02086,24,Female,1,One Year,Electronic Check,No,Yes,No,No,2,3.6,19.27,39.69,0.1585,15.8,Low,No
CUST-02087,34,Female,15,One Year,Electronic Check,Fiber Optic,No,No,Yes,3,5.0,99.59,1558.27,0.5775,57.7,Medium,No
CUST-02088,39,Male,42,One Year,Electronic Check,DSL,No,Yes,No,4,4.1,63.14,2660.45,0.3266,32.7,Low,No
CUST-02089,35,Female,14,Two Year,Electronic Check,No,Yes,Yes,No Internet,3,2.5,22.25,346.97,0.2769,27.7,Low,No
CUST-02090,62,Male,3,Month-to-Month,Mailed Check,No,No,No,No Internet,0,3.2,18.3,69.22,0.5839,58.4,Medium,No
CUST-02091,46,Male,72,Month-to-Month,Electronic Check,Fiber Optic,Yes,No Internet,Yes,2,3.4,72.85,5280.03,0.7439,74.4,High,Yes
CUST-02092,46,Female,52,One Year,Mailed Check,No,No Internet,No,No,4,3.8,18.0,879.25,0.1806,18.1,Low,No
CUST-02093,50,Male,35,Month-to-Month,Mailed Check,Fiber Optic,No Internet,No,No,4,1.0,86.63,2976.71,0.7637,76.4,High,Yes
CUST-02094,26,Male,12,One Year,Bank Transfer,DSL,No,No,Yes,2,2.7,44.41,536.46,0.296,29.6,Low,No
CUST-02095,56,Female,4,Month-to-Month,Bank Transfer,Fiber Optic,No,Yes,No Internet,1,4.3,86.97,404.5,0.8146,81.5,High,Yes
CUST-02096,40,Female,68,Month-to-Month,Bank Transfer,Fiber Optic,Yes,Yes,Yes,3,3.6,87.84,6055.9,0.614,61.4,Medium,No
CUST-02097,51,Male,18,Month-to-Month,Electronic Check,Fiber Optic,No,No,No,3,3.2,81.63,1462.52,0.9126,91.3,High,Yes
CUST-02098,26,Female,45,One Year,Electronic Check,DSL,No Internet,No,No,1,2.6,51.44,2218.72,0.3752,37.5,Low,No
CUST-02099,20,Male,10,One Year,Electronic Check,DSL,Yes,Yes,No,3,3.1,50.5,567.28,0.3199,32.0,Low,No
CUST-02100,53,Female,9,Month-to-Month,Electronic Check,Fiber Optic,No,Yes,Yes,3,3.2,75.27,730.93,0.8633,86.3,High,Yes
CUST-02101,47,Female,72,Month-to-Month,Electronic Check,DSL,No,No,Yes,1,2.2,62.58,4371.9,0.6096,61.0,Medium,No
CUST-02102,29,Female,17,Month-to-Month,Electronic Check,No,No,Yes,No,2,3.5,21.57,396.91,0.6074,60.7,Medium,No
CUST-02103,29,Female,3,One Year,Bank Transfer,DSL,No,No Internet,No,7,3.3,59.22,230.56,0.1932,19.3,Low,No
CUST-02104,57,Male,5,Month-to-Month,Credit Card,DSL,No Internet,Yes,No,2,2.7,52.93,324.64,0.5901,59.0,Medium,No
CUST-02105,25,Male,15,One Year,Electronic Check,No,Yes,Yes,Yes,1,2.7,28.96,439.16,0.2755,27.5,Low,No
CUST-02106,64,Male,1,Month-to-Month,Credit Card,DSL,No,Yes,Yes,5,1.8,63.63,132.9,0.6537,65.4,Medium,Yes
CUST-02107,29,Male,14,Month-to-Month,Electronic Check,Fiber Optic,No Internet,No Internet,No,6,4.4,103.0,1604.56,0.8038,80.4,High,Yes
CUST-02108,50,Female,13,One Year,Bank Transfer,DSL,No,No Internet,No Internet,2,3.7,45.12,646.55,0.2276,22.8,Low,No
CUST-02109,37,Male,36,Month-to-Month,Bank Transfer,Fiber Optic,No Internet,No Internet,Yes,2,3.5,70.19,2420.21,0.6566,65.7,Medium,Yes
CUST-02110,50,Male,10,Month-to-Month,Credit Card,DSL,Yes,No,Yes,4,3.8,48.36,536.81,0.4039,40.4,Medium,No
CUST-02111,34,Male,72,Month-to-Month,Electronic Check,No,No Internet,No Internet,Yes,4,1.0,23.61,1762.55,0.5834,58.3,Medium,No
CUST-02112,39,Female,4,Month-to-Month,Electronic Check,Fiber Optic,Yes,No Internet,Yes,3,5.0,58.07,277.14,0.6946,69.5,Medium,Yes
CUST-02113,42,Male,21,Month-to-Month,Electronic Check,Fiber Optic,No Internet,No,Yes,2,1.0,81.74,1656.31,0.8292,82.9,High,Yes
CUST-02114,27,Female,2,Month-to-Month,Mailed Check,Fiber Optic,Yes,No Internet,No,4,4.2,102.73,289.84,0.6728,67.3,Medium,Yes
CUST-02115,52,Male,31,One Year,Credit Card,Fiber Optic,No,No Internet,No Internet,1,3.3,100.91,3189.86,0.4196,42.0,Medium,No
CUST-02116,34,Male,72,One Year,Bank Transfer,No,No,No Internet,Yes,0,2.0,29.72,2034.54,0.2554,25.5,Low,No
CUST-02117,38,Male,41,One Year,Bank Transfer,DSL,No,No Internet,No,3,3.3,47.79,2005.67,0.1548,15.5,Low,No
CUST-02118,28,Female,19,Month-to-Month,Mailed Check,Fiber Optic,Yes,No,No,6,3.7,105.88,2030.31,0.6923,69.2,Medium,Yes
CUST-02119,18,Female,15,One Year,Credit Card,No,No Internet,No Internet,No Internet,4,2.6,34.59,516.82,0.2708,27.1,Low,No
CUST-02120,39,Female,43,One Year,Mailed Check,Fiber Optic,No,No,No Internet,3,4.5,62.98,2748.86,0.4445,44.5,Medium,No
CUST-02121,75,Male,65,Month-to-Month,Electronic Check,No,No,No,No Internet,1,1.5,25.36,1524.9,0.6203,62.0,Medium,Yes
CUST-02122,52,Male,72,One Year,Credit Card,Fiber Optic,Yes,Yes,No,2,2.0,97.14,7046.72,0.3994,39.9,Low,No
CUST-02123,41,Female,12,Two Year,Electronic Check,DSL,No Internet,No,No Internet,2,1.8,65.72,893.8,0.2732,27.3,Low,No
CUST-02124,38,Male,72,Month-to-Month,Electronic Check,Fiber Optic,No,No,No,0,1.6,79.08,5811.6,0.8388,83.9,High,Yes
CUST-02125,42,Female,4,Two Year,Electronic Check,Fiber Optic,No Internet,No,Yes,3,3.4,77.57,368.15,0.5569,55.7,Medium,No
CUST-02126,49,Female,7,Month-to-Month,Bank Transfer,No,No,No Internet,No Internet,3,5.0,29.86,247.29,0.4826,48.3,Medium,No
CUST-02127,25,Male,2,Month-to-Month,Bank Transfer,DSL,Yes,No,No,2,4.1,44.06,129.43,0.393,39.3,Low,No
CUST-02128,57,Female,7,Month-to-Month,Electronic Check,No,No,No,Yes,3,2.9,18.0,141.01,0.7088,70.9,High,Yes
CUST-02129,52,Male,35,One Year,Bank Transfer,DSL,No,Yes,No Internet,2,4.7,57.33,1974.61,0.2289,22.9,Low,No
CUST-02130,52,Male,46,Month-to-Month,Bank Transfer,No,No,Yes,No,3,4.3,33.29,1420.42,0.4626,46.3,Medium,No
CUST-02131,48,Male,36,Two Year,Credit Card,No,No,No,No,1,2.5,30.88,1074.57,0.1847,18.5,Low,No
CUST-02132,42,Female,23,Two Year,Bank Transfer,DSL,Yes,No,No,2,2.9,59.77,1467.11,0.1513,15.1,Low,No
CUST-02133,51,Male,17,One Year,Bank Transfer,DSL,No,Yes,No,2,3.5,57.16,966.08,0.1157,11.6,Low,No
CUST-02134,50,Female,29,Month-to-Month,Bank Transfer,No,No Internet,Yes,No,1,2.3,19.07,550.28,0.4547,45.5,Medium,No
CUST-02135,37,Female,11,Two Year,Electronic Check,Fiber Optic,Yes,Yes,Yes,0,2.1,90.04,1075.18,0.5692,56.9,Medium,No
CUST-02136,33,Female,44,Two Year,Electronic Check,No,Yes,No,No Internet,1,4.0,18.65,790.88,0.2228,22.3,Low,No
CUST-02137,43,Female,27,Month-to-Month,Mailed Check,DSL,No,No,No Internet,0,4.3,56.43,1614.45,0.4447,44.5,Medium,No
CUST-02138,63,Male,28,One Year,Electronic Check,DSL,No,Yes,Yes,1,2.1,56.28,1688.93,0.3177,31.8,Low,No
CUST-02139,24,Male,18,One Year,Electronic Check,Fiber Optic,No,No,No,2,3.6,88.2,1523.73,0.5675,56.7,Medium,No
CUST-02140,21,Male,51,One Year,Mailed Check,DSL,No,Yes,Yes,2,3.6,58.95,3023.06,0.1696,17.0,Low,No
CUST-02141,44,Female,6,Month-to-Month,Electronic Check,Fiber Optic,No Internet,No,No Internet,3,2.0,80.09,533.95,0.7848,78.5,High,Yes
CUST-02142,42,Female,11,Month-to-Month,Electronic Check,No,No Internet,Yes,No Internet,1,3.6,27.8,327.98,0.5524,55.2,Medium,No
CUST-02143,44,Female,36,Month-to-Month,Mailed Check,DSL,No,No Internet,No,2,3.8,51.64,1876.33,0.4687,46.9,Medium,No
CUST-02144,45,Female,16,Month-to-Month,Bank Transfer,Fiber Optic,Yes,Yes,No Internet,1,3.8,85.36,1308.18,0.5877,58.8,Medium,No
CUST-02145,38,Female,52,One Year,Credit Card,No,Yes,No,No,4,2.9,28.81,1522.76,0.1593,15.9,Low,No
CUST-02146,62,Male,10,Two Year,Mailed Check,DSL,No Internet,No,No,1,3.5,49.71,509.84,0.1681,16.8,Low,No
CUST-02147,19,Female,11,Two Year,Mailed Check,No,No,Yes,No,0,3.4,20.21,238.61,0.1604,16.0,Low,No
CUST-02148,30,Female,52,One Year,Mailed Check,Fiber Optic,No,Yes,Yes,0,3.3,91.48,5014.78,0.3373,33.7,Low,No
CUST-02149,40,Male,14,One Year,Electronic Check,DSL,No,Yes,Yes,2,4.2,62.38,869.12,0.3721,37.2,Low,No
CUST-02150,18,Female,17,Month-to-Month,Electronic Check,DSL,Yes,No Internet,No,1,2.1,65.23,1104.31,0.6381,63.8,Medium,Yes
CUST-02151,39,Male,9,One Year,Credit Card,DSL,No,Yes,Yes,3,2.2,66.62,605.94,0.2869,28.7,Low,No
CUST-02152,65,Female,7,Month-to-Month,Mailed Check,Fiber Optic,Yes,No,Yes,3,2.0,75.84,590.8,0.6565,65.6,Medium,Yes
CUST-02153,42,Female,25,Month-to-Month,Credit Card,Fiber Optic,No,No,Yes,4,4.3,104.92,2811.16,0.7581,75.8,High,Yes
CUST-02154,45,Female,3,One Year,Bank Transfer,No,No,Yes,No,1,3.2,30.32,119.06,0.2529,25.3,Low,No
CUST-02155,24,Male,50,Month-to-Month,Electronic Check,Fiber Optic,Yes,Yes,No Internet,3,2.5,75.61,3674.38,0.9567,95.7,High,Yes
CUST-02156,33,Female,36,Month-to-Month,Mailed Check,No,No,No Internet,No Internet,3,4.6,36.4,1395.11,0.5694,56.9,Medium,No
CUST-02157,36,Female,5,Two Year,Mailed Check,Fiber Optic,No Internet,Yes,No,3,2.9,56.85,334.22,0.3298,33.0,Low,No
CUST-02158,37,Male,28,Month-to-Month,Mailed Check,No,No,Yes,No,3,1.0,30.94,938.58,0.5368,53.7,Medium,No
CUST-02159,59,Female,22,Month-to-Month,Mailed Check,DSL,No,No,No,2,2.5,45.9,1068.93,0.5479,54.8,Medium,No
CUST-02160,49,Female,4,Month-to-Month,Credit Card,DSL,No,Yes,No,1,3.3,46.98,243.52,0.5943,59.4,Medium,No
CUST-02161,26,Female,7,Month-to-Month,Credit Card,Fiber Optic,No Internet,No,No,1,3.6,85.96,685.79,0.6224,62.2,Medium,Yes
CUST-02162,45,Male,12,Month-to-Month,Credit Card,No,No,Yes,Yes,5,2.4,30.98,422.23,0.6084,60.8,Medium,No
CUST-02163,48,Male,28,One Year,Electronic Check,DSL,No Internet,No Internet,No,3,2.7,52.7,1495.92,0.2512,25.1,Low,No
CUST-02164,57,Female,24,Month-to-Month,Electronic Check,DSL,No,No,Yes,2,2.6,47.62,1185.85,0.7248,72.5,High,Yes
CUST-02165,64,Male,18,Two Year,Electronic Check,Fiber Optic,No Internet,No Internet,No,3,3.9,77.7,1358.39,0.513,51.3,Medium,No
CUST-02166,27,Male,35,Month-to-Month,Electronic Check,DSL,No Internet,No,Yes,3,4.6,39.34,1473.61,0.6279,62.8,Medium,Yes
CUST-02167,30,Female,34,Month-to-Month,Mailed Check,No,No,Yes,Yes,3,2.4,25.12,835.46,0.5226,52.3,Medium,No
CUST-02168,24,Female,23,One Year,Bank Transfer,Fiber Optic,Yes,No Internet,No Internet,2,4.7,68.57,1645.28,0.3239,32.4,Low,No
CUST-02169,38,Female,37,One Year,Mailed Check,DSL,Yes,Yes,Yes,3,3.4,48.27,1750.03,0.1564,15.6,Low,No
CUST-02170,48,Male,9,One Year,Credit Card,Fiber Optic,Yes,No,No,3,3.0,80.92,835.73,0.2972,29.7,Low,No
CUST-02171,55,Male,51,Two Year,Credit Card,No,Yes,Yes,Yes,4,2.8,18.0,857.89,0.1713,17.1,Low,No
CUST-02172,40,Male,22,Month-to-Month,Electronic Check,No,Yes,No Internet,Yes,3,2.1,18.0,428.58,0.6739,67.4,Medium,Yes
CUST-02173,37,Male,41,Month-to-Month,Credit Card,Fiber Optic,No,Yes,No,4,2.2,75.41,3147.76,0.8342,83.4,High,Yes
CUST-02174,44,Female,18,Two Year,Mailed Check,Fiber Optic,Yes,No,No,3,2.1,58.68,1163.39,0.3347,33.5,Low,No
CUST-02175,30,Female,5,Month-to-Month,Mailed Check,DSL,No,No,Yes,4,1.9,42.04,246.07,0.586,58.6,Medium,No
CUST-02176,71,Male,18,Month-to-Month,Bank Transfer,Fiber Optic,No Internet,Yes,No Internet,3,3.6,93.46,1729.54,0.6204,62.0,Medium,Yes
CUST-02177,19,Male,11,Month-to-Month,Electronic Check,DSL,No,Yes,No,1,5.0,50.37,576.52,0.5617,56.2,Medium,No
CUST-02178,44,Male,28,One Year,Credit Card,Fiber Optic,No Internet,No Internet,No,0,2.3,65.13,1793.1,0.3054,30.5,Low,No
CUST-02179,70,Male,15,Month-to-Month,Bank Transfer,DSL,Yes,No,Yes,5,2.8,49.39,725.84,0.4941,49.4,Medium,No
CUST-02180,42,Male,43,Month-to-Month,Credit Card,Fiber Optic,No,No,No,2,4.2,95.56,3990.6,0.637,63.7,Medium,Yes
CUST-02181,39,Female,27,Month-to-Month,Credit Card,Fiber Optic,No,No,No,2,2.0,63.81,1771.26,0.8137,81.4,High,Yes
CUST-02182,36,Female,27,One Year,Mailed Check,Fiber Optic,No,Yes,Yes,4,1.6,98.76,2523.77,0.5247,52.5,Medium,No
CUST-02183,39,Female,5,Month-to-Month,Electronic Check,DSL,No,No,No,3,1.0,66.61,370.84,0.695,69.5,Medium,Yes
CUST-02184,61,Male,72,Month-to-Month,Electronic Check,DSL,Yes,No,Yes,3,3.2,40.94,3075.27,0.5722,57.2,Medium,No
CUST-02185,18,Female,44,One Year,Electronic Check,Fiber Optic,Yes,No,No,0,2.4,96.96,3986.62,0.5056,50.6,Medium,No
CUST-02186,63,Female,37,Two Year,Electronic Check,DSL,No,Yes,No,3,1.7,52.3,1860.59,0.4209,42.1,Medium,No
CUST-02187,22,Female,9,One Year,Credit Card,No,No,No Internet,No Internet,6,2.4,27.09,243.96,0.2376,23.8,Low,No
CUST-02188,38,Male,18,One Year,Electronic Check,Fiber Optic,No,Yes,No,0,4.1,95.22,1823.33,0.6118,61.2,Medium,No
CUST-02189,35,Female,3,Month-to-Month,Credit Card,No,Yes,Yes,No,4,2.7,26.36,108.35,0.4169,41.7,Medium,No
CUST-02190,50,Female,18,Month-to-Month,Bank Transfer,DSL,No,No Internet,Yes,2,4.1,63.78,1250.51,0.4864,48.6,Medium,No
CUST-02191,19,Female,3,Month-to-Month,Electronic Check,Fiber Optic,Yes,No,Yes,2,3.6,82.55,341.77,0.8717,87.2,High,Yes
CUST-02192,48,Male,19,Two Year,Mailed Check,Fiber Optic,No Internet,Yes,Yes,1,3.3,77.48,1488.46,0.3168,31.7,Low,No
CUST-02193,70,Male,25,Month-to-Month,Mailed Check,DSL,No Internet,No,No,1,3.1,40.24,1029.42,0.4041,40.4,Medium,No
CUST-02194,22,Male,11,Two Year,Mailed Check,DSL,Yes,No,No,2,3.9,49.1,590.18,0.2434,24.3,Low,No
CUST-02195,44,Male,16,Two Year,Mailed Check,Fiber Optic,Yes,Yes,Yes,6,3.4,81.63,1439.33,0.3548,35.5,Low,No
CUST-02196,32,Female,50,Month-to-Month,Electronic Check,No,No,No,Yes,2,3.3,18.0,935.87,0.6082,60.8,Medium,No
CUST-02197,47,Male,2,Month-to-Month,Bank Transfer,DSL,Yes,Yes,No Internet,4,1.0,59.06,172.46,0.4931,49.3,Medium,No
CUST-02198,42,Male,37,Month-to-Month,Mailed Check,Fiber Optic,No Internet,Yes,No,1,2.8,50.9,1888.66,0.7461,74.6,High,Yes
CUST-02199,33,Male,4,Month-to-Month,Credit Card,Fiber Optic,No,Yes,Yes,3,1.4,75.28,357.75,0.7403,74.0,High,Yes
CUST-02200,48,Male,0,Month-to-Month,Credit Card,Fiber Optic,Yes,No,No,2,1.9,71.21,64.21,0.7923,79.2,High,Yes
CUST-02201,67,Male,4,Two Year,Electronic Check,DSL,Yes,Yes,No,3,4.2,48.11,221.7,0.2529,25.3,Low,No
CUST-02202,39,Female,34,Month-to-Month,Electronic Check,DSL,No Internet,No Internet,No,4,2.9,55.24,1836.24,0.7512,75.1,High,Yes
CUST-02203,52,Female,12,Month-to-Month,Bank Transfer,DSL,No,No,Yes,4,4.9,45.87,590.87,0.5577,55.8,Medium,No
CUST-02204,23,Male,49,Month-to-Month,Credit Card,DSL,No,Yes,No Internet,4,3.9,62.9,3167.35,0.5292,52.9,Medium,No
CUST-02205,28,Male,17,Two Year,Mailed Check,Fiber Optic,Yes,No,No,3,2.4,105.61,1964.95,0.2735,27.4,Low,No
CUST-02206,48,Male,0,One Year,Electronic Check,DSL,Yes,No Internet,No Internet,3,2.7,54.53,53.61,0.2827,28.3,Low,No
CUST-02207,62,Male,30,Two Year,Electronic Check,Fiber Optic,No,No,Yes,4,3.8,113.08,3362.18,0.6568,65.7,Medium,Yes
CUST-02208,46,Female,2,Two Year,Electronic Check,Fiber Optic,No,Yes,No,2,3.7,67.35,202.8,0.7024,70.2,High,Yes
CUST-02209,37,Female,37,Month-to-Month,Electronic Check,DSL,Yes,Yes,Yes,2,4.2,46.64,1699.26,0.5047,50.5,Medium,No
CUST-02210,41,Female,4,Month-to-Month,Mailed Check,Fiber Optic,Yes,No Internet,No,0,1.0,77.82,356.52,0.6868,68.7,Medium,Yes
CUST-02211,24,Female,10,Month-to-Month,Bank Transfer,No,No,Yes,No Internet,3,1.4,18.0,178.32,0.5588,55.9,Medium,No
CUST-02212,50,Male,34,Month-to-Month,Electronic Check,No,No,Yes,No,2,2.4,18.0,633.94,0.7312,73.1,High,Yes
CUST-02213,54,Female,72,One Year,Electronic Check,DSL,Yes,No,Yes,0,3.8,52.89,3995.58,0.2406,24.1,Low,No
CUST-02214,35,Female,11,Month-to-Month,Mailed Check,Fiber Optic,No,Yes,No,2,4.0,74.22,892.16,0.7286,72.9,High,Yes
CUST-02215,35,Female,42,Month-to-Month,Credit Card,Fiber Optic,Yes,No Internet,No Internet,5,1.0,97.65,3796.41,0.7499,75.0,High,Yes
CUST-02216,45,Male,5,One Year,Mailed Check,Fiber Optic,No,No Internet,No,7,2.1,112.07,627.31,0.5808,58.1,Medium,No
CUST-02217,35,Female,39,One Year,Credit Card,DSL,No,No,Yes,0,3.7,64.0,2667.41,0.1949,19.5,Low,No
CUST-02218,41,Female,25,One Year,Mailed Check,No,No,No Internet,No Internet,4,2.0,18.42,482.01,0.1873,18.7,Low,No
CUST-02219,71,Female,5,Month-to-Month,Electronic Check,DSL,Yes,No,No,5,3.4,70.48,427.37,0.6183,61.8,Medium,No
CUST-02220,38,Male,8,Two Year,Electronic Check,DSL,Yes,No,Yes,3,3.6,59.34,545.25,0.3253,32.5,Low,No
CUST-02221,36,Female,3,Month-to-Month,Bank Transfer,No,Yes,No,No,3,2.6,23.79,98.67,0.5005,50.1,Medium,No
CUST-02222,32,Female,11,Month-to-Month,Mailed Check,No,No Internet,Yes,No,0,3.2,26.85,311.21,0.4513,45.1,Medium,No
CUST-02223,52,Female,5,One Year,Bank Transfer,Fiber Optic,Yes,No Internet,No Internet,4,3.0,75.52,437.04,0.2814,28.1,Low,No
CUST-02224,39,Female,24,Two Year,Bank Transfer,No,Yes,No Internet,No,0,3.7,18.0,406.56,0.175,17.5,Low,No
CUST-02225,32,Female,72,Month-to-Month,Bank Transfer,DSL,Yes,No Internet,No Internet,2,2.9,51.34,3899.88,0.3786,37.9,Low,No
CUST-02226,60,Male,0,Month-to-Month,Electronic Check,Fiber Optic,No,No,No Internet,1,1.1,78.79,72.45,0.9243,92.4,High,Yes
CUST-02227,61,Female,18,Month-to-Month,Credit Card,No,No,No,No,2,3.8,19.97,367.14,0.5221,52.2,Medium,No
CUST-02228,33,Male,20,Month-to-Month,Mailed Check,No,Yes,Yes,Yes,4,3.1,36.83,765.7,0.5262,52.6,Medium,No
CUST-02229,18,Female,58,Two Year,Mailed Check,DSL,No,Yes,No Internet,1,3.8,62.3,3856.02,0.1902,19.0,Low,No
CUST-02230,56,Male,16,Month-to-Month,Mailed Check,No,Yes,Yes,No,4,2.2,18.5,301.89,0.487,48.7,Medium,No
CUST-02231,32,Female,18,One Year,Bank Transfer,Fiber Optic,No,Yes,No Internet,4,2.9,69.24,1315.96,0.4239,42.4,Medium,No
CUST-02232,53,Female,15,One Year,Electronic Check,Fiber Optic,Yes,No,Yes,3,2.6,62.64,1045.24,0.5446,54.5,Medium,No
CUST-02233,18,Female,7,One Year,Mailed Check,Fiber Optic,Yes,No,No Internet,4,4.1,70.67,557.29,0.3117,31.2,Low,No
CUST-02234,54,Female,1,Month-to-Month,Electronic Check,DSL,No,Yes,No Internet,0,3.9,68.78,134.83,0.7723,77.2,High,Yes
CUST-02235,25,Female,12,Month-to-Month,Mailed Check,DSL,No,No,No Internet,0,4.8,47.64,610.62,0.4149,41.5,Medium,No
CUST-02236,52,Female,1,Month-to-Month,Electronic Check,Fiber Optic,No,Yes,Yes,3,3.0,66.32,135.65,0.8926,89.3,High,Yes
CUST-02237,42,Male,19,Month-to-Month,Electronic Check,DSL,No,No,No,3,1.8,42.58,771.88,0.719,71.9,High,Yes
CUST-02238,28,Male,8,Month-to-Month,Electronic Check,Fiber Optic,Yes,No Internet,Yes,3,2.0,82.5,752.91,0.9237,92.4,High,Yes
CUST-02239,36,Male,18,Two Year,Mailed Check,Fiber Optic,Yes,No,Yes,3,4.2,81.2,1428.38,0.3581,35.8,Low,No
CUST-02240,51,Male,3,Month-to-Month,Credit Card,Fiber Optic,No,Yes,No,3,4.6,84.73,344.03,0.6644,66.4,Medium,Yes
CUST-02241,43,Female,64,One Year,Electronic Check,Fiber Optic,No Internet,No,No Internet,2,1.7,96.76,6415.24,0.5214,52.1,Medium,No
CUST-02242,50,Female,53,Month-to-Month,Mailed Check,Fiber Optic,No Internet,No,No,5,2.6,85.02,4563.18,0.7204,72.0,High,Yes
CUST-02243,69,Female,5,One Year,Electronic Check,Fiber Optic,No,No,No,5,1.9,92.98,538.84,0.6725,67.2,Medium,Yes
CUST-02244,20,Male,10,Two Year,Bank Transfer,Fiber Optic,No,No Internet,No Internet,3,5.0,94.27,1047.21,0.3949,39.5,Low,No
CUST-02245,64,Male,22,Month-to-Month,Electronic Check,Fiber Optic,No,Yes,No,3,3.6,66.64,1383.83,0.9012,90.1,High,Yes
CUST-02246,43,Female,2,Two Year,Electronic Check,Fiber Optic,No,Yes,No Internet,1,2.2,115.39,345.24,0.6541,65.4,Medium,Yes
CUST-02247,29,Female,10,One Year,Electronic Check,No,No,Yes,No Internet,4,2.1,33.35,342.95,0.3409,34.1,Low,No
CUST-02248,23,Male,6,Two Year,Credit Card,Fiber Optic,Yes,No,No,1,4.8,83.34,582.84,0.1707,17.1,Low,No
CUST-02249,39,Female,59,One Year,Bank Transfer,DSL,Yes,No,Yes,4,3.9,39.87,2202.41,0.02,2.0,Low,No
CUST-02250,54,Female,45,Month-to-Month,Electronic Check,Fiber Optic,Yes,Yes,No Internet,4,3.2,83.16,3545.86,0.8072,80.7,High,Yes
CUST-02251,40,Male,20,Month-to-Month,Electronic Check,Fiber Optic,No,Yes,No,2,2.7,103.91,2111.78,0.8374,83.7,High,Yes
CUST-02252,63,Female,17,Month-to-Month,Electronic Check,Fiber Optic,No,No,No,3,2.7,101.82,1795.17,0.8882,88.8,High,Yes
CUST-02253,21,Male,64,Month-to-Month,Electronic Check,No,No,No Internet,No Internet,0,1.6,18.17,1136.7,0.6659,66.6,Medium,Yes
CUST-02254,41,Female,64,Two Year,Credit Card,Fiber Optic,No Internet,Yes,Yes,1,2.4,63.75,4109.21,0.283,28.3,Low,No
CUST-02255,24,Male,72,One Year,Mailed Check,DSL,No Internet,Yes,No,0,2.7,45.62,3023.94,0.1171,11.7,Low,No
CUST-02256,47,Male,3,Month-to-Month,Bank Transfer,DSL,Yes,No,No,1,3.0,46.6,173.17,0.3382,33.8,Low,No
CUST-02257,54,Female,4,Two Year,Electronic Check,Fiber Optic,No,Yes,Yes,1,3.1,50.91,229.23,0.6451,64.5,Medium,Yes
CUST-02258,36,Male,27,One Year,Mailed Check,No,No,No,Yes,1,4.2,18.0,496.39,0.1657,16.6,Low,No
CUST-02259,18,Female,18,Month-to-Month,Electronic Check,Fiber Optic,No Internet,No,No Internet,3,2.4,63.74,1215.42,0.7733,77.3,High,Yes
CUST-02260,44,Male,0,Month-to-Month,Electronic Check,Fiber Optic,Yes,No,Yes,0,4.7,82.1,79.85,0.7661,76.6,High,Yes
CUST-02261,48,Male,1,Month-to-Month,Bank Transfer,Fiber Optic,Yes,No Internet,No Internet,3,3.0,87.63,169.86,0.6504,65.0,Medium,Yes
CUST-02262,47,Male,52,Two Year,Electronic Check,Fiber Optic,No,Yes,No,2,3.6,93.2,4761.08,0.589,58.9,Medium,No
CUST-02263,59,Male,48,Two Year,Bank Transfer,Fiber Optic,No Internet,No Internet,No,3,4.3,59.07,2750.85,0.3089,30.9,Low,No
CUST-02264,27,Female,10,Month-to-Month,Credit Card,DSL,No Internet,No Internet,No Internet,4,3.8,53.75,584.3,0.4562,45.6,Medium,No
CUST-02265,51,Male,53,Month-to-Month,Electronic Check,Fiber Optic,No,Yes,No,3,4.0,70.0,3405.48,0.8457,84.6,High,Yes
CUST-02266,58,Female,21,One Year,Credit Card,DSL,No Internet,Yes,No,2,2.5,58.78,1279.35,0.215,21.5,Low,No
CUST-02267,18,Female,39,Two Year,Electronic Check,Fiber Optic,Yes,No Internet,Yes,3,3.0,87.53,3408.35,0.5501,55.0,Medium,No
CUST-02268,46,Female,13,One Year,Mailed Check,No,No,No,No,1,4.0,18.0,250.44,0.0998,10.0,Low,No
CUST-02269,34,Male,2,One Year,Bank Transfer,Fiber Optic,No,Yes,No,5,4.0,92.36,284.88,0.4195,41.9,Medium,No
CUST-02270,40,Female,13,Month-to-Month,Mailed Check,DSL,Yes,No,No,3,3.4,57.03,817.83,0.489,48.9,Medium,No
CUST-02271,46,Male,14,Month-to-Month,Electronic Check,DSL,Yes,No,No,4,4.0,47.26,723.83,0.6871,68.7,Medium,Yes
CUST-02272,35,Male,19,Month-to-Month,Credit Card,Fiber Optic,No Internet,Yes,No,3,2.3,89.48,1721.1,0.83,83.0,High,Yes
CUST-02273,32,Male,2,Two Year,Credit Card,Fiber Optic,No,No,No Internet,2,3.9,64.06,184.2,0.4475,44.8,Medium,No
CUST-02274,42,Male,72,Month-to-Month,Electronic Check,Fiber Optic,No Internet,No,No,2,4.2,92.0,6252.8,0.6774,67.7,Medium,Yes
CUST-02275,26,Male,6,Two Year,Credit Card,Fiber Optic,Yes,No Internet,No Internet,1,3.2,106.5,674.49,0.3065,30.6,Low,No
CUST-02276,26,Female,5,Month-to-Month,Mailed Check,Fiber Optic,No,No,No,2,3.4,75.56,442.38,0.8081,80.8,High,Yes
CUST-02277,51,Male,17,Two Year,Credit Card,DSL,No,No,No Internet,3,1.0,58.79,1107.12,0.1811,18.1,Low,No
CUST-02278,25,Male,18,Month-to-Month,Electronic Check,Fiber Optic,No Internet,No,No,2,4.7,99.82,1920.91,0.8083,80.8,High,Yes
CUST-02279,51,Female,13,Month-to-Month,Credit Card,DSL,Yes,Yes,No,3,3.6,54.78,753.21,0.4183,41.8,Medium,No
CUST-02280,48,Male,35,One Year,Electronic Check,Fiber Optic,No,No,No,2,3.8,74.19,2523.16,0.5979,59.8,Medium,No
CUST-02281,18,Male,17,Month-to-Month,Credit Card,No,Yes,No,No,5,3.6,27.72,458.18,0.5184,51.8,Medium,No
CUST-02282,32,Male,22,Two Year,Bank Transfer,Fiber Optic,No,No Internet,No Internet,1,3.7,85.12,1839.45,0.3335,33.3,Low,No
CUST-02283,58,Female,30,One Year,Mailed Check,Fiber Optic,Yes,No,Yes,2,3.6,89.74,2726.68,0.3918,39.2,Low,No
CUST-02284,28,Male,0,Month-to-Month,Electronic Check,Fiber Optic,Yes,No,Yes,4,4.8,96.79,96.17,0.7212,72.1,High,Yes
CUST-02285,35,Male,20,Two Year,Credit Card,Fiber Optic,No,Yes,No Internet,1,5.0,53.68,1076.43,0.3797,38.0,Low,No
CUST-02286,48,Female,51,Two Year,Bank Transfer,DSL,No,No Internet,No,3,4.4,61.74,2939.95,0.2403,24.0,Low,No
CUST-02287,52,Female,0,Month-to-Month,Mailed Check,DSL,Yes,Yes,No,4,4.6,39.86,37.45,0.4583,45.8,Medium,No
CUST-02288,38,Female,12,Two Year,Mailed Check,DSL,Yes,No Internet,No,2,2.7,70.64,861.89,0.1227,12.3,Low,No
CUST-02289,33,Female,62,Month-to-Month,Credit Card,DSL,No Internet,No,No,2,3.0,57.51,3551.63,0.4031,40.3,Medium,No
CUST-02290,61,Male,10,Month-to-Month,Electronic Check,No,Yes,Yes,No,1,3.6,18.0,181.27,0.5447,54.5,Medium,No
CUST-02291,66,Male,14,One Year,Electronic Check,DSL,Yes,No Internet,No Internet,4,3.8,64.78,916.54,0.2496,25.0,Low,No
CUST-02292,55,Male,72,Month-to-Month,Credit Card,DSL,Yes,No Internet,No,5,3.6,52.55,3650.25,0.422,42.2,Medium,No
CUST-02293,43,Male,5,Month-to-Month,Mailed Check,Fiber Optic,No Internet,No,No,2,2.1,83.52,490.64,0.7308,73.1,High,Yes
CUST-02294,30,Male,1,Month-to-Month,Mailed Check,Fiber Optic,Yes,Yes,No Internet,1,2.7,66.04,124.79,0.69,69.0,Medium,Yes
CUST-02295,30,Male,47,Month-to-Month,Electronic Check,DSL,No Internet,No Internet,No Internet,5,2.8,49.44,2189.15,0.6797,68.0,Medium,Yes
CUST-02296,49,Female,48,Two Year,Credit Card,Fiber Optic,No Internet,No,Yes,4,3.7,99.09,4388.42,0.321,32.1,Low,No
CUST-02297,47,Female,15,One Year,Electronic Check,DSL,No,No,No,1,2.8,55.05,815.58,0.3407,34.1,Low,No
CUST-02298,61,Male,17,Two Year,Bank Transfer,Fiber Optic,No,No Internet,No,2,3.0,81.25,1497.18,0.4717,47.2,Medium,No
CUST-02299,51,Female,43,One Year,Credit Card,No,No,No,No Internet,5,2.9,18.0,754.41,0.2245,22.4,Low,No
CUST-02300,20,Male,32,Month-to-Month,Electronic Check,No,No,Yes,No Internet,3,3.9,28.99,938.35,0.6385,63.8,Medium,Yes
CUST-02301,56,Male,7,Month-to-Month,Credit Card,Fiber Optic,No,No,No,1,4.5,73.74,574.29,0.7344,73.4,High,Yes
CUST-02302,28,Female,0,Month-to-Month,Mailed Check,No,No Internet,No,No Internet,2,2.3,22.55,21.23,0.3976,39.8,Low,No
CUST-02303,36,Male,15,Two Year,Bank Transfer,No,Yes,No Internet,No,2,4.0,26.16,429.66,0.0737,7.4,Low,No
CUST-02304,45,Male,47,Month-to-Month,Mailed Check,No,No,Yes,No Internet,2,2.2,34.6,1728.55,0.6021,60.2,Medium,No
CUST-02305,69,Male,54,Month-to-Month,Bank Transfer,Fiber Optic,Yes,No Internet,No Internet,3,3.9,79.32,4065.32,0.761,76.1,High,Yes
CUST-02306,80,Female,72,Two Year,Electronic Check,DSL,No,No Internet,No Internet,2,1.8,46.97,3501.21,0.397,39.7,Low,No
CUST-02307,50,Female,50,One Year,Electronic Check,Fiber Optic,No,Yes,No Internet,3,4.7,101.33,5236.92,0.5828,58.3,Medium,No
CUST-02308,39,Male,20,Month-to-Month,Credit Card,DSL,Yes,Yes,No,2,2.9,68.21,1469.28,0.4628,46.3,Medium,No
CUST-02309,49,Female,14,Month-to-Month,Electronic Check,DSL,Yes,No,Yes,5,3.4,60.08,866.35,0.6014,60.1,Medium,No
CUST-02310,54,Female,35,Two Year,Credit Card,DSL,Yes,No,No,1,3.3,51.78,1869.56,0.1955,19.5,Low,No
CUST-02311,37,Female,32,Two Year,Electronic Check,Fiber Optic,No,No,No Internet,2,4.7,119.56,3663.39,0.5475,54.7,Medium,No
CUST-02312,67,Female,18,Month-to-Month,Mailed Check,No,No Internet,No Internet,No Internet,7,2.5,27.81,552.28,0.4967,49.7,Medium,No
CUST-02313,45,Male,2,Month-to-Month,Credit Card,Fiber Optic,No,No,No,6,3.1,94.4,285.58,0.8929,89.3,High,Yes
CUST-02314,48,Male,62,Two Year,Electronic Check,Fiber Optic,No,No,Yes,0,3.4,49.33,2832.68,0.6373,63.7,Medium,Yes
CUST-02315,51,Female,14,One Year,Credit Card,DSL,Yes,Yes,No,5,4.3,32.35,500.63,0.0533,5.3,Low,No
CUST-02316,47,Female,10,Two Year,Mailed Check,No,Yes,Yes,No,1,2.4,22.37,256.86,0.2039,20.4,Low,No
CUST-02317,53,Female,23,Month-to-Month,Mailed Check,No,Yes,No,Yes,3,1.0,27.25,621.33,0.5308,53.1,Medium,No
CUST-02318,33,Female,26,Two Year,Bank Transfer,DSL,No,No,No Internet,1,1.9,60.64,1605.9,0.2475,24.7,Low,No
CUST-02319,34,Female,5,Month-to-Month,Mailed Check,Fiber Optic,No,No,No,3,4.0,90.67,570.56,0.845,84.5,High,Yes
CUST-02320,26,Female,43,Month-to-Month,Mailed Check,Fiber Optic,No Internet,No,No,4,3.3,64.3,2737.65,0.7131,71.3,High,Yes
CUST-02321,48,Female,8,One Year,Bank Transfer,Fiber Optic,No,No,Yes,3,3.1,69.29,623.52,0.4434,44.3,Medium,No
CUST-02322,52,Female,4,Month-to-Month,Electronic Check,Fiber Optic,No,Yes,No Internet,3,2.3,96.72,468.06,0.8468,84.7,High,Yes
CUST-02323,48,Female,12,Two Year,Electronic Check,Fiber Optic,Yes,No,No,3,3.3,101.01,1196.72,0.5249,52.5,Medium,No
CUST-02324,65,Male,31,Month-to-Month,Credit Card,Fiber Optic,Yes,No,No,3,3.8,107.11,3346.75,0.6971,69.7,Medium,Yes
CUST-02325,41,Male,72,Two Year,Credit Card,Fiber Optic,Yes,No,No,7,3.1,68.53,5122.82,0.253,25.3,Low,No
CUST-02326,51,Male,39,Month-to-Month,Mailed Check,No,No,No,Yes,5,4.6,27.29,989.24,0.4949,49.5,Medium,No
CUST-02327,26,Female,67,One Year,Mailed Check,DSL,No,No,No Internet,3,4.1,61.12,4015.47,0.1776,17.8,Low,No
CUST-02328,36,Female,3,Month-to-Month,Bank Transfer,No,Yes,Yes,No Internet,3,3.1,18.0,73.68,0.4529,45.3,Medium,No
CUST-02329,51,Female,1,One Year,Mailed Check,Fiber Optic,No,Yes,No,2,4.0,91.53,174.46,0.4924,49.2,Medium,No
CUST-02330,53,Male,19,One Year,Mailed Check,Fiber Optic,No,No,Yes,3,3.3,88.13,1844.76,0.3585,35.8,Low,No
CUST-02331,37,Male,8,Month-to-Month,Credit Card,Fiber Optic,Yes,No,Yes,5,3.5,76.26,657.16,0.6223,62.2,Medium,Yes
CUST-02332,40,Female,42,Month-to-Month,Electronic Check,Fiber Optic,No,No,No,3,2.9,67.78,2965.46,0.97,97.0,High,Yes
CUST-02333,20,Male,26,Month-to-Month,Bank Transfer,DSL,No,Yes,Yes,3,3.4,53.7,1358.32,0.5407,54.1,Medium,No
CUST-02334,37,Male,72,Two Year,Credit Card,DSL,Yes,No Internet,No,4,1.6,42.98,2980.21,0.1241,12.4,Low,No
CUST-02335,54,Male,7,Month-to-Month,Bank Transfer,No,No,No,No,3,2.3,26.0,209.7,0.6513,65.1,Medium,Yes
CUST-02336,50,Male,15,Month-to-Month,Credit Card,No,Yes,Yes,No,3,4.5,18.0,261.66,0.4049,40.5,Medium,No
CUST-02337,49,Female,16,Month-to-Month,Electronic Check,DSL,No,No,Yes,3,2.8,62.03,963.89,0.7349,73.5,High,Yes
CUST-02338,42,Male,6,Two Year,Electronic Check,Fiber Optic,No Internet,No,No Internet,0,2.0,92.07,605.83,0.5262,52.6,Medium,No
CUST-02339,42,Female,21,Month-to-Month,Credit Card,No,No,No,No Internet,4,5.0,18.0,371.3,0.5703,57.0,Medium,No
CUST-02340,32,Male,14,Month-to-Month,Mailed Check,DSL,Yes,No,Yes,2,2.9,60.29,822.87,0.4643,46.4,Medium,No
CUST-02341,51,Female,14,One Year,Bank Transfer,DSL,No,Yes,No,6,3.8,43.03,675.0,0.2963,29.6,Low,No
CUST-02342,47,Male,10,One Year,Electronic Check,DSL,Yes,Yes,No,3,2.6,58.81,610.7,0.3488,34.9,Low,No
CUST-02343,48,Female,0,Month-to-Month,Bank Transfer,Fiber Optic,Yes,Yes,No,2,4.2,76.42,77.06,0.6163,61.6,Medium,No
CUST-02344,34,Female,17,Two Year,Mailed Check,Fiber Optic,No,No,No Internet,3,3.2,86.28,1489.3,0.4507,45.1,Medium,No
CUST-02345,18,Male,9,One Year,Electronic Check,Fiber Optic,Yes,No,No,4,1.4,70.24,736.57,0.5611,56.1,Medium,No
CUST-02346,57,Female,0,Month-to-Month,Mailed Check,Fiber Optic,Yes,No,No Internet,0,5.0,120.0,110.53,0.6593,65.9,Medium,Yes
CUST-02347,35,Female,8,Month-to-Month,Bank Transfer,Fiber Optic,No,No,No Internet,3,2.6,89.48,770.0,0.7836,78.4,High,Yes
CUST-02348,29,Male,7,Two Year,Electronic Check,Fiber Optic,No,No,No,1,2.9,68.29,527.07,0.6059,60.6,Medium,No
CUST-02349,51,Male,11,Month-to-Month,Bank Transfer,No,Yes,Yes,No,8,1.9,22.69,274.35,0.5031,50.3,Medium,No
CUST-02350,36,Female,3,Month-to-Month,Mailed Check,DSL,No,Yes,No Internet,4,1.2,55.02,214.45,0.623,62.3,Medium,Yes
CUST-02351,56,Female,17,Month-to-Month,Electronic Check,Fiber Optic,No Internet,Yes,No,4,4.4,99.26,1809.1,0.7374,73.7,High,Yes
CUST-02352,50,Male,28,One Year,Bank Transfer,Fiber Optic,Yes,Yes,Yes,4,3.4,89.55,2664.95,0.2861,28.6,Low,No
CUST-02353,51,Male,23,One Year,Electronic Check,DSL,No,No,No,5,1.1,54.1,1224.89,0.4433,44.3,Medium,No
CUST-02354,22,Female,39,One Year,Electronic Check,Fiber Optic,No,No Internet,No,3,2.8,44.37,1811.34,0.6541,65.4,Medium,Yes
CUST-02355,58,Female,14,Month-to-Month,Mailed Check,DSL,No,No,No Internet,2,3.6,61.4,896.81,0.4501,45.0,Medium,No
CUST-02356,45,Female,17,One Year,Bank Transfer,No,Yes,No,No,4,3.9,32.5,533.22,0.0768,7.7,Low,No
CUST-02357,36,Male,39,One Year,Credit Card,DSL,Yes,Yes,Yes,2,2.2,64.67,2443.37,0.201,20.1,Low,No
CUST-02358,44,Female,13,Month-to-Month,Electronic Check,Fiber Optic,No,No,Yes,4,2.6,116.61,1665.91,0.9055,90.6,High,Yes
CUST-02359,18,Male,29,Two Year,Mailed Check,DSL,No Internet,No,No Internet,2,2.5,50.82,1461.08,0.205,20.5,Low,No
CUST-02360,47,Male,13,Month-to-Month,Electronic Check,Fiber Optic,No,Yes,No Internet,3,2.8,84.4,1079.97,0.9109,91.1,High,Yes
CUST-02361,27,Female,12,One Year,Bank Transfer,Fiber Optic,No Internet,No Internet,No,3,3.4,99.08,1282.57,0.3611,36.1,Low,No
CUST-02362,23,Female,34,Month-to-Month,Mailed Check,DSL,No,Yes,Yes,3,4.1,58.67,2110.01,0.4995,49.9,Medium,No
CUST-02363,20,Male,4,One Year,Bank Transfer,No,No Internet,No,Yes,2,3.5,23.18,106.62,0.1002,10.0,Low,No
CUST-02364,57,Male,9,Two Year,Electronic Check,Fiber Optic,No,No,No,0,3.5,99.36,975.17,0.6281,62.8,Medium,Yes
CUST-02365,33,Female,6,Two Year,Credit Card,No,No Internet,No Internet,No Internet,4,3.0,18.0,117.33,0.193,19.3,Low,No
CUST-02366,63,Female,10,Month-to-Month,Mailed Check,Fiber Optic,Yes,No Internet,No Internet,4,1.9,99.08,1036.11,0.7852,78.5,High,Yes
CUST-02367,34,Female,6,Month-to-Month,Credit Card,Fiber Optic,No Internet,No Internet,No Internet,1,3.0,76.77,517.02,0.7804,78.0,High,Yes
CUST-02368,18,Female,20,Month-to-Month,Electronic Check,DSL,Yes,No,No,1,2.7,50.42,953.77,0.6144,61.4,Medium,No
CUST-02369,26,Male,38,Two Year,Mailed Check,Fiber Optic,Yes,No,No Internet,1,2.4,88.19,3278.98,0.3463,34.6,Low,No
CUST-02370,59,Female,37,One Year,Bank Transfer,Fiber Optic,No,Yes,No,0,3.2,77.63,2791.85,0.3958,39.6,Low,No
CUST-02371,39,Female,10,Month-to-Month,Bank Transfer,Fiber Optic,No,No,Yes,3,1.5,99.44,1094.12,0.8471,84.7,High,Yes
CUST-02372,34,Female,72,Month-to-Month,Electronic Check,Fiber Optic,Yes,No Internet,No Internet,2,2.7,63.72,4800.48,0.8451,84.5,High,Yes
CUST-02373,44,Female,21,Two Year,Credit Card,Fiber Optic,No Internet,No,Yes,2,2.4,80.89,1629.72,0.2789,27.9,Low,No
CUST-02374,49,Female,12,Month-to-Month,Electronic Check,DSL,No,Yes,No,1,2.3,72.3,913.98,0.7317,73.2,High,Yes
CUST-02375,57,Male,43,Month-to-Month,Electronic Check,DSL,No Internet,Yes,No,1,3.8,56.68,2348.03,0.5433,54.3,Medium,No
CUST-02376,62,Male,31,Month-to-Month,Mailed Check,No,No Internet,No,Yes,3,3.3,25.6,858.63,0.4081,40.8,Medium,No
CUST-02377,36,Female,33,Month-to-Month,Mailed Check,DSL,No,Yes,Yes,2,3.7,54.22,1874.91,0.5642,56.4,Medium,No
CUST-02378,23,Male,5,One Year,Bank Transfer,DSL,Yes,No,No,1,3.7,57.94,319.02,0.1834,18.3,Low,No
CUST-02379,36,Male,15,Two Year,Mailed Check,DSL,Yes,Yes,No,5,2.1,63.9,976.72,0.1629,16.3,Low,No
CUST-02380,45,Female,47,Two Year,Mailed Check,No,No,Yes,Yes,1,4.4,18.0,792.01,0.1562,15.6,Low,No
CUST-02381,28,Female,16,Month-to-Month,Mailed Check,Fiber Optic,No,Yes,No,0,2.7,120.0,2076.83,0.8245,82.5,High,Yes
CUST-02382,28,Male,27,Two Year,Mailed Check,Fiber Optic,No,No Internet,No,4,4.4,98.81,2692.15,0.403,40.3,Medium,No
CUST-02383,46,Female,21,Month-to-Month,Credit Card,DSL,No,No,Yes,1,2.8,55.88,1225.79,0.5567,55.7,Medium,No
CUST-02384,41,Female,44,Month-to-Month,Credit Card,Fiber Optic,Yes,No,Yes,4,1.8,83.06,3686.24,0.7699,77.0,High,Yes
CUST-02385,42,Female,8,Two Year,Mailed Check,No,No,No,No,2,2.0,29.77,248.48,0.2781,27.8,Low,No
CUST-02386,31,Female,20,Month-to-Month,Electronic Check,DSL,Yes,No,No,2,4.2,53.66,1016.37,0.5589,55.9,Medium,No
CUST-02387,38,Male,3,Month-to-Month,Credit Card,Fiber Optic,No Internet,No Internet,No,3,3.8,99.02,408.17,0.8169,81.7,High,Yes
CUST-02388,29,Male,28,Two Year,Electronic Check,DSL,Yes,No Internet,No Internet,5,2.4,49.13,1302.03,0.3699,37.0,Low,No
CUST-02389,54,Male,31,Month-to-Month,Electronic Check,Fiber Optic,No,Yes,Yes,5,3.4,88.15,2873.6,0.9134,91.3,High,Yes
CUST-02390,56,Female,1,One Year,Electronic Check,No,Yes,Yes,No Internet,3,4.3,31.33,58.19,0.3234,32.3,Low,No
CUST-02391,18,Female,27,Two Year,Electronic Check,No,No,No,No,3,5.0,20.99,604.13,0.3374,33.7,Low,No
CUST-02392,28,Female,12,Month-to-Month,Credit Card,DSL,No,Yes,No,1,3.4,66.72,857.87,0.5262,52.6,Medium,No
CUST-02393,21,Female,3,Month-to-Month,Bank Transfer,Fiber Optic,Yes,No Internet,No Internet,1,3.6,87.82,337.19,0.6364,63.6,Medium,Yes
CUST-02394,32,Female,13,Month-to-Month,Credit Card,Fiber Optic,No,No,No,4,3.0,120.0,1677.9,0.7333,73.3,High,Yes
CUST-02395,40,Female,5,Month-to-Month,Electronic Check,DSL,No Internet,Yes,Yes,2,3.2,62.73,354.2,0.5831,58.3,Medium,No
CUST-02396,21,Male,12,Month-to-Month,Mailed Check,No,No Internet,No,Yes,2,3.8,26.14,327.18,0.4684,46.8,Medium,No
CUST-02397,29,Male,11,One Year,Credit Card,Fiber Optic,Yes,No,No,5,2.0,70.84,870.11,0.4859,48.6,Medium,No
CUST-02398,27,Female,32,Month-to-Month,Credit Card,Fiber Optic,No,Yes,Yes,2,3.9,76.57,2277.52,0.6928,69.3,Medium,Yes
CUST-02399,44,Male,35,Month-to-Month,Bank Transfer,Fiber Optic,Yes,No Internet,No,5,2.8,90.61,3050.24,0.699,69.9,Medium,Yes
CUST-02400,42,Male,22,One Year,Electronic Check,DSL,Yes,Yes,No,2,2.4,46.29,1076.59,0.2846,28.5,Low,No
CUST-02401,31,Female,0,One Year,Bank Transfer,No,No,No Internet,No,0,2.4,31.5,31.75,0.2935,29.3,Low,No
CUST-02402,44,Male,64,Two Year,Mailed Check,Fiber Optic,Yes,Yes,No,4,5.0,89.39,5371.95,0.2891,28.9,Low,No
CUST-02403,34,Female,27,Month-to-Month,Mailed Check,Fiber Optic,No Internet,No,No,3,4.6,82.23,2411.69,0.6888,68.9,Medium,Yes
CUST-02404,38,Male,0,Two Year,Bank Transfer,DSL,No Internet,Yes,No,0,2.3,45.62,45.69,0.2294,22.9,Low,No
CUST-02405,65,Male,41,One Year,Bank Transfer,No,Yes,No,No,1,3.5,18.8,754.63,0.0955,9.5,Low,No
CUST-02406,60,Male,5,Month-to-Month,Bank Transfer,No,Yes,No,Yes,2,3.5,18.0,102.88,0.4788,47.9,Medium,No
CUST-02407,23,Female,20,Month-to-Month,Bank Transfer,DSL,No,Yes,No,3,5.0,59.48,1222.1,0.5226,52.3,Medium,No
CUST-02408,53,Male,15,Month-to-Month,Electronic Check,Fiber Optic,No,No,No Internet,1,2.7,94.83,1373.77,0.889,88.9,High,Yes
CUST-02409,53,Female,13,One Year,Mailed Check,Fiber Optic,No Internet,Yes,No,2,1.0,62.22,877.34,0.3715,37.2,Low,No
CUST-02410,25,Female,52,Month-to-Month,Bank Transfer,No,No Internet,No,No Internet,1,3.1,37.11,1790.33,0.457,45.7,Medium,No
CUST-02411,53,Female,13,Two Year,Electronic Check,No,No,No,Yes,5,2.9,30.35,424.03,0.4185,41.8,Medium,No
CUST-02412,63,Male,1,One Year,Electronic Check,DSL,Yes,No,No Internet,3,3.7,47.17,96.25,0.3092,30.9,Low,No
CUST-02413,26,Male,70,Two Year,Electronic Check,DSL,No,Yes,No,4,4.1,53.44,3930.04,0.3853,38.5,Low,No
CUST-02414,29,Female,60,Month-to-Month,Mailed Check,No,Yes,Yes,No Internet,2,4.5,24.28,1365.77,0.2798,28.0,Low,No
CUST-02415,56,Female,27,Month-to-Month,Credit Card,DSL,No Internet,No,No,0,4.4,42.32,1198.97,0.3275,32.8,Low,No
CUST-02416,45,Female,15,Month-to-Month,Electronic Check,Fiber Optic,Yes,No Internet,No,2,3.9,79.37,1330.23,0.7832,78.3,High,Yes
CUST-02417,49,Male,2,Month-to-Month,Mailed Check,DSL,No,No Internet,No Internet,3,4.4,59.6,162.74,0.5201,52.0,Medium,No
CUST-02418,46,Female,37,Two Year,Bank Transfer,No,Yes,No,No,4,1.7,35.86,1232.18,0.1688,16.9,Low,No
CUST-02419,47,Male,1,Month-to-Month,Electronic Check,DSL,No,No Internet,No,1,2.9,52.14,97.17,0.7444,74.4,High,Yes
CUST-02420,23,Male,1,Month-to-Month,Credit Card,No,No,No Internet,No,0,3.2,25.23,46.97,0.5166,51.7,Medium,No
CUST-02421,56,Male,18,Month-to-Month,Mailed Check,Fiber Optic,No,Yes,No,4,3.7,74.19,1336.2,0.777,77.7,High,Yes
CUST-02422,58,Male,4,Month-to-Month,Credit Card,Fiber Optic,No,Yes,No Internet,3,2.5,101.6,527.57,0.8853,88.5,High,Yes
CUST-02423,38,Male,0,Two Year,Electronic Check,Fiber Optic,No,Yes,No,0,2.5,97.69,97.93,0.6073,60.7,Medium,No
CUST-02424,41,Male,13,One Year,Electronic Check,No,Yes,Yes,No,2,2.8,24.87,313.92,0.2358,23.6,Low,No
CUST-02425,20,Female,3,One Year,Electronic Check,DSL,No Internet,No,No Internet,1,3.7,76.77,299.19,0.295,29.5,Low,No
CUST-02426,49,Male,4,Month-to-Month,Mailed Check,Fiber Optic,No Internet,No,No,2,1.0,106.04,546.83,0.7626,76.3,High,Yes
CUST-02427,50,Female,1,Two Year,Credit Card,No,Yes,No,No,2,3.2,27.45,53.81,0.3105,31.0,Low,No
CUST-02428,41,Male,5,One Year,Electronic Check,DSL,No Internet,Yes,Yes,4,2.4,53.12,296.13,0.3062,30.6,Low,No
CUST-02429,57,Male,30,Month-to-Month,Bank Transfer,No,No Internet,No Internet,No,1,2.3,30.56,988.19,0.4786,47.9,Medium,No
CUST-02430,37,Male,39,Month-to-Month,Electronic Check,DSL,No,No,No,1,3.6,44.97,1701.85,0.6836,68.4,Medium,Yes
CUST-02431,49,Male,14,Two Year,Credit Card,Fiber Optic,Yes,No,Yes,0,3.4,105.21,1503.21,0.3441,34.4,Low,No
CUST-02432,27,Female,16,One Year,Bank Transfer,DSL,No,No Internet,No,3,3.4,62.17,1007.69,0.1985,19.8,Low,No
CUST-02433,41,Male,0,One Year,Mailed Check,No,No,Yes,No,1,3.4,39.43,37.82,0.2875,28.7,Low,No
CUST-02434,39,Female,1,Month-to-Month,Electronic Check,Fiber Optic,No,No,No,5,4.7,88.5,178.12,0.8563,85.6,High,Yes
CUST-02435,45,Male,7,Month-to-Month,Bank Transfer,No,No,No,No,6,4.5,18.0,136.39,0.7148,71.5,High,Yes
CUST-02436,36,Female,18,One Year,Electronic Check,Fiber Optic,No Internet,No Internet,No,2,1.7,80.45,1482.32,0.511,51.1,Medium,No
CUST-02437,40,Female,32,One Year,Electronic Check,Fiber Optic,No,Yes,Yes,3,2.7,70.3,2179.6,0.5801,58.0,Medium,No
CUST-02438,53,Male,22,Month-to-Month,Bank Transfer,Fiber Optic,Yes,No,Yes,5,2.8,97.41,2187.08,0.643,64.3,Medium,Yes
CUST-02439,35,Male,11,One Year,Credit Card,No,No,No Internet,No,2,1.5,26.03,325.51,0.3739,37.4,Low,No
CUST-02440,19,Male,3,Month-to-Month,Credit Card,DSL,No,No,Yes,4,5.0,59.98,226.35,0.5616,56.2,Medium,No
CUST-02441,66,Female,36,One Year,Bank Transfer,DSL,Yes,Yes,No,2,3.3,36.24,1371.0,0.1965,19.7,Low,No
CUST-02442,61,Male,10,Two Year,Mailed Check,No,No,No,No Internet,2,1.9,18.0,184.7,0.2238,22.4,Low,No
CUST-02443,23,Female,31,Two Year,Credit Card,Fiber Optic,Yes,Yes,No,3,4.4,73.92,2180.24,0.2795,28.0,Low,No
CUST-02444,51,Female,17,Month-to-Month,Mailed Check,Fiber Optic,No Internet,No,Yes,1,3.3,63.66,1046.95,0.7586,75.9,High,Yes
CUST-02445,34,Female,32,Month-to-Month,Mailed Check,Fiber Optic,No,No Internet,Yes,1,2.4,72.47,2503.86,0.7974,79.7,High,Yes
CUST-02446,45,Female,57,Two Year,Credit Card,DSL,No,No,Yes,2,4.0,33.9,1937.81,0.2983,29.8,Low,No
CUST-02447,46,Female,60,One Year,Electronic Check,DSL,Yes,Yes,Yes,2,4.2,33.32,1986.06,0.3486,34.9,Low,No
CUST-02448,38,Male,18,Month-to-Month,Electronic Check,No,No,Yes,No,4,4.0,22.16,379.39,0.739,73.9,High,Yes
CUST-02449,31,Female,17,Two Year,Bank Transfer,DSL,No,No,Yes,3,3.8,51.4,899.89,0.2666,26.7,Low,No
CUST-02450,32,Female,7,Month-to-Month,Electronic Check,Fiber Optic,No,No,No Internet,3,2.4,78.91,630.91,0.7995,80.0,High,Yes
CUST-02451,29,Male,65,Month-to-Month,Mailed Check,No,No Internet,No,No Internet,3,1.4,18.0,1142.25,0.4985,49.8,Medium,No
CUST-02452,30,Female,14,Month-to-Month,Mailed Check,Fiber Optic,No,No,No,2,1.9,87.58,1207.73,0.7714,77.1,High,Yes
CUST-02453,41,Male,3,Month-to-Month,Mailed Check,No,No,No,Yes,3,2.7,51.78,194.72,0.5945,59.5,Medium,No
CUST-02454,31,Female,13,Month-to-Month,Credit Card,Fiber Optic,Yes,No Internet,No Internet,5,1.3,65.34,921.27,0.7722,77.2,High,Yes
CUST-02455,51,Female,3,Two Year,Electronic Check,Fiber Optic,No,No Internet,Yes,1,5.0,77.23,300.05,0.5491,54.9,Medium,No
CUST-02456,62,Male,16,Month-to-Month,Mailed Check,DSL,No Internet,Yes,Yes,3,2.1,72.47,1197.37,0.5805,58.0,Medium,No
CUST-02457,33,Female,19,Month-to-Month,Electronic Check,Fiber Optic,No,Yes,No,4,3.0,82.78,1499.58,0.898,89.8,High,Yes
CUST-02458,45,Male,9,Two Year,Bank Transfer,Fiber Optic,No,Yes,No,2,3.4,102.46,1003.49,0.3704,37.0,Low,No
CUST-02459,48,Male,1,One Year,Bank Transfer,DSL,No Internet,Yes,No,3,4.4,62.27,120.02,0.1582,15.8,Low,No
CUST-02460,48,Male,68,One Year,Mailed Check,Fiber Optic,No,Yes,Yes,2,3.7,114.28,8137.2,0.3496,35.0,Low,No
CUST-02461,43,Female,35,Month-to-Month,Electronic Check,Fiber Optic,No,No,Yes,1,3.4,80.17,2762.38,0.9137,91.4,High,Yes
CUST-02462,52,Male,43,Two Year,Bank Transfer,Fiber Optic,No,Yes,No Internet,5,5.0,72.31,3154.23,0.364,36.4,Low,No
CUST-02463,48,Male,10,Month-to-Month,Mailed Check,DSL,No,Yes,No,3,5.0,42.68,488.44,0.5489,54.9,Medium,No
CUST-02464,24,Female,34,Month-to-Month,Electronic Check,Fiber Optic,No,Yes,Yes,2,3.6,68.45,2359.65,0.8795,88.0,High,Yes
CUST-02465,54,Male,15,Month-to-Month,Mailed Check,Fiber Optic,No,Yes,No,3,3.5,85.22,1233.26,0.7967,79.7,High,Yes
CUST-02466,54,Male,5,Month-to-Month,Mailed Check,DSL,No Internet,No,Yes,1,3.1,57.02,313.12,0.3902,39.0,Low,No
CUST-02467,31,Male,3,Month-to-Month,Credit Card,DSL,Yes,Yes,No,2,4.0,67.42,281.82,0.4155,41.6,Medium,No
CUST-02468,42,Male,10,One Year,Credit Card,DSL,Yes,No Internet,Yes,6,2.8,58.82,635.9,0.2226,22.3,Low,No
CUST-02469,51,Male,3,Month-to-Month,Bank Transfer,Fiber Optic,Yes,Yes,No,4,2.4,78.06,289.88,0.7064,70.6,High,Yes
CUST-02470,39,Male,72,One Year,Credit Card,Fiber Optic,No,No Internet,No,2,4.7,96.08,6909.78,0.3799,38.0,Low,No
CUST-02471,57,Female,1,Month-to-Month,Bank Transfer,DSL,No,Yes,No Internet,2,2.4,52.58,109.75,0.5879,58.8,Medium,No
CUST-02472,75,Female,13,Month-to-Month,Credit Card,No,Yes,No,Yes,1,3.2,18.37,233.19,0.503,50.3,Medium,No
CUST-02473,30,Male,14,Month-to-Month,Electronic Check,DSL,No,Yes,No,5,2.8,51.68,758.97,0.707,70.7,High,Yes
CUST-02474,22,Male,8,Two Year,Mailed Check,Fiber Optic,No,No Internet,No Internet,2,3.1,75.26,623.44,0.5059,50.6,Medium,No
CUST-02475,46,Male,20,Two Year,Bank Transfer,Fiber Optic,No,Yes,No,2,3.4,104.44,2120.89,0.409,40.9,Medium,No
CUST-02476,52,Female,3,Two Year,Bank Transfer,No,No Internet,No Internet,No Internet,2,3.2,19.39,77.42,0.163,16.3,Low,No
CUST-02477,38,Male,36,One Year,Electronic Check,DSL,No,Yes,No Internet,3,2.2,67.63,2424.42,0.3881,38.8,Low,No
CUST-02478,62,Male,9,One Year,Mailed Check,Fiber Optic,Yes,Yes,No,1,2.8,89.52,934.97,0.3647,36.5,Low,No
CUST-02479,23,Female,21,One Year,Electronic Check,Fiber Optic,Yes,No,Yes,1,3.9,120.0,2607.5,0.3735,37.4,Low,No
CUST-02480,51,Male,30,One Year,Electronic Check,No,No,No,No,3,3.4,27.32,884.64,0.3495,34.9,Low,No
CUST-02481,33,Male,52,Month-to-Month,Mailed Check,Fiber Optic,No,No Internet,No,1,3.6,83.81,4207.21,0.6432,64.3,Medium,Yes
CUST-02482,66,Female,43,Month-to-Month,Mailed Check,DSL,Yes,No,No,4,4.2,48.88,1942.46,0.4143,41.4,Medium,No
CUST-02483,69,Female,22,Month-to-Month,Credit Card,DSL,Yes,No,No,2,3.8,41.81,887.76,0.4229,42.3,Medium,No
CUST-02484,31,Male,11,Month-to-Month,Bank Transfer,Fiber Optic,No,No,No,1,2.5,88.97,972.34,0.8147,81.5,High,Yes
CUST-02485,34,Female,16,Month-to-Month,Credit Card,Fiber Optic,No,No,No,3,3.6,54.76,941.02,0.8361,83.6,High,Yes
CUST-02486,54,Male,35,Month-to-Month,Credit Card,Fiber Optic,No,No,No,1,3.5,74.9,2503.55,0.7221,72.2,High,Yes
CUST-02487,36,Female,50,Month-to-Month,Mailed Check,No,Yes,Yes,Yes,1,1.5,18.0,930.45,0.3688,36.9,Low,No
CUST-02488,41,Male,2,Month-to-Month,Mailed Check,DSL,No,No,No Internet,1,1.4,57.81,170.07,0.5974,59.7,Medium,No
CUST-02489,42,Female,11,Two Year,Electronic Check,No,No,No,No Internet,0,3.7,29.15,326.19,0.2365,23.7,Low,No
CUST-02490,18,Female,35,Month-to-Month,Credit Card,DSL,No Internet,No,No,4,2.6,38.97,1391.72,0.3833,38.3,Low,No
CUST-02491,41,Female,13,Month-to-Month,Electronic Check,No,No,No Internet,Yes,0,2.7,24.66,311.31,0.6765,67.7,Medium,Yes
CUST-02492,32,Female,9,Two Year,Bank Transfer,No,No,No Internet,Yes,2,3.5,22.48,213.61,0.1257,12.6,Low,No
CUST-02493,35,Female,12,Month-to-Month,Mailed Check,DSL,No,No Internet,Yes,6,3.2,46.75,618.51,0.552,55.2,Medium,No
CUST-02494,62,Male,22,Month-to-Month,Credit Card,Fiber Optic,No,Yes,Yes,2,3.1,93.2,2170.14,0.7912,79.1,High,Yes
CUST-02495,24,Male,72,Month-to-Month,Mailed Check,DSL,Yes,Yes,No,1,4.8,73.0,5428.13,0.3055,30.5,Low,No
CUST-02496,53,Female,16,Month-to-Month,Credit Card,DSL,No Internet,Yes,Yes,2,2.9,46.92,788.17,0.4992,49.9,Medium,No
CUST-02497,38,Female,5,Month-to-Month,Electronic Check,DSL,No,No Internet,Yes,3,3.5,53.5,316.5,0.7702,77.0,High,Yes
CUST-02498,38,Male,4,Month-to-Month,Electronic Check,No,No,Yes,No,5,2.6,35.79,171.99,0.784,78.4,High,Yes
CUST-02499,53,Female,1,Month-to-Month,Bank Transfer,Fiber Optic,No Internet,Yes,No Internet,0,4.3,87.65,182.71,0.6189,61.9,Medium,No
CUST-02500,46,Female,19,Two Year,Credit Card,Fiber Optic,No Internet,Yes,Yes,2,3.6,95.08,1982.27,0.3325,33.2,Low,No
CUST-02501,49,Female,18,One Year,Mailed Check,DSL,No,Yes,No,3,5.0,48.25,826.27,0.2753,27.5,Low,No
CUST-02502,55,Female,5,One Year,Credit Card,Fiber Optic,Yes,Yes,No Internet,0,3.4,67.27,421.51,0.3262,32.6,Low,No
CUST-02503,37,Male,28,Month-to-Month,Bank Transfer,Fiber Optic,No,Yes,No Internet,2,3.5,55.54,1659.92,0.7476,74.8,High,Yes
CUST-02504,33,Male,32,Month-to-Month,Credit Card,No,No Internet,No,No,8,3.2,18.0,588.6,0.52,52.0,Medium,No
CUST-02505,26,Male,7,Two Year,Mailed Check,DSL,Yes,No Internet,No,0,4.9,68.29,518.28,0.1234,12.3,Low,No
CUST-02506,30,Male,10,Month-to-Month,Mailed Check,No,No Internet,No,Yes,4,3.6,27.59,292.3,0.4753,47.5,Medium,No
CUST-02507,80,Female,72,Two Year,Electronic Check,DSL,Yes,No,Yes,0,3.1,41.18,3088.0,0.2386,23.9,Low,No
CUST-02508,59,Female,11,Month-to-Month,Credit Card,DSL,No,No,No,5,2.2,39.57,437.87,0.5465,54.6,Medium,No
CUST-02509,23,Female,34,Two Year,Credit Card,DSL,No,No Internet,No,3,1.0,44.77,1556.17,0.3249,32.5,Low,No
CUST-02510,23,Female,14,Month-to-Month,Bank Transfer,Fiber Optic,Yes,No Internet,No,2,3.3,89.33,1252.36,0.6842,68.4,Medium,Yes
CUST-02511,48,Male,37,Month-to-Month,Electronic Check,DSL,No Internet,No Internet,Yes,1,2.9,45.01,1636.37,0.6669,66.7,Medium,Yes
CUST-02512,49,Male,35,One Year,Electronic Check,Fiber Optic,No,Yes,No,1,1.0,94.88,3076.67,0.524,52.4,Medium,No
CUST-02513,49,Male,26,One Year,Credit Card,No,Yes,No Internet,No,1,2.7,21.97,620.13,0.0567,5.7,Low,No
CUST-02514,38,Male,46,Month-to-Month,Electronic Check,Fiber Optic,No,Yes,No,0,2.1,101.45,4369.01,0.9226,92.3,High,Yes
CUST-02515,40,Female,67,Two Year,Credit Card,Fiber Optic,No,No,No,1,5.0,77.31,5333.42,0.3156,31.6,Low,No
CUST-02516,46,Male,20,Month-to-Month,Mailed Check,DSL,No,Yes,No,2,3.1,29.15,602.5,0.5204,52.0,Medium,No
CUST-02517,43,Male,6,Month-to-Month,Mailed Check,DSL,No Internet,No,Yes,1,4.6,52.53,376.61,0.3695,37.0,Low,No
CUST-02518,18,Male,12,One Year,Credit Card,Fiber Optic,Yes,No,No,0,3.7,83.33,1058.76,0.2929,29.3,Low,No
CUST-02519,38,Female,34,One Year,Electronic Check,Fiber Optic,Yes,Yes,Yes,2,4.3,90.33,3312.22,0.5752,57.5,Medium,No
CUST-02520,30,Male,25,Two Year,Mailed Check,No,Yes,No,No,1,5.0,27.24,701.9,0.02,2.0,Low,No
CUST-02521,44,Male,4,Month-to-Month,Credit Card,DSL,Yes,No,Yes,3,4.1,42.68,211.79,0.3884,38.8,Low,No
CUST-02522,80,Male,1,Month-to-Month,Bank Transfer,Fiber Optic,No,Yes,No,2,5.0,91.82,190.64,0.6819,68.2,Medium,Yes
CUST-02523,47,Female,27,One Year,Bank Transfer,DSL,No Internet,No,Yes,0,3.9,50.94,1338.89,0.1859,18.6,Low,No
CUST-02524,37,Male,6,Month-to-Month,Bank Transfer,Fiber Optic,Yes,No,No,2,4.5,78.68,525.66,0.7284,72.8,High,Yes
CUST-02525,54,Female,16,Month-to-Month,Electronic Check,Fiber Optic,Yes,Yes,No,2,2.8,87.19,1481.86,0.8212,82.1,High,Yes
CUST-02526,48,Female,32,Month-to-Month,Electronic Check,No,Yes,Yes,No,1,1.6,22.58,686.4,0.6906,69.1,Medium,Yes
CUST-02527,47,Female,19,Month-to-Month,Mailed Check,Fiber Optic,No,No Internet,No,3,1.0,75.55,1543.4,0.7915,79.2,High,Yes
CUST-02528,50,Female,2,Month-to-Month,Mailed Check,Fiber Optic,No,No Internet,No,2,4.2,103.97,308.41,0.817,81.7,High,Yes
CUST-02529,70,Male,4,Month-to-Month,Mailed Check,No,No,Yes,No,5,2.7,18.0,91.19,0.637,63.7,Medium,Yes
CUST-02530,26,Male,5,One Year,Bank Transfer,No,Yes,No,Yes,2,2.8,25.2,158.54,0.1511,15.1,Low,No
CUST-02531,48,Male,7,One Year,Electronic Check,Fiber Optic,No,Yes,No,3,2.8,98.26,822.66,0.5198,52.0,Medium,No
CUST-02532,29,Female,20,Month-to-Month,Bank Transfer,Fiber Optic,No,No,No,1,2.5,96.79,1965.81,0.7509,75.1,High,Yes
CUST-02533,49,Male,16,Month-to-Month,Electronic Check,No,No,No,No Internet,1,5.0,19.37,310.25,0.6394,63.9,Medium,Yes
CUST-02534,29,Male,5,Month-to-Month,Electronic Check,Fiber Optic,No,Yes,Yes,0,2.2,61.99,370.13,0.8771,87.7,High,Yes
CUST-02535,36,Female,1,Month-to-Month,Mailed Check,DSL,No Internet,Yes,No,3,3.7,73.03,147.04,0.4644,46.4,Medium,No
CUST-02536,37,Female,4,One Year,Credit Card,DSL,No,Yes,No Internet,2,3.7,41.04,193.75,0.1893,18.9,Low,No
CUST-02537,55,Male,72,Two Year,Electronic Check,Fiber Optic,Yes,No,No,4,1.6,81.94,5635.91,0.5176,51.8,Medium,No
CUST-02538,54,Female,15,One Year,Mailed Check,DSL,No,No Internet,No,3,3.8,55.13,822.32,0.2569,25.7,Low,No
CUST-02539,24,Female,48,One Year,Bank Transfer,DSL,No,No Internet,No,2,1.9,56.01,2844.43,0.1409,14.1,Low,No
CUST-02540,42,Male,45,Month-to-Month,Electronic Check,Fiber Optic,Yes,No Internet,Yes,2,3.1,82.59,3477.14,0.7636,76.4,High,Yes
CUST-02541,32,Male,17,Month-to-Month,Mailed Check,No,No,No Internet,No,4,2.8,18.0,303.58,0.5656,56.6,Medium,No
CUST-02542,24,Female,29,Two Year,Credit Card,Fiber Optic,No Internet,Yes,Yes,2,3.3,87.02,2594.05,0.2707,27.1,Low,No
CUST-02543,38,Female,5,Two Year,Mailed Check,DSL,No,No,Yes,1,3.9,39.64,230.74,0.2162,21.6,Low,No
CUST-02544,37,Male,27,Month-to-Month,Electronic Check,DSL,No,Yes,Yes,6,2.2,69.4,1784.06,0.7338,73.4,High,Yes
CUST-02545,75,Male,7,Month-to-Month,Bank Transfer,DSL,No Internet,No Internet,No,3,2.6,43.7,329.82,0.4642,46.4,Medium,No
CUST-02546,48,Female,42,One Year,Bank Transfer,Fiber Optic,No,No Internet,No Internet,1,1.4,78.65,3250.8,0.4827,48.3,Medium,No
CUST-02547,22,Female,2,Month-to-Month,Electronic Check,DSL,No,No,No,3,2.0,47.44,148.55,0.8074,80.7,High,Yes
CUST-02548,34,Female,35,One Year,Electronic Check,Fiber Optic,No,No,Yes,2,4.0,77.99,2693.54,0.5595,56.0,Medium,No
CUST-02549,56,Male,2,Two Year,Electronic Check,DSL,No,Yes,No,3,2.8,41.87,115.23,0.3969,39.7,Low,No
CUST-02550,71,Male,51,Month-to-Month,Electronic Check,No,Yes,Yes,No,1,4.2,30.75,1672.32,0.524,52.4,Medium,No
CUST-02551,19,Female,8,Two Year,Electronic Check,No,No,No Internet,No,2,2.2,19.62,170.42,0.4464,44.6,Medium,No
CUST-02552,18,Male,25,Two Year,Mailed Check,DSL,Yes,No Internet,No,3,2.4,60.27,1443.16,0.1712,17.1,Low,No
CUST-02553,68,Female,16,Two Year,Mailed Check,Fiber Optic,No Internet,Yes,No Internet,4,4.4,91.4,1540.84,0.3545,35.5,Low,No
CUST-02554,47,Female,10,Month-to-Month,Credit Card,Fiber Optic,Yes,Yes,Yes,2,3.5,73.79,828.97,0.6894,68.9,Medium,Yes
CUST-02555,29,Male,24,Month-to-Month,Bank Transfer,Fiber Optic,Yes,Yes,Yes,2,1.6,55.09,1386.31,0.72,72.0,High,Yes
CUST-02556,49,Female,70,One Year,Credit Card,DSL,No,No Internet,No,3,2.6,47.97,3224.45,0.1033,10.3,Low,No
CUST-02557,18,Male,1,Month-to-Month,Mailed Check,Fiber Optic,No Internet,No Internet,No,1,4.1,95.52,178.78,0.6039,60.4,Medium,No
CUST-02558,42,Female,60,Month-to-Month,Electronic Check,No,No,No,No Internet,2,3.0,35.14,2213.06,0.6754,67.5,Medium,Yes
CUST-02559,46,Male,22,Month-to-Month,Mailed Check,No,No,No,No Internet,3,4.5,20.36,435.07,0.4278,42.8,Medium,No
CUST-02560,54,Male,39,One Year,Credit Card,Fiber Optic,No,No,No Internet,3,1.8,93.42,3787.31,0.4208,42.1,Medium,No
CUST-02561,27,Female,11,Month-to-Month,Electronic Check,DSL,No,Yes,Yes,1,4.5,45.77,496.21,0.6856,68.6,Medium,Yes
CUST-02562,43,Female,15,Month-to-Month,Electronic Check,DSL,No Internet,No Internet,No,2,1.9,39.15,603.18,0.5975,59.7,Medium,No
CUST-02563,29,Male,48,Month-to-Month,Electronic Check,Fiber Optic,Yes,No,No,3,3.5,80.86,4151.29,0.852,85.2,High,Yes
CUST-02564,45,Female,12,One Year,Mailed Check,DSL,No Internet,Yes,No Internet,3,4.2,66.64,862.06,0.2363,23.6,Low,No
CUST-02565,29,Male,18,One Year,Electronic Check,Fiber Optic,No Internet,No,Yes,1,3.3,90.05,1619.58,0.4956,49.6,Medium,No
CUST-02566,36,Male,0,Month-to-Month,Electronic Check,Fiber Optic,No Internet,No,Yes,1,3.8,108.43,108.97,0.7886,78.9,High,Yes
CUST-02567,28,Male,4,Two Year,Electronic Check,DSL,No Internet,Yes,No Internet,2,4.3,62.91,299.77,0.2961,29.6,Low,No
CUST-02568,51,Male,24,Month-to-Month,Bank Transfer,No,No Internet,No,No,4,3.7,20.7,538.63,0.4851,48.5,Medium,No
CUST-02569,54,Male,30,One Year,Mailed Check,Fiber Optic,Yes,No Internet,No Internet,2,2.9,77.03,2233.29,0.2972,29.7,Low,No
CUST-02570,38,Male,20,One Year,Bank Transfer,DSL,No,No,Yes,3,2.9,58.87,1171.98,0.199,19.9,Low,No
CUST-02571,42,Male,3,One Year,Mailed Check,Fiber Optic,No,No,No Internet,2,2.3,92.76,372.27,0.4387,43.9,Medium,No
CUST-02572,21,Male,14,Month-to-Month,Mailed Check,No,Yes,No,No,5,1.9,24.61,376.27,0.5829,58.3,Medium,No
CUST-02573,37,Male,10,Two Year,Electronic Check,No,No,Yes,No,4,4.6,35.11,380.98,0.3088,30.9,Low,No
CUST-02574,41,Female,16,Two Year,Mailed Check,Fiber Optic,Yes,No,No,3,3.9,102.83,1649.15,0.3448,34.5,Low,No
CUST-02575,78,Male,49,One Year,Electronic Check,No,Yes,Yes,No,3,4.8,27.93,1376.9,0.2298,23.0,Low,No
CUST-02576,26,Female,35,Month-to-Month,Mailed Check,Fiber Optic,No,No Internet,No,3,3.9,80.7,2710.18,0.7735,77.3,High,Yes
CUST-02577,62,Female,2,Month-to-Month,Bank Transfer,Fiber Optic,No Internet,No Internet,Yes,1,2.8,110.85,302.16,0.668,66.8,Medium,Yes
CUST-02578,55,Female,53,One Year,Electronic Check,DSL,No,Yes,No,2,1.9,72.17,4045.08,0.351,35.1,Low,No
CUST-02579,45,Female,15,Month-to-Month,Electronic Check,Fiber Optic,No Internet,No Internet,No,1,2.6,72.34,1125.23,0.8587,85.9,High,Yes
CUST-02580,66,Female,32,One Year,Electronic Check,DSL,No,No,Yes,4,3.9,63.65,2041.72,0.2898,29.0,Low,No
CUST-02581,47,Male,3,Month-to-Month,Electronic Check,DSL,No Internet,No Internet,Yes,2,2.4,63.48,256.9,0.6178,61.8,Medium,No
CUST-02582,47,Female,26,One Year,Mailed Check,Fiber Optic,No,No,No,1,4.6,106.14,2819.94,0.2256,22.6,Low,No
CUST-02583,41,Female,6,Month-to-Month,Credit Card,Fiber Optic,No Internet,No,Yes,4,2.8,72.17,489.1,0.8024,80.2,High,Yes
CUST-02584,59,Female,13,Month-to-Month,Mailed Check,DSL,Yes,No,Yes,4,1.9,59.42,847.84,0.5142,51.4,Medium,No
CUST-02585,57,Female,0,Month-to-Month,Mailed Check,Fiber Optic,No Internet,Yes,No Internet,1,2.9,120.0,116.55,0.685,68.5,Medium,Yes
CUST-02586,33,Male,3,Month-to-Month,Bank Transfer,Fiber Optic,No,Yes,Yes,2,3.5,99.29,411.82,0.8047,80.5,High,Yes
CUST-02587,23,Female,2,Month-to-Month,Bank Transfer,Fiber Optic,No,Yes,No,2,5.0,81.05,230.0,0.7155,71.5,High,Yes
CUST-02588,39,Female,6,One Year,Credit Card,No,No,Yes,No,1,3.3,29.32,185.75,0.1678,16.8,Low,No
CUST-02589,30,Male,2,One Year,Credit Card,No,No Internet,Yes,No,2,2.5,25.34,70.12,0.1689,16.9,Low,No
CUST-02590,41,Male,28,One Year,Credit Card,Fiber Optic,No Internet,No,No,5,4.8,84.03,2492.61,0.3611,36.1,Low,No
CUST-02591,59,Female,0,One Year,Credit Card,Fiber Optic,Yes,No,No Internet,3,4.5,88.46,91.9,0.316,31.6,Low,No
CUST-02592,35,Female,23,Month-to-Month,Electronic Check,DSL,Yes,No Internet,No,1,3.1,49.87,1090.67,0.6201,62.0,Medium,Yes
CUST-02593,41,Male,3,Month-to-Month,Bank Transfer,No,Yes,Yes,No,1,1.4,32.85,136.17,0.4708,47.1,Medium,No
CUST-02594,42,Female,69,Month-to-Month,Credit Card,Fiber Optic,Yes,No Internet,No,2,2.6,115.78,8441.36,0.6578,65.8,Medium,Yes
CUST-02595,53,Male,64,One Year,Bank Transfer,No,Yes,No,No,1,4.0,18.0,1185.38,0.1729,17.3,Low,No
CUST-02596,18,Male,6,Month-to-Month,Credit Card,DSL,No,No,Yes,2,4.6,56.37,400.18,0.4633,46.3,Medium,No
CUST-02597,33,Male,22,Month-to-Month,Electronic Check,No,No,No,No Internet,3,3.4,36.62,758.23,0.6952,69.5,Medium,Yes
CUST-02598,44,Male,0,One Year,Mailed Check,Fiber Optic,No,No,Yes,2,3.1,79.16,73.89,0.5223,52.2,Medium,No
CUST-02599,58,Male,64,Two Year,Credit Card,No,No,Yes,No,1,2.6,33.3,2017.73,0.1944,19.4,Low,No
CUST-02600,35,Male,17,One Year,Mailed Check,DSL,No,No,No,4,4.0,50.78,902.36,0.1402,14.0,Low,No
CUST-02601,18,Female,1,One Year,Bank Transfer,No,Yes,No,No Internet,2,2.1,27.15,54.22,0.2856,28.6,Low,No
CUST-02602,50,Female,10,One Year,Electronic Check,DSL,No,No Internet,Yes,4,2.6,36.6,416.79,0.3641,36.4,Low,No
CUST-02603,33,Male,1,Month-to-Month,Bank Transfer,DSL,No,No Internet,No,3,4.7,49.52,96.39,0.3936,39.4,Low,No
CUST-02604,25,Male,11,One Year,Credit Card,No,No,No,Yes,1,4.3,19.94,233.33,0.1528,15.3,Low,No
CUST-02605,33,Male,26,Two Year,Mailed Check,DSL,No,No,No Internet,6,4.8,51.58,1264.73,0.1589,15.9,Low,No
CUST-02606,39,Female,15,Month-to-Month,Electronic Check,DSL,Yes,No Internet,No,1,2.5,40.68,683.17,0.6748,67.5,Medium,Yes
CUST-02607,33,Male,11,Month-to-Month,Electronic Check,Fiber Optic,No Internet,No Internet,Yes,1,1.8,107.78,1347.47,0.9114,91.1,High,Yes
CUST-02608,18,Male,3,Month-to-Month,Credit Card,No,No,No Internet,No,2,4.8,37.05,134.98,0.5056,50.6,Medium,No
CUST-02609,54,Female,6,Month-to-Month,Bank Transfer,No,No,No,No,2,4.0,22.29,153.48,0.5531,55.3,Medium,No
CUST-02610,59,Female,2,Two Year,Electronic Check,Fiber Optic,Yes,Yes,Yes,1,4.3,99.39,283.91,0.4776,47.8,Medium,No
CUST-02611,51,Male,39,Month-to-Month,Electronic Check,DSL,Yes,No Internet,No,2,4.0,51.24,1976.33,0.6535,65.4,Medium,Yes
CUST-02612,26,Male,3,Month-to-Month,Credit Card,No,Yes,Yes,Yes,4,5.0,26.51,105.8,0.4183,41.8,Medium,No
CUST-02613,39,Male,21,Two Year,Credit Card,DSL,Yes,No,No Internet,1,4.0,51.0,1080.44,0.0528,5.3,Low,No
CUST-02614,41,Female,10,Month-to-Month,Electronic Check,No,Yes,No,No,4,3.4,27.17,291.2,0.6494,64.9,Medium,Yes
CUST-02615,50,Female,6,Month-to-Month,Electronic Check,No,Yes,Yes,No,2,3.6,27.11,178.57,0.4871,48.7,Medium,No
CUST-02616,51,Male,24,Two Year,Bank Transfer,DSL,No,Yes,No Internet,1,3.5,55.19,1258.82,0.156,15.6,Low,No
CUST-02617,31,Female,14,Month-to-Month,Mailed Check,DSL,No,No Internet,No,4,4.9,48.43,736.09,0.488,48.8,Medium,No
CUST-02618,43,Male,12,One Year,Credit Card,No,No,No,No,3,4.6,38.38,477.36,0.1321,13.2,Low,No
CUST-02619,48,Male,21,Month-to-Month,Mailed Check,No,No,No,Yes,6,4.9,28.25,642.0,0.6011,60.1,Medium,No
CUST-02620,62,Male,16,Month-to-Month,Bank Transfer,No,No,No,No Internet,0,1.0,20.78,368.01,0.5699,57.0,Medium,No
CUST-02621,51,Male,8,Month-to-Month,Mailed Check,Fiber Optic,No,No Internet,No Internet,5,2.9,67.44,554.31,0.8315,83.2,High,Yes
CUST-02622,53,Male,19,Month-to-Month,Credit Card,Fiber Optic,Yes,No,Yes,5,2.2,61.29,1229.05,0.7364,73.6,High,Yes
CUST-02623,43,Male,26,Two Year,Mailed Check,DSL,No Internet,No,No,4,5.0,60.18,1662.26,0.1459,14.6,Low,No
CUST-02624,61,Male,0,Two Year,Electronic Check,DSL,No Internet,No,No Internet,3,2.4,61.97,61.79,0.2712,27.1,Low,No
CUST-02625,47,Male,15,Two Year,Electronic Check,Fiber Optic,No,No Internet,No,1,3.9,85.91,1304.87,0.5704,57.0,Medium,No
CUST-02626,29,Female,1,Month-to-Month,Credit Card,Fiber Optic,Yes,Yes,No,2,5.0,108.04,203.69,0.726,72.6,High,Yes
CUST-02627,61,Male,4,Two Year,Mailed Check,Fiber Optic,No Internet,No Internet,No,2,3.6,62.39,302.38,0.2648,26.5,Low,No
CUST-02628,51,Male,19,One Year,Mailed Check,DSL,No Internet,Yes,No,4,2.8,64.87,1218.06,0.2679,26.8,Low,No
CUST-02629,35,Female,48,Month-to-Month,Mailed Check,No,Yes,Yes,No Internet,3,3.5,29.02,1470.84,0.493,49.3,Medium,No
CUST-02630,35,Female,51,One Year,Electronic Check,No,Yes,Yes,No Internet,2,1.7,18.17,857.31,0.2757,27.6,Low,No
CUST-02631,46,Female,1,Month-to-Month,Electronic Check,Fiber Optic,No Internet,No,No Internet,1,1.6,95.6,175.31,0.8812,88.1,High,Yes
CUST-02632,48,Male,13,Month-to-Month,Electronic Check,Fiber Optic,No,No,No Internet,2,3.8,87.46,1213.39,0.8837,88.4,High,Yes
CUST-02633,44,Male,20,Two Year,Bank Transfer,Fiber Optic,No Internet,No,Yes,3,1.0,77.34,1622.11,0.3453,34.5,Low,No
CUST-02634,46,Female,3,One Year,Bank Transfer,Fiber Optic,Yes,Yes,Yes,1,3.2,81.99,331.37,0.3395,33.9,Low,No
CUST-02635,65,Female,34,Month-to-Month,Credit Card,DSL,No Internet,No,No Internet,3,3.1,56.07,1847.33,0.4462,44.6,Medium,No
CUST-02636,57,Male,32,Month-to-Month,Credit Card,Fiber Optic,Yes,No Internet,Yes,3,5.0,94.4,2941.26,0.6088,60.9,Medium,No
CUST-02637,44,Female,56,Two Year,Mailed Check,Fiber Optic,Yes,No Internet,No Internet,2,3.8,113.79,6239.87,0.3243,32.4,Low,No
CUST-02638,55,Male,0,One Year,Bank Transfer,Fiber Optic,No Internet,No,No Internet,3,2.9,68.58,64.13,0.3267,32.7,Low,No
CUST-02639,27,Female,5,Month-to-Month,Electronic Check,Fiber Optic,Yes,No Internet,No,0,4.3,78.6,451.13,0.7599,76.0,High,Yes
CUST-02640,47,Female,42,Month-to-Month,Electronic Check,Fiber Optic,Yes,No,No,6,3.4,81.58,3523.86,0.7743,77.4,High,Yes
CUST-02641,67,Female,26,Month-to-Month,Electronic Check,DSL,No Internet,Yes,Yes,1,2.0,29.35,772.47,0.6223,62.2,Medium,Yes
CUST-02642,38,Female,53,Two Year,Mailed Check,Fiber Optic,Yes,Yes,Yes,2,3.5,98.18,5540.25,0.3725,37.3,Low,No
CUST-02643,30,Female,1,Month-to-Month,Electronic Check,DSL,Yes,Yes,No,3,3.4,70.54,139.24,0.614,61.4,Medium,No
CUST-02644,32,Male,21,Month-to-Month,Electronic Check,Fiber Optic,No,No,Yes,1,3.3,90.95,1899.44,0.9086,90.9,High,Yes
CUST-02645,26,Male,20,Month-to-Month,Bank Transfer,DSL,No,No Internet,No Internet,5,3.7,52.44,1021.15,0.5637,56.4,Medium,No
CUST-02646,31,Male,0,Two Year,Mailed Check,No,No,No Internet,No,1,4.4,28.04,26.16,0.193,19.3,Low,No
CUST-02647,36,Male,17,One Year,Mailed Check,DSL,No Internet,Yes,No Internet,2,3.6,45.36,736.8,0.0584,5.8,Low,No
CUST-02648,22,Female,22,One Year,Mailed Check,DSL,No,No,Yes,3,1.8,63.93,1420.87,0.2961,29.6,Low,No
CUST-02649,42,Male,5,Month-to-Month,Electronic Check,No,No,No,No,2,1.6,22.15,138.75,0.7379,73.8,High,Yes
CUST-02650,54,Male,7,Month-to-Month,Electronic Check,Fiber Optic,No,No Internet,No,1,2.8,90.52,736.18,0.8828,88.3,High,Yes
CUST-02651,29,Female,24,Two Year,Electronic Check,Fiber Optic,No Internet,Yes,Yes,0,2.7,62.58,1478.62,0.5065,50.6,Medium,No
CUST-02652,63,Female,15,Two Year,Electronic Check,Fiber Optic,No,No,No,1,3.6,83.67,1365.25,0.6144,61.4,Medium,No
CUST-02653,49,Male,46,Two Year,Bank Transfer,Fiber Optic,No Internet,No Internet,No Internet,2,4.7,102.98,5032.52,0.2483,24.8,Low,No
CUST-02654,56,Male,10,Two Year,Credit Card,DSL,No Internet,No Internet,Yes,1,4.9,45.78,504.04,0.02,2.0,Low,No
CUST-02655,32,Male,7,Two Year,Electronic Check,Fiber Optic,No,Yes,Yes,3,2.5,96.38,753.13,0.7202,72.0,High,Yes
CUST-02656,53,Female,72,One Year,Mailed Check,No,No,Yes,No,2,1.3,38.25,2569.93,0.2951,29.5,Low,No
CUST-02657,26,Male,58,Two Year,Credit Card,Fiber Optic,No,No,No Internet,2,3.3,98.18,5282.58,0.3345,33.5,Low,No
CUST-02658,54,Female,0,One Year,Electronic Check,No,Yes,No Internet,Yes,1,4.4,23.22,21.66,0.2673,26.7,Low,No
CUST-02659,44,Male,35,Month-to-Month,Electronic Check,No,Yes,Yes,Yes,4,2.7,18.0,647.68,0.6485,64.8,Medium,Yes
CUST-02660,49,Male,2,Month-to-Month,Mailed Check,No,No Internet,No Internet,Yes,0,3.3,33.82,93.67,0.4987,49.9,Medium,No
CUST-02661,25,Female,0,Two Year,Bank Transfer,No,No,Yes,Yes,0,3.0,31.51,30.88,0.1918,19.2,Low,No
CUST-02662,29,Male,7,Month-to-Month,Bank Transfer,Fiber Optic,No,No,Yes,7,4.9,105.87,817.73,0.7485,74.9,High,Yes
CUST-02663,50,Male,7,Two Year,Bank Transfer,DSL,No,No,No,3,5.0,37.99,302.18,0.1353,13.5,Low,No
CUST-02664,28,Male,41,Month-to-Month,Electronic Check,Fiber Optic,No,Yes,No,2,3.9,82.72,3153.96,0.8586,85.9,High,Yes
CUST-02665,48,Male,29,Month-to-Month,Mailed Check,No,Yes,Yes,No,6,4.0,30.51,958.35,0.4691,46.9,Medium,No
CUST-02666,22,Female,72,Month-to-Month,Electronic Check,Fiber Optic,No,No,Yes,2,1.7,86.27,6319.68,0.97,97.0,High,Yes
CUST-02667,53,Male,29,Month-to-Month,Bank Transfer,Fiber Optic,No,No Internet,No,1,2.7,89.93,2720.19,0.6722,67.2,Medium,Yes
CUST-02668,24,Male,13,Month-to-Month,Credit Card,No,No Internet,Yes,Yes,1,4.2,27.66,349.46,0.3543,35.4,Low,No
CUST-02669,49,Male,28,Month-to-Month,Electronic Check,Fiber Optic,No,No,Yes,2,3.6,67.59,1787.46,0.803,80.3,High,Yes
CUST-02670,50,Female,72,Two Year,Electronic Check,Fiber Optic,No Internet,No,No,3,3.8,93.02,6812.01,0.3788,37.9,Low,No
CUST-02671,32,Female,29,Month-to-Month,Electronic Check,Fiber Optic,No,No,Yes,2,1.3,78.93,2170.05,0.8412,84.1,High,Yes
CUST-02672,50,Female,34,Month-to-Month,Electronic Check,DSL,No Internet,No Internet,No Internet,2,1.0,63.19,2287.52,0.7243,72.4,High,Yes
CUST-02673,45,Female,66,Month-to-Month,Electronic Check,DSL,No Internet,No,Yes,6,5.0,56.72,3774.47,0.4536,45.4,Medium,No
CUST-02674,34,Male,2,One Year,Mailed Check,DSL,No,No,No,1,3.0,42.19,115.26,0.2098,21.0,Low,No
CUST-02675,27,Male,29,One Year,Credit Card,No,No,No,No,4,1.4,21.37,636.0,0.3468,34.7,Low,No
CUST-02676,18,Male,45,One Year,Mailed Check,Fiber Optic,No,No,No,1,3.1,99.22,4657.28,0.3824,38.2,Low,No
CUST-02677,46,Male,72,Month-to-Month,Electronic Check,DSL,No,Yes,No,3,1.6,52.69,3923.82,0.6975,69.7,Medium,Yes
CUST-02678,20,Male,5,Month-to-Month,Electronic Check,DSL,No,No Internet,Yes,2,1.9,58.59,337.54,0.7441,74.4,High,Yes
CUST-02679,43,Female,16,One Year,Electronic Check,DSL,No,Yes,Yes,3,2.4,39.96,658.27,0.3836,38.4,Low,No
CUST-02680,38,Female,27,Two Year,Electronic Check,DSL,No,No,No,2,1.6,72.12,2040.4,0.4373,43.7,Medium,No
CUST-02681,51,Female,6,Month-to-Month,Bank Transfer,Fiber Optic,No,No,No,0,1.0,114.68,827.74,0.7732,77.3,High,Yes
CUST-02682,37,Male,22,Month-to-Month,Electronic Check,Fiber Optic,Yes,Yes,No,0,4.0,82.22,1927.06,0.747,74.7,High,Yes
CUST-02683,37,Female,7,Month-to-Month,Credit Card,Fiber Optic,Yes,Yes,No,1,2.6,60.97,482.6,0.6678,66.8,Medium,Yes
CUST-02684,52,Female,9,Month-to-Month,Mailed Check,Fiber Optic,Yes,Yes,Yes,4,4.2,95.92,967.58,0.8171,81.7,High,Yes
CUST-02685,46,Female,13,One Year,Mailed Check,Fiber Optic,Yes,Yes,No Internet,4,3.2,58.4,815.84,0.3706,37.1,Low,No
CUST-02686,46,Male,18,Month-to-Month,Mailed Check,Fiber Optic,No,No Internet,Yes,3,1.2,70.75,1326.2,0.9056,90.6,High,Yes
CUST-02687,48,Male,14,Month-to-Month,Bank Transfer,Fiber Optic,No Internet,No Internet,Yes,2,3.2,81.21,1264.38,0.7818,78.2,High,Yes
CUST-02688,20,Male,16,Month-to-Month,Mailed Check,DSL,No,Yes,No Internet,2,4.8,62.98,1067.65,0.5045,50.4,Medium,No
CUST-02689,52,Male,8,Two Year,Electronic Check,No,Yes,Yes,Yes,3,3.1,26.43,227.71,0.3123,31.2,Low,No
CUST-02690,50,Female,4,Two Year,Electronic Check,Fiber Optic,No,No Internet,No Internet,1,2.4,76.04,397.75,0.629,62.9,Medium,Yes
CUST-02691,27,Male,1,Two Year,Credit Card,DSL,No Internet,Yes,Yes,2,1.6,56.73,118.28,0.2358,23.6,Low,No
CUST-02692,38,Male,5,Month-to-Month,Electronic Check,No,No,No Internet,Yes,5,2.6,24.54,149.76,0.8047,80.5,High,Yes
CUST-02693,41,Female,20,One Year,Mailed Check,DSL,No Internet,Yes,Yes,3,1.9,51.93,986.83,0.2089,20.9,Low,No
CUST-02694,40,Female,37,Month-to-Month,Mailed Check,No,Yes,No,No,2,2.7,19.47,746.73,0.4405,44.0,Medium,No
CUST-02695,46,Male,4,Month-to-Month,Electronic Check,Fiber Optic,Yes,No,No,4,1.0,85.97,388.79,0.7777,77.8,High,Yes
CUST-02696,62,Female,2,Month-to-Month,Electronic Check,No,No,Yes,Yes,2,1.9,31.16,85.16,0.7259,72.6,High,Yes
CUST-02697,57,Male,33,One Year,Electronic Check,DSL,No,Yes,Yes,3,3.9,50.5,1636.09,0.3355,33.5,Low,No
CUST-02698,23,Male,8,Month-to-Month,Bank Transfer,Fiber Optic,No,No,Yes,4,3.4,67.19,572.92,0.817,81.7,High,Yes
CUST-02699,50,Male,72,Two Year,Mailed Check,No,No Internet,Yes,Yes,2,2.8,31.01,2228.8,0.1782,17.8,Low,No
CUST-02700,60,Female,30,Month-to-Month,Bank Transfer,No,Yes,No,No Internet,3,1.8,25.32,735.14,0.3916,39.2,Low,No
CUST-02701,47,Female,9,Month-to-Month,Bank Transfer,Fiber Optic,No,Yes,No,4,5.0,115.6,1074.94,0.7299,73.0,High,Yes
CUST-02702,57,Male,8,Month-to-Month,Electronic Check,No,No,No,No,1,5.0,27.48,247.32,0.7094,70.9,High,Yes
CUST-02703,70,Female,17,Month-to-Month,Mailed Check,Fiber Optic,No Internet,No,Yes,1,1.8,87.66,1525.03,0.6938,69.4,Medium,Yes
CUST-02704,56,Male,1,Month-to-Month,Bank Transfer,DSL,No,No,Yes,4,4.1,66.97,121.61,0.5789,57.9,Medium,No
CUST-02705,45,Female,3,Month-to-Month,Bank Transfer,Fiber Optic,Yes,Yes,No,2,1.9,76.59,296.05,0.721,72.1,High,Yes
CUST-02706,56,Male,4,Month-to-Month,Bank Transfer,Fiber Optic,No,No,No Internet,1,3.8,94.48,478.92,0.686,68.6,Medium,Yes
CUST-02707,44,Male,35,Month-to-Month,Bank Transfer,DSL,No Internet,No,No Internet,3,1.0,55.57,1820.47,0.5089,50.9,Medium,No
CUST-02708,42,Female,17,Month-to-Month,Electronic Check,Fiber Optic,Yes,No Internet,No,2,2.5,85.27,1592.22,0.7491,74.9,High,Yes
CUST-02709,37,Female,0,Month-to-Month,Bank Transfer,Fiber Optic,Yes,No,No,1,3.4,91.04,88.44,0.7467,74.7,High,Yes
CUST-02710,63,Male,26,Month-to-Month,Electronic Check,Fiber Optic,No,Yes,Yes,2,3.6,104.51,2756.32,0.8531,85.3,High,Yes
CUST-02711,30,Male,13,Month-to-Month,Bank Transfer,Fiber Optic,No,Yes,No,0,2.1,87.55,1158.18,0.7915,79.1,High,Yes
CUST-02712,63,Male,17,Month-to-Month,Electronic Check,DSL,No,Yes,No,1,3.8,51.91,931.62,0.6032,60.3,Medium,No
CUST-02713,48,Male,5,Two Year,Credit Card,Fiber Optic,Yes,Yes,No Internet,1,3.1,90.7,491.53,0.3044,30.4,Low,No
CUST-02714,22,Female,19,Month-to-Month,Mailed Check,No,No,Yes,No,0,1.6,18.0,363.88,0.5334,53.3,Medium,No
CUST-02715,47,Female,72,Month-to-Month,Bank Transfer,Fiber Optic,Yes,Yes,No Internet,3,2.0,73.23,4890.73,0.6715,67.2,Medium,Yes
CUST-02716,18,Male,1,Two Year,Credit Card,Fiber Optic,Yes,Yes,No,2,5.0,79.88,154.44,0.2582,25.8,Low,No
CUST-02717,50,Male,8,Two Year,Credit Card,Fiber Optic,No,Yes,No,4,3.4,83.27,691.03,0.4923,49.2,Medium,No
CUST-02718,54,Female,6,Two Year,Bank Transfer,DSL,No,Yes,No,3,2.7,51.47,333.42,0.2421,24.2,Low,No
CUST-02719,33,Male,6,One Year,Electronic Check,Fiber Optic,No,Yes,No,5,1.5,104.12,706.73,0.709,70.9,High,Yes
CUST-02720,43,Female,11,Month-to-Month,Credit Card,DSL,Yes,Yes,Yes,2,2.6,60.06,655.71,0.4694,46.9,Medium,No
CUST-02721,69,Male,40,Month-to-Month,Bank Transfer,Fiber Optic,No,No,No,3,3.4,92.3,3490.95,0.8338,83.4,High,Yes
CUST-02722,34,Female,58,One Year,Bank Transfer,No,No Internet,Yes,No,1,3.6,30.35,1757.6,0.0369,3.7,Low,No
CUST-02723,27,Female,5,Two Year,Credit Card,Fiber Optic,No,Yes,No,2,3.3,82.44,496.82,0.434,43.4,Medium,No
CUST-02724,62,Female,18,One Year,Electronic Check,No,No,Yes,No,0,2.4,26.81,485.91,0.379,37.9,Low,No
CUST-02725,69,Female,24,Two Year,Electronic Check,Fiber Optic,Yes,No,No,3,1.1,93.82,2415.58,0.6094,60.9,Medium,No
CUST-02726,42,Male,17,Month-to-Month,Mailed Check,Fiber Optic,Yes,No Internet,Yes,1,3.1,116.32,1934.92,0.5587,55.9,Medium,No
CUST-02727,56,Female,13,Month-to-Month,Bank Transfer,Fiber Optic,No Internet,Yes,No Internet,4,3.2,110.6,1523.76,0.6674,66.7,Medium,Yes
CUST-02728,60,Female,5,Two Year,Mailed Check,Fiber Optic,No,No,Yes,6,2.2,104.57,573.08,0.5284,52.8,Medium,No
CUST-02729,31,Male,16,One Year,Bank Transfer,DSL,No,No,No Internet,7,3.0,55.94,879.77,0.3057,30.6,Low,No
CUST-02730,35,Male,12,Two Year,Mailed Check,No,No Internet,No,No,5,3.3,33.51,451.45,0.0554,5.5,Low,No
CUST-02731,59,Male,38,One Year,Bank Transfer,Fiber Optic,No,No Internet,No Internet,4,3.6,91.9,3759.43,0.3918,39.2,Low,No
CUST-02732,65,Male,34,Month-to-Month,Credit Card,DSL,No,No Internet,No,2,4.1,69.27,2544.75,0.544,54.4,Medium,No
CUST-02733,49,Male,3,Month-to-Month,Electronic Check,Fiber Optic,No,Yes,No,4,1.0,83.6,341.11,0.9626,96.3,High,Yes
CUST-02734,29,Female,2,Two Year,Bank Transfer,Fiber Optic,Yes,Yes,No,3,3.7,92.37,257.7,0.3772,37.7,Low,No
CUST-02735,69,Male,57,One Year,Bank Transfer,Fiber Optic,No Internet,No,No,2,1.4,69.42,3796.5,0.361,36.1,Low,No
CUST-02736,34,Female,18,Month-to-Month,Mailed Check,No,No Internet,No Internet,Yes,3,2.0,22.94,398.09,0.5373,53.7,Medium,No
CUST-02737,37,Male,46,Month-to-Month,Electronic Check,Fiber Optic,Yes,No Internet,No,2,4.4,97.7,4169.94,0.8306,83.1,High,Yes
CUST-02738,46,Male,1,Month-to-Month,Electronic Check,DSL,No Internet,Yes,Yes,3,1.8,54.11,109.29,0.7484,74.8,High,Yes
CUST-02739,63,Male,17,Month-to-Month,Credit Card,Fiber Optic,No,Yes,No,6,4.2,86.2,1522.21,0.8645,86.5,High,Yes
CUST-02740,53,Male,18,One Year,Electronic Check,Fiber Optic,No,No,No,2,2.5,96.14,1825.0,0.6324,63.2,Medium,Yes
CUST-02741,47,Male,47,Month-to-Month,Mailed Check,Fiber Optic,Yes,No,Yes,1,4.9,110.86,5252.17,0.6662,66.6,Medium,Yes
CUST-02742,48,Male,2,Month-to-Month,Electronic Check,Fiber Optic,No,No,No Internet,3,1.7,88.5,239.42,0.8938,89.4,High,Yes
CUST-02743,42,Male,6,Two Year,Mailed Check,Fiber Optic,Yes,No,No Internet,1,3.1,95.24,631.99,0.3231,32.3,Low,No
CUST-02744,49,Female,12,Month-to-Month,Bank Transfer,Fiber Optic,No,Yes,No,1,1.0,80.66,1052.44,0.8897,89.0,High,Yes
CUST-02745,18,Female,48,Two Year,Bank Transfer,Fiber Optic,Yes,No Internet,No Internet,1,3.3,95.46,4814.03,0.4019,40.2,Medium,No
CUST-02746,37,Male,67,Month-to-Month,Mailed Check,No,No,No Internet,Yes,4,1.4,32.27,2025.74,0.5996,60.0,Medium,No
CUST-02747,45,Female,72,Two Year,Bank Transfer,Fiber Optic,No,No,Yes,0,2.9,92.5,6196.73,0.3897,39.0,Low,No
CUST-02748,25,Female,72,Month-to-Month,Bank Transfer,DSL,No Internet,No,No,4,2.2,70.72,5388.85,0.3632,36.3,Low,No
CUST-02749,47,Male,0,Month-to-Month,Electronic Check,Fiber Optic,Yes,No,No,3,5.0,81.12,84.78,0.7919,79.2,High,Yes
CUST-02750,39,Female,1,Two Year,Electronic Check,No,No Internet,Yes,No,3,2.7,24.45,49.51,0.3447,34.5,Low,No
CUST-02751,66,Female,3,One Year,Credit Card,Fiber Optic,No,Yes,No,2,5.0,106.55,387.36,0.3734,37.3,Low,No
CUST-02752,64,Male,10,Month-to-Month,Bank Transfer,Fiber Optic,No Internet,Yes,Yes,2,2.1,80.64,882.19,0.7233,72.3,High,Yes
CUST-02753,35,Male,42,Two Year,Bank Transfer,No,No,No Internet,No,2,1.0,18.0,711.51,0.2525,25.2,Low,No
CUST-02754,39,Male,53,Month-to-Month,Electronic Check,Fiber Optic,No Internet,Yes,No,1,4.0,112.81,6255.06,0.8216,82.2,High,Yes
CUST-02755,40,Male,4,Two Year,Credit Card,DSL,No,Yes,Yes,4,1.9,64.04,302.74,0.1931,19.3,Low,No
CUST-02756,35,Female,23,Month-to-Month,Mailed Check,DSL,No,No,No,3,4.4,70.75,1649.21,0.6031,60.3,Medium,No
CUST-02757,44,Male,59,Month-to-Month,Credit Card,Fiber Optic,No,Yes,Yes,5,3.0,82.78,4609.32,0.8252,82.5,High,Yes
CUST-02758,31,Female,14,Month-to-Month,Credit Card,No,No Internet,Yes,No Internet,4,3.9,41.62,629.77,0.4699,47.0,Medium,No
CUST-02759,26,Female,2,Month-to-Month,Credit Card,No,No Internet,No,No,1,4.2,36.74,107.5,0.4142,41.4,Medium,No
CUST-02760,50,Female,14,Month-to-Month,Credit Card,No,No,No,No Internet,2,5.0,31.24,471.35,0.432,43.2,Medium,No
CUST-02761,50,Female,11,Month-to-Month,Electronic Check,No,Yes,No,No,2,4.4,18.0,204.76,0.6034,60.3,Medium,No
CUST-02762,30,Male,20,Month-to-Month,Credit Card,DSL,No,No,Yes,1,3.4,58.81,1181.32,0.451,45.1,Medium,No
CUST-02763,54,Male,13,Month-to-Month,Electronic Check,Fiber Optic,No Internet,No,Yes,3,4.2,67.73,980.91,0.8902,89.0,High,Yes
CUST-02764,33,Female,0,Month-to-Month,Credit Card,DSL,Yes,No,No,2,4.0,74.72,70.1,0.4791,47.9,Medium,No
CUST-02765,45,Male,72,Two Year,Electronic Check,Fiber Optic,No Internet,No,No Internet,7,3.8,72.92,5511.88,0.5366,53.7,Medium,No
CUST-02766,53,Male,18,One Year,Bank Transfer,Fiber Optic,Yes,Yes,Yes,0,5.0,98.83,1711.33,0.1952,19.5,Low,No
CUST-02767,41,Female,15,One Year,Electronic Check,DSL,No Internet,No,Yes,1,3.0,40.4,597.17,0.2056,20.6,Low,No
CUST-02768,48,Female,72,Two Year,Bank Transfer,No,No,No,No,2,3.4,26.47,1931.29,0.1226,12.3,Low,No
CUST-02769,34,Male,4,One Year,Electronic Check,Fiber Optic,No,Yes,No,2,2.6,86.41,453.28,0.6254,62.5,Medium,Yes
CUST-02770,39,Female,5,Two Year,Mailed Check,No,No,Yes,No Internet,3,5.0,18.52,115.57,0.2622,26.2,Low,No
CUST-02771,39,Female,39,Month-to-Month,Credit Card,Fiber Optic,No,Yes,No,3,2.9,85.33,3332.18,0.8062,80.6,High,Yes
CUST-02772,31,Male,7,Month-to-Month,Bank Transfer,Fiber Optic,No,No,Yes,2,3.6,106.7,835.82,0.7918,79.2,High,Yes
CUST-02773,39,Male,38,Month-to-Month,Electronic Check,No,No Internet,No,No Internet,2,2.1,18.0,692.18,0.6336,63.4,Medium,Yes
CUST-02774,20,Female,7,Month-to-Month,Mailed Check,No,No,Yes,No,4,2.7,26.54,216.32,0.5926,59.3,Medium,No
CUST-02775,35,Male,0,Two Year,Electronic Check,Fiber Optic,No,No Internet,No,3,4.3,90.13,88.56,0.6302,63.0,Medium,Yes
CUST-02776,38,Male,17,One Year,Bank Transfer,Fiber Optic,No Internet,No,No,4,3.1,90.94,1502.14,0.3599,36.0,Low,No
CUST-02777,38,Male,5,Month-to-Month,Credit Card,Fiber Optic,No,No Internet,Yes,1,4.5,58.74,361.51,0.7425,74.2,High,Yes
CUST-02778,38,Female,34,One Year,Bank Transfer,No,No Internet,No,Yes,2,4.1,18.0,650.66,0.0613,6.1,Low,No
CUST-02779,41,Male,24,Month-to-Month,Electronic Check,Fiber Optic,No Internet,Yes,Yes,2,3.1,93.49,2425.36,0.909,90.9,High,Yes
CUST-02780,48,Male,61,Month-to-Month,Mailed Check,Fiber Optic,No Internet,No Internet,No Internet,3,2.2,86.08,5139.99,0.6297,63.0,Medium,Yes
CUST-02781,54,Male,36,One Year,Credit Card,DSL,Yes,No Internet,No Internet,2,3.5,67.32,2324.43,0.1518,15.2,Low,No
CUST-02782,32,Female,4,Two Year,Electronic Check,Fiber Optic,No,No,Yes,1,3.5,101.63,466.44,0.5932,59.3,Medium,No
CUST-02783,25,Male,38,Two Year,Mailed Check,Fiber Optic,No,Yes,No,0,3.2,91.26,3483.31,0.4107,41.1,Medium,No
CUST-02784,27,Female,24,One Year,Mailed Check,No,No,Yes,No,4,3.5,34.47,811.44,0.2572,25.7,Low,No
CUST-02785,35,Female,26,Month-to-Month,Bank Transfer,No,No,No Internet,Yes,4,2.4,32.22,838.7,0.6572,65.7,Medium,Yes
CUST-02786,37,Male,42,Month-to-Month,Credit Card,No,No Internet,Yes,No,1,3.9,18.0,708.09,0.3574,35.7,Low,No
CUST-02787,31,Female,20,Month-to-Month,Mailed Check,Fiber Optic,No,No,No,3,3.7,94.24,1840.28,0.8214,82.1,High,Yes
CUST-02788,23,Female,15,One Year,Bank Transfer,No,No,No,Yes,4,2.4,25.59,395.42,0.2557,25.6,Low,No
CUST-02789,35,Female,24,Month-to-Month,Mailed Check,DSL,Yes,Yes,No Internet,2,2.7,51.75,1199.03,0.4895,48.9,Medium,No
CUST-02790,44,Male,8,Month-to-Month,Electronic Check,Fiber Optic,Yes,No,No,4,3.1,67.36,566.09,0.9008,90.1,High,Yes
CUST-02791,50,Female,4,Two Year,Electronic Check,DSL,No,No,Yes,1,2.7,61.06,275.68,0.3953,39.5,Low,No
CUST-02792,34,Female,23,Two Year,Mailed Check,Fiber Optic,Yes,Yes,No Internet,4,2.3,103.42,2261.07,0.3013,30.1,Low,No
CUST-02793,36,Female,6,One Year,Electronic Check,DSL,Yes,No,Yes,2,4.3,53.62,344.36,0.2699,27.0,Low,No
CUST-02794,29,Male,1,Month-to-Month,Credit Card,DSL,No,No Internet,No Internet,2,4.2,63.02,125.85,0.571,57.1,Medium,No
CUST-02795,41,Female,0,Month-to-Month,Electronic Check,DSL,Yes,No,No,5,3.9,41.64,38.41,0.6718,67.2,Medium,Yes
CUST-02796,30,Male,22,Month-to-Month,Electronic Check,Fiber Optic,Yes,No,No,1,1.9,113.61,2696.88,0.8983,89.8,High,Yes
CUST-02797,50,Male,10,One Year,Mailed Check,DSL,No Internet,No,No,4,5.0,58.67,656.86,0.1565,15.6,Low,No
CUST-02798,18,Male,33,Month-to-Month,Electronic Check,Fiber Optic,No Internet,Yes,No,1,3.5,84.55,2939.65,0.8568,85.7,High,Yes
CUST-02799,36,Female,11,Two Year,Mailed Check,No,No,No Internet,No,2,3.1,19.48,222.73,0.2129,21.3,Low,No
CUST-02800,46,Male,15,Two Year,Mailed Check,DSL,No,No,No,3,4.1,47.37,688.69,0.2633,26.3,Low,No
CUST-02801,44,Female,12,Month-to-Month,Bank Transfer,Fiber Optic,No Internet,Yes,No,2,3.1,97.07,1150.19,0.6713,67.1,Medium,Yes
CUST-02802,79,Female,25,Month-to-Month,Credit Card,Fiber Optic,Yes,No,No,3,1.0,81.08,2115.37,0.7573,75.7,High,Yes
CUST-02803,46,Male,10,One Year,Bank Transfer,DSL,No,No,No Internet,3,3.5,60.68,693.16,0.1647,16.5,Low,No
CUST-02804,27,Female,72,Two Year,Electronic Check,DSL,No,Yes,No,3,4.4,49.06,3317.41,0.291,29.1,Low,No
CUST-02805,40,Male,66,Two Year,Credit Card,DSL,No,No Internet,Yes,2,3.6,48.97,3378.24,0.1892,18.9,Low,No
CUST-02806,18,Male,45,Month-to-Month,Mailed Check,Fiber Optic,No Internet,Yes,No,4,1.2,75.56,3468.63,0.6655,66.6,Medium,Yes
CUST-02807,40,Female,60,Month-to-Month,Mailed Check,DSL,No,No,No,3,4.1,57.23,3496.28,0.5664,56.6,Medium,No
CUST-02808,30,Female,14,One Year,Mailed Check,Fiber Optic,No,No,No Internet,2,3.5,81.89,1234.06,0.4251,42.5,Medium,No
CUST-02809,54,Female,18,One Year,Electronic Check,DSL,No,Yes,No,6,3.6,64.72,1118.19,0.4408,44.1,Medium,No
CUST-02810,34,Female,32,Month-to-Month,Credit Card,No,No Internet,No Internet,Yes,2,1.5,21.47,701.83,0.4847,48.5,Medium,No
CUST-02811,40,Male,28,Month-to-Month,Electronic Check,DSL,No Internet,No,Yes,3,2.6,54.35,1532.8,0.6281,62.8,Medium,Yes
CUST-02812,33,Male,53,One Year,Bank Transfer,Fiber Optic,No,No,No Internet,5,2.0,79.91,4425.12,0.372,37.2,Low,No
CUST-02813,66,Female,30,Month-to-Month,Electronic Check,No,No Internet,No,No,6,4.2,18.0,538.03,0.6814,68.1,Medium,Yes
CUST-02814,37,Male,72,Two Year,Credit Card,Fiber Optic,Yes,No Internet,Yes,5,3.7,84.06,5991.73,0.3719,37.2,Low,No
CUST-02815,67,Male,10,Month-to-Month,Bank Transfer,DSL,No,Yes,No,3,2.5,54.97,596.85,0.5921,59.2,Medium,No
CUST-02816,53,Female,42,One Year,Electronic Check,DSL,Yes,No,No,3,2.4,49.93,2121.25,0.2275,22.7,Low,No
CUST-02817,48,Male,28,One Year,Bank Transfer,Fiber Optic,Yes,No Internet,Yes,5,2.9,83.39,2321.56,0.425,42.5,Medium,No
CUST-02818,47,Male,28,Month-to-Month,Bank Transfer,Fiber Optic,No,Yes,No,3,3.5,94.51,2535.05,0.8228,82.3,High,Yes
CUST-02819,47,Female,9,One Year,Mailed Check,Fiber Optic,No Internet,Yes,Yes,3,4.2,75.85,711.25,0.3362,33.6,Low,No
CUST-02820,18,Female,36,One Year,Bank Transfer,No,No,No Internet,No,2,2.2,27.03,961.97,0.2531,25.3,Low,No
CUST-02821,38,Female,55,Two Year,Bank Transfer,No,No,No Internet,No,4,3.6,19.54,1086.54,0.2738,27.4,Low,No
CUST-02822,53,Female,5,Month-to-Month,Electronic Check,DSL,Yes,No,No,2,2.8,56.03,325.48,0.684,68.4,Medium,Yes
CUST-02823,41,Male,23,One Year,Bank Transfer,Fiber Optic,No,No,No,1,1.0,83.75,2047.68,0.511,51.1,Medium,No
CUST-02824,22,Female,11,One Year,Mailed Check,No,No,No,No,0,2.6,30.66,362.86,0.2881,28.8,Low,No
CUST-02825,41,Female,72,Month-to-Month,Mailed Check,DSL,No,Yes,Yes,2,3.6,52.48,3644.86,0.5061,50.6,Medium,No
CUST-02826,65,Male,15,Two Year,Credit Card,Fiber Optic,No,No,No,1,2.3,104.16,1624.18,0.382,38.2,Low,No
CUST-02827,59,Male,6,Month-to-Month,Electronic Check,Fiber Optic,No,No,Yes,5,3.6,84.11,561.63,0.97,97.0,High,Yes
CUST-02828,41,Female,11,Month-to-Month,Electronic Check,Fiber Optic,No,Yes,No,2,4.0,93.67,1016.75,0.9291,92.9,High,Yes
CUST-02829,55,Female,25,Month-to-Month,Electronic Check,DSL,No,No,No,4,4.5,60.94,1492.8,0.7618,76.2,High,Yes
CUST-02830,36,Female,1,Month-to-Month,Electronic Check,DSL,Yes,No,No,2,2.0,67.9,131.4,0.6568,65.7,Medium,Yes
CUST-02831,18,Female,22,Two Year,Electronic Check,DSL,No,No,No,1,4.5,48.36,1043.64,0.3199,32.0,Low,No
CUST-02832,29,Female,64,One Year,Credit Card,No,No,No,No,1,3.2,25.95,1700.13,0.107,10.7,Low,No
CUST-02833,63,Female,45,Month-to-Month,Electronic Check,Fiber Optic,No,No Internet,Yes,2,1.5,71.75,3397.26,0.8683,86.8,High,Yes
CUST-02834,38,Female,1,Two Year,Bank Transfer,DSL,No,Yes,No,2,2.9,60.83,114.91,0.2125,21.3,Low,No
CUST-02835,38,Male,72,Month-to-Month,Electronic Check,Fiber Optic,No Internet,No,No Internet,2,2.9,64.28,4240.24,0.7782,77.8,High,Yes
CUST-02836,37,Female,28,One Year,Bank Transfer,DSL,No,No,Yes,3,2.6,48.66,1455.35,0.1552,15.5,Low,No
CUST-02837,68,Male,4,Month-to-Month,Credit Card,Fiber Optic,No,Yes,Yes,0,1.8,98.16,484.23,0.7162,71.6,High,Yes
CUST-02838,64,Female,0,Month-to-Month,Electronic Check,Fiber Optic,No,No,Yes,3,3.5,77.59,69.9,0.9163,91.6,High,Yes
CUST-02839,73,Female,4,Month-to-Month,Credit Card,No,No,No,No,1,3.1,26.4,128.7,0.5642,56.4,Medium,No
CUST-02840,39,Female,43,One Year,Credit Card,Fiber Optic,Yes,No,No,2,2.6,99.83,4017.02,0.3878,38.8,Low,No
CUST-02841,46,Female,0,Month-to-Month,Bank Transfer,DSL,No,No Internet,No Internet,2,2.1,56.26,56.32,0.5511,55.1,Medium,No
CUST-02842,20,Male,6,Month-to-Month,Electronic Check,No,Yes,No,No,2,1.2,39.86,273.46,0.7183,71.8,High,Yes
CUST-02843,62,Male,33,Month-to-Month,Bank Transfer,DSL,Yes,Yes,Yes,2,4.9,45.43,1601.74,0.3786,37.9,Low,No
CUST-02844,25,Male,21,Month-to-Month,Credit Card,Fiber Optic,No,No,No Internet,0,2.9,78.04,1646.93,0.7499,75.0,High,Yes
CUST-02845,45,Female,36,Two Year,Electronic Check,Fiber Optic,No,No,Yes,3,4.1,61.68,2370.13,0.5433,54.3,Medium,No
CUST-02846,26,Female,32,Month-to-Month,Mailed Check,No,No Internet,No,Yes,2,4.4,26.64,901.51,0.3062,30.6,Low,No
CUST-02847,33,Female,1,Two Year,Electronic Check,Fiber Optic,No,No Internet,Yes,4,4.3,85.33,172.86,0.6228,62.3,Medium,Yes
CUST-02848,30,Male,53,Month-to-Month,Electronic Check,DSL,No Internet,No,Yes,2,3.9,42.3,2205.85,0.5359,53.6,Medium,No
CUST-02849,33,Male,6,One Year,Credit Card,DSL,No,Yes,No,2,3.4,42.44,285.83,0.1702,17.0,Low,No
CUST-02850,34,Female,19,Month-to-Month,Mailed Check,DSL,No Internet,Yes,No,0,1.3,57.37,1100.58,0.455,45.5,Medium,No
CUST-02851,34,Male,24,Two Year,Electronic Check,DSL,No,No,No,2,4.9,36.79,834.9,0.3408,34.1,Low,No
CUST-02852,53,Female,4,Month-to-Month,Bank Transfer,Fiber Optic,No,Yes,No,1,1.9,85.7,424.6,0.7087,70.9,High,Yes
CUST-02853,26,Female,72,One Year,Electronic Check,DSL,Yes,No,Yes,2,4.8,72.07,5364.69,0.1968,19.7,Low,No
CUST-02854,45,Female,16,Two Year,Electronic Check,DSL,No,No Internet,No,2,2.9,49.33,848.35,0.2956,29.6,Low,No
CUST-02855,59,Male,1,Two Year,Mailed Check,Fiber Optic,No,No,No,2,4.3,75.35,148.81,0.4479,44.8,Medium,No
CUST-02856,34,Female,66,Month-to-Month,Mailed Check,Fiber Optic,No,No,No Internet,3,4.1,75.78,4841.6,0.8019,80.2,High,Yes
CUST-02857,31,Male,21,Two Year,Electronic Check,DSL,No,No,Yes,4,3.6,66.94,1478.9,0.4141,41.4,Medium,No
CUST-02858,38,Female,28,One Year,Electronic Check,DSL,No,Yes,No,5,3.6,47.73,1355.56,0.4369,43.7,Medium,No
CUST-02859,58,Male,17,Month-to-Month,Mailed Check,DSL,No,No,No Internet,2,3.0,52.93,977.47,0.688,68.8,Medium,Yes
CUST-02860,44,Male,43,Month-to-Month,Credit Card,No,No,No,Yes,0,3.3,19.64,813.18,0.3833,38.3,Low,No
CUST-02861,34,Female,0,Month-to-Month,Credit Card,DSL,Yes,No,Yes,4,3.2,39.97,36.59,0.5024,50.2,Medium,No
CUST-02862,48,Male,7,Month-to-Month,Electronic Check,No,Yes,Yes,No,2,3.4,24.75,178.3,0.627,62.7,Medium,Yes
CUST-02863,26,Female,15,One Year,Bank Transfer,DSL,No,No Internet,No,2,3.1,59.06,955.78,0.2362,23.6,Low,No
CUST-02864,51,Female,1,One Year,Credit Card,Fiber Optic,Yes,No,No,4,1.7,75.83,150.13,0.386,38.6,Low,No
CUST-02865,47,Female,29,Month-to-Month,Mailed Check,Fiber Optic,Yes,Yes,No Internet,0,2.7,101.23,2760.5,0.6793,67.9,Medium,Yes
CUST-02866,37,Female,12,Two Year,Credit Card,DSL,No Internet,No Internet,No,6,3.7,39.77,530.45,0.2122,21.2,Low,No
CUST-02867,30,Male,7,Month-to-Month,Credit Card,No,Yes,No,No,1,3.1,18.08,140.53,0.4694,46.9,Medium,No
CUST-02868,29,Female,0,Two Year,Electronic Check,Fiber Optic,No,No,Yes,6,3.2,99.12,96.07,0.6003,60.0,Medium,No
CUST-02869,49,Male,30,Two Year,Electronic Check,DSL,No Internet,No,No Internet,2,2.5,56.24,1748.12,0.3291,32.9,Low,No
CUST-02870,59,Male,43,Two Year,Electronic Check,Fiber Optic,No,No Internet,No,2,3.8,72.94,3193.95,0.5353,53.5,Medium,No
CUST-02871,33,Female,12,Two Year,Electronic Check,Fiber Optic,No Internet,No,Yes,1,3.9,69.11,840.76,0.4518,45.2,Medium,No
CUST-02872,48,Male,19,Month-to-Month,Credit Card,DSL,No Internet,No,No,3,1.0,66.34,1322.43,0.4999,50.0,Medium,No
CUST-02873,18,Female,6,Month-to-Month,Credit Card,Fiber Optic,No Internet,No,No,2,1.5,74.05,533.24,0.7689,76.9,High,Yes
CUST-02874,33,Female,23,Month-to-Month,Electronic Check,DSL,No,Yes,No,0,3.0,51.87,1193.55,0.6177,61.8,Medium,No
CUST-02875,41,Female,0,Month-to-Month,Bank Transfer,No,No,Yes,No,4,3.8,18.0,16.98,0.6338,63.4,Medium,Yes
CUST-02876,29,Female,16,One Year,Mailed Check,No,No,Yes,No,2,3.5,20.5,316.79,0.3166,31.7,Low,No
CUST-02877,28,Male,24,Month-to-Month,Mailed Check,Fiber Optic,No Internet,Yes,Yes,1,3.0,91.19,2258.7,0.6681,66.8,Medium,Yes
CUST-02878,32,Female,60,Two Year,Bank Transfer,DSL,No Internet,No,No,0,4.1,60.19,3720.44,0.0517,5.2,Low,No
CUST-02879,46,Female,11,Two Year,Credit Card,No,No Internet,Yes,No Internet,2,3.9,49.08,615.55,0.0584,5.8,Low,No
CUST-02880,39,Male,34,Month-to-Month,Electronic Check,Fiber Optic,No,No,No,1,3.0,77.02,2673.58,0.8561,85.6,High,Yes
CUST-02881,18,Male,21,Month-to-Month,Electronic Check,Fiber Optic,No,No,No,1,3.0,104.46,2222.71,0.8438,84.4,High,Yes
CUST-02882,18,Female,62,Month-to-Month,Electronic Check,No,No,No,Yes,4,1.8,18.0,1179.67,0.7864,78.6,High,Yes
CUST-02883,33,Male,12,Two Year,Mailed Check,Fiber Optic,Yes,Yes,Yes,2,3.3,70.66,851.36,0.3835,38.3,Low,No
CUST-02884,48,Male,9,One Year,Electronic Check,No,No,No,Yes,2,3.8,34.54,347.56,0.2828,28.3,Low,No
CUST-02885,18,Female,52,Month-to-Month,Mailed Check,DSL,Yes,Yes,Yes,4,2.4,70.22,3532.22,0.4603,46.0,Medium,No
CUST-02886,35,Female,1,Month-to-Month,Mailed Check,Fiber Optic,No,No,No,2,3.2,70.45,145.02,0.7354,73.5,High,Yes
CUST-02887,34,Female,3,Month-to-Month,Bank Transfer,DSL,No Internet,No,No,1,3.6,49.37,199.81,0.4446,44.5,Medium,No
CUST-02888,61,Female,2,Two Year,Mailed Check,Fiber Optic,Yes,No,Yes,8,4.2,97.32,277.37,0.2713,27.1,Low,No
CUST-02889,36,Female,44,Month-to-Month,Electronic Check,Fiber Optic,No Internet,No,No Internet,6,2.9,103.12,4715.68,0.7748,77.5,High,Yes
CUST-02890,47,Male,0,Month-to-Month,Credit Card,DSL,Yes,No,No,4,2.3,49.11,50.76,0.4936,49.4,Medium,No
CUST-02891,43,Male,47,Two Year,Credit Card,DSL,No Internet,No Internet,No,3,2.8,50.11,2255.8,0.1852,18.5,Low,No
CUST-02892,18,Male,14,Two Year,Electronic Check,DSL,No,Yes,Yes,4,3.5,57.72,853.47,0.3503,35.0,Low,No
CUST-02893,52,Female,0,Two Year,Electronic Check,Fiber Optic,Yes,No Internet,Yes,1,3.5,97.58,93.96,0.5483,54.8,Medium,No
CUST-02894,45,Male,12,Month-to-Month,Credit Card,No,No,No,No,4,1.5,31.36,423.53,0.5718,57.2,Medium,No
CUST-02895,49,Male,4,One Year,Electronic Check,DSL,No Internet,No,Yes,4,2.8,67.21,351.46,0.3125,31.2,Low,No
CUST-02896,80,Female,23,One Year,Electronic Check,No,No,No,Yes,0,2.1,18.0,395.53,0.3241,32.4,Low,No
CUST-02897,18,Male,27,Month-to-Month,Mailed Check,No,No,No,Yes,1,3.2,26.74,735.48,0.5785,57.8,Medium,No
CUST-02898,66,Male,16,One Year,Electronic Check,Fiber Optic,No Internet,No Internet,Yes,4,3.6,72.12,1201.07,0.6024,60.2,Medium,No
CUST-02899,37,Female,0,Month-to-Month,Electronic Check,Fiber Optic,Yes,Yes,No,4,4.3,99.29,102.3,0.872,87.2,High,Yes
CUST-02900,46,Male,25,Month-to-Month,Mailed Check,No,No Internet,No,No,3,4.6,23.69,626.33,0.4801,48.0,Medium,No
CUST-02901,41,Male,44,Two Year,Bank Transfer,DSL,No,Yes,No,5,3.7,62.05,2633.28,0.2091,20.9,Low,No
CUST-02902,36,Male,30,Month-to-Month,Credit Card,Fiber Optic,No,Yes,Yes,6,2.7,97.94,2970.25,0.7638,76.4,High,Yes
CUST-02903,34,Female,42,Two Year,Credit Card,DSL,Yes,No,No Internet,4,2.6,37.97,1562.06,0.1445,14.4,Low,No
CUST-02904,46,Female,5,Month-to-Month,Electronic Check,Fiber Optic,No,Yes,Yes,1,3.7,119.3,682.14,0.8057,80.6,High,Yes
CUST-02905,20,Male,52,Month-to-Month,Electronic Check,Fiber Optic,Yes,No Internet,No,6,4.0,79.51,4254.67,0.8439,84.4,High,Yes
CUST-02906,52,Female,9,One Year,Bank Transfer,DSL,No,No,No Internet,5,1.9,48.69,481.99,0.2571,25.7,Low,No
CUST-02907,36,Male,0,One Year,Mailed Check,Fiber Optic,No,No,Yes,2,5.0,99.93,92.92,0.3323,33.2,Low,No
CUST-02908,26,Female,44,Month-to-Month,Electronic Check,No,No,Yes,Yes,3,3.7,36.12,1614.19,0.7001,70.0,High,Yes
CUST-02909,35,Male,68,Two Year,Electronic Check,No,No,Yes,No Internet,1,4.1,21.59,1444.35,0.1837,18.4,Low,No
CUST-02910,59,Female,25,Month-to-Month,Electronic Check,DSL,No,No Internet,Yes,2,3.7,52.56,1299.81,0.7122,71.2,High,Yes
CUST-02911,34,Female,6,Two Year,Mailed Check,Fiber Optic,No,No,Yes,1,2.0,72.27,460.35,0.3688,36.9,Low,No
CUST-02912,47,Female,6,Month-to-Month,Electronic Check,Fiber Optic,No Internet,Yes,No,2,2.7,76.94,559.75,0.8376,83.8,High,Yes
CUST-02913,31,Male,15,Two Year,Credit Card,Fiber Optic,No,Yes,Yes,3,2.3,93.57,1540.91,0.4772,47.7,Medium,No
CUST-02914,52,Male,54,Month-to-Month,Electronic Check,DSL,Yes,Yes,No Internet,3,1.3,47.77,2484.23,0.6147,61.5,Medium,No
CUST-02915,51,Female,3,Two Year,Credit Card,Fiber Optic,No,Yes,Yes,0,1.9,76.87,302.39,0.4262,42.6,Medium,No
CUST-02916,67,Male,41,One Year,Credit Card,DSL,No,No,No,3,5.0,63.56,2748.81,0.1792,17.9,Low,No
CUST-02917,39,Female,8,Month-to-Month,Mailed Check,Fiber Optic,Yes,No,No,2,3.0,102.62,903.18,0.645,64.5,Medium,Yes
CUST-02918,51,Female,39,Two Year,Bank Transfer,No,Yes,No,No,0,4.2,27.97,1030.72,0.1456,14.6,Low,No
CUST-02919,43,Female,60,Month-to-Month,Bank Transfer,No,No Internet,No Internet,No,1,2.6,37.75,2236.44,0.4964,49.6,Medium,No
CUST-02920,60,Male,13,Month-to-Month,Electronic Check,DSL,No,Yes,No Internet,6,2.4,57.42,761.35,0.7814,78.1,High,Yes
CUST-02921,31,Female,10,Two Year,Electronic Check,DSL,No,No,No Internet,1,4.8,56.31,600.01,0.3613,36.1,Low,No
CUST-02922,52,Female,38,Month-to-Month,Mailed Check,Fiber Optic,No Internet,No,No,4,3.0,91.28,3656.74,0.7156,71.6,High,Yes
CUST-02923,39,Female,18,Month-to-Month,Bank Transfer,Fiber Optic,Yes,Yes,No,3,3.0,77.92,1423.22,0.6917,69.2,Medium,Yes
CUST-02924,41,Male,27,Month-to-Month,Mailed Check,No,No,Yes,Yes,3,3.5,38.31,1094.04,0.5442,54.4,Medium,No
CUST-02925,43,Male,23,Two Year,Mailed Check,DSL,No,No,No,5,3.9,49.5,1110.66,0.2129,21.3,Low,No
CUST-02926,45,Male,3,Month-to-Month,Mailed Check,Fiber Optic,Yes,Yes,Yes,3,2.6,97.51,385.77,0.7384,73.8,High,Yes
CUST-02927,40,Male,44,Month-to-Month,Mailed Check,DSL,Yes,No,No,2,1.0,50.13,2174.44,0.5043,50.4,Medium,No
CUST-02928,45,Female,5,One Year,Mailed Check,No,No,No,Yes,2,4.5,25.23,158.34,0.2469,24.7,Low,No
CUST-02929,64,Female,64,Two Year,Mailed Check,Fiber Optic,Yes,Yes,No,1,3.7,79.13,4629.69,0.2413,24.1,Low,No
CUST-02930,55,Male,6,Two Year,Credit Card,Fiber Optic,No,Yes,No,4,2.2,103.45,691.24,0.465,46.5,Medium,No
CUST-02931,54,Female,31,One Year,Bank Transfer,No,No Internet,Yes,No Internet,3,3.0,20.02,654.74,0.2064,20.6,Low,No
CUST-02932,35,Male,8,One Year,Bank Transfer,DSL,No Internet,No,No,1,4.7,34.9,301.14,0.1291,12.9,Low,No
CUST-02933,29,Male,9,Month-to-Month,Bank Transfer,Fiber Optic,No,Yes,No Internet,2,4.9,90.22,841.42,0.7251,72.5,High,Yes
CUST-02934,55,Male,8,Month-to-Month,Bank Transfer,Fiber Optic,Yes,No Internet,No,3,2.8,113.91,1053.89,0.5962,59.6,Medium,No
CUST-02935,54,Male,33,One Year,Bank Transfer,No,No,No Internet,No Internet,3,4.8,36.55,1228.73,0.2595,25.9,Low,No
CUST-02936,62,Female,19,Two Year,Electronic Check,No,No,Yes,No,1,3.2,34.14,671.53,0.3207,32.1,Low,No
CUST-02937,33,Male,51,One Year,Credit Card,Fiber Optic,No Internet,No Internet,No,2,2.4,78.01,3894.77,0.3391,33.9,Low,No
CUST-02938,38,Female,8,Month-to-Month,Electronic Check,Fiber Optic,No Internet,No,Yes,4,2.6,95.52,794.04,0.8273,82.7,High,Yes
CUST-02939,19,Male,28,Month-to-Month,Mailed Check,DSL,No,Yes,No,4,5.0,66.32,1897.01,0.5456,54.6,Medium,No
CUST-02940,36,Female,33,One Year,Electronic Check,Fiber Optic,Yes,No,No,3,3.8,78.71,2611.36,0.5376,53.8,Medium,No
CUST-02941,55,Male,3,One Year,Electronic Check,Fiber Optic,No Internet,No,Yes,1,2.2,80.95,310.95,0.4881,48.8,Medium,No
CUST-02942,35,Male,12,One Year,Credit Card,Fiber Optic,No Internet,Yes,No,3,4.3,93.74,1110.81,0.3951,39.5,Low,No
CUST-02943,50,Male,15,One Year,Mailed Check,Fiber Optic,No,Yes,Yes,3,4.4,80.69,1288.0,0.328,32.8,Low,No
CUST-02944,39,Male,10,Month-to-Month,Credit Card,No,No,Yes,No,5,2.7,18.0,196.96,0.6071,60.7,Medium,No
CUST-02945,46,Male,9,Two Year,Electronic Check,Fiber Optic,No,Yes,No,1,3.7,70.59,694.51,0.5344,53.4,Medium,No
CUST-02946,25,Female,27,One Year,Electronic Check,Fiber Optic,No Internet,Yes,Yes,2,4.8,80.01,2060.44,0.4836,48.4,Medium,No
CUST-02947,43,Female,5,Month-to-Month,Electronic Check,Fiber Optic,Yes,No,Yes,4,1.9,86.79,492.32,0.9455,94.6,High,Yes
CUST-02948,18,Female,29,Month-to-Month,Bank Transfer,DSL,No Internet,Yes,No,2,1.2,45.2,1315.97,0.5174,51.7,Medium,No
CUST-02949,39,Female,65,Two Year,Credit Card,Fiber Optic,Yes,Yes,Yes,2,2.5,96.14,6409.78,0.2822,28.2,Low,No
CUST-02950,19,Male,19,Two Year,Mailed Check,DSL,No Internet,Yes,No,0,1.3,72.77,1358.52,0.1272,12.7,Low,No
CUST-02951,58,Male,22,Month-to-Month,Mailed Check,DSL,No,No Internet,Yes,2,1.8,56.41,1323.54,0.6839,68.4,Medium,Yes
CUST-02952,52,Female,1,Month-to-Month,Credit Card,No,Yes,No,No Internet,1,4.5,42.4,80.38,0.365,36.5,Low,No
CUST-02953,48,Female,47,Month-to-Month,Electronic Check,DSL,Yes,No,No Internet,2,2.3,53.88,2585.86,0.5842,58.4,Medium,No
CUST-02954,63,Female,8,Month-to-Month,Mailed Check,Fiber Optic,No,No,No,2,3.1,78.22,732.52,0.7471,74.7,High,Yes
CUST-02955,28,Female,22,One Year,Mailed Check,Fiber Optic,Yes,No,Yes,0,4.0,97.41,2256.4,0.2546,25.5,Low,No
CUST-02956,66,Male,72,One Year,Electronic Check,DSL,No,No,Yes,2,4.5,68.55,4555.73,0.2507,25.1,Low,No
CUST-02957,55,Male,21,One Year,Electronic Check,Fiber Optic,Yes,Yes,No Internet,3,3.6,86.86,1827.73,0.4668,46.7,Medium,No
CUST-02958,38,Male,30,One Year,Electronic Check,DSL,Yes,Yes,No,1,1.0,59.84,1830.41,0.3016,30.2,Low,No
CUST-02959,57,Male,14,Month-to-Month,Credit Card,No,No,Yes,No,1,3.1,48.62,730.02,0.5438,54.4,Medium,No
CUST-02960,26,Male,1,Month-to-Month,Bank Transfer,No,No,No,No Internet,2,4.0,18.0,34.26,0.5428,54.3,Medium,No
CUST-02961,30,Male,38,Month-to-Month,Credit Card,No,No,Yes,No Internet,2,3.4,18.0,676.95,0.4287,42.9,Medium,No
CUST-02962,33,Female,0,Month-to-Month,Mailed Check,No,No,Yes,No Internet,3,3.8,29.7,28.41,0.5167,51.7,Medium,No
CUST-02963,34,Female,28,Month-to-Month,Bank Transfer,DSL,No,No,No,1,2.5,68.79,2004.28,0.5269,52.7,Medium,No
CUST-02964,27,Female,0,One Year,Bank Transfer,DSL,No,Yes,No Internet,5,3.3,59.04,61.23,0.2497,25.0,Low,No
CUST-02965,59,Female,47,Two Year,Credit Card,Fiber Optic,Yes,No,No Internet,1,3.9,76.1,3713.93,0.284,28.4,Low,No
CUST-02966,38,Male,4,One Year,Electronic Check,No,Yes,No,No,4,4.8,23.53,110.53,0.2084,20.8,Low,No
CUST-02967,46,Male,17,Two Year,Electronic Check,Fiber Optic,Yes,No Internet,No Internet,2,2.5,76.76,1355.45,0.5244,52.4,Medium,No
CUST-02968,34,Female,21,One Year,Bank Transfer,DSL,No,No Internet,No,4,2.5,57.83,1236.28,0.3376,33.8,Low,No
CUST-02969,18,Male,14,One Year,Credit Card,Fiber Optic,No,No Internet,No,5,4.9,79.19,1071.83,0.3877,38.8,Low,No
CUST-02970,45,Male,10,Month-to-Month,Credit Card,Fiber Optic,No,No Internet,No,2,2.8,95.97,1098.7,0.7005,70.0,High,Yes
CUST-02971,18,Male,15,Two Year,Bank Transfer,DSL,No Internet,Yes,No,2,3.4,44.01,682.96,0.209,20.9,Low,No
CUST-02972,41,Male,8,Month-to-Month,Electronic Check,Fiber Optic,No,No,No,3,3.5,88.74,831.78,0.8771,87.7,High,Yes
CUST-02973,22,Female,13,Month-to-Month,Electronic Check,DSL,No,Yes,No Internet,5,3.2,51.1,715.13,0.7269,72.7,High,Yes
CUST-02974,69,Male,10,Month-to-Month,Credit Card,DSL,Yes,No,Yes,0,5.0,77.87,861.91,0.4435,44.4,Medium,No
CUST-02975,54,Female,20,Two Year,Mailed Check,DSL,No,Yes,No Internet,2,2.9,61.35,1242.03,0.057,5.7,Low,No
CUST-02976,43,Female,6,Two Year,Electronic Check,Fiber Optic,No,Yes,No,1,4.1,79.79,574.56,0.549,54.9,Medium,No
CUST-02977,59,Male,72,One Year,Credit Card,DSL,No Internet,No Internet,Yes,1,2.7,71.6,4849.5,0.0435,4.3,Low,No
CUST-02978,30,Male,16,One Year,Electronic Check,No,No Internet,Yes,No Internet,2,5.0,18.0,319.43,0.312,31.2,Low,No
CUST-02979,49,Male,5,Month-to-Month,Bank Transfer,Fiber Optic,No,No,Yes,0,2.3,77.6,462.08,0.7408,74.1,High,Yes
CUST-02980,44,Male,15,Two Year,Bank Transfer,DSL,No Internet,No,No Internet,3,3.9,42.01,638.45,0.0768,7.7,Low,No
CUST-02981,45,Female,48,One Year,Electronic Check,DSL,No,Yes,No,2,1.0,55.57,2752.62,0.3176,31.8,Low,No
CUST-02982,59,Female,0,Two Year,Electronic Check,No,No,No,No Internet,2,2.9,21.52,21.77,0.4417,44.2,Medium,No
CUST-02983,52,Female,27,Month-to-Month,Electronic Check,DSL,No Internet,Yes,Yes,3,3.8,36.22,1030.57,0.7195,72.0,High,Yes
CUST-02984,46,Male,19,Month-to-Month,Bank Transfer,Fiber Optic,No Internet,No Internet,Yes,4,1.6,82.71,1561.6,0.7396,74.0,High,Yes
CUST-02985,18,Female,4,Two Year,Mailed Check,No,No,No Internet,No Internet,3,2.8,18.0,81.35,0.2405,24.1,Low,No
CUST-02986,28,Female,40,Month-to-Month,Electronic Check,No,No,No,Yes,1,5.0,25.46,1078.71,0.6091,60.9,Medium,No
CUST-02987,40,Male,11,Two Year,Credit Card,DSL,No Internet,No Internet,No Internet,5,2.0,67.98,831.77,0.2503,25.0,Low,No
CUST-02988,43,Female,8,Month-to-Month,Mailed Check,DSL,No,Yes,No Internet,2,3.5,62.0,535.84,0.5093,50.9,Medium,No
CUST-02989,26,Male,42,Two Year,Electronic Check,DSL,Yes,No,Yes,2,1.6,55.64,2212.92,0.2519,25.2,Low,No
CUST-02990,75,Female,24,Month-to-Month,Electronic Check,DSL,No,Yes,No,2,2.0,36.93,895.85,0.7176,71.8,High,Yes
CUST-02991,63,Female,54,One Year,Electronic Check,DSL,Yes,No,Yes,2,3.7,46.32,2409.69,0.2726,27.3,Low,No
CUST-02992,50,Male,23,Month-to-Month,Credit Card,No,No,Yes,No,2,3.0,27.89,621.91,0.583,58.3,Medium,No
CUST-02993,43,Female,32,One Year,Electronic Check,No,No Internet,No,No,2,2.3,20.45,656.58,0.2214,22.1,Low,No
CUST-02994,39,Male,43,Month-to-Month,Mailed Check,DSL,No,No,No,1,2.7,45.87,2067.63,0.5169,51.7,Medium,No
CUST-02995,28,Male,1,Two Year,Credit Card,No,No Internet,Yes,No Internet,3,4.4,18.0,35.54,0.02,2.0,Low,No
CUST-02996,43,Female,35,One Year,Bank Transfer,Fiber Optic,No Internet,Yes,Yes,3,2.9,44.26,1550.52,0.276,27.6,Low,No
CUST-02997,45,Female,22,Month-to-Month,Mailed Check,Fiber Optic,No Internet,Yes,No,3,3.8,90.54,2184.69,0.6609,66.1,Medium,Yes
CUST-02998,24,Male,1,Two Year,Credit Card,DSL,No Internet,No,No,3,1.3,49.77,100.94,0.1549,15.5,Low,No
CUST-02999,46,Male,17,Month-to-Month,Bank Transfer,DSL,No,Yes,Yes,4,2.6,54.16,896.68,0.5948,59.5,Medium,No
CUST-03000,39,Male,2,Month-to-Month,Electronic Check,Fiber Optic,No,Yes,No,3,2.7,93.51,270.02,0.96,96.0,High,Yes
CUST-03001,18,Male,31,Month-to-Month,Bank Transfer,DSL,No Internet,No,No,1,2.4,35.93,1114.97,0.4592,45.9,Medium,No
CUST-03002,29,Female,18,Two Year,Credit Card,Fiber Optic,No,Yes,No Internet,3,3.1,71.69,1350.64,0.5216,52.2,Medium,No
CUST-03003,36,Female,72,Month-to-Month,Mailed Check,DSL,No,No,No,0,2.9,50.37,3685.34,0.455,45.5,Medium,No
CUST-03004,68,Female,4,Month-to-Month,Bank Transfer,No,No,No,No,1,4.0,30.42,144.32,0.5044,50.4,Medium,No
CUST-03005,49,Male,22,Two Year,Credit Card,DSL,No,No,No,2,4.4,47.27,1038.4,0.2222,22.2,Low,No
CUST-03006,23,Female,5,Two Year,Bank Transfer,Fiber Optic,No,No,No Internet,4,2.5,80.48,442.09,0.553,55.3,Medium,No
CUST-03007,48,Male,22,Month-to-Month,Electronic Check,No,No,Yes,No Internet,2,4.5,31.72,666.38,0.7083,70.8,High,Yes
CUST-03008,20,Female,30,One Year,Electronic Check,DSL,No,Yes,Yes,0,2.4,45.59,1432.65,0.3946,39.5,Low,No
CUST-03009,57,Female,30,Two Year,Bank Transfer,No,No,No,No,2,3.3,29.77,958.78,0.1942,19.4,Low,No
CUST-03010,35,Female,40,Month-to-Month,Electronic Check,DSL,No,Yes,No,0,1.7,52.44,1998.51,0.6563,65.6,Medium,Yes
CUST-03011,40,Male,46,Two Year,Credit Card,No,Yes,No Internet,No,1,2.9,22.03,1075.24,0.1768,17.7,Low,No
CUST-03012,60,Male,1,Month-to-Month,Mailed Check,No,No,Yes,No,1,4.9,21.14,40.23,0.472,47.2,Medium,No
CUST-03013,23,Male,10,One Year,Mailed Check,DSL,Yes,No,No,3,3.4,60.41,685.85,0.1586,15.9,Low,No
CUST-03014,22,Female,27,Month-to-Month,Bank Transfer,Fiber Optic,No Internet,Yes,Yes,5,2.9,61.19,1548.68,0.6359,63.6,Medium,Yes
CUST-03015,33,Male,16,One Year,Mailed Check,DSL,No Internet,No Internet,No,4,1.0,52.27,811.8,0.3185,31.9,Low,No
CUST-03016,56,Male,5,Month-to-Month,Mailed Check,DSL,No,No,Yes,3,3.1,59.07,342.09,0.6157,61.6,Medium,No
CUST-03017,20,Male,19,One Year,Electronic Check,DSL,No Internet,No,Yes,1,3.3,53.76,1104.44,0.3309,33.1,Low,No
CUST-03018,18,Female,12,Month-to-Month,Bank Transfer,Fiber Optic,No,No,Yes,2,2.7,101.97,1282.37,0.8454,84.5,High,Yes
CUST-03019,35,Male,11,Month-to-Month,Credit Card,Fiber Optic,Yes,No,No,3,2.8,86.41,1063.8,0.7188,71.9,High,Yes
CUST-03020,49,Female,39,Month-to-Month,Bank Transfer,DSL,No,No,No Internet,2,3.1,56.28,2141.15,0.4192,41.9,Medium,No
CUST-03021,58,Female,12,Two Year,Mailed Check,No,Yes,Yes,No,3,3.2,32.33,386.61,0.1651,16.5,Low,No
CUST-03022,35,Female,0,Month-to-Month,Electronic Check,DSL,No,No,No,3,3.0,64.94,67.46,0.7116,71.2,High,Yes
CUST-03023,36,Male,1,Month-to-Month,Credit Card,Fiber Optic,No,Yes,No Internet,1,4.5,109.89,200.32,0.8043,80.4,High,Yes
CUST-03024,58,Male,46,Month-to-Month,Credit Card,Fiber Optic,No,Yes,Yes,2,2.1,120.0,5674.24,0.8073,80.7,High,Yes
CUST-03025,18,Male,72,One Year,Mailed Check,Fiber Optic,No,Yes,Yes,1,4.9,89.34,6733.44,0.3323,33.2,Low,No
CUST-03026,36,Male,27,Month-to-Month,Bank Transfer,Fiber Optic,No,Yes,No,2,2.9,70.01,1799.53,0.7152,71.5,High,Yes
CUST-03027,44,Male,10,One Year,Mailed Check,Fiber Optic,No,Yes,No,1,3.8,112.68,1212.05,0.3485,34.8,Low,No
CUST-03028,48,Female,66,Month-to-Month,Mailed Check,No,No,No Internet,No Internet,4,4.4,28.3,1721.52,0.4123,41.2,Medium,No
CUST-03029,34,Male,26,Month-to-Month,Credit Card,No,Yes,No,No Internet,2,3.4,34.58,904.56,0.3786,37.9,Low,No
CUST-03030,42,Female,44,One Year,Electronic Check,Fiber Optic,Yes,No Internet,No,5,3.2,95.23,4362.94,0.5268,52.7,Medium,No
CUST-03031,18,Male,34,Two Year,Mailed Check,DSL,No,Yes,No,1,3.4,51.1,1691.21,0.1459,14.6,Low,No
CUST-03032,32,Female,11,Month-to-Month,Electronic Check,DSL,No,No,Yes,1,1.1,48.0,538.55,0.7761,77.6,High,Yes
CUST-03033,48,Female,15,Month-to-Month,Electronic Check,No,Yes,No,No,4,1.0,33.01,495.28,0.7547,75.5,High,Yes
CUST-03034,28,Female,4,Month-to-Month,Bank Transfer,No,No,No,No Internet,0,4.0,18.0,91.68,0.5217,52.2,Medium,No
CUST-03035,42,Female,8,One Year,Electronic Check,Fiber Optic,No,No,No,4,2.8,48.85,459.9,0.7521,75.2,High,Yes
CUST-03036,48,Female,36,Month-to-Month,Bank Transfer,Fiber Optic,No Internet,No,Yes,2,2.3,57.2,1977.25,0.6839,68.4,Medium,Yes
CUST-03037,37,Female,53,Two Year,Electronic Check,Fiber Optic,No Internet,No,No,3,3.4,60.39,2968.54,0.5487,54.9,Medium,No
CUST-03038,44,Male,30,Month-to-Month,Bank Transfer,DSL,No,No,No,3,3.0,37.13,1057.66,0.6212,62.1,Medium,Yes
CUST-03039,28,Female,15,Month-to-Month,Electronic Check,DSL,No,No,No,3,1.8,60.09,955.9,0.6934,69.3,Medium,Yes
CUST-03040,39,Male,2,Month-to-Month,Bank Transfer,Fiber Optic,No,No Internet,No,2,4.2,103.1,309.74,0.7751,77.5,High,Yes
CUST-03041,50,Male,1,One Year,Bank Transfer,No,Yes,No Internet,No,2,4.4,18.0,34.83,0.2253,22.5,Low,No
CUST-03042,44,Male,11,One Year,Credit Card,DSL,No,No,No,4,3.4,56.25,615.53,0.2092,20.9,Low,No
CUST-03043,33,Male,14,Month-to-Month,Credit Card,No,No,Yes,No,1,3.4,19.4,302.41,0.4783,47.8,Medium,No
CUST-03044,45,Male,22,Two Year,Electronic Check,Fiber Optic,No,Yes,No Internet,4,3.2,105.13,2513.48,0.6518,65.2,Medium,Yes
CUST-03045,52,Male,0,Month-to-Month,Electronic Check,Fiber Optic,Yes,Yes,No Internet,2,3.3,99.34,95.27,0.8402,84.0,High,Yes
CUST-03046,18,Male,72,One Year,Bank Transfer,Fiber Optic,No,Yes,Yes,3,3.6,89.11,6655.58,0.5047,50.5,Medium,No
CUST-03047,58,Female,10,Month-to-Month,Bank Transfer,Fiber Optic,No,Yes,No,3,2.7,109.15,1242.42,0.8493,84.9,High,Yes
CUST-03048,37,Male,45,Month-to-Month,Electronic Check,DSL,No Internet,Yes,No,4,4.1,48.43,2174.78,0.6412,64.1,Medium,Yes
CUST-03049,47,Female,18,Two Year,Electronic Check,Fiber Optic,Yes,No,Yes,3,3.4,76.22,1434.02,0.4711,47.1,Medium,No
CUST-03050,58,Male,3,Two Year,Bank Transfer,DSL,No,Yes,No Internet,2,4.1,47.67,192.58,0.1154,11.5,Low,No
CUST-03051,22,Female,38,Month-to-Month,Credit Card,Fiber Optic,Yes,No,Yes,5,4.6,80.16,3231.58,0.7405,74.1,High,Yes
CUST-03052,32,Female,29,One Year,Credit Card,Fiber Optic,No,Yes,No Internet,2,3.2,73.4,2011.23,0.4349,43.5,Medium,No
CUST-03053,37,Female,17,Month-to-Month,Electronic Check,No,Yes,No Internet,Yes,3,3.6,19.13,312.64,0.6291,62.9,Medium,Yes
CUST-03054,31,Female,17,One Year,Mailed Check,No,Yes,No,No,3,3.9,19.35,348.74,0.1501,15.0,Low,No
CUST-03055,66,Male,2,Month-to-Month,Electronic Check,Fiber Optic,Yes,No,Yes,5,3.3,64.29,174.96,0.8861,88.6,High,Yes
CUST-03056,30,Female,25,Two Year,Mailed Check,No,No,No Internet,No,3,2.8,20.16,479.96,0.1912,19.1,Low,No
CUST-03057,34,Female,58,Month-to-Month,Bank Transfer,DSL,No,Yes,Yes,1,3.4,66.42,3775.2,0.3618,36.2,Low,No
CUST-03058,44,Female,2,Month-to-Month,Bank Transfer,Fiber Optic,No Internet,No Internet,Yes,2,4.6,69.95,194.6,0.6239,62.4,Medium,Yes
CUST-03059,25,Female,7,Month-to-Month,Mailed Check,No,Yes,No,No Internet,9,1.0,18.0,149.01,0.6196,62.0,Medium,No
CUST-03060,36,Male,55,Month-to-Month,Electronic Check,Fiber Optic,Yes,Yes,Yes,3,4.0,87.17,4636.16,0.7384,73.8,High,Yes
CUST-03061,46,Female,8,Month-to-Month,Mailed Check,Fiber Optic,No,Yes,No,3,3.4,115.6,1026.49,0.7761,77.6,High,Yes
CUST-03062,37,Male,25,Month-to-Month,Credit Card,DSL,No,Yes,No,1,2.6,35.54,833.0,0.6568,65.7,Medium,Yes
CUST-03063,40,Female,18,One Year,Electronic Check,Fiber Optic,No,No Internet,Yes,3,4.2,89.61,1663.45,0.5872,58.7,Medium,No
CUST-03064,34,Male,21,Month-to-Month,Electronic Check,Fiber Optic,No,No,Yes,1,1.9,91.95,2066.4,0.8064,80.6,High,Yes
CUST-03065,20,Female,12,One Year,Bank Transfer,Fiber Optic,No,Yes,Yes,5,2.8,83.55,1135.3,0.4925,49.2,Medium,No
CUST-03066,46,Male,8,One Year,Bank Transfer,DSL,No,No,No,5,4.6,56.5,509.42,0.2287,22.9,Low,No
CUST-03067,66,Male,1,Two Year,Credit Card,DSL,No,Yes,No Internet,0,1.1,51.71,96.22,0.2444,24.4,Low,No
CUST-03068,42,Female,32,Two Year,Mailed Check,Fiber Optic,Yes,Yes,No Internet,1,3.8,98.18,3092.38,0.2194,21.9,Low,No
CUST-03069,45,Female,32,Two Year,Mailed Check,No,Yes,No Internet,No Internet,1,4.8,40.53,1235.21,0.1529,15.3,Low,No
CUST-03070,51,Female,26,One Year,Mailed Check,Fiber Optic,No Internet,No,No,2,4.4,66.36,1703.34,0.4081,40.8,Medium,No
CUST-03071,24,Male,24,Month-to-Month,Credit Card,DSL,No,Yes,No Internet,2,3.6,58.29,1434.22,0.5917,59.2,Medium,No
CUST-03072,65,Male,6,One Year,Bank Transfer,No,Yes,No Internet,No,3,2.1,23.59,160.69,0.2412,24.1,Low,No
CUST-03073,44,Female,0,Two Year,Credit Card,No,No Internet,No,No,2,4.2,29.63,30.55,0.0719,7.2,Low,No
CUST-03074,64,Female,39,Month-to-Month,Electronic Check,DSL,No,Yes,No,3,2.5,49.81,1854.11,0.7056,70.6,High,Yes
CUST-03075,31,Female,16,Month-to-Month,Credit Card,DSL,No,Yes,Yes,3,3.0,53.43,876.56,0.5205,52.0,Medium,No
CUST-03076,67,Male,8,Month-to-Month,Mailed Check,Fiber Optic,No,No,No Internet,2,3.1,78.46,702.48,0.7667,76.7,High,Yes
CUST-03077,52,Female,2,One Year,Electronic Check,DSL,No,No,Yes,2,1.8,44.79,140.71,0.4573,45.7,Medium,No
CUST-03078,49,Male,1,Month-to-Month,Electronic Check,Fiber Optic,No,Yes,No,2,4.6,70.5,131.42,0.8968,89.7,High,Yes
CUST-03079,45,Female,10,One Year,Bank Transfer,Fiber Optic,Yes,No,No,5,3.1,105.03,1184.17,0.3847,38.5,Low,No
CUST-03080,38,Male,39,One Year,Mailed Check,Fiber Optic,No,No,Yes,4,3.1,97.82,3884.1,0.3828,38.3,Low,No
CUST-03081,58,Male,60,Two Year,Credit Card,Fiber Optic,No,No,No,0,2.5,102.11,5730.93,0.4214,42.1,Medium,No
CUST-03082,43,Female,54,One Year,Bank Transfer,DSL,Yes,No Internet,No,3,2.4,65.78,3681.54,0.1836,18.4,Low,No
CUST-03083,18,Female,60,Two Year,Electronic Check,No,No,Yes,No Internet,4,3.9,26.61,1503.48,0.1766,17.7,Low,No
CUST-03084,26,Male,57,Month-to-Month,Bank Transfer,Fiber Optic,No,Yes,No,2,3.9,74.79,4359.35,0.7414,74.1,High,Yes
CUST-03085,39,Male,17,Month-to-Month,Electronic Check,Fiber Optic,Yes,No,No,2,5.0,80.34,1353.7,0.7253,72.5,High,Yes
CUST-03086,46,Male,5,Month-to-Month,Mailed Check,DSL,No,Yes,Yes,3,2.9,47.57,276.93,0.5655,56.5,Medium,No
CUST-03087,41,Female,38,Month-to-Month,Bank Transfer,DSL,No,Yes,No,3,2.7,61.26,2430.93,0.5068,50.7,Medium,No
CUST-03088,59,Male,5,Month-to-Month,Credit Card,Fiber Optic,No,Yes,Yes,5,4.4,91.13,544.12,0.7866,78.7,High,Yes
CUST-03089,18,Male,7,One Year,Mailed Check,Fiber Optic,No Internet,No,No,1,4.1,78.8,637.37,0.3155,31.6,Low,No
CUST-03090,44,Female,6,One Year,Credit Card,DSL,No Internet,Yes,Yes,0,2.9,58.04,414.61,0.1657,16.6,Low,No
CUST-03091,18,Female,17,One Year,Bank Transfer,No,No Internet,Yes,No,5,3.6,18.0,293.29,0.1789,17.9,Low,No
CUST-03092,52,Female,9,Month-to-Month,Mailed Check,Fiber Optic,No,Yes,No,3,4.9,98.88,961.2,0.7539,75.4,High,Yes
CUST-03093,40,Female,4,Month-to-Month,Mailed Check,Fiber Optic,No,No,No,2,1.9,93.04,487.46,0.7753,77.5,High,Yes
CUST-03094,47,Female,14,One Year,Bank Transfer,DSL,No Internet,No,No,6,2.4,54.61,834.96,0.2115,21.1,Low,No
CUST-03095,29,Female,49,Month-to-Month,Electronic Check,Fiber Optic,No Internet,Yes,No,5,3.7,86.29,4119.79,0.8614,86.1,High,Yes
CUST-03096,59,Female,20,Month-to-Month,Credit Card,Fiber Optic,No,No,Yes,1,2.5,52.42,1037.8,0.7698,77.0,High,Yes
CUST-03097,56,Female,50,Month-to-Month,Bank Transfer,DSL,No,No,No,1,2.5,43.3,2220.94,0.5259,52.6,Medium,No
CUST-03098,50,Male,5,Month-to-Month,Electronic Check,No,Yes,No,No,4,4.6,21.25,117.37,0.5788,57.9,Medium,No
CUST-03099,40,Female,4,Month-to-Month,Credit Card,Fiber Optic,No Internet,Yes,No,0,3.7,70.6,364.44,0.6854,68.5,Medium,Yes
CUST-03100,50,Male,20,Month-to-Month,Electronic Check,DSL,No,No,Yes,2,3.1,52.13,998.7,0.7728,77.3,High,Yes
CUST-03101,32,Male,14,Month-to-Month,Credit Card,Fiber Optic,No Internet,No Internet,No,1,2.3,65.54,967.24,0.7444,74.4,High,Yes
CUST-03102,53,Male,25,One Year,Electronic Check,No,Yes,Yes,No Internet,3,3.6,27.37,730.85,0.2607,26.1,Low,No
CUST-03103,65,Male,37,Month-to-Month,Bank Transfer,Fiber Optic,No,Yes,No,1,4.5,82.7,3167.73,0.7645,76.4,High,Yes
CUST-03104,56,Female,33,Month-to-Month,Mailed Check,DSL,No,Yes,Yes,1,1.8,60.83,2012.03,0.5651,56.5,Medium,No
CUST-03105,31,Female,68,Two Year,Bank Transfer,No,No Internet,No,Yes,1,1.9,19.71,1270.81,0.065,6.5,Low,No
CUST-03106,47,Female,12,One Year,Electronic Check,No,No Internet,No,Yes,2,3.9,22.56,290.36,0.309,30.9,Low,No
CUST-03107,23,Female,5,Month-to-Month,Electronic Check,DSL,Yes,Yes,Yes,0,2.6,46.04,288.66,0.5794,57.9,Medium,No
CUST-03108,50,Male,19,Two Year,Electronic Check,Fiber Optic,No,Yes,No,3,2.3,105.14,1922.6,0.6115,61.1,Medium,No
CUST-03109,48,Male,2,Month-to-Month,Credit Card,Fiber Optic,Yes,No Internet,No,1,2.5,56.45,153.22,0.7027,70.3,High,Yes
CUST-03110,18,Female,8,Month-to-Month,Electronic Check,Fiber Optic,No,No,No Internet,6,4.0,62.85,544.68,0.912,91.2,High,Yes
CUST-03111,25,Female,5,Two Year,Bank Transfer,DSL,No,No Internet,No Internet,3,4.0,61.82,366.72,0.2508,25.1,Low,No
CUST-03112,38,Male,12,Two Year,Credit Card,DSL,No,No Internet,No,2,3.6,49.88,618.42,0.1206,12.1,Low,No
CUST-03113,37,Female,2,Month-to-Month,Credit Card,No,No Internet,No,No Internet,0,2.7,27.34,82.65,0.4685,46.9,Medium,No
CUST-03114,25,Male,0,One Year,Electronic Check,Fiber Optic,No,Yes,No,0,2.3,83.41,81.61,0.5426,54.3,Medium,No
CUST-03115,47,Male,25,One Year,Credit Card,DSL,No,No,No,0,2.5,49.4,1222.84,0.2089,20.9,Low,No
CUST-03116,45,Male,22,Month-to-Month,Electronic Check,No,No,Yes,Yes,2,2.2,18.0,421.91,0.7373,73.7,High,Yes
CUST-03117,39,Male,29,Month-to-Month,Bank Transfer,No,No,No,Yes,2,2.8,26.71,733.12,0.4417,44.2,Medium,No
CUST-03118,31,Female,25,Month-to-Month,Bank Transfer,DSL,No Internet,No,Yes,0,3.2,59.27,1396.18,0.52,52.0,Medium,No
CUST-03119,56,Female,2,Two Year,Electronic Check,DSL,No Internet,No Internet,Yes,2,4.0,65.62,178.85,0.1664,16.6,Low,No
CUST-03120,65,Male,8,Month-to-Month,Electronic Check,DSL,No,Yes,No,3,3.2,57.35,527.57,0.7439,74.4,High,Yes
CUST-03121,35,Female,3,One Year,Mailed Check,Fiber Optic,No,Yes,Yes,2,3.0,100.79,411.11,0.4253,42.5,Medium,No
CUST-03122,33,Female,44,Month-to-Month,Mailed Check,Fiber Optic,Yes,No,Yes,4,5.0,99.38,4582.19,0.6299,63.0,Medium,Yes
CUST-03123,48,Male,32,Month-to-Month,Credit Card,DSL,No,No Internet,No Internet,2,1.0,67.1,2087.1,0.5108,51.1,Medium,No
CUST-03124,36,Male,5,One Year,Mailed Check,Fiber Optic,No,No Internet,No,2,3.9,80.96,473.0,0.4376,43.8,Medium,No
CUST-03125,40,Female,10,One Year,Credit Card,DSL,Yes,No,No,5,3.8,68.48,714.08,0.2881,28.8,Low,No
CUST-03126,52,Female,72,Month-to-Month,Mailed Check,DSL,No Internet,Yes,Yes,2,3.8,57.69,4161.26,0.3773,37.7,Low,No
CUST-03127,18,Female,21,Month-to-Month,Credit Card,DSL,No,Yes,No Internet,3,4.2,40.75,920.52,0.5402,54.0,Medium,No
CUST-03128,60,Male,38,One Year,Bank Transfer,Fiber Optic,No Internet,No Internet,Yes,3,1.9,88.01,3099.41,0.3587,35.9,Low,No
CUST-03129,43,Female,7,Month-to-Month,Credit Card,Fiber Optic,Yes,No,No,3,4.2,76.08,599.79,0.7265,72.6,High,Yes
CUST-03130,36,Male,5,Month-to-Month,Electronic Check,Fiber Optic,No Internet,No,No,2,3.6,74.7,416.9,0.8701,87.0,High,Yes
CUST-03131,40,Male,36,One Year,Bank Transfer,Fiber Optic,No Internet,Yes,No,3,2.8,82.56,3147.91,0.2709,27.1,Low,No
CUST-03132,41,Female,27,Month-to-Month,Electronic Check,No,Yes,Yes,No Internet,3,3.9,30.04,877.75,0.5664,56.6,Medium,No
CUST-03133,18,Male,27,Month-to-Month,Electronic Check,Fiber Optic,No,No,Yes,3,3.4,102.53,2940.35,0.8333,83.3,High,Yes
CUST-03134,62,Male,19,Month-to-Month,Bank Transfer,Fiber Optic,No Internet,No Internet,No Internet,4,2.2,71.01,1285.36,0.7413,74.1,High,Yes
CUST-03135,42,Male,19,Two Year,Bank Transfer,Fiber Optic,No,No Internet,No,0,1.0,114.45,2164.05,0.5071,50.7,Medium,No
CUST-03136,48,Male,31,Month-to-Month,Electronic Check,DSL,No,No Internet,No,5,1.8,51.57,1542.09,0.653,65.3,Medium,Yes
CUST-03137,55,Female,7,One Year,Mailed Check,DSL,No Internet,No,No Internet,3,2.4,52.55,430.46,0.2018,20.2,Low,No
CUST-03138,27,Male,10,Month-to-Month,Mailed Check,Fiber Optic,Yes,No,No,1,3.6,70.27,697.77,0.7459,74.6,High,Yes
CUST-03139,48,Male,49,Month-to-Month,Electronic Check,No,No,No Internet,No Internet,3,1.6,18.0,934.57,0.7302,73.0,High,Yes
CUST-03140,38,Male,8,Month-to-Month,Mailed Check,No,No,Yes,Yes,3,3.7,25.12,223.4,0.5495,54.9,Medium,No
CUST-03141,53,Male,18,Month-to-Month,Bank Transfer,Fiber Optic,No,No Internet,No Internet,2,3.5,58.66,1127.48,0.8077,80.8,High,Yes
CUST-03142,18,Female,29,Two Year,Electronic Check,DSL,Yes,No,No,3,5.0,46.76,1358.41,0.275,27.5,Low,No
CUST-03143,40,Male,72,Month-to-Month,Bank Transfer,DSL,No,No Internet,No Internet,0,3.6,65.22,4789.91,0.439,43.9,Medium,No
CUST-03144,33,Female,13,One Year,Bank Transfer,Fiber Optic,No,No,No Internet,1,1.0,77.07,1025.21,0.4991,49.9,Medium,No
CUST-03145,48,Male,13,Month-to-Month,Credit Card,No,No,Yes,Yes,2,4.5,34.49,482.39,0.3515,35.2,Low,No
CUST-03146,48,Male,44,Month-to-Month,Electronic Check,Fiber Optic,No,Yes,No,4,2.2,100.94,4381.57,0.909,90.9,High,Yes
CUST-03147,32,Female,39,Month-to-Month,Credit Card,Fiber Optic,Yes,Yes,No Internet,1,2.1,87.96,3658.39,0.6881,68.8,Medium,Yes
CUST-03148,32,Female,31,One Year,Electronic Check,Fiber Optic,No Internet,Yes,No,6,3.0,84.02,2795.04,0.6434,64.3,Medium,Yes
CUST-03149,40,Male,14,Two Year,Mailed Check,DSL,No,No,No,3,3.8,57.83,854.91,0.2933,29.3,Low,No
CUST-03150,29,Female,9,Two Year,Electronic Check,No,No Internet,No,Yes,3,2.9,18.0,182.88,0.2934,29.3,Low,No
CUST-03151,53,Male,22,Month-to-Month,Credit Card,Fiber Optic,Yes,No,No,2,3.2,98.07,2281.21,0.7505,75.1,High,Yes
CUST-03152,36,Female,50,One Year,Bank Transfer,Fiber Optic,No,Yes,No,0,2.2,100.02,5131.43,0.3581,35.8,Low,No
CUST-03153,18,Female,51,Month-to-Month,Electronic Check,DSL,Yes,No Internet,No,3,1.9,54.02,2938.57,0.6553,65.5,Medium,Yes
CUST-03154,36,Female,2,One Year,Electronic Check,Fiber Optic,No,No,No,3,3.4,104.46,323.3,0.692,69.2,Medium,Yes
CUST-03155,27,Female,13,Two Year,Electronic Check,Fiber Optic,Yes,No Internet,Yes,2,1.5,57.68,817.05,0.5762,57.6,Medium,No
CUST-03156,19,Male,14,Month-to-Month,Electronic Check,Fiber Optic,No,Yes,No,1,2.4,101.41,1387.07,0.9125,91.2,High,Yes
CUST-03157,24,Female,72,Month-to-Month,Bank Transfer,Fiber Optic,No Internet,No Internet,No Internet,6,2.8,81.95,5702.72,0.7085,70.9,High,Yes
CUST-03158,43,Male,27,One Year,Bank Transfer,Fiber Optic,Yes,Yes,No,2,3.5,67.68,1803.13,0.2809,28.1,Low,No
CUST-03159,60,Male,12,One Year,Credit Card,Fiber Optic,Yes,No,No Internet,0,2.9,100.83,1280.41,0.3043,30.4,Low,No
CUST-03160,46,Male,0,Month-to-Month,Credit Card,Fiber Optic,No Internet,No,No,1,2.9,85.73,88.18,0.6688,66.9,Medium,Yes
CUST-03161,33,Male,19,Two Year,Bank Transfer,DSL,No,No Internet,No Internet,5,1.8,53.26,1066.04,0.2511,25.1,Low,No
CUST-03162,48,Female,2,One Year,Electronic Check,Fiber Optic,No,Yes,No,3,2.7,81.38,247.98,0.7149,71.5,High,Yes
CUST-03163,35,Female,43,Month-to-Month,Mailed Check,No,Yes,Yes,No Internet,0,2.9,18.0,717.75,0.3633,36.3,Low,No
CUST-03164,32,Female,33,Month-to-Month,Mailed Check,Fiber Optic,No,No Internet,No Internet,2,3.7,82.74,2554.44,0.682,68.2,Medium,Yes
CUST-03165,25,Male,14,One Year,Mailed Check,DSL,Yes,Yes,No,1,2.3,60.77,947.35,0.257,25.7,Low,No
CUST-03166,18,Male,13,Month-to-Month,Bank Transfer,No,No,Yes,No Internet,5,2.2,31.72,413.63,0.6178,61.8,Medium,No
CUST-03167,36,Female,54,Month-to-Month,Credit Card,Fiber Optic,No,No,No,4,1.9,67.33,3774.21,0.853,85.3,High,Yes
CUST-03168,44,Male,8,One Year,Credit Card,DSL,No,Yes,Yes,1,3.4,36.77,325.05,0.2764,27.6,Low,No
CUST-03169,40,Female,6,One Year,Electronic Check,No,No,Yes,Yes,3,2.8,30.07,200.48,0.4073,40.7,Medium,No
CUST-03170,36,Female,67,One Year,Electronic Check,Fiber Optic,No,No,No,5,3.1,76.84,5301.05,0.659,65.9,Medium,Yes
CUST-03171,28,Female,39,Month-to-Month,Credit Card,No,Yes,Yes,No,2,2.7,32.35,1351.89,0.42,42.0,Medium,No
CUST-03172,50,Female,41,One Year,Credit Card,Fiber Optic,No Internet,No,No,1,2.7,83.03,3273.93,0.2568,25.7,Low,No
CUST-03173,23,Female,5,Two Year,Electronic Check,Fiber Optic,No,No,No,1,2.5,77.94,445.59,0.6385,63.9,Medium,Yes
CUST-03174,52,Male,3,Month-to-Month,Bank Transfer,DSL,Yes,No,Yes,0,3.8,50.77,191.71,0.5125,51.2,Medium,No
CUST-03175,27,Female,0,One Year,Bank Transfer,Fiber Optic,Yes,No Internet,No,3,3.2,75.88,75.63,0.2703,27.0,Low,No
CUST-03176,31,Male,6,Two Year,Mailed Check,DSL,Yes,Yes,Yes,2,4.8,44.13,311.58,0.1662,16.6,Low,No
CUST-03177,21,Male,35,One Year,Electronic Check,No,Yes,No Internet,No,1,2.9,18.0,629.7,0.2386,23.9,Low,No
CUST-03178,34,Male,6,One Year,Credit Card,No,No,No Internet,No Internet,0,4.9,18.0,117.46,0.078,7.8,Low,No
CUST-03179,55,Female,31,Month-to-Month,Bank Transfer,DSL,No,No,No Internet,3,2.9,42.61,1292.88,0.555,55.5,Medium,No
CUST-03180,49,Male,6,Month-to-Month,Electronic Check,No,No Internet,No Internet,No,2,3.8,22.49,159.34,0.598,59.8,Medium,No
CUST-03181,55,Male,12,One Year,Bank Transfer,Fiber Optic,Yes,Yes,No,3,2.5,54.48,731.29,0.3303,33.0,Low,No
CUST-03182,49,Male,72,One Year,Bank Transfer,Fiber Optic,No Internet,No Internet,No,2,3.7,46.09,3284.48,0.2746,27.5,Low,No
CUST-03183,26,Female,6,Two Year,Credit Card,DSL,No,No,Yes,2,1.0,47.81,313.69,0.2674,26.7,Low,No
CUST-03184,37,Female,11,Month-to-Month,Electronic Check,DSL,Yes,Yes,No Internet,3,1.8,48.24,578.79,0.5748,57.5,Medium,No
CUST-03185,31,Female,8,Month-to-Month,Credit Card,DSL,No Internet,No,No,0,2.1,48.01,430.32,0.5475,54.7,Medium,No
CUST-03186,60,Female,2,Month-to-Month,Electronic Check,DSL,No Internet,No,No,4,5.0,33.67,104.69,0.6942,69.4,Medium,Yes
CUST-03187,25,Male,16,One Year,Bank Transfer,Fiber Optic,No,Yes,No,3,4.4,81.42,1304.9,0.4814,48.1,Medium,No
CUST-03188,54,Male,11,Month-to-Month,Bank Transfer,DSL,No,Yes,Yes,3,3.5,67.79,831.87,0.5585,55.9,Medium,No
CUST-03189,54,Female,28,One Year,Mailed Check,No,No Internet,No,Yes,1,2.7,24.56,712.67,0.1555,15.6,Low,No
CUST-03190,67,Male,40,Month-to-Month,Mailed Check,DSL,No,No,Yes,5,2.6,56.3,2368.3,0.6507,65.1,Medium,Yes
CUST-03191,36,Male,18,Month-to-Month,Credit Card,Fiber Optic,Yes,No,No,2,2.5,71.87,1250.06,0.7925,79.2,High,Yes
CUST-03192,51,Male,0,Month-to-Month,Bank Transfer,DSL,Yes,No,Yes,1,3.9,51.49,52.73,0.4933,49.3,Medium,No
CUST-03193,73,Male,23,Two Year,Mailed Check,Fiber Optic,No,Yes,No Internet,2,3.3,94.77,2209.79,0.4173,41.7,Medium,No
CUST-03194,33,Male,1,One Year,Electronic Check,No,No,No,No,5,4.2,36.11,73.39,0.4009,40.1,Medium,No
CUST-03195,20,Female,22,Two Year,Electronic Check,Fiber Optic,No,No Internet,No Internet,1,3.8,71.26,1534.88,0.6223,62.2,Medium,Yes
CUST-03196,18,Male,27,One Year,Electronic Check,Fiber Optic,Yes,No Internet,No Internet,2,3.7,65.14,1736.65,0.4667,46.7,Medium,No
CUST-03197,51,Female,5,Month-to-Month,Credit Card,Fiber Optic,No Internet,No,No,4,2.3,102.48,591.64,0.7615,76.2,High,Yes
CUST-03198,18,Male,41,Month-to-Month,Bank Transfer,Fiber Optic,No,No Internet,Yes,4,2.3,80.37,3316.58,0.7327,73.3,High,Yes
CUST-03199,36,Male,58,Two Year,Credit Card,DSL,No,No Internet,No,3,3.3,50.13,2888.34,0.1158,11.6,Low,No
CUST-03200,48,Male,40,One Year,Electronic Check,Fiber Optic,Yes,Yes,Yes,4,3.6,88.65,3400.14,0.4834,48.3,Medium,No
CUST-03201,44,Female,8,Month-to-Month,Bank Transfer,No,No Internet,No,Yes,1,3.0,30.17,281.18,0.4249,42.5,Medium,No
CUST-03202,47,Male,21,One Year,Electronic Check,DSL,No,Yes,No,3,1.8,57.12,1309.0,0.3938,39.4,Low,No
CUST-03203,45,Female,59,Month-to-Month,Bank Transfer,Fiber Optic,No,No,No,2,3.4,89.94,5048.77,0.7348,73.5,High,Yes
CUST-03204,59,Female,9,Month-to-Month,Mailed Check,DSL,No Internet,No,Yes,2,4.0,63.07,604.61,0.457,45.7,Medium,No
CUST-03205,28,Female,41,Month-to-Month,Electronic Check,DSL,No Internet,Yes,No,2,2.0,47.17,2022.15,0.6426,64.3,Medium,Yes
CUST-03206,32,Male,0,Two Year,Mailed Check,No,Yes,No Internet,Yes,2,2.9,35.08,35.69,0.1905,19.0,Low,No
CUST-03207,31,Male,0,Month-to-Month,Electronic Check,DSL,No Internet,No,No,1,2.2,60.76,63.56,0.6649,66.5,Medium,Yes
CUST-03208,53,Male,34,Month-to-Month,Bank Transfer,Fiber Optic,No,No,No Internet,1,4.3,119.04,4341.82,0.7493,74.9,High,Yes
CUST-03209,54,Female,34,Month-to-Month,Bank Transfer,DSL,Yes,Yes,No,1,5.0,52.57,1897.45,0.3158,31.6,Low,No
CUST-03210,48,Male,37,Month-to-Month,Bank Transfer,Fiber Optic,Yes,Yes,No Internet,3,4.6,71.09,2668.97,0.6945,69.4,Medium,Yes
CUST-03211,58,Female,63,Month-to-Month,Credit Card,DSL,No,No,No,4,1.5,49.0,2981.34,0.6151,61.5,Medium,No
CUST-03212,25,Female,3,Month-to-Month,Mailed Check,No,No,No Internet,Yes,2,3.6,19.3,75.53,0.5056,50.6,Medium,No
CUST-03213,65,Male,6,Month-to-Month,Mailed Check,Fiber Optic,No,No Internet,No,2,3.8,106.91,760.1,0.7661,76.6,High,Yes
CUST-03214,63,Male,56,Two Year,Credit Card,DSL,Yes,No,Yes,1,5.0,55.28,2885.18,0.0679,6.8,Low,No
CUST-03215,52,Female,4,Month-to-Month,Bank Transfer,Fiber Optic,No Internet,Yes,No,3,2.6,120.0,603.28,0.7939,79.4,High,Yes
CUST-03216,66,Male,27,Month-to-Month,Electronic Check,Fiber Optic,No Internet,Yes,No,6,3.1,113.08,3275.18,0.7646,76.5,High,Yes
CUST-03217,18,Male,18,Month-to-Month,Credit Card,DSL,No,No Internet,No Internet,2,1.9,36.64,648.52,0.5531,55.3,Medium,No
CUST-03218,34,Female,2,One Year,Electronic Check,DSL,No Internet,Yes,No,1,1.7,61.15,187.43,0.3532,35.3,Low,No
CUST-03219,31,Male,8,Two Year,Electronic Check,Fiber Optic,No Internet,No,No Internet,0,3.3,98.23,913.8,0.5091,50.9,Medium,No
CUST-03220,52,Female,17,Month-to-Month,Electronic Check,Fiber Optic,Yes,No,No,3,4.8,76.97,1260.85,0.8558,85.6,High,Yes
CUST-03221,27,Female,45,Two Year,Electronic Check,No,No Internet,No,Yes,3,3.2,18.7,897.79,0.203,20.3,Low,No
CUST-03222,52,Female,29,One Year,Electronic Check,Fiber Optic,No Internet,No,No,4,3.3,87.0,2545.62,0.4752,47.5,Medium,No
CUST-03223,61,Male,23,One Year,Electronic Check,Fiber Optic,Yes,No Internet,No Internet,1,1.8,64.84,1507.43,0.5853,58.5,Medium,No
CUST-03224,51,Male,16,Month-to-Month,Mailed Check,No,No Internet,No Internet,No,3,3.4,20.26,341.11,0.5038,50.4,Medium,No
CUST-03225,45,Female,8,Month-to-Month,Electronic Check,No,Yes,No Internet,No,2,2.6,21.39,179.43,0.6136,61.4,Medium,No
CUST-03226,28,Male,3,One Year,Electronic Check,Fiber Optic,No,No,No,5,2.7,91.34,365.19,0.7763,77.6,High,Yes
CUST-03227,30,Male,12,Two Year,Bank Transfer,No,No,Yes,No,2,5.0,21.37,283.74,0.182,18.2,Low,No
CUST-03228,59,Male,0,One Year,Electronic Check,Fiber Optic,No Internet,No Internet,No,1,2.7,80.8,76.63,0.5063,50.6,Medium,No
CUST-03229,52,Male,5,Month-to-Month,Electronic Check,Fiber Optic,No,Yes,Yes,2,2.8,111.69,628.81,0.8144,81.4,High,Yes
CUST-03230,41,Male,13,Month-to-Month,Mailed Check,No,No,No,Yes,3,3.4,25.24,366.52,0.5884,58.8,Medium,No
CUST-03231,36,Female,13,One Year,Electronic Check,No,No,Yes,No,3,1.0,20.89,283.72,0.4657,46.6,Medium,No
CUST-03232,18,Male,1,One Year,Electronic Check,Fiber Optic,No,No,No Internet,1,2.3,87.62,174.25,0.617,61.7,Medium,No
CUST-03233,27,Male,21,Month-to-Month,Mailed Check,Fiber Optic,No,Yes,No Internet,1,1.2,101.7,2300.72,0.7704,77.0,High,Yes
CUST-03234,68,Female,19,Month-to-Month,Bank Transfer,Fiber Optic,No,No Internet,Yes,0,2.6,74.19,1495.0,0.7283,72.8,High,Yes
CUST-03235,24,Female,1,Month-to-Month,Bank Transfer,Fiber Optic,No Internet,No Internet,No,3,5.0,98.44,186.69,0.5877,58.8,Medium,No
CUST-03236,44,Male,68,One Year,Credit Card,DSL,No,No,No,5,1.0,71.46,4452.8,0.313,31.3,Low,No
CUST-03237,56,Male,2,One Year,Mailed Check,DSL,No,Yes,No,4,1.4,46.39,135.04,0.3503,35.0,Low,No
CUST-03238,24,Female,46,Two Year,Mailed Check,DSL,Yes,No,No,4,4.7,65.01,2863.8,0.02,2.0,Low,No
CUST-03239,44,Female,0,One Year,Electronic Check,DSL,No,Yes,Yes,2,3.0,56.93,54.82,0.3765,37.7,Low,No
CUST-03240,55,Female,51,Month-to-Month,Bank Transfer,No,Yes,No Internet,No Internet,1,3.7,19.95,1004.99,0.3986,39.9,Low,No
CUST-03241,42,Female,0,One Year,Electronic Check,Fiber Optic,No,Yes,No Internet,0,3.3,94.57,97.39,0.6267,62.7,Medium,Yes
CUST-03242,80,Male,34,Two Year,Mailed Check,DSL,Yes,Yes,Yes,2,3.3,61.27,2176.65,0.1211,12.1,Low,No
CUST-03243,18,Female,10,Two Year,Mailed Check,No,Yes,No,No,2,2.8,29.54,302.0,0.1536,15.4,Low,No
CUST-03244,56,Male,32,Two Year,Bank Transfer,Fiber Optic,No,No,Yes,1,1.0,67.47,2109.37,0.4748,47.5,Medium,No
CUST-03245,39,Female,12,Month-to-Month,Credit Card,No,No,No,Yes,1,3.2,18.0,231.09,0.5431,54.3,Medium,No
CUST-03246,52,Female,1,One Year,Credit Card,DSL,No,Yes,No Internet,4,4.4,73.81,145.38,0.2554,25.5,Low,No
CUST-03247,48,Female,35,Two Year,Electronic Check,Fiber Optic,Yes,Yes,No,1,4.3,86.14,3044.77,0.3853,38.5,Low,No
CUST-03248,31,Male,1,One Year,Electronic Check,Fiber Optic,No Internet,Yes,No,6,3.8,94.76,197.64,0.5004,50.0,Medium,No
CUST-03249,45,Male,61,Month-to-Month,Credit Card,DSL,Yes,Yes,No,1,3.1,47.19,2937.2,0.3779,37.8,Low,No
CUST-03250,18,Female,1,Two Year,Mailed Check,DSL,No Internet,No Internet,No Internet,3,3.4,59.31,108.49,0.0887,8.9,Low,No
CUST-03251,50,Female,15,Month-to-Month,Mailed Check,DSL,No,Yes,No Internet,2,4.1,54.26,903.82,0.6481,64.8,Medium,Yes
CUST-03252,46,Female,30,Month-to-Month,Bank Transfer,Fiber Optic,Yes,No,Yes,5,1.5,82.84,2489.67,0.708,70.8,High,Yes
CUST-03253,50,Male,11,Month-to-Month,Bank Transfer,DSL,No,No,No Internet,1,5.0,53.19,630.04,0.5282,52.8,Medium,No
CUST-03254,56,Male,5,One Year,Credit Card,Fiber Optic,No Internet,Yes,No Internet,2,4.3,91.9,564.04,0.3843,38.4,Low,No
CUST-03255,47,Female,34,Month-to-Month,Bank Transfer,Fiber Optic,No,No Internet,No,5,5.0,70.74,2307.52,0.7597,76.0,High,Yes
CUST-03256,44,Male,36,Month-to-Month,Mailed Check,Fiber Optic,Yes,No,No,3,3.5,66.05,2387.12,0.6385,63.9,Medium,Yes
CUST-03257,29,Female,61,One Year,Mailed Check,DSL,No,Yes,Yes,3,2.6,63.09,4024.66,0.2166,21.7,Low,No
CUST-03258,32,Male,11,One Year,Credit Card,Fiber Optic,No,No Internet,Yes,1,3.7,75.01,909.57,0.3287,32.9,Low,No
CUST-03259,58,Female,16,One Year,Bank Transfer,Fiber Optic,No Internet,No,No,4,4.0,89.05,1442.07,0.2611,26.1,Low,No
CUST-03260,62,Female,10,Month-to-Month,Bank Transfer,Fiber Optic,No Internet,No,No Internet,0,5.0,84.09,914.24,0.7143,71.4,High,Yes
CUST-03261,38,Female,7,One Year,Credit Card,Fiber Optic,Yes,No Internet,No Internet,0,2.9,68.89,496.67,0.2358,23.6,Low,No
CUST-03262,42,Male,33,Month-to-Month,Bank Transfer,Fiber Optic,No,No Internet,No,5,2.7,78.38,2417.34,0.7071,70.7,High,Yes
CUST-03263,29,Female,9,Month-to-Month,Mailed Check,DSL,No,No,No,2,4.4,53.98,495.01,0.5509,55.1,Medium,No
CUST-03264,58,Male,13,Month-to-Month,Bank Transfer,DSL,No Internet,Yes,No,3,2.9,44.82,630.1,0.4437,44.4,Medium,No
CUST-03265,51,Female,12,Two Year,Bank Transfer,DSL,No,Yes,No,1,2.5,43.68,563.87,0.283,28.3,Low,No
CUST-03266,69,Male,29,Month-to-Month,Electronic Check,DSL,No Internet,No,Yes,2,2.6,65.39,2035.11,0.4628,46.3,Medium,No
CUST-03267,29,Male,59,Month-to-Month,Mailed Check,Fiber Optic,No,No Internet,No,4,1.0,106.74,6444.64,0.8025,80.2,High,Yes
CUST-03268,36,Male,26,Month-to-Month,Bank Transfer,No,No,Yes,Yes,4,2.4,22.17,576.5,0.5251,52.5,Medium,No
CUST-03269,45,Male,15,Month-to-Month,Mailed Check,Fiber Optic,Yes,Yes,Yes,4,3.7,117.9,1943.07,0.6002,60.0,Medium,No
CUST-03270,51,Female,36,Two Year,Bank Transfer,DSL,No Internet,No Internet,Yes,3,3.2,71.85,2409.65,0.0785,7.9,Low,No
CUST-03271,38,Male,24,Two Year,Mailed Check,No,No,No,No,1,3.7,43.5,980.4,0.1091,10.9,Low,No
CUST-03272,29,Female,1,Month-to-Month,Credit Card,DSL,No Internet,Yes,Yes,2,4.7,64.16,120.31,0.3976,39.8,Low,No
CUST-03273,54,Female,2,Month-to-Month,Electronic Check,Fiber Optic,Yes,Yes,No,8,5.0,120.0,330.89,0.8194,81.9,High,Yes
CUST-03274,52,Male,0,Month-to-Month,Electronic Check,Fiber Optic,No,Yes,No Internet,1,2.9,106.8,100.45,0.9061,90.6,High,Yes
CUST-03275,29,Female,14,One Year,Mailed Check,Fiber Optic,No,No Internet,No Internet,3,1.9,64.95,921.48,0.3815,38.2,Low,No
CUST-03276,60,Male,41,Month-to-Month,Mailed Check,DSL,Yes,No Internet,No,2,2.7,55.71,2265.69,0.4633,46.3,Medium,No
CUST-03277,58,Male,9,Month-to-Month,Mailed Check,DSL,No,Yes,Yes,3,4.0,84.55,838.39,0.5918,59.2,Medium,No
CUST-03278,43,Male,11,Month-to-Month,Electronic Check,DSL,No,No Internet,No,0,5.0,49.1,561.43,0.7038,70.4,High,Yes
CUST-03279,43,Female,57,Month-to-Month,Bank Transfer,Fiber Optic,Yes,Yes,No,2,3.4,88.52,5365.64,0.6843,68.4,Medium,Yes
CUST-03280,49,Male,43,Month-to-Month,Mailed Check,No,Yes,No Internet,No,3,3.7,30.06,1297.84,0.4412,44.1,Medium,No
CUST-03281,29,Female,26,Month-to-Month,Bank Transfer,DSL,No,Yes,No,0,2.9,64.58,1798.47,0.4844,48.4,Medium,No
CUST-03282,42,Female,7,Month-to-Month,Bank Transfer,Fiber Optic,No,No Internet,No,3,3.4,101.08,825.1,0.8337,83.4,High,Yes
CUST-03283,18,Female,2,Month-to-Month,Bank Transfer,Fiber Optic,No,Yes,No Internet,1,4.6,81.22,221.05,0.7814,78.1,High,Yes
CUST-03284,54,Male,0,Two Year,Mailed Check,DSL,No,Yes,No,1,4.1,49.98,48.52,0.1791,17.9,Low,No
CUST-03285,20,Female,2,Month-to-Month,Mailed Check,DSL,Yes,No Internet,Yes,4,3.1,56.64,173.48,0.4315,43.2,Medium,No
CUST-03286,63,Female,8,Month-to-Month,Mailed Check,Fiber Optic,Yes,Yes,No,1,3.5,71.35,665.26,0.6225,62.3,Medium,Yes
CUST-03287,37,Female,19,Two Year,Credit Card,Fiber Optic,No Internet,No Internet,No,3,2.8,78.1,1554.08,0.2779,27.8,Low,No
CUST-03288,39,Female,1,Two Year,Credit Card,DSL,Yes,Yes,Yes,1,4.5,51.97,108.08,0.0892,8.9,Low,No
CUST-03289,33,Female,3,Month-to-Month,Mailed Check,Fiber Optic,No,Yes,No Internet,4,5.0,78.29,313.0,0.7904,79.0,High,Yes
CUST-03290,37,Male,4,One Year,Electronic Check,Fiber Optic,No,No Internet,No,5,2.2,72.02,335.35,0.7361,73.6,High,Yes
CUST-03291,61,Male,23,Month-to-Month,Electronic Check,No,No Internet,No,No,0,2.3,26.9,635.13,0.5981,59.8,Medium,No
CUST-03292,18,Male,22,One Year,Mailed Check,DSL,Yes,No,No,1,2.8,58.95,1374.02,0.1245,12.5,Low,No
CUST-03293,59,Male,19,Two Year,Mailed Check,DSL,No Internet,Yes,No,3,4.1,52.6,1051.96,0.1106,11.1,Low,No
CUST-03294,46,Male,6,Month-to-Month,Bank Transfer,DSL,No,No,No Internet,1,2.7,65.4,417.75,0.5041,50.4,Medium,No
CUST-03295,25,Male,11,Month-to-Month,Electronic Check,DSL,Yes,No,Yes,1,4.2,55.12,618.81,0.5398,54.0,Medium,No
CUST-03296,26,Male,2,Month-to-Month,Bank Transfer,DSL,Yes,No,No,8,1.5,36.95,111.2,0.6738,67.4,Medium,Yes
CUST-03297,65,Female,6,One Year,Credit Card,No,No,No,Yes,5,3.1,19.74,135.31,0.226,22.6,Low,No
CUST-03298,28,Male,54,One Year,Bank Transfer,Fiber Optic,No,No,No Internet,3,3.3,119.54,5947.66,0.3981,39.8,Low,No
CUST-03299,25,Female,72,One Year,Electronic Check,Fiber Optic,No,No Internet,No,3,2.2,98.93,7299.55,0.4689,46.9,Medium,No
CUST-03300,57,Male,25,Month-to-Month,Bank Transfer,Fiber Optic,No Internet,No,No Internet,4,3.0,80.93,1918.83,0.665,66.5,Medium,Yes
CUST-03301,46,Female,59,Month-to-Month,Mailed Check,DSL,No,Yes,No Internet,3,4.4,75.67,4212.05,0.4367,43.7,Medium,No
CUST-03302,28,Female,24,One Year,Credit Card,DSL,No,Yes,No,3,3.0,62.6,1620.83,0.2534,25.3,Low,No
CUST-03303,45,Male,0,Month-to-Month,Mailed Check,Fiber Optic,No,No,Yes,3,3.7,102.6,97.19,0.8241,82.4,High,Yes
CUST-03304,27,Male,72,Month-to-Month,Mailed Check,Fiber Optic,No Internet,Yes,No,1,4.8,94.4,6237.52,0.6322,63.2,Medium,Yes
CUST-03305,57,Male,2,Month-to-Month,Bank Transfer,Fiber Optic,Yes,Yes,Yes,4,2.2,85.69,232.04,0.6721,67.2,Medium,Yes
CUST-03306,56,Male,27,One Year,Mailed Check,Fiber Optic,No,No Internet,No Internet,3,3.5,100.7,2933.32,0.4838,48.4,Medium,No
CUST-03307,49,Female,6,One Year,Bank Transfer,No,No,No Internet,Yes,3,1.0,29.6,198.06,0.2506,25.1,Low,No
CUST-03308,47,Female,11,Two Year,Electronic Check,DSL,Yes,No,No,4,1.7,49.44,589.23,0.2951,29.5,Low,No
CUST-03309,66,Male,24,Month-to-Month,Mailed Check,Fiber Optic,Yes,No,Yes,7,4.0,77.65,1867.65,0.7394,73.9,High,Yes
CUST-03310,41,Male,13,Two Year,Electronic Check,Fiber Optic,Yes,No,Yes,3,2.6,101.93,1330.0,0.6136,61.4,Medium,No
CUST-03311,25,Male,6,One Year,Electronic Check,Fiber Optic,No,No,Yes,3,3.5,89.15,643.8,0.6362,63.6,Medium,Yes
CUST-03312,48,Male,9,Month-to-Month,Bank Transfer,DSL,Yes,No Internet,No,3,1.5,69.65,726.07,0.4478,44.8,Medium,No
CUST-03313,71,Female,10,Month-to-Month,Electronic Check,DSL,No,No,Yes,1,1.0,61.47,708.75,0.7966,79.7,High,Yes
CUST-03314,27,Male,72,Month-to-Month,Electronic Check,No,No,Yes,No,1,2.4,26.53,1755.04,0.7549,75.5,High,Yes
CUST-03315,36,Female,38,Two Year,Bank Transfer,DSL,No,No,No,9,2.6,56.28,1992.01,0.2274,22.7,Low,No
CUST-03316,47,Male,14,Month-to-Month,Bank Transfer,DSL,No,No,No Internet,2,2.8,56.74,875.52,0.5644,56.4,Medium,No
CUST-03317,41,Male,5,Month-to-Month,Electronic Check,No,No,Yes,No Internet,1,4.8,30.0,166.76,0.6587,65.9,Medium,Yes
CUST-03318,28,Female,39,Month-to-Month,Bank Transfer,DSL,No Internet,Yes,No,5,1.0,50.76,1998.42,0.5479,54.8,Medium,No
CUST-03319,57,Male,4,Two Year,Electronic Check,Fiber Optic,No Internet,No,No Internet,2,2.4,89.96,443.94,0.481,48.1,Medium,No
CUST-03320,74,Female,5,Month-to-Month,Electronic Check,DSL,No Internet,No,No,2,2.8,67.75,406.21,0.5971,59.7,Medium,No
CUST-03321,44,Female,10,Month-to-Month,Mailed Check,DSL,Yes,No Internet,No,1,3.0,63.0,627.61,0.4716,47.2,Medium,No
CUST-03322,29,Male,50,Month-to-Month,Electronic Check,DSL,Yes,Yes,No,1,4.3,60.18,2904.34,0.5919,59.2,Medium,No
CUST-03323,20,Male,3,Month-to-Month,Credit Card,Fiber Optic,No,Yes,No,2,3.1,84.95,332.03,0.8037,80.4,High,Yes
CUST-03324,45,Female,3,Month-to-Month,Electronic Check,Fiber Optic,No,Yes,No,4,4.1,89.68,332.23,0.9295,93.0,High,Yes
CUST-03325,57,Female,16,Month-to-Month,Bank Transfer,Fiber Optic,Yes,No,No,1,4.5,97.96,1734.61,0.6066,60.7,Medium,No
CUST-03326,48,Female,7,Two Year,Credit Card,Fiber Optic,Yes,No,No,2,1.7,78.0,639.18,0.466,46.6,Medium,No
CUST-03327,41,Male,20,Two Year,Credit Card,No,No Internet,No Internet,No,5,4.4,22.83,441.51,0.0941,9.4,Low,No
CUST-03328,33,Female,14,One Year,Mailed Check,DSL,No,No,No Internet,6,3.0,62.37,936.14,0.2969,29.7,Low,No
CUST-03329,26,Male,13,Month-to-Month,Credit Card,DSL,No,No Internet,Yes,3,3.3,60.12,809.3,0.5856,58.6,Medium,No
CUST-03330,53,Female,2,One Year,Credit Card,DSL,Yes,Yes,No,2,3.4,54.85,155.78,0.1577,15.8,Low,No
CUST-03331,54,Female,3,Month-to-Month,Electronic Check,DSL,No,Yes,No Internet,4,3.7,55.31,208.77,0.7958,79.6,High,Yes
CUST-03332,20,Male,41,Month-to-Month,Mailed Check,No,No,Yes,Yes,1,1.6,30.71,1289.05,0.6199,62.0,Medium,No
CUST-03333,64,Female,52,Two Year,Electronic Check,Fiber Optic,Yes,No,No Internet,3,1.5,80.46,4415.91,0.5769,57.7,Medium,No
CUST-03334,50,Male,6,Two Year,Bank Transfer,DSL,No Internet,Yes,No Internet,3,2.6,42.61,305.86,0.1529,15.3,Low,No
CUST-03335,61,Female,2,One Year,Bank Transfer,Fiber Optic,No,No,No,1,3.9,69.04,197.25,0.4982,49.8,Medium,No
CUST-03336,23,Male,1,Two Year,Electronic Check,No,No,Yes,No,2,4.6,20.14,40.53,0.3071,30.7,Low,No
CUST-03337,22,Female,22,Two Year,Credit Card,No,No Internet,Yes,No Internet,3,2.5,29.02,653.52,0.1751,17.5,Low,No
CUST-03338,39,Male,30,One Year,Electronic Check,No,No,No,No,3,4.1,28.92,866.09,0.3912,39.1,Low,No
CUST-03339,49,Female,11,One Year,Credit Card,Fiber Optic,No,Yes,Yes,3,3.0,86.16,976.55,0.4226,42.3,Medium,No
CUST-03340,67,Female,27,One Year,Electronic Check,Fiber Optic,Yes,No Internet,No Internet,5,3.6,100.69,2571.74,0.5283,52.8,Medium,No
CUST-03341,51,Male,29,Month-to-Month,Bank Transfer,Fiber Optic,No,No Internet,Yes,4,2.5,93.64,2609.37,0.6972,69.7,Medium,Yes
CUST-03342,38,Male,65,Month-to-Month,Electronic Check,DSL,Yes,Yes,Yes,3,3.4,51.31,3335.53,0.629,62.9,Medium,Yes
CUST-03343,27,Female,1,One Year,Electronic Check,DSL,Yes,No Internet,No Internet,0,2.2,45.0,90.84,0.3595,36.0,Low,No
CUST-03344,59,Male,5,Month-to-Month,Bank Transfer,Fiber Optic,No,No,Yes,4,3.3,70.91,385.26,0.8158,81.6,High,Yes
CUST-03345,28,Female,1,Month-to-Month,Electronic Check,DSL,Yes,No,No,2,4.2,59.17,113.24,0.6065,60.6,Medium,No
CUST-03346,64,Male,48,Month-to-Month,Mailed Check,Fiber Optic,No,Yes,No,2,2.8,75.95,3441.95,0.7815,78.2,High,Yes
CUST-03347,38,Female,37,Month-to-Month,Credit Card,No,No,No,No,1,3.5,26.0,978.43,0.5808,58.1,Medium,No
CUST-03348,64,Male,20,Two Year,Electronic Check,Fiber Optic,No,Yes,Yes,2,3.6,84.32,1823.31,0.6062,60.6,Medium,No
CUST-03349,51,Male,2,One Year,Credit Card,Fiber Optic,Yes,Yes,No,0,4.4,75.39,235.09,0.3605,36.0,Low,No
CUST-03350,40,Male,7,Month-to-Month,Electronic Check,DSL,Yes,Yes,No,6,1.1,55.79,460.95,0.7606,76.1,High,Yes
CUST-03351,34,Male,8,Two Year,Electronic Check,DSL,No,No,Yes,1,4.0,46.88,434.94,0.3273,32.7,Low,No
CUST-03352,37,Male,19,Two Year,Electronic Check,Fiber Optic,No,No,No,3,2.0,83.36,1650.76,0.6945,69.4,Medium,Yes
CUST-03353,47,Male,7,Month-to-Month,Credit Card,No,Yes,No Internet,No,3,1.9,25.41,190.36,0.5368,53.7,Medium,No
CUST-03354,43,Female,1,Two Year,Electronic Check,DSL,No,No,No Internet,1,2.5,65.47,132.52,0.3696,37.0,Low,No
CUST-03355,33,Female,31,Month-to-Month,Credit Card,No,No,No Internet,No,1,2.2,34.36,1109.06,0.5912,59.1,Medium,No
CUST-03356,39,Female,8,Month-to-Month,Credit Card,No,Yes,No,No,4,3.4,29.63,246.67,0.4839,48.4,Medium,No
CUST-03357,43,Male,14,Month-to-Month,Mailed Check,DSL,No,Yes,No,4,2.1,66.2,922.72,0.6346,63.5,Medium,Yes
CUST-03358,18,Female,3,One Year,Bank Transfer,No,No,No,No Internet,6,3.8,18.0,65.98,0.194,19.4,Low,No
CUST-03359,48,Male,38,Month-to-Month,Bank Transfer,No,No Internet,No,No,2,1.0,35.0,1330.61,0.5279,52.8,Medium,No
CUST-03360,28,Female,20,One Year,Mailed Check,No,Yes,No,No,2,4.4,19.61,390.49,0.1725,17.3,Low,No
CUST-03361,25,Male,55,One Year,Electronic Check,No,No,No,No,1,1.5,21.91,1269.93,0.4054,40.5,Medium,No
CUST-03362,18,Male,16,Month-to-Month,Mailed Check,No,No Internet,No,No,2,3.6,23.21,357.28,0.4662,46.6,Medium,No
CUST-03363,18,Male,68,Month-to-Month,Bank Transfer,DSL,No,Yes,Yes,2,2.3,54.08,3539.77,0.5441,54.4,Medium,No
CUST-03364,23,Female,53,Month-to-Month,Bank Transfer,Fiber Optic,No,No,No,1,2.7,82.69,4605.48,0.6716,67.2,Medium,Yes
CUST-03365,32,Male,20,Month-to-Month,Electronic Check,No,Yes,Yes,No,1,2.2,27.75,611.8,0.6673,66.7,Medium,Yes
CUST-03366,69,Female,65,One Year,Electronic Check,DSL,No Internet,Yes,No,0,1.0,67.78,4511.29,0.298,29.8,Low,No
CUST-03367,34,Male,9,One Year,Credit Card,Fiber Optic,No Internet,No,Yes,2,2.7,66.49,688.24,0.3622,36.2,Low,No
CUST-03368,44,Female,10,One Year,Electronic Check,Fiber Optic,No,No,No,2,1.9,84.9,842.77,0.5864,58.6,Medium,No
CUST-03369,47,Female,1,Month-to-Month,Bank Transfer,DSL,Yes,Yes,No,0,1.6,45.45,92.33,0.4748,47.5,Medium,No
CUST-03370,43,Male,21,One Year,Electronic Check,DSL,Yes,No,Yes,0,2.7,67.9,1447.86,0.242,24.2,Low,No
CUST-03371,40,Male,30,Two Year,Credit Card,Fiber Optic,No,No,Yes,3,2.9,98.92,3077.45,0.4167,41.7,Medium,No
CUST-03372,25,Female,35,Two Year,Credit Card,Fiber Optic,Yes,Yes,No,2,3.3,114.67,3981.55,0.262,26.2,Low,No
CUST-03373,62,Female,3,Two Year,Electronic Check,DSL,No,No,No,8,3.7,79.81,314.58,0.5115,51.1,Medium,No
CUST-03374,67,Male,14,One Year,Electronic Check,Fiber Optic,No,Yes,No,3,1.9,86.14,1213.28,0.6785,67.9,Medium,Yes
CUST-03375,18,Female,4,Month-to-Month,Mailed Check,DSL,No Internet,No Internet,No,4,1.7,48.73,240.27,0.5729,57.3,Medium,No
CUST-03376,27,Female,26,One Year,Electronic Check,DSL,Yes,Yes,No,1,4.0,45.78,1166.37,0.2407,24.1,Low,No
CUST-03377,38,Male,4,Two Year,Mailed Check,DSL,No,No,No,5,2.8,67.28,316.9,0.2659,26.6,Low,No
CUST-03378,28,Female,56,Month-to-Month,Bank Transfer,Fiber Optic,No,No Internet,No,5,5.0,95.23,5151.64,0.6853,68.5,Medium,Yes
CUST-03379,49,Male,6,Month-to-Month,Electronic Check,Fiber Optic,No,No Internet,Yes,4,1.0,85.26,555.11,0.9053,90.5,High,Yes
CUST-03380,31,Male,8,Month-to-Month,Mailed Check,DSL,No Internet,No,No,5,3.6,60.61,509.17,0.5009,50.1,Medium,No
CUST-03381,72,Female,45,One Year,Bank Transfer,DSL,Yes,Yes,Yes,1,2.3,46.01,2200.54,0.1094,10.9,Low,No
CUST-03382,58,Male,14,Month-to-Month,Bank Transfer,Fiber Optic,No,Yes,No,2,2.3,66.04,959.07,0.8289,82.9,High,Yes
CUST-03383,44,Male,0,Month-to-Month,Electronic Check,Fiber Optic,No Internet,No,No,2,2.6,83.39,82.73,0.8844,88.4,High,Yes
CUST-03384,56,Female,16,Two Year,Bank Transfer,No,No,No,No,1,4.7,18.0,301.64,0.1915,19.2,Low,No
CUST-03385,57,Female,2,One Year,Bank Transfer,No,No,No Internet,Yes,2,1.4,30.38,85.65,0.1795,18.0,Low,No
CUST-03386,34,Female,72,Month-to-Month,Bank Transfer,DSL,Yes,Yes,Yes,0,1.3,66.6,4375.75,0.4633,46.3,Medium,No
CUST-03387,30,Female,21,Month-to-Month,Electronic Check,Fiber Optic,No,No,Yes,1,3.9,100.72,2028.93,0.8967,89.7,High,Yes
CUST-03388,43,Female,7,Month-to-Month,Electronic Check,Fiber Optic,No,No,No,5,5.0,104.14,853.63,0.7873,78.7,High,Yes
CUST-03389,54,Male,19,Month-to-Month,Credit Card,Fiber Optic,Yes,No Internet,No,3,2.4,79.32,1453.78,0.7636,76.4,High,Yes
CUST-03390,43,Male,1,Month-to-Month,Credit Card,Fiber Optic,No,Yes,Yes,4,4.4,97.5,181.55,0.7736,77.4,High,Yes
CUST-03391,19,Female,38,Month-to-Month,Bank Transfer,DSL,No Internet,No Internet,No,3,4.2,61.82,2500.0,0.4518,45.2,Medium,No
CUST-03392,30,Male,62,One Year,Electronic Check,DSL,No Internet,No,No,2,3.5,60.88,3916.65,0.3906,39.1,Low,No
CUST-03393,40,Female,49,One Year,Bank Transfer,Fiber Optic,No,No Internet,No,1,3.4,81.97,3721.4,0.322,32.2,Low,No
CUST-03394,40,Female,10,Month-to-Month,Credit Card,No,No,No,No,6,2.8,25.76,282.37,0.6151,61.5,Medium,No
CUST-03395,69,Male,9,Month-to-Month,Mailed Check,DSL,No Internet,No,No,4,4.2,66.02,645.25,0.4698,47.0,Medium,No
CUST-03396,22,Female,0,Two Year,Electronic Check,DSL,No,Yes,No Internet,0,3.9,58.57,55.92,0.2895,29.0,Low,No
CUST-03397,49,Female,25,Month-to-Month,Bank Transfer,No,No,No Internet,Yes,2,2.6,31.61,801.02,0.6659,66.6,Medium,Yes
CUST-03398,62,Male,18,Month-to-Month,Credit Card,DSL,No,No,Yes,4,1.5,62.79,1100.74,0.5298,53.0,Medium,No
CUST-03399,73,Female,14,One Year,Electronic Check,No,No,No,No,0,2.3,29.21,457.09,0.4282,42.8,Medium,No
CUST-03400,36,Male,57,One Year,Bank Transfer,Fiber Optic,Yes,Yes,No,2,2.0,95.36,5120.07,0.303,30.3,Low,No
CUST-03401,48,Male,4,Month-to-Month,Bank Transfer,Fiber Optic,Yes,No,No Internet,1,3.1,71.44,331.45,0.6723,67.2,Medium,Yes
CUST-03402,49,Female,0,One Year,Bank Transfer,DSL,No,Yes,Yes,2,3.7,59.34,56.69,0.2497,25.0,Low,No
CUST-03403,44,Female,1,One Year,Bank Transfer,DSL,No,Yes,Yes,0,3.6,63.32,118.01,0.2371,23.7,Low,No
CUST-03404,40,Female,6,Two Year,Bank Transfer,Fiber Optic,No Internet,Yes,No,2,3.7,97.37,645.42,0.3809,38.1,Low,No
CUST-03405,48,Female,0,Month-to-Month,Electronic Check,DSL,No,Yes,Yes,3,3.4,50.99,46.2,0.7676,76.8,High,Yes
CUST-03406,18,Female,16,One Year,Electronic Check,Fiber Optic,Yes,No,No,4,3.2,91.0,1534.84,0.556,55.6,Medium,No
CUST-03407,51,Male,9,Month-to-Month,Bank Transfer,DSL,No,Yes,No Internet,3,3.1,48.7,455.91,0.5129,51.3,Medium,No
CUST-03408,43,Female,4,One Year,Electronic Check,DSL,Yes,Yes,Yes,1,4.6,58.17,304.13,0.2643,26.4,Low,No
CUST-03409,38,Female,33,One Year,Bank Transfer,DSL,Yes,Yes,No,2,2.7,51.62,1609.64,0.0933,9.3,Low,No
CUST-03410,70,Male,5,Month-to-Month,Bank Transfer,DSL,Yes,No,No,2,3.0,63.89,349.45,0.5263,52.6,Medium,No
CUST-03411,32,Male,27,Two Year,Electronic Check,No,No,No,No,3,1.0,18.0,466.77,0.4294,42.9,Medium,No
CUST-03412,36,Female,10,Month-to-Month,Bank Transfer,Fiber Optic,Yes,Yes,Yes,5,2.6,52.71,569.01,0.756,75.6,High,Yes
CUST-03413,69,Female,17,Month-to-Month,Mailed Check,No,Yes,No,Yes,3,2.9,18.0,327.93,0.464,46.4,Medium,No
CUST-03414,30,Female,65,Month-to-Month,Electronic Check,Fiber Optic,No,No,Yes,1,4.5,72.86,4731.14,0.7896,79.0,High,Yes
CUST-03415,34,Female,0,One Year,Mailed Check,DSL,Yes,No Internet,No Internet,2,1.7,43.3,44.56,0.2538,25.4,Low,No
CUST-03416,39,Female,16,Month-to-Month,Credit Card,DSL,Yes,Yes,No,3,3.1,52.63,884.9,0.4475,44.8,Medium,No
CUST-03417,53,Female,46,Two Year,Mailed Check,No,No Internet,No Internet,No,5,3.0,18.0,778.99,0.1027,10.3,Low,No
CUST-03418,44,Female,21,Two Year,Bank Transfer,DSL,No,Yes,Yes,2,3.9,61.25,1250.28,0.1316,13.2,Low,No
CUST-03419,23,Male,7,Two Year,Electronic Check,No,Yes,No,Yes,2,2.7,18.0,137.32,0.257,25.7,Low,No
CUST-03420,34,Female,12,Month-to-Month,Electronic Check,Fiber Optic,Yes,No,No,2,3.9,85.98,1160.22,0.7199,72.0,High,Yes
CUST-03421,33,Female,27,One Year,Electronic Check,No,No,Yes,No,3,3.5,29.49,800.13,0.3735,37.4,Low,No
CUST-03422,40,Female,53,Month-to-Month,Bank Transfer,Fiber Optic,No,No,No,5,2.4,86.61,4822.5,0.7968,79.7,High,Yes
CUST-03423,47,Female,1,Two Year,Mailed Check,Fiber Optic,Yes,No,No,2,2.0,85.2,155.27,0.2578,25.8,Low,No
CUST-03424,47,Male,1,One Year,Electronic Check,Fiber Optic,Yes,No,No,1,5.0,77.52,155.51,0.4818,48.2,Medium,No
CUST-03425,18,Male,9,Month-to-Month,Bank Transfer,DSL,No Internet,No,Yes,2,2.6,55.97,542.96,0.4465,44.7,Medium,No
CUST-03426,56,Male,6,One Year,Electronic Check,DSL,No,Yes,No,1,1.3,50.68,328.49,0.3904,39.0,Low,No
CUST-03427,45,Male,7,Month-to-Month,Electronic Check,Fiber Optic,No,No Internet,Yes,3,2.7,93.49,682.28,0.8031,80.3,High,Yes
CUST-03428,61,Male,6,Month-to-Month,Mailed Check,Fiber Optic,Yes,No Internet,No,5,2.5,115.85,768.21,0.8218,82.2,High,Yes
CUST-03429,48,Female,5,Month-to-Month,Electronic Check,DSL,Yes,No,No,3,1.9,58.43,358.68,0.7092,70.9,High,Yes
CUST-03430,57,Male,3,Two Year,Bank Transfer,No,No,No,Yes,1,3.2,43.51,173.36,0.2133,21.3,Low,No
CUST-03431,48,Male,65,Two Year,Electronic Check,DSL,No Internet,Yes,No,0,3.4,54.32,3475.11,0.1585,15.9,Low,No
CUST-03432,60,Female,3,One Year,Mailed Check,DSL,Yes,No,No Internet,0,1.0,61.62,253.09,0.194,19.4,Low,No
CUST-03433,49,Female,5,Two Year,Credit Card,DSL,No Internet,No,Yes,4,3.3,65.4,363.82,0.2251,22.5,Low,No
CUST-03434,40,Male,6,Month-to-Month,Credit Card,DSL,Yes,No,No,1,4.0,53.97,355.82,0.4439,44.4,Medium,No
CUST-03435,73,Female,64,Two Year,Credit Card,No,No,Yes,No,3,2.1,28.33,1810.35,0.1717,17.2,Low,No
CUST-03436,54,Female,33,Month-to-Month,Credit Card,DSL,Yes,No Internet,Yes,1,1.7,38.45,1292.19,0.5218,52.2,Medium,No
CUST-03437,50,Male,37,One Year,Mailed Check,Fiber Optic,No,No Internet,No,3,2.1,105.8,3811.9,0.4555,45.6,Medium,No
CUST-03438,24,Male,2,One Year,Bank Transfer,No,No,No Internet,No,0,2.6,28.44,83.24,0.2755,27.5,Low,No
CUST-03439,23,Female,43,Month-to-Month,Mailed Check,No,No,Yes,No,3,3.1,18.0,727.05,0.4341,43.4,Medium,No
CUST-03440,46,Female,12,Month-to-Month,Bank Transfer,Fiber Optic,No,Yes,No Internet,2,1.9,76.57,897.52,0.6893,68.9,Medium,Yes
CUST-03441,44,Female,7,Month-to-Month,Mailed Check,DSL,No,No,No,3,2.7,81.46,674.99,0.5588,55.9,Medium,No
CUST-03442,33,Male,20,Two Year,Electronic Check,No,No,No Internet,No,5,2.9,33.45,678.73,0.3943,39.4,Low,No
CUST-03443,43,Male,41,Month-to-Month,Credit Card,DSL,Yes,No Internet,No,3,3.3,42.44,1666.01,0.4826,48.3,Medium,No
CUST-03444,64,Female,36,Month-to-Month,Bank Transfer,Fiber Optic,No,Yes,Yes,1,1.6,78.01,2740.53,0.8214,82.1,High,Yes
CUST-03445,51,Male,52,One Year,Credit Card,DSL,Yes,No,No Internet,0,2.3,51.62,2674.71,0.2183,21.8,Low,No
CUST-03446,26,Male,63,Month-to-Month,Electronic Check,Fiber Optic,No,No,No,2,2.3,110.26,7352.79,0.8668,86.7,High,Yes
CUST-03447,40,Female,6,Month-to-Month,Electronic Check,Fiber Optic,No Internet,Yes,No,1,4.9,71.17,502.25,0.7891,78.9,High,Yes
CUST-03448,30,Male,13,One Year,Electronic Check,No,Yes,No,No,2,4.3,35.36,515.94,0.2278,22.8,Low,No
CUST-03449,36,Female,0,Month-to-Month,Mailed Check,DSL,No Internet,Yes,No,3,3.0,46.94,43.04,0.5157,51.6,Medium,No
CUST-03450,36,Female,50,One Year,Electronic Check,No,No Internet,No,Yes,1,1.4,33.34,1575.78,0.3051,30.5,Low,No
CUST-03451,35,Male,4,Month-to-Month,Mailed Check,No,No,No Internet,Yes,3,4.0,30.47,145.41,0.5277,52.8,Medium,No
CUST-03452,24,Female,47,Month-to-Month,Electronic Check,DSL,Yes,No Internet,Yes,1,4.4,66.62,2995.17,0.5638,56.4,Medium,No
CUST-03453,40,Male,9,One Year,Electronic Check,No,No,No,No,4,3.0,31.17,325.28,0.3486,34.9,Low,No
CUST-03454,34,Female,11,Month-to-Month,Bank Transfer,Fiber Optic,No Internet,Yes,Yes,6,2.5,101.84,1131.25,0.6876,68.8,Medium,Yes
CUST-03455,18,Male,0,Two Year,Credit Card,DSL,Yes,No,No,4,2.3,55.2,51.09,0.2189,21.9,Low,No
CUST-03456,70,Male,9,Two Year,Electronic Check,DSL,No Internet,No Internet,No,4,3.8,65.75,639.84,0.2951,29.5,Low,No
CUST-03457,57,Female,52,Month-to-Month,Mailed Check,DSL,No Internet,No,Yes,3,3.8,40.84,2174.33,0.3755,37.6,Low,No
CUST-03458,36,Male,0,Month-to-Month,Electronic Check,Fiber Optic,No,No,No,2,1.9,80.08,76.63,0.9374,93.7,High,Yes
CUST-03459,42,Female,12,Month-to-Month,Electronic Check,Fiber Optic,No Internet,No Internet,No,3,2.1,77.23,910.18,0.7969,79.7,High,Yes
CUST-03460,25,Male,0,Month-to-Month,Bank Transfer,Fiber Optic,No,No Internet,No,2,1.9,69.9,70.94,0.8156,81.6,High,Yes
CUST-03461,65,Male,11,Month-to-Month,Bank Transfer,DSL,No,No Internet,Yes,0,5.0,61.14,764.36,0.4864,48.6,Medium,No
CUST-03462,68,Female,4,Two Year,Credit Card,No,No,No Internet,Yes,2,3.4,20.67,105.58,0.2682,26.8,Low,No
CUST-03463,44,Male,6,Month-to-Month,Mailed Check,No,Yes,No,No Internet,4,4.3,26.42,189.75,0.4659,46.6,Medium,No
CUST-03464,56,Male,50,Month-to-Month,Credit Card,Fiber Optic,No,No Internet,Yes,3,3.2,84.92,4448.66,0.7771,77.7,High,Yes
CUST-03465,44,Female,13,Month-to-Month,Electronic Check,Fiber Optic,Yes,No,No,5,3.5,73.7,1046.17,0.97,97.0,High,Yes
CUST-03466,23,Female,7,Month-to-Month,Electronic Check,Fiber Optic,No,Yes,No,2,2.7,102.02,833.15,0.9287,92.9,High,Yes
CUST-03467,36,Female,21,One Year,Electronic Check,Fiber Optic,No Internet,No,Yes,4,4.7,67.63,1356.18,0.4549,45.5,Medium,No
CUST-03468,43,Female,3,Month-to-Month,Credit Card,No,Yes,No,No,3,3.4,33.21,120.64,0.4692,46.9,Medium,No
CUST-03469,35,Male,7,Month-to-Month,Electronic Check,No,No,Yes,No Internet,1,3.0,18.0,131.23,0.7641,76.4,High,Yes
CUST-03470,38,Female,18,Month-to-Month,Electronic Check,Fiber Optic,No,No Internet,No Internet,3,1.0,86.87,1631.93,0.8781,87.8,High,Yes
CUST-03471,40,Male,6,Two Year,Bank Transfer,Fiber Optic,Yes,Yes,No,1,3.6,81.05,531.15,0.349,34.9,Low,No
CUST-03472,40,Female,27,Month-to-Month,Electronic Check,Fiber Optic,No Internet,No Internet,No,3,3.6,103.24,2613.86,0.728,72.8,High,Yes
CUST-03473,42,Male,16,Two Year,Electronic Check,Fiber Optic,No,Yes,No,0,4.4,90.29,1399.07,0.5622,56.2,Medium,No
CUST-03474,27,Female,35,Month-to-Month,Electronic Check,No,No,Yes,No,7,2.7,35.94,1177.76,0.7704,77.0,High,Yes
CUST-03475,31,Female,71,Two Year,Electronic Check,DSL,Yes,No,No,3,2.3,45.93,3287.54,0.2517,25.2,Low,No
CUST-03476,24,Female,2,One Year,Bank Transfer,DSL,Yes,No,No Internet,3,5.0,58.7,162.26,0.0769,7.7,Low,No
CUST-03477,55,Female,9,Month-to-Month,Mailed Check,DSL,Yes,Yes,Yes,3,1.5,56.71,582.33,0.5633,56.3,Medium,No
CUST-03478,18,Female,9,Two Year,Electronic Check,Fiber Optic,Yes,No Internet,No,1,2.2,73.56,771.57,0.5649,56.5,Medium,No
CUST-03479,58,Female,3,One Year,Electronic Check,Fiber Optic,No,No,No,3,4.8,86.28,333.45,0.576,57.6,Medium,No
CUST-03480,61,Male,39,Month-to-Month,Credit Card,Fiber Optic,No,No,No,1,4.1,72.58,2847.01,0.7052,70.5,High,Yes
CUST-03481,37,Male,34,Month-to-Month,Mailed Check,DSL,Yes,Yes,Yes,3,2.8,42.69,1402.99,0.4593,45.9,Medium,No
CUST-03482,18,Male,15,One Year,Bank Transfer,No,Yes,No,Yes,4,2.8,18.0,287.52,0.1216,12.2,Low,No
CUST-03483,36,Male,18,One Year,Mailed Check,DSL,No,No Internet,No,2,2.9,54.5,1074.07,0.3026,30.3,Low,No
CUST-03484,41,Female,1,One Year,Electronic Check,Fiber Optic,No Internet,Yes,No,0,4.1,99.4,184.31,0.4765,47.6,Medium,No
CUST-03485,27,Female,19,One Year,Credit Card,DSL,No,Yes,No,3,4.1,53.16,1108.89,0.1142,11.4,Low,No
CUST-03486,34,Female,37,One Year,Mailed Check,Fiber Optic,Yes,No,No,1,3.8,93.84,3327.73,0.4218,42.2,Medium,No
CUST-03487,63,Female,20,One Year,Electronic Check,Fiber Optic,No Internet,No Internet,No,4,4.0,85.06,1678.89,0.5148,51.5,Medium,No
CUST-03488,51,Female,7,One Year,Mailed Check,DSL,No Internet,No,No,2,3.8,50.06,415.19,0.1955,19.6,Low,No
CUST-03489,29,Male,26,Month-to-Month,Electronic Check,DSL,No,No,Yes,2,1.0,51.05,1363.2,0.7756,77.6,High,Yes
CUST-03490,19,Male,10,Two Year,Electronic Check,No,No,No,Yes,1,3.6,32.97,328.13,0.3543,35.4,Low,No
CUST-03491,37,Male,18,Month-to-Month,Credit Card,DSL,No,No Internet,No Internet,5,2.8,94.16,1825.61,0.5641,56.4,Medium,No
CUST-03492,39,Male,16,Month-to-Month,Credit Card,Fiber Optic,No Internet,Yes,No,3,5.0,80.69,1366.67,0.7752,77.5,High,Yes
CUST-03493,48,Female,11,One Year,Electronic Check,Fiber Optic,No,Yes,Yes,1,1.6,55.61,674.97,0.6183,61.8,Medium,No
CUST-03494,34,Female,30,Month-to-Month,Mailed Check,Fiber Optic,No Internet,Yes,Yes,4,1.8,95.83,2745.74,0.7091,70.9,High,Yes
CUST-03495,49,Female,51,Month-to-Month,Bank Transfer,Fiber Optic,Yes,Yes,No,4,3.3,86.71,4648.43,0.6679,66.8,Medium,Yes
CUST-03496,69,Female,0,Month-to-Month,Electronic Check,Fiber Optic,No,Yes,No,0,1.9,61.12,62.19,0.8752,87.5,High,Yes
CUST-03497,53,Female,65,One Year,Bank Transfer,DSL,No,Yes,No Internet,0,5.0,65.62,4519.81,0.1326,13.3,Low,No
CUST-03498,41,Male,17,Two Year,Bank Transfer,Fiber Optic,No,No,No,3,3.8,90.56,1567.03,0.4214,42.1,Medium,No
CUST-03499,39,Female,28,One Year,Bank Transfer,No,No,Yes,Yes,0,2.6,23.46,665.2,0.1629,16.3,Low,No
CUST-03500,37,Male,46,Month-to-Month,Bank Transfer,DSL,No Internet,No,No,2,3.6,57.16,2700.65,0.4272,42.7,Medium,No
CUST-03501,58,Male,15,Month-to-Month,Bank Transfer,Fiber Optic,No,No Internet,Yes,4,3.4,84.2,1233.58,0.833,83.3,High,Yes
CUST-03502,33,Male,43,Month-to-Month,Credit Card,Fiber Optic,No,Yes,No,1,2.5,119.6,4902.22,0.6997,70.0,High,Yes
CUST-03503,42,Male,4,Month-to-Month,Mailed Check,DSL,No,No,Yes,3,1.8,43.12,203.36,0.7251,72.5,High,Yes
CUST-03504,42,Male,4,Month-to-Month,Credit Card,DSL,No,Yes,No,4,2.0,42.34,220.54,0.5174,51.7,Medium,No
CUST-03505,34,Male,25,Month-to-Month,Electronic Check,Fiber Optic,No,No,No Internet,4,2.7,85.81,2008.41,0.8842,88.4,High,Yes
CUST-03506,22,Female,48,Month-to-Month,Electronic Check,No,No,No,No,1,4.3,22.69,1166.39,0.6305,63.1,Medium,Yes
CUST-03507,46,Female,53,Month-to-Month,Electronic Check,Fiber Optic,No,No Internet,Yes,1,3.9,94.95,4918.81,0.8645,86.5,High,Yes
CUST-03508,41,Male,24,One Year,Bank Transfer,No,Yes,No,No,4,5.0,18.0,448.76,0.1331,13.3,Low,No
CUST-03509,49,Male,17,Two Year,Electronic Check,Fiber Optic,Yes,No Internet,No,2,2.3,95.17,1647.3,0.4888,48.9,Medium,No
CUST-03510,34,Female,9,Two Year,Credit Card,DSL,No Internet,No,No Internet,6,1.9,49.16,500.26,0.239,23.9,Low,No
CUST-03511,59,Male,72,One Year,Bank Transfer,DSL,Yes,Yes,No Internet,2,3.0,64.32,4895.32,0.1665,16.6,Low,No
CUST-03512,29,Female,9,Month-to-Month,Electronic Check,DSL,Yes,Yes,Yes,2,3.7,72.37,699.94,0.6269,62.7,Medium,Yes
CUST-03513,65,Female,32,One Year,Bank Transfer,Fiber Optic,No,No,No Internet,3,3.7,91.97,2813.54,0.3872,38.7,Low,No
CUST-03514,18,Male,18,Month-to-Month,Credit Card,Fiber Optic,Yes,No Internet,Yes,2,3.6,90.75,1609.26,0.7664,76.6,High,Yes
CUST-03515,48,Male,22,One Year,Bank Transfer,DSL,No,Yes,Yes,1,3.4,49.92,1079.12,0.3204,32.0,Low,No
CUST-03516,48,Male,12,One Year,Electronic Check,No,Yes,Yes,Yes,3,2.6,25.67,311.43,0.2548,25.5,Low,No
CUST-03517,30,Male,72,One Year,Credit Card,DSL,Yes,No Internet,Yes,5,2.7,63.72,4195.64,0.2366,23.7,Low,No
CUST-03518,47,Male,20,Two Year,Bank Transfer,Fiber Optic,No Internet,Yes,No Internet,0,4.9,95.51,2064.45,0.3169,31.7,Low,No
CUST-03519,59,Female,66,One Year,Mailed Check,Fiber Optic,No,No,No,0,1.9,92.29,6196.66,0.4429,44.3,Medium,No
CUST-03520,18,Male,0,One Year,Electronic Check,DSL,Yes,Yes,No,3,3.5,52.59,51.4,0.2068,20.7,Low,No
CUST-03521,49,Female,20,Month-to-Month,Mailed Check,Fiber Optic,No,Yes,No Internet,4,4.5,91.64,1774.41,0.7634,76.3,High,Yes
CUST-03522,18,Female,30,Two Year,Credit Card,Fiber Optic,No,No,No,0,2.1,70.27,1973.84,0.5001,50.0,Medium,No
CUST-03523,28,Male,32,Month-to-Month,Electronic Check,DSL,No,No,Yes,5,2.1,52.57,1661.42,0.706,70.6,High,Yes
CUST-03524,64,Male,56,Two Year,Electronic Check,DSL,No,Yes,No,1,3.5,38.61,1982.45,0.3359,33.6,Low,No
CUST-03525,33,Male,0,Month-to-Month,Credit Card,Fiber Optic,Yes,No,No Internet,3,3.7,82.34,74.81,0.6635,66.3,Medium,Yes
CUST-03526,25,Male,0,Month-to-Month,Electronic Check,Fiber Optic,No,Yes,No Internet,2,2.9,61.98,56.46,0.963,96.3,High,Yes
CUST-03527,39,Female,15,Two Year,Credit Card,DSL,No,No,No,4,3.7,73.22,1197.73,0.3144,31.4,Low,No
CUST-03528,70,Male,0,Month-to-Month,Electronic Check,Fiber Optic,Yes,Yes,No Internet,1,1.4,86.98,87.76,0.8978,89.8,High,Yes
CUST-03529,18,Female,72,Two Year,Mailed Check,No,No,No,No Internet,4,2.5,27.86,1924.82,0.2154,21.5,Low,No
CUST-03530,27,Male,6,Month-to-Month,Electronic Check,Fiber Optic,No,No Internet,Yes,3,4.5,81.2,537.47,0.8613,86.1,High,Yes
CUST-03531,62,Male,15,Two Year,Credit Card,Fiber Optic,No,Yes,No,1,1.2,114.62,1745.25,0.4638,46.4,Medium,No
CUST-03532,68,Female,1,One Year,Bank Transfer,DSL,No,Yes,Yes,0,5.0,57.47,113.2,0.1584,15.8,Low,No
CUST-03533,40,Female,17,One Year,Credit Card,DSL,No Internet,No Internet,No,2,3.1,55.6,1029.84,0.1507,15.1,Low,No
CUST-03534,24,Male,11,Month-to-Month,Bank Transfer,Fiber Optic,No Internet,No,No Internet,4,5.0,89.71,1045.9,0.7203,72.0,High,Yes
CUST-03535,71,Male,1,Month-to-Month,Electronic Check,Fiber Optic,No,No,No,2,4.5,75.46,139.19,0.8284,82.8,High,Yes
CUST-03536,64,Female,9,Two Year,Electronic Check,Fiber Optic,No,Yes,No,2,3.4,99.47,918.89,0.6572,65.7,Medium,Yes
CUST-03537,51,Male,11,Month-to-Month,Mailed Check,DSL,No,No Internet,No Internet,6,3.5,54.08,589.61,0.7606,76.1,High,Yes
CUST-03538,30,Male,72,Month-to-Month,Bank Transfer,Fiber Optic,Yes,No Internet,Yes,1,5.0,109.24,8062.68,0.5934,59.3,Medium,No
CUST-03539,41,Female,5,One Year,Credit Card,DSL,No,Yes,Yes,2,2.0,60.07,345.96,0.2836,28.4,Low,No
CUST-03540,39,Male,18,Month-to-Month,Mailed Check,DSL,No,No,Yes,2,3.1,37.18,733.05,0.4643,46.4,Medium,No
CUST-03541,46,Female,72,Month-to-Month,Bank Transfer,DSL,No,No Internet,No,6,2.5,46.77,3231.59,0.6034,60.3,Medium,No
CUST-03542,62,Female,37,Month-to-Month,Credit Card,No,Yes,No,No Internet,3,2.3,18.0,697.51,0.4615,46.2,Medium,No
CUST-03543,54,Female,72,Month-to-Month,Electronic Check,DSL,Yes,No,No,4,4.5,60.34,4291.54,0.6408,64.1,Medium,Yes
CUST-03544,26,Female,72,Two Year,Credit Card,Fiber Optic,No,Yes,No Internet,3,3.6,76.32,5723.45,0.4621,46.2,Medium,No
CUST-03545,61,Female,16,Month-to-Month,Mailed Check,Fiber Optic,Yes,Yes,No,2,3.6,108.02,1807.31,0.6955,69.6,Medium,Yes
CUST-03546,46,Female,28,Two Year,Bank Transfer,Fiber Optic,No,No Internet,No,3,3.6,81.41,2192.93,0.3819,38.2,Low,No
CUST-03547,51,Female,2,Month-to-Month,Electronic Check,DSL,No,No,No,5,4.1,72.51,221.92,0.7083,70.8,High,Yes
CUST-03548,62,Male,13,Month-to-Month,Electronic Check,DSL,Yes,No,No Internet,4,3.0,57.98,731.24,0.5792,57.9,Medium,No
CUST-03549,26,Male,39,One Year,Electronic Check,Fiber Optic,No,Yes,Yes,3,4.4,83.7,3266.47,0.5472,54.7,Medium,No
CUST-03550,41,Female,16,Month-to-Month,Credit Card,No,No,No,Yes,4,3.1,23.79,375.87,0.5534,55.3,Medium,No
CUST-03551,34,Female,29,One Year,Credit Card,DSL,No,No Internet,Yes,2,3.2,44.05,1256.36,0.2765,27.7,Low,No
CUST-03552,20,Male,32,Two Year,Electronic Check,DSL,Yes,No,No Internet,2,2.8,51.05,1619.56,0.3521,35.2,Low,No
CUST-03553,46,Female,7,Month-to-Month,Credit Card,Fiber Optic,Yes,No Internet,No Internet,1,3.0,73.03,574.89,0.7953,79.5,High,Yes
CUST-03554,77,Male,50,One Year,Bank Transfer,Fiber Optic,No Internet,Yes,No,3,3.5,63.74,3098.55,0.2742,27.4,Low,No
CUST-03555,18,Female,14,Month-to-Month,Credit Card,DSL,No,No,No Internet,3,3.2,53.44,798.97,0.5308,53.1,Medium,No
CUST-03556,41,Female,5,Month-to-Month,Electronic Check,Fiber Optic,No,No,No,1,2.3,99.87,556.15,0.8364,83.6,High,Yes
CUST-03557,50,Female,48,Month-to-Month,Mailed Check,DSL,Yes,Yes,No,2,2.9,60.93,3040.76,0.5203,52.0,Medium,No
CUST-03558,43,Male,12,Two Year,Bank Transfer,No,Yes,Yes,No Internet,2,2.8,25.51,328.41,0.2038,20.4,Low,No
CUST-03559,40,Female,33,Month-to-Month,Electronic Check,DSL,No,Yes,No,2,3.0,57.71,1869.46,0.8033,80.3,High,Yes
CUST-03560,23,Male,19,Two Year,Mailed Check,DSL,No Internet,No Internet,No,4,1.1,71.0,1391.29,0.2324,23.2,Low,No
CUST-03561,45,Male,11,Month-to-Month,Mailed Check,DSL,No Internet,No,Yes,2,4.0,66.92,771.4,0.4972,49.7,Medium,No
CUST-03562,31,Male,39,Month-to-Month,Electronic Check,Fiber Optic,No Internet,No,Yes,2,3.0,81.49,3361.42,0.8026,80.3,High,Yes
CUST-03563,18,Female,21,Month-to-Month,Electronic Check,No,Yes,Yes,No,4,3.5,21.38,461.87,0.656,65.6,Medium,Yes
CUST-03564,58,Male,11,Two Year,Credit Card,No,No Internet,No Internet,Yes,3,3.7,26.53,324.18,0.1219,12.2,Low,No
CUST-03565,55,Male,2,One Year,Electronic Check,DSL,No Internet,Yes,No,3,2.0,46.99,143.68,0.3383,33.8,Low,No
CUST-03566,42,Female,54,Month-to-Month,Electronic Check,Fiber Optic,Yes,No,No,5,3.9,86.55,4808.29,0.7853,78.5,High,Yes
CUST-03567,45,Female,0,Two Year,Mailed Check,Fiber Optic,No,No Internet,No,5,2.0,98.19,99.43,0.5596,56.0,Medium,No
CUST-03568,57,Female,47,Month-to-Month,Bank Transfer,Fiber Optic,No,Yes,No,3,3.5,93.08,4171.53,0.7558,75.6,High,Yes
CUST-03569,45,Female,10,Two Year,Bank Transfer,DSL,Yes,No,No Internet,2,1.2,64.21,727.96,0.2153,21.5,Low,No
CUST-03570,54,Male,24,Two Year,Bank Transfer,Fiber Optic,No,Yes,Yes,4,1.0,105.29,2648.49,0.5801,58.0,Medium,No
CUST-03571,37,Female,61,One Year,Electronic Check,DSL,No Internet,Yes,No,4,4.2,52.13,2935.01,0.2533,25.3,Low,No
CUST-03572,60,Female,3,Two Year,Mailed Check,DSL,No Internet,No,No Internet,4,3.8,55.0,219.37,0.1547,15.5,Low,No
CUST-03573,46,Male,20,Month-to-Month,Bank Transfer,Fiber Optic,No Internet,Yes,Yes,2,3.0,64.81,1323.31,0.6436,64.4,Medium,Yes
CUST-03574,44,Male,34,One Year,Credit Card,DSL,No,No,Yes,1,3.1,51.7,1667.2,0.1725,17.2,Low,No
CUST-03575,24,Male,34,One Year,Bank Transfer,Fiber Optic,No,Yes,No,3,1.4,77.8,2643.93,0.4332,43.3,Medium,No
CUST-03576,46,Male,17,Month-to-Month,Electronic Check,No,No,No,No,1,3.1,18.64,348.39,0.775,77.5,High,Yes
CUST-03577,30,Female,23,One Year,Mailed Check,Fiber Optic,No,Yes,Yes,1,3.2,112.2,2777.36,0.4109,41.1,Medium,No
CUST-03578,33,Female,34,Month-to-Month,Electronic Check,Fiber Optic,Yes,No,No,2,2.6,108.9,3479.73,0.8856,88.6,High,Yes
CUST-03579,30,Female,44,Month-to-Month,Bank Transfer,Fiber Optic,No,Yes,No,3,2.9,96.17,4180.84,0.7734,77.3,High,Yes
CUST-03580,27,Female,34,Month-to-Month,Electronic Check,No,Yes,No Internet,No,1,2.0,24.77,846.52,0.6863,68.6,Medium,Yes
CUST-03581,71,Male,10,Month-to-Month,Electronic Check,DSL,Yes,No,No,1,1.5,75.22,830.45,0.682,68.2,Medium,Yes
CUST-03582,60,Female,72,Month-to-Month,Mailed Check,Fiber Optic,Yes,No,No,3,3.3,92.13,6826.3,0.6511,65.1,Medium,Yes
CUST-03583,68,Male,13,Two Year,Mailed Check,Fiber Optic,No Internet,No Internet,No,7,1.7,87.14,1249.57,0.5056,50.6,Medium,No
CUST-03584,24,Female,0,Month-to-Month,Mailed Check,DSL,Yes,Yes,No,1,3.6,38.96,38.55,0.4268,42.7,Medium,No
CUST-03585,42,Male,10,One Year,Mailed Check,Fiber Optic,No,Yes,No,7,3.5,78.4,890.28,0.5042,50.4,Medium,No
CUST-03586,23,Female,3,Month-to-Month,Bank Transfer,No,No Internet,Yes,No,2,4.2,23.33,91.78,0.4876,48.8,Medium,No
CUST-03587,32,Male,3,Month-to-Month,Mailed Check,No,No,No,No Internet,1,3.5,31.3,113.11,0.4397,44.0,Medium,No
CUST-03588,29,Male,7,Month-to-Month,Mailed Check,DSL,Yes,No Internet,No,3,5.0,62.15,481.68,0.4152,41.5,Medium,No
CUST-03589,59,Male,1,Month-to-Month,Electronic Check,No,No,Yes,No,2,2.8,18.0,33.27,0.8386,83.9,High,Yes
CUST-03590,36,Female,27,One Year,Mailed Check,Fiber Optic,Yes,No Internet,Yes,4,3.5,105.5,2912.98,0.4204,42.0,Medium,No
CUST-03591,56,Female,1,One Year,Bank Transfer,Fiber Optic,Yes,No,No Internet,7,2.4,71.97,144.24,0.4716,47.2,Medium,No
CUST-03592,50,Male,5,Month-to-Month,Mailed Check,Fiber Optic,No Internet,Yes,No,4,4.2,89.19,536.29,0.6642,66.4,Medium,Yes
CUST-03593,74,Female,2,Month-to-Month,Bank Transfer,Fiber Optic,Yes,No Internet,No,2,3.3,93.67,273.58,0.7553,75.5,High,Yes
CUST-03594,21,Female,1,Two Year,Mailed Check,No,No,No Internet,No,0,1.2,31.44,63.35,0.2061,20.6,Low,No
CUST-03595,59,Female,7,Month-to-Month,Credit Card,Fiber Optic,No,No Internet,Yes,2,2.2,96.44,707.6,0.8239,82.4,High,Yes
CUST-03596,58,Female,20,Month-to-Month,Mailed Check,No,Yes,No,No,3,2.9,26.53,580.62,0.5157,51.6,Medium,No
CUST-03597,28,Male,72,One Year,Mailed Check,DSL,No,Yes,Yes,1,1.7,52.57,3939.23,0.2923,29.2,Low,No
CUST-03598,56,Male,50,Month-to-Month,Bank Transfer,Fiber Optic,Yes,No,No,1,3.7,108.24,5676.22,0.671,67.1,Medium,Yes
CUST-03599,46,Female,50,Two Year,Electronic Check,Fiber Optic,No,No,No,1,1.5,77.25,3565.3,0.6446,64.5,Medium,Yes
CUST-03600,38,Female,4,One Year,Mailed Check,Fiber Optic,No,Yes,Yes,6,2.9,102.69,479.77,0.4959,49.6,Medium,No
CUST-03601,30,Female,7,Month-to-Month,Bank Transfer,Fiber Optic,Yes,No,Yes,3,2.8,75.06,549.37,0.6753,67.5,Medium,Yes
CUST-03602,31,Female,1,Month-to-Month,Electronic Check,DSL,No,No Internet,No,4,4.2,63.78,131.36,0.6864,68.6,Medium,Yes
CUST-03603,70,Male,36,One Year,Mailed Check,DSL,Yes,Yes,No,1,2.8,58.04,2174.29,0.1444,14.4,Low,No
CUST-03604,42,Female,1,Month-to-Month,Bank Transfer,DSL,No,No,Yes,3,4.0,41.11,75.18,0.6053,60.5,Medium,No
CUST-03605,52,Male,19,Two Year,Credit Card,DSL,No,No Internet,No,1,3.5,50.9,977.6,0.1017,10.2,Low,No
CUST-03606,30,Female,6,One Year,Credit Card,Fiber Optic,No,Yes,No,2,1.8,120.0,820.5,0.5097,51.0,Medium,No
CUST-03607,31,Male,6,Month-to-Month,Electronic Check,Fiber Optic,No Internet,Yes,No,1,5.0,77.54,546.73,0.8568,85.7,High,Yes
CUST-03608,57,Female,72,One Year,Mailed Check,No,No,Yes,Yes,2,4.3,31.77,2189.36,0.1595,15.9,Low,No
CUST-03609,23,Female,33,Month-to-Month,Electronic Check,Fiber Optic,No Internet,Yes,Yes,0,2.0,120.0,3849.75,0.6578,65.8,Medium,Yes
CUST-03610,36,Male,43,Month-to-Month,Electronic Check,Fiber Optic,Yes,Yes,No Internet,2,1.9,80.02,3449.57,0.8102,81.0,High,Yes
CUST-03611,42,Male,20,One Year,Bank Transfer,DSL,No Internet,Yes,No Internet,2,4.4,56.98,1171.26,0.118,11.8,Low,No
CUST-03612,43,Female,49,One Year,Electronic Check,No,No,Yes,No,1,4.1,23.55,1079.56,0.2862,28.6,Low,No
CUST-03613,39,Female,24,One Year,Electronic Check,No,No,No,No,4,3.8,28.9,727.49,0.2975,29.7,Low,No
CUST-03614,47,Male,70,Month-to-Month,Credit Card,Fiber Optic,No Internet,Yes,No,3,2.0,95.4,6277.42,0.6761,67.6,Medium,Yes
CUST-03615,51,Female,7,One Year,Credit Card,DSL,No,Yes,Yes,1,2.4,60.03,493.44,0.2904,29.0,Low,No
CUST-03616,52,Female,21,Month-to-Month,Bank Transfer,Fiber Optic,No Internet,No Internet,No Internet,3,4.5,82.29,1839.31,0.5614,56.1,Medium,No
CUST-03617,28,Male,28,One Year,Credit Card,No,No,No,Yes,0,3.7,18.0,546.61,0.1696,17.0,Low,No
CUST-03618,38,Male,11,One Year,Bank Transfer,Fiber Optic,No,Yes,No,1,2.3,67.24,746.9,0.4303,43.0,Medium,No
CUST-03619,58,Female,50,One Year,Electronic Check,Fiber Optic,No,No Internet,No,2,4.6,82.24,4369.04,0.5548,55.5,Medium,No
CUST-03620,54,Female,72,Two Year,Mailed Check,No,Yes,Yes,No,2,5.0,28.85,2126.9,0.155,15.5,Low,No
CUST-03621,22,Female,16,Two Year,Mailed Check,No,No,Yes,No,2,2.6,29.61,519.57,0.2213,22.1,Low,No
CUST-03622,46,Female,11,Two Year,Electronic Check,DSL,No Internet,No Internet,No,3,2.4,53.51,581.21,0.398,39.8,Low,No
CUST-03623,18,Male,15,Two Year,Credit Card,Fiber Optic,No,Yes,Yes,1,4.7,102.33,1552.37,0.333,33.3,Low,No
CUST-03624,42,Male,45,One Year,Mailed Check,DSL,No,No Internet,Yes,1,4.9,40.98,1704.91,0.2468,24.7,Low,No
CUST-03625,68,Male,24,Two Year,Electronic Check,No,No,No Internet,No Internet,5,4.9,18.0,417.28,0.3407,34.1,Low,No
CUST-03626,28,Male,1,Two Year,Electronic Check,DSL,No,Yes,No,1,3.5,56.31,116.3,0.3003,30.0,Low,No
CUST-03627,30,Female,18,One Year,Electronic Check,Fiber Optic,Yes,Yes,No Internet,4,2.6,112.04,2047.07,0.4883,48.8,Medium,No
CUST-03628,52,Female,0,Month-to-Month,Credit Card,Fiber Optic,Yes,Yes,No,3,4.1,75.76,75.81,0.7233,72.3,High,Yes
CUST-03629,20,Male,36,Month-to-Month,Bank Transfer,No,Yes,Yes,No,4,2.8,25.09,902.88,0.4359,43.6,Medium,No
CUST-03630,33,Male,9,Two Year,Mailed Check,DSL,No,No Internet,No,3,2.7,57.45,557.87,0.2584,25.8,Low,No
CUST-03631,50,Female,15,Month-to-Month,Mailed Check,DSL,No Internet,No,Yes,3,3.3,46.76,746.27,0.4985,49.9,Medium,No
CUST-03632,33,Female,38,Two Year,Bank Transfer,Fiber Optic,Yes,Yes,No,3,3.1,105.58,3974.4,0.283,28.3,Low,No
CUST-03633,38,Female,1,Month-to-Month,Bank Transfer,DSL,Yes,No,No Internet,2,2.6,61.05,110.27,0.5109,51.1,Medium,No
CUST-03634,52,Female,4,Month-to-Month,Mailed Check,No,No,Yes,No Internet,1,2.0,21.7,110.68,0.5143,51.4,Medium,No
CUST-03635,47,Female,12,One Year,Credit Card,Fiber Optic,No,Yes,No,5,2.9,79.32,970.34,0.4324,43.2,Medium,No
CUST-03636,45,Female,6,Two Year,Credit Card,DSL,No,Yes,No,2,2.4,59.69,418.13,0.27,27.0,Low,No
CUST-03637,37,Male,9,Month-to-Month,Credit Card,Fiber Optic,Yes,No,No Internet,3,1.6,64.66,645.78,0.7804,78.0,High,Yes
CUST-03638,47,Male,72,Two Year,Bank Transfer,Fiber Optic,No,Yes,No,4,3.3,82.95,5581.17,0.4023,40.2,Medium,No
CUST-03639,40,Male,41,One Year,Credit Card,DSL,No Internet,No,No Internet,2,3.4,39.19,1522.03,0.1156,11.6,Low,No
CUST-03640,48,Female,51,Month-to-Month,Mailed Check,No,No,Yes,No,4,4.0,29.27,1472.07,0.5266,52.7,Medium,No
CUST-03641,35,Female,66,Month-to-Month,Credit Card,DSL,No,No,No Internet,5,3.3,50.18,3198.22,0.5711,57.1,Medium,No
CUST-03642,39,Female,10,Month-to-Month,Credit Card,Fiber Optic,No,Yes,Yes,0,3.1,58.63,606.89,0.7266,72.7,High,Yes
CUST-03643,28,Male,8,Month-to-Month,Credit Card,Fiber Optic,No,Yes,No,3,4.0,80.11,682.34,0.7259,72.6,High,Yes
CUST-03644,41,Male,6,Month-to-Month,Credit Card,No,No Internet,No,Yes,4,3.3,29.82,195.83,0.4809,48.1,Medium,No
CUST-03645,30,Male,42,Month-to-Month,Mailed Check,Fiber Optic,No,No,No,2,3.5,79.55,3135.41,0.8112,81.1,High,Yes
CUST-03646,26,Male,27,Month-to-Month,Electronic Check,No,Yes,Yes,No,1,3.8,18.0,460.24,0.5456,54.6,Medium,No
CUST-03647,45,Female,6,Two Year,Electronic Check,Fiber Optic,Yes,No,Yes,0,2.5,114.23,825.2,0.5378,53.8,Medium,No
CUST-03648,44,Female,11,One Year,Bank Transfer,No,No,Yes,No,3,4.2,18.92,232.09,0.2808,28.1,Low,No
CUST-03649,52,Female,16,One Year,Electronic Check,No,No,No,Yes,4,3.2,32.2,533.25,0.3685,36.8,Low,No
CUST-03650,35,Female,18,Month-to-Month,Mailed Check,Fiber Optic,No,No,Yes,1,3.0,87.03,1567.54,0.8358,83.6,High,Yes
CUST-03651,47,Female,52,Two Year,Mailed Check,DSL,Yes,No Internet,Yes,5,4.2,69.98,3720.09,0.02,2.0,Low,No
CUST-03652,49,Female,11,Two Year,Bank Transfer,Fiber Optic,Yes,No,No,3,2.6,71.44,785.59,0.3198,32.0,Low,No
CUST-03653,48,Male,57,Month-to-Month,Credit Card,Fiber Optic,No Internet,Yes,Yes,2,2.7,98.46,5226.62,0.7183,71.8,High,Yes
CUST-03654,30,Female,13,Two Year,Bank Transfer,DSL,No Internet,No Internet,Yes,2,3.7,59.6,768.62,0.0802,8.0,Low,No
CUST-03655,44,Female,32,Two Year,Bank Transfer,DSL,No,No,Yes,3,3.4,56.04,1856.37,0.2523,25.2,Low,No
CUST-03656,47,Female,63,One Year,Bank Transfer,Fiber Optic,No,No Internet,Yes,3,5.0,85.75,5615.5,0.3649,36.5,Low,No
CUST-03657,42,Male,57,One Year,Credit Card,DSL,No Internet,Yes,Yes,2,4.3,58.59,3331.76,0.1746,17.5,Low,No
CUST-03658,18,Male,1,Month-to-Month,Electronic Check,Fiber Optic,No,No,No,4,1.0,85.83,158.84,0.8464,84.6,High,Yes
CUST-03659,44,Male,5,Month-to-Month,Electronic Check,Fiber Optic,No Internet,No,No,2,3.5,52.97,302.09,0.8584,85.8,High,Yes
CUST-03660,72,Female,15,Month-to-Month,Credit Card,DSL,Yes,No,No Internet,2,1.2,53.98,883.92,0.4972,49.7,Medium,No
CUST-03661,36,Male,13,Month-to-Month,Bank Transfer,DSL,No,No Internet,Yes,1,2.7,62.28,851.77,0.604,60.4,Medium,No
CUST-03662,31,Female,24,Month-to-Month,Bank Transfer,DSL,No Internet,No,No Internet,2,3.4,48.23,1166.77,0.4019,40.2,Medium,No
CUST-03663,47,Female,69,Two Year,Mailed Check,DSL,No,No,No,2,2.7,55.92,3909.95,0.1707,17.1,Low,No
CUST-03664,46,Male,2,Month-to-Month,Mailed Check,No,No,Yes,No,3,1.0,18.23,52.13,0.6919,69.2,Medium,Yes
CUST-03665,58,Female,14,Two Year,Mailed Check,DSL,No,Yes,No,3,3.3,54.46,735.74,0.2344,23.4,Low,No
CUST-03666,24,Female,5,One Year,Electronic Check,Fiber Optic,Yes,Yes,Yes,4,2.6,108.09,675.2,0.6016,60.2,Medium,No
CUST-03667,52,Male,53,Month-to-Month,Mailed Check,DSL,No,Yes,No,1,3.9,47.27,2569.4,0.4999,50.0,Medium,No
CUST-03668,50,Female,72,Month-to-Month,Mailed Check,DSL,Yes,Yes,No,3,1.1,42.26,3219.81,0.5374,53.7,Medium,No
CUST-03669,40,Male,15,Month-to-Month,Mailed Check,DSL,No,Yes,No Internet,2,2.4,52.77,867.54,0.5482,54.8,Medium,No
CUST-03670,46,Male,2,Two Year,Bank Transfer,DSL,No Internet,No,No Internet,1,4.1,60.23,172.76,0.0952,9.5,Low,No
CUST-03671,56,Female,36,Two Year,Credit Card,Fiber Optic,No Internet,No,No,2,1.0,74.57,2639.88,0.3363,33.6,Low,No
CUST-03672,54,Female,28,Month-to-Month,Bank Transfer,Fiber Optic,No Internet,No,No,1,3.7,80.4,2148.88,0.5577,55.8,Medium,No
CUST-03673,25,Female,10,Two Year,Credit Card,DSL,No,No,No,4,2.3,48.92,549.47,0.2652,26.5,Low,No
CUST-03674,53,Female,52,One Year,Mailed Check,Fiber Optic,No,No,No Internet,3,2.9,99.65,5244.25,0.3969,39.7,Low,No
CUST-03675,41,Female,72,Month-to-Month,Bank Transfer,DSL,No,Yes,No,4,1.9,62.55,4284.74,0.5613,56.1,Medium,No
CUST-03676,43,Female,19,One Year,Electronic Check,DSL,Yes,No Internet,Yes,0,2.9,58.82,1228.17,0.1708,17.1,Low,No
CUST-03677,43,Female,20,One Year,Electronic Check,DSL,Yes,Yes,No,4,2.0,51.17,1090.87,0.3386,33.9,Low,No
CUST-03678,39,Female,8,Month-to-Month,Bank Transfer,DSL,No,No Internet,No,4,1.9,63.59,590.85,0.6051,60.5,Medium,No
CUST-03679,58,Male,21,One Year,Mailed Check,Fiber Optic,Yes,No,No,1,4.1,91.76,1869.54,0.3338,33.4,Low,No
CUST-03680,40,Female,13,Month-to-Month,Credit Card,No,No Internet,Yes,No Internet,0,3.1,18.96,262.49,0.429,42.9,Medium,No
CUST-03681,26,Male,8,Month-to-Month,Mailed Check,DSL,No,Yes,No,3,3.5,66.76,630.06,0.5457,54.6,Medium,No
CUST-03682,36,Female,1,Month-to-Month,Credit Card,Fiber Optic,Yes,Yes,No Internet,3,3.3,90.11,171.64,0.7363,73.6,High,Yes
CUST-03683,44,Male,6,Two Year,Credit Card,Fiber Optic,No,Yes,No Internet,4,4.6,86.44,581.18,0.4029,40.3,Medium,No
CUST-03684,59,Female,5,One Year,Electronic Check,Fiber Optic,No Internet,Yes,Yes,3,3.6,111.61,656.65,0.5509,55.1,Medium,No
CUST-03685,50,Male,18,Month-to-Month,Mailed Check,DSL,No Internet,No,Yes,4,3.8,59.49,1024.83,0.49,49.0,Medium,No
CUST-03686,30,Male,22,Month-to-Month,Bank Transfer,Fiber Optic,Yes,Yes,No,4,4.0,106.87,2295.48,0.6743,67.4,Medium,Yes
CUST-03687,76,Female,22,Month-to-Month,Electronic Check,Fiber Optic,No,No,No Internet,4,2.3,115.21,2513.19,0.8812,88.1,High,Yes
CUST-03688,45,Male,11,One Year,Electronic Check,Fiber Optic,No,No Internet,Yes,4,5.0,109.15,1180.64,0.6585,65.9,Medium,Yes
CUST-03689,59,Female,13,Month-to-Month,Credit Card,DSL,No,No,No,2,1.7,54.27,719.78,0.5909,59.1,Medium,No
CUST-03690,39,Male,43,Two Year,Credit Card,DSL,No,Yes,No,2,3.5,51.49,2224.32,0.1411,14.1,Low,No
CUST-03691,49,Male,15,Two Year,Bank Transfer,DSL,Yes,Yes,No,3,3.5,61.55,889.17,0.1715,17.2,Low,No
CUST-03692,53,Male,72,One Year,Mailed Check,No,No,Yes,Yes,2,5.0,31.32,2240.12,0.2068,20.7,Low,No
CUST-03693,59,Female,13,Month-to-Month,Mailed Check,Fiber Optic,No,No,Yes,3,3.6,77.8,1110.95,0.7646,76.5,High,Yes
CUST-03694,56,Male,25,Month-to-Month,Mailed Check,DSL,Yes,No,Yes,2,2.4,60.71,1455.19,0.4366,43.7,Medium,No
CUST-03695,54,Female,1,Month-to-Month,Mailed Check,Fiber Optic,Yes,No,No,4,2.5,76.76,160.31,0.7748,77.5,High,Yes
CUST-03696,37,Male,25,One Year,Mailed Check,DSL,Yes,Yes,No,3,2.7,57.97,1450.32,0.1833,18.3,Low,No
CUST-03697,33,Male,45,One Year,Electronic Check,DSL,No,Yes,No Internet,2,3.3,71.09,3158.13,0.3221,32.2,Low,No
CUST-03698,46,Male,68,One Year,Credit Card,Fiber Optic,Yes,No Internet,No,4,3.4,80.74,5444.15,0.3312,33.1,Low,No
CUST-03699,55,Male,72,Month-to-Month,Bank Transfer,Fiber Optic,No,No,No,4,3.6,103.63,7254.64,0.733,73.3,High,Yes
CUST-03700,38,Female,7,Two Year,Bank Transfer,No,No,No Internet,No Internet,1,3.2,26.04,207.87,0.3216,32.2,Low,No
CUST-03701,56,Female,20,Month-to-Month,Credit Card,Fiber Optic,No Internet,No Internet,No,1,3.8,72.68,1414.39,0.6773,67.7,Medium,Yes
CUST-03702,62,Female,14,Month-to-Month,Electronic Check,Fiber Optic,No,No Internet,Yes,0,1.9,69.15,1076.73,0.9394,93.9,High,Yes
CUST-03703,29,Male,19,One Year,Electronic Check,No,No Internet,Yes,No Internet,3,1.4,18.0,370.89,0.3255,32.6,Low,No
CUST-03704,30,Male,4,Month-to-Month,Credit Card,DSL,Yes,Yes,Yes,5,4.4,53.02,264.23,0.5288,52.9,Medium,No
CUST-03705,40,Male,46,One Year,Credit Card,DSL,No,Yes,Yes,5,1.4,48.1,2302.3,0.2666,26.7,Low,No
CUST-03706,46,Female,57,Two Year,Bank Transfer,No,Yes,No Internet,No,4,3.1,37.75,2203.25,0.1823,18.2,Low,No
CUST-03707,34,Male,14,One Year,Electronic Check,Fiber Optic,No,Yes,Yes,0,2.3,90.07,1312.08,0.6522,65.2,Medium,Yes
CUST-03708,60,Female,7,Month-to-Month,Bank Transfer,Fiber Optic,No,No,No,1,5.0,81.78,604.08,0.7332,73.3,High,Yes
CUST-03709,47,Male,3,Month-to-Month,Electronic Check,DSL,No,No Internet,No,3,5.0,72.01,273.24,0.6705,67.0,Medium,Yes
CUST-03710,42,Male,27,Month-to-Month,Mailed Check,DSL,No,No Internet,No,2,3.2,41.9,1211.53,0.5094,50.9,Medium,No
CUST-03711,21,Male,8,Month-to-Month,Electronic Check,Fiber Optic,Yes,No,No,1,2.9,97.45,876.94,0.7784,77.8,High,Yes
CUST-03712,23,Male,57,Two Year,Credit Card,Fiber Optic,No,Yes,No,3,2.9,97.52,5824.68,0.2943,29.4,Low,No
CUST-03713,45,Female,26,One Year,Mailed Check,Fiber Optic,No Internet,Yes,No,4,3.4,76.25,2123.97,0.3898,39.0,Low,No
CUST-03714,18,Male,24,Month-to-Month,Credit Card,No,Yes,No,Yes,2,4.1,30.44,745.09,0.3997,40.0,Medium,No
CUST-03715,56,Female,19,Two Year,Electronic Check,Fiber Optic,No Internet,No Internet,No,1,5.0,92.88,1793.47,0.48,48.0,Medium,No
CUST-03716,39,Male,1,One Year,Mailed Check,No,Yes,No Internet,No,0,2.0,40.04,77.23,0.1198,12.0,Low,No
CUST-03717,80,Female,64,Month-to-Month,Credit Card,No,No,Yes,No,2,3.5,24.23,1522.35,0.4966,49.7,Medium,No
CUST-03718,74,Male,23,Month-to-Month,Electronic Check,DSL,No Internet,Yes,No,2,3.0,53.45,1336.59,0.6326,63.3,Medium,Yes
CUST-03719,39,Female,72,Month-to-Month,Bank Transfer,DSL,Yes,No,No Internet,3,2.6,72.9,4909.51,0.4117,41.2,Medium,No
CUST-03720,40,Female,18,Two Year,Mailed Check,Fiber Optic,No,No,Yes,0,2.7,102.48,1796.74,0.4589,45.9,Medium,No
CUST-03721,55,Female,29,Month-to-Month,Bank Transfer,Fiber Optic,No,Yes,No,4,3.1,87.73,2521.58,0.8286,82.9,High,Yes
CUST-03722,65,Male,1,Two Year,Electronic Check,DSL,No,Yes,Yes,4,3.4,47.85,97.64,0.3864,38.6,Low,No
CUST-03723,19,Female,23,Month-to-Month,Mailed Check,Fiber Optic,No,No Internet,No,3,3.6,80.94,1996.63,0.8162,81.6,High,Yes
CUST-03724,18,Male,34,Two Year,Bank Transfer,Fiber Optic,No,No Internet,No,2,3.7,73.07,2618.37,0.4433,44.3,Medium,No
CUST-03725,33,Male,36,Month-to-Month,Mailed Check,DSL,No Internet,No,No,0,1.7,43.3,1581.76,0.5026,50.3,Medium,No
CUST-03726,50,Male,35,Two Year,Electronic Check,DSL,Yes,No,Yes,1,2.5,70.77,2620.73,0.3413,34.1,Low,No
CUST-03727,48,Male,6,Two Year,Bank Transfer,DSL,No,Yes,No,1,3.8,53.84,350.09,0.2367,23.7,Low,No
CUST-03728,56,Female,72,Month-to-Month,Mailed Check,Fiber Optic,No,No,No,0,4.8,101.53,7336.07,0.7143,71.4,High,Yes
CUST-03729,25,Male,72,One Year,Electronic Check,Fiber Optic,No Internet,Yes,No,2,3.7,101.74,7050.34,0.4386,43.9,Medium,No
CUST-03730,18,Female,1,One Year,Bank Transfer,DSL,Yes,Yes,Yes,2,2.9,64.57,121.52,0.1546,15.5,Low,No
CUST-03731,54,Female,66,Two Year,Credit Card,No,No Internet,Yes,No,3,3.7,24.97,1530.7,0.1357,13.6,Low,No
CUST-03732,30,Female,8,Month-to-Month,Electronic Check,No,No,No,Yes,4,3.5,18.0,154.66,0.7356,73.6,High,Yes
CUST-03733,18,Female,28,Month-to-Month,Bank Transfer,Fiber Optic,No,No Internet,Yes,6,2.0,109.86,2884.02,0.8455,84.5,High,Yes
CUST-03734,44,Male,9,Two Year,Bank Transfer,Fiber Optic,No,No Internet,Yes,2,3.0,92.29,879.39,0.4396,44.0,Medium,No
CUST-03735,53,Female,72,One Year,Electronic Check,No,No Internet,No,No,1,3.4,18.0,1276.19,0.2225,22.2,Low,No
CUST-03736,40,Male,2,Month-to-Month,Electronic Check,Fiber Optic,No,No,No,2,4.0,66.59,190.51,0.9596,96.0,High,Yes
CUST-03737,35,Female,16,Two Year,Mailed Check,Fiber Optic,No,Yes,No,3,4.8,70.09,1210.21,0.4605,46.0,Medium,No
CUST-03738,39,Female,13,Month-to-Month,Credit Card,Fiber Optic,No,No,No Internet,1,5.0,83.46,1100.8,0.786,78.6,High,Yes
CUST-03739,36,Female,9,One Year,Electronic Check,DSL,No,No,No,3,1.4,84.84,773.09,0.3973,39.7,Low,No
CUST-03740,23,Male,24,Month-to-Month,Credit Card,Fiber Optic,Yes,No,No,2,3.0,89.89,2089.66,0.6949,69.5,Medium,Yes
CUST-03741,31,Male,3,Month-to-Month,Bank Transfer,Fiber Optic,No Internet,Yes,No,1,4.8,82.63,338.13,0.6633,66.3,Medium,Yes
CUST-03742,49,Male,30,Month-to-Month,Electronic Check,DSL,Yes,No,No Internet,8,4.1,53.75,1658.56,0.6932,69.3,Medium,Yes
CUST-03743,46,Male,72,Month-to-Month,Mailed Check,Fiber Optic,No Internet,Yes,No,0,4.1,87.03,6268.01,0.5221,52.2,Medium,No
CUST-03744,44,Male,39,Month-to-Month,Credit Card,DSL,No,Yes,No,2,2.4,47.18,1850.93,0.5649,56.5,Medium,No
CUST-03745,28,Female,47,Month-to-Month,Electronic Check,DSL,No,No,No Internet,2,2.4,52.97,2573.98,0.6889,68.9,Medium,Yes
CUST-03746,39,Male,10,Month-to-Month,Mailed Check,DSL,No,Yes,Yes,1,3.9,29.54,302.01,0.546,54.6,Medium,No
CUST-03747,18,Female,9,Month-to-Month,Bank Transfer,Fiber Optic,No,No,No,3,2.7,73.13,681.18,0.781,78.1,High,Yes
CUST-03748,44,Female,17,One Year,Electronic Check,DSL,No,No,Yes,2,2.0,48.74,806.72,0.3241,32.4,Low,No
CUST-03749,62,Female,1,Month-to-Month,Electronic Check,Fiber Optic,No Internet,Yes,No Internet,3,3.3,68.19,129.68,0.8613,86.1,High,Yes
CUST-03750,21,Male,69,Month-to-Month,Electronic Check,Fiber Optic,Yes,No Internet,No Internet,1,3.0,100.61,6627.77,0.7456,74.6,High,Yes
CUST-03751,33,Male,3,One Year,Electronic Check,DSL,No Internet,No Internet,No,1,4.2,52.53,217.95,0.3217,32.2,Low,No
CUST-03752,46,Male,55,Two Year,Electronic Check,DSL,No,Yes,No,3,3.7,49.12,2480.78,0.2934,29.3,Low,No
CUST-03753,59,Male,2,One Year,Credit Card,Fiber Optic,No Internet,No,No,3,5.0,82.84,241.34,0.2416,24.2,Low,No
CUST-03754,35,Female,41,Month-to-Month,Credit Card,Fiber Optic,Yes,Yes,No,0,2.1,79.01,3350.27,0.672,67.2,Medium,Yes
CUST-03755,32,Male,3,Two Year,Electronic Check,Fiber Optic,Yes,No,No Internet,3,3.2,54.62,226.34,0.5681,56.8,Medium,No
CUST-03756,18,Female,0,Two Year,Mailed Check,DSL,No,No Internet,No,1,3.8,47.55,49.69,0.0675,6.7,Low,No
CUST-03757,43,Female,30,Month-to-Month,Electronic Check,DSL,No,Yes,No Internet,5,3.8,51.05,1440.75,0.7874,78.7,High,Yes
CUST-03758,70,Female,7,Two Year,Electronic Check,DSL,No Internet,No,No,2,3.5,52.61,391.11,0.224,22.4,Low,No
CUST-03759,45,Male,30,Month-to-Month,Electronic Check,DSL,Yes,No Internet,No,2,1.3,61.11,1988.85,0.7486,74.9,High,Yes
CUST-03760,41,Male,19,Month-to-Month,Mailed Check,No,Yes,Yes,Yes,1,1.0,18.0,340.93,0.4402,44.0,Medium,No
CUST-03761,46,Female,2,Month-to-Month,Credit Card,Fiber Optic,Yes,Yes,No,1,2.0,87.28,237.84,0.6696,67.0,Medium,Yes
CUST-03762,41,Male,64,One Year,Mailed Check,Fiber Optic,Yes,Yes,No Internet,2,3.7,87.1,5888.27,0.26,26.0,Low,No
CUST-03763,30,Male,14,Month-to-Month,Mailed Check,No,No,Yes,No,5,1.1,30.93,445.63,0.7413,74.1,High,Yes
CUST-03764,53,Male,31,Month-to-Month,Electronic Check,Fiber Optic,No,Yes,No,1,3.9,83.44,2519.63,0.9535,95.3,High,Yes
CUST-03765,45,Male,16,Month-to-Month,Electronic Check,DSL,No,Yes,No,3,2.9,60.42,947.63,0.6991,69.9,Medium,Yes
CUST-03766,42,Female,22,Month-to-Month,Credit Card,Fiber Optic,Yes,Yes,No,4,2.8,101.3,2245.51,0.652,65.2,Medium,Yes
CUST-03767,28,Male,8,Month-to-Month,Electronic Check,No,Yes,Yes,No,1,5.0,30.93,265.89,0.6609,66.1,Medium,Yes
CUST-03768,60,Female,5,One Year,Credit Card,Fiber Optic,Yes,No,No,1,5.0,74.75,465.82,0.1831,18.3,Low,No
CUST-03769,51,Male,18,Month-to-Month,Electronic Check,Fiber Optic,No,No Internet,No Internet,6,2.5,68.28,1208.81,0.8618,86.2,High,Yes
CUST-03770,34,Female,13,Two Year,Bank Transfer,DSL,No,No Internet,No,5,4.1,56.47,721.78,0.2423,24.2,Low,No
CUST-03771,56,Female,11,Month-to-Month,Credit Card,Fiber Optic,No,Yes,No Internet,1,3.2,44.79,506.02,0.7404,74.0,High,Yes
CUST-03772,35,Female,26,Month-to-Month,Electronic Check,No,No Internet,No,No,1,4.1,27.18,720.58,0.533,53.3,Medium,No
CUST-03773,31,Male,28,Month-to-Month,Mailed Check,Fiber Optic,No Internet,No Internet,Yes,0,2.8,90.64,2494.97,0.5748,57.5,Medium,No
CUST-03774,31,Male,1,Month-to-Month,Bank Transfer,DSL,No,No Internet,No Internet,10,1.7,66.27,125.49,0.6686,66.9,Medium,Yes
CUST-03775,18,Male,9,Month-to-Month,Electronic Check,Fiber Optic,No,No Internet,Yes,6,3.2,69.25,664.59,0.9165,91.6,High,Yes
CUST-03776,48,Female,12,One Year,Bank Transfer,No,No Internet,No,No,1,4.1,18.0,241.22,0.1387,13.9,Low,No
CUST-03777,18,Female,2,One Year,Electronic Check,No,No,Yes,Yes,1,3.0,29.49,88.42,0.3081,30.8,Low,No
CUST-03778,24,Female,6,Month-to-Month,Electronic Check,DSL,No,Yes,No,1,4.1,64.01,438.69,0.7092,70.9,High,Yes
CUST-03779,18,Male,1,Month-to-Month,Electronic Check,No,No,No,No,1,4.6,27.46,52.75,0.7064,70.6,High,Yes
CUST-03780,40,Female,72,Month-to-Month,Credit Card,Fiber Optic,No Internet,Yes,No,0,4.5,90.91,6042.84,0.4791,47.9,Medium,No
CUST-03781,39,Male,32,Two Year,Electronic Check,No,No Internet,No Internet,No Internet,2,3.7,18.0,613.41,0.2342,23.4,Low,No
CUST-03782,37,Female,2,One Year,Electronic Check,DSL,Yes,Yes,No,2,1.7,49.65,136.92,0.2301,23.0,Low,No
CUST-03783,27,Male,0,Month-to-Month,Bank Transfer,No,No Internet,No Internet,No,4,1.0,34.82,32.31,0.6443,64.4,Medium,Yes
CUST-03784,25,Female,30,Month-to-Month,Mailed Check,DSL,No Internet,No,No,3,3.8,43.84,1314.9,0.4641,46.4,Medium,No
CUST-03785,48,Male,13,Two Year,Mailed Check,Fiber Optic,Yes,No,No Internet,2,4.1,60.83,784.37,0.2985,29.8,Low,No
CUST-03786,34,Male,37,Month-to-Month,Electronic Check,DSL,No Internet,Yes,Yes,3,3.2,38.86,1470.79,0.5499,55.0,Medium,No
CUST-03787,46,Female,61,Month-to-Month,Bank Transfer,Fiber Optic,No Internet,Yes,Yes,2,3.5,71.23,4302.1,0.6024,60.2,Medium,No
CUST-03788,29,Male,21,Month-to-Month,Bank Transfer,DSL,Yes,No,Yes,2,3.1,49.69,1065.49,0.4367,43.7,Medium,No
CUST-03789,44,Female,4,One Year,Mailed Check,Fiber Optic,No,No Internet,No,3,3.3,114.44,597.98,0.5126,51.3,Medium,No
CUST-03790,60,Female,36,Two Year,Electronic Check,Fiber Optic,No,No Internet,No,3,3.6,87.13,3227.24,0.6186,61.9,Medium,No
CUST-03791,50,Female,72,Two Year,Bank Transfer,No,No,Yes,No,0,4.2,30.95,2281.51,0.1611,16.1,Low,No
CUST-03792,36,Male,20,One Year,Bank Transfer,No,No Internet,Yes,No,3,3.3,23.74,494.26,0.1592,15.9,Low,No
CUST-03793,45,Male,27,Month-to-Month,Electronic Check,No,No,Yes,No,1,3.2,28.25,742.69,0.7247,72.5,High,Yes
CUST-03794,38,Female,9,Month-to-Month,Electronic Check,DSL,No,Yes,No,5,3.0,42.83,389.52,0.8368,83.7,High,Yes
CUST-03795,42,Male,11,Month-to-Month,Electronic Check,DSL,No Internet,No Internet,No,5,3.5,53.37,630.28,0.5743,57.4,Medium,No
CUST-03796,37,Female,31,Two Year,Bank Transfer,DSL,No Internet,Yes,Yes,1,1.0,48.46,1499.51,0.1964,19.6,Low,No
CUST-03797,39,Male,63,One Year,Credit Card,Fiber Optic,Yes,No,No,3,4.2,82.43,4845.4,0.2912,29.1,Low,No
CUST-03798,44,Male,23,Month-to-Month,Electronic Check,No,No Internet,No,No,0,3.0,30.1,743.3,0.6156,61.6,Medium,No
CUST-03799,28,Male,37,Month-to-Month,Electronic Check,No,Yes,Yes,No Internet,4,2.3,18.0,666.57,0.7029,70.3,High,Yes
CUST-03800,27,Male,4,Month-to-Month,Electronic Check,DSL,No,No,No,7,4.7,74.42,360.22,0.7845,78.5,High,Yes
CUST-03801,22,Male,5,Two Year,Electronic Check,No,No,No,Yes,1,2.9,19.08,110.2,0.38,38.0,Low,No
CUST-03802,19,Female,18,Month-to-Month,Mailed Check,DSL,No,Yes,Yes,2,2.0,66.85,1283.69,0.5717,57.2,Medium,No
CUST-03803,24,Female,4,Month-to-Month,Credit Card,DSL,No,No,No,3,4.0,84.05,381.49,0.5657,56.6,Medium,No
CUST-03804,44,Male,24,Month-to-Month,Electronic Check,No,Yes,Yes,No,1,2.7,18.0,419.53,0.6107,61.1,Medium,No
CUST-03805,29,Female,8,Month-to-Month,Bank Transfer,DSL,Yes,No,Yes,2,2.8,58.55,545.58,0.4831,48.3,Medium,No
CUST-03806,49,Female,37,Two Year,Mailed Check,DSL,No Internet,No Internet,Yes,4,4.1,59.75,2057.13,0.1747,17.5,Low,No
CUST-03807,42,Female,39,Two Year,Credit Card,Fiber Optic,Yes,No,Yes,5,4.3,81.65,3238.61,0.2705,27.1,Low,No
CUST-03808,18,Female,14,Two Year,Mailed Check,DSL,Yes,No,No,2,1.7,63.49,891.59,0.2243,22.4,Low,No
CUST-03809,51,Female,4,One Year,Electronic Check,DSL,No Internet,No,No,1,3.1,68.61,336.56,0.3102,31.0,Low,No
CUST-03810,53,Male,24,One Year,Credit Card,DSL,No,No Internet,No,9,1.6,50.75,1242.95,0.2386,23.9,Low,No
CUST-03811,28,Male,72,One Year,Electronic Check,DSL,No,Yes,No Internet,2,2.7,59.45,4333.07,0.2403,24.0,Low,No
CUST-03812,47,Male,23,Month-to-Month,Bank Transfer,Fiber Optic,Yes,No,Yes,3,2.3,97.63,2169.17,0.7607,76.1,High,Yes
CUST-03813,30,Female,0,One Year,Credit Card,DSL,No Internet,No,Yes,3,4.4,52.99,52.78,0.0763,7.6,Low,No
CUST-03814,43,Male,0,Month-to-Month,Electronic Check,No,No Internet,No Internet,No,2,2.0,22.05,22.43,0.645,64.5,Medium,Yes
CUST-03815,24,Female,9,One Year,Mailed Check,Fiber Optic,Yes,Yes,No,5,3.8,74.77,692.64,0.3294,32.9,Low,No
CUST-03816,18,Male,5,Month-to-Month,Credit Card,Fiber Optic,No,No Internet,No,1,2.9,70.65,431.71,0.7676,76.8,High,Yes
CUST-03817,36,Female,40,Month-to-Month,Credit Card,Fiber Optic,Yes,No,No,2,1.4,77.94,2934.36,0.7506,75.1,High,Yes
CUST-03818,40,Male,44,Two Year,Bank Transfer,No,No Internet,Yes,Yes,2,2.3,44.57,1884.14,0.2125,21.3,Low,No
CUST-03819,36,Male,7,Two Year,Electronic Check,DSL,No,No,No,3,1.8,64.63,493.4,0.4026,40.3,Medium,No
CUST-03820,25,Male,9,Month-to-Month,Bank Transfer,No,No,Yes,No Internet,3,2.3,26.5,250.88,0.6357,63.6,Medium,Yes
CUST-03821,36,Male,6,Month-to-Month,Bank Transfer,DSL,No,Yes,Yes,2,2.1,48.83,345.25,0.6176,61.8,Medium,No
CUST-03822,45,Male,57,Two Year,Bank Transfer,DSL,No,Yes,Yes,2,2.8,36.23,1975.97,0.2006,20.1,Low,No
CUST-03823,41,Female,16,One Year,Credit Card,No,No Internet,Yes,No,3,4.3,27.14,467.2,0.1632,16.3,Low,No
CUST-03824,44,Male,25,Month-to-Month,Electronic Check,Fiber Optic,No,No,Yes,1,2.3,85.52,2020.22,0.8644,86.4,High,Yes
CUST-03825,32,Male,12,One Year,Electronic Check,Fiber Optic,No Internet,Yes,No,4,2.0,90.01,1109.03,0.5729,57.3,Medium,No
CUST-03826,58,Female,23,Month-to-Month,Bank Transfer,DSL,No,Yes,No,3,2.5,72.98,1816.18,0.604,60.4,Medium,No
CUST-03827,25,Male,11,Month-to-Month,Credit Card,Fiber Optic,Yes,No,Yes,3,2.9,84.21,967.91,0.6507,65.1,Medium,Yes
CUST-03828,48,Female,9,Two Year,Mailed Check,Fiber Optic,No,Yes,No Internet,1,2.3,84.98,824.77,0.3943,39.4,Low,No
CUST-03829,58,Female,24,Month-to-Month,Credit Card,Fiber Optic,No,Yes,No,3,1.8,83.14,2105.37,0.8253,82.5,High,Yes
CUST-03830,48,Male,21,Month-to-Month,Credit Card,Fiber Optic,No,Yes,Yes,3,4.0,102.04,2038.51,0.8004,80.0,High,Yes
CUST-03831,39,Male,8,Month-to-Month,Credit Card,Fiber Optic,No Internet,No,No,0,3.8,113.31,1024.98,0.6734,67.3,Medium,Yes
CUST-03832,34,Male,3,Month-to-Month,Credit Card,No,No,Yes,No,1,3.1,22.31,81.18,0.5281,52.8,Medium,No
CUST-03833,56,Female,11,Month-to-Month,Credit Card,Fiber Optic,No Internet,Yes,Yes,0,4.9,76.17,898.4,0.6141,61.4,Medium,No
CUST-03834,22,Female,12,Month-to-Month,Credit Card,Fiber Optic,No,No,Yes,2,5.0,90.74,1169.86,0.6574,65.7,Medium,Yes
CUST-03835,28,Female,23,Month-to-Month,Bank Transfer,Fiber Optic,Yes,Yes,No,2,4.7,113.21,2504.29,0.6562,65.6,Medium,Yes
CUST-03836,36,Female,59,Month-to-Month,Electronic Check,DSL,Yes,No,No,2,1.0,65.62,4046.03,0.6197,62.0,Medium,No
CUST-03837,59,Male,0,Month-to-Month,Electronic Check,DSL,No Internet,Yes,No,3,3.5,41.13,40.53,0.589,58.9,Medium,No
CUST-03838,47,Female,6,Month-to-Month,Electronic Check,No,Yes,No Internet,Yes,3,2.3,18.0,116.33,0.7488,74.9,High,Yes
CUST-03839,28,Female,5,One Year,Electronic Check,No,Yes,No Internet,No Internet,1,2.8,49.36,304.79,0.2879,28.8,Low,No
CUST-03840,37,Female,16,One Year,Electronic Check,Fiber Optic,Yes,No Internet,No,4,1.4,86.55,1506.25,0.5477,54.8,Medium,No
CUST-03841,33,Female,13,Month-to-Month,Credit Card,Fiber Optic,No,No,No,0,3.5,62.81,879.87,0.7014,70.1,High,Yes
CUST-03842,32,Female,31,One Year,Bank Transfer,Fiber Optic,No,No,No,3,5.0,86.75,2667.24,0.3777,37.8,Low,No
CUST-03843,55,Male,6,Two Year,Electronic Check,No,Yes,No Internet,No,3,3.1,26.65,181.72,0.2347,23.5,Low,No
CUST-03844,22,Male,21,Two Year,Credit Card,DSL,No,No,No Internet,1,4.3,42.51,940.38,0.2426,24.3,Low,No
CUST-03845,64,Male,51,Month-to-Month,Mailed Check,Fiber Optic,No,No,Yes,1,3.6,81.54,4007.11,0.6122,61.2,Medium,No
CUST-03846,53,Male,57,One Year,Electronic Check,Fiber Optic,No,Yes,No,4,4.0,85.62,4912.89,0.5648,56.5,Medium,No
CUST-03847,57,Female,72,Month-to-Month,Credit Card,DSL,No Internet,No,No,3,1.0,62.55,4535.59,0.4815,48.1,Medium,No
CUST-03848,35,Male,35,Month-to-Month,Electronic Check,Fiber Optic,No,Yes,No Internet,3,3.7,88.07,2959.09,0.85,85.0,High,Yes
CUST-03849,39,Female,56,Month-to-Month,Bank Transfer,No,No,No,No,1,4.1,18.74,981.97,0.5071,50.7,Medium,No
CUST-03850,21,Female,6,Month-to-Month,Electronic Check,DSL,Yes,No Internet,No,2,5.0,54.87,355.18,0.6038,60.4,Medium,No
CUST-03851,34,Male,5,Month-to-Month,Mailed Check,DSL,No Internet,Yes,No Internet,2,1.6,47.35,256.59,0.4877,48.8,Medium,No
CUST-03852,48,Female,0,One Year,Credit Card,DSL,No,No Internet,No Internet,1,5.0,37.25,37.72,0.1413,14.1,Low,No
CUST-03853,60,Female,29,One Year,Electronic Check,Fiber Optic,No,Yes,Yes,4,2.8,80.18,2456.92,0.6051,60.5,Medium,No
CUST-03854,26,Female,66,Month-to-Month,Credit Card,DSL,No Internet,Yes,Yes,3,3.4,41.92,2864.65,0.4406,44.1,Medium,No
CUST-03855,36,Male,4,Month-to-Month,Electronic Check,DSL,No Internet,No,No,2,4.2,49.64,258.0,0.5763,57.6,Medium,No
CUST-03856,39,Male,24,Month-to-Month,Mailed Check,Fiber Optic,No Internet,Yes,No Internet,4,4.2,97.1,2215.62,0.8024,80.2,High,Yes
CUST-03857,22,Male,32,Month-to-Month,Credit Card,DSL,No Internet,No,No,2,1.3,50.34,1727.01,0.5139,51.4,Medium,No
CUST-03858,50,Male,63,Two Year,Credit Card,No,No Internet,Yes,Yes,3,3.3,18.0,1123.52,0.1433,14.3,Low,No
CUST-03859,31,Female,24,One Year,Electronic Check,Fiber Optic,No,No,No,3,2.0,79.43,1904.34,0.6456,64.6,Medium,Yes
CUST-03860,39,Female,72,Two Year,Electronic Check,DSL,No,No,Yes,3,3.3,56.4,3793.09,0.2779,27.8,Low,No
CUST-03861,35,Female,10,One Year,Bank Transfer,Fiber Optic,No Internet,No Internet,No,6,2.5,75.97,812.68,0.4492,44.9,Medium,No
CUST-03862,30,Female,10,Month-to-Month,Electronic Check,DSL,No Internet,No,No,2,1.4,54.99,606.25,0.6276,62.8,Medium,Yes
CUST-03863,41,Female,18,Month-to-Month,Mailed Check,Fiber Optic,Yes,Yes,No,6,2.1,82.37,1429.4,0.8441,84.4,High,Yes
CUST-03864,38,Male,11,Month-to-Month,Credit Card,DSL,No,Yes,No Internet,1,3.8,58.08,729.49,0.5669,56.7,Medium,No
CUST-03865,36,Female,0,Month-to-Month,Mailed Check,Fiber Optic,Yes,No Internet,No,4,3.6,90.57,93.97,0.747,74.7,High,Yes
CUST-03866,31,Male,31,Two Year,Electronic Check,Fiber Optic,No Internet,No,Yes,4,2.0,96.76,3198.77,0.6035,60.4,Medium,No
CUST-03867,46,Female,33,Month-to-Month,Mailed Check,DSL,No,No,No,2,2.6,65.62,2145.04,0.5671,56.7,Medium,No
CUST-03868,65,Male,32,Month-to-Month,Credit Card,DSL,Yes,No,No,4,3.5,56.84,1928.98,0.4609,46.1,Medium,No
CUST-03869,43,Male,10,One Year,Bank Transfer,No,No,No,No,3,3.5,33.7,340.6,0.204,20.4,Low,No
CUST-03870,55,Female,17,Two Year,Bank Transfer,DSL,No Internet,No,No,0,3.9,42.68,796.37,0.1175,11.7,Low,No
CUST-03871,22,Female,10,Month-to-Month,Electronic Check,DSL,No,No,No,2,3.5,47.04,532.03,0.6862,68.6,Medium,Yes
CUST-03872,44,Female,0,One Year,Electronic Check,DSL,No,Yes,No Internet,2,3.9,38.39,37.93,0.3649,36.5,Low,No
CUST-03873,26,Female,19,Month-to-Month,Electronic Check,Fiber Optic,No,No Internet,No,3,3.1,69.07,1380.5,0.97,97.0,High,Yes
CUST-03874,21,Male,3,Month-to-Month,Mailed Check,Fiber Optic,Yes,Yes,No Internet,7,3.7,81.79,311.66,0.7697,77.0,High,Yes
CUST-03875,31,Female,2,Month-to-Month,Electronic Check,Fiber Optic,Yes,No,Yes,5,5.0,84.21,263.32,0.7651,76.5,High,Yes
CUST-03876,58,Male,33,Month-to-Month,Mailed Check,Fiber Optic,No,Yes,No,4,4.9,77.65,2402.53,0.8014,80.1,High,Yes
CUST-03877,55,Female,0,One Year,Bank Transfer,Fiber Optic,No,No,Yes,2,3.2,58.86,60.84,0.3789,37.9,Low,No
CUST-03878,45,Female,72,Month-to-Month,Bank Transfer,No,No,No,Yes,1,1.9,37.76,2588.93,0.5867,58.7,Medium,No
CUST-03879,20,Male,17,One Year,Electronic Check,No,No,Yes,No,6,4.7,30.63,562.79,0.3898,39.0,Low,No
CUST-03880,39,Female,72,Two Year,Bank Transfer,No,Yes,No Internet,Yes,1,1.0,28.85,1911.06,0.1681,16.8,Low,No
CUST-03881,46,Female,1,Month-to-Month,Bank Transfer,No,No Internet,No,Yes,3,3.8,24.07,45.09,0.5136,51.4,Medium,No
CUST-03882,44,Male,21,One Year,Electronic Check,Fiber Optic,No,No,No,2,3.7,96.91,1982.08,0.663,66.3,Medium,Yes
CUST-03883,18,Female,10,Month-to-Month,Electronic Check,Fiber Optic,Yes,No,No,2,3.3,92.07,1060.11,0.8098,81.0,High,Yes
CUST-03884,29,Female,44,Month-to-Month,Bank Transfer,DSL,Yes,Yes,Yes,5,3.6,52.06,2182.15,0.3651,36.5,Low,No
CUST-03885,41,Female,10,One Year,Mailed Check,No,Yes,No,No,2,1.7,18.02,189.43,0.2198,22.0,Low,No
CUST-03886,49,Male,7,One Year,Electronic Check,DSL,Yes,Yes,No,1,2.0,64.31,486.03,0.2519,25.2,Low,No
CUST-03887,18,Male,46,Month-to-Month,Electronic Check,DSL,No,No,No,2,1.8,55.15,2716.18,0.6938,69.4,Medium,Yes
CUST-03888,39,Female,11,Two Year,Electronic Check,Fiber Optic,No,No Internet,Yes,3,1.9,86.18,1026.28,0.6787,67.9,Medium,Yes
CUST-03889,44,Male,0,Month-to-Month,Credit Card,Fiber Optic,Yes,Yes,No,3,2.4,91.05,86.86,0.7103,71.0,High,Yes
CUST-03890,53,Female,11,Two Year,Bank Transfer,Fiber Optic,No,No,No,5,3.0,89.67,1114.98,0.4433,44.3,Medium,No
CUST-03891,51,Male,25,Month-to-Month,Mailed Check,Fiber Optic,No Internet,Yes,No,7,4.3,53.34,1395.28,0.6958,69.6,Medium,Yes
CUST-03892,50,Female,7,Month-to-Month,Credit Card,No,No,Yes,No,5,5.0,26.2,210.76,0.6032,60.3,Medium,No
CUST-03893,30,Female,13,Month-to-Month,Bank Transfer,Fiber Optic,No Internet,No,Yes,0,2.3,110.04,1498.9,0.6634,66.3,Medium,Yes
CUST-03894,18,Male,1,Month-to-Month,Bank Transfer,No,Yes,Yes,No,3,3.1,26.49,51.64,0.4799,48.0,Medium,No
CUST-03895,36,Male,21,One Year,Electronic Check,Fiber Optic,Yes,No,Yes,2,3.3,95.1,2112.31,0.5632,56.3,Medium,No
CUST-03896,56,Female,33,One Year,Bank Transfer,No,No,Yes,No,0,2.2,25.84,792.04,0.1916,19.2,Low,No
CUST-03897,61,Female,12,Month-to-Month,Electronic Check,DSL,Yes,No Internet,Yes,2,2.7,37.03,464.83,0.6,60.0,Medium,No
CUST-03898,51,Male,13,Month-to-Month,Mailed Check,DSL,No Internet,No,No Internet,4,5.0,18.0,263.89,0.4102,41.0,Medium,No
CUST-03899,48,Female,2,Month-to-Month,Electronic Check,Fiber Optic,Yes,Yes,No,3,4.5,77.87,233.16,0.7145,71.4,High,Yes
CUST-03900,47,Male,5,Month-to-Month,Electronic Check,DSL,No,Yes,No Internet,0,4.7,57.09,327.75,0.6673,66.7,Medium,Yes
CUST-03901,34,Male,4,One Year,Electronic Check,No,No,Yes,No Internet,3,3.8,29.29,135.54,0.3512,35.1,Low,No
CUST-03902,40,Female,15,One Year,Mailed Check,Fiber Optic,Yes,Yes,No Internet,2,4.1,81.83,1248.8,0.2501,25.0,Low,No
CUST-03903,65,Male,18,Two Year,Credit Card,Fiber Optic,No,No,Yes,0,3.6,60.9,1124.69,0.4954,49.5,Medium,No
CUST-03904,28,Female,71,Month-to-Month,Mailed Check,Fiber Optic,No,No Internet,No,1,5.0,91.65,6563.2,0.6199,62.0,Medium,No
CUST-03905,64,Male,1,Month-to-Month,Credit Card,Fiber Optic,No,Yes,No,0,1.0,105.92,221.9,0.8531,85.3,High,Yes
CUST-03906,37,Male,21,One Year,Bank Transfer,Fiber Optic,No Internet,No,No,1,2.0,81.7,1751.43,0.3782,37.8,Low,No
CUST-03907,60,Male,17,Two Year,Mailed Check,DSL,No,Yes,No,0,1.6,56.59,972.31,0.2048,20.5,Low,No
CUST-03908,22,Female,17,One Year,Electronic Check,Fiber Optic,No,No,Yes,4,2.4,116.42,1965.78,0.6837,68.4,Medium,Yes
CUST-03909,50,Female,49,Month-to-Month,Credit Card,DSL,Yes,Yes,No,1,3.3,65.57,3327.38,0.3843,38.4,Low,No
CUST-03910,31,Female,5,Month-to-Month,Electronic Check,No,Yes,No Internet,No Internet,1,3.0,36.58,212.8,0.6112,61.1,Medium,No
CUST-03911,22,Male,0,One Year,Bank Transfer,DSL,Yes,No,No,5,2.3,54.18,54.66,0.1878,18.8,Low,No
CUST-03912,45,Male,26,One Year,Bank Transfer,Fiber Optic,No Internet,No Internet,No,7,3.4,66.58,1694.38,0.4227,42.3,Medium,No
CUST-03913,56,Female,10,Two Year,Mailed Check,DSL,No,Yes,No Internet,2,3.6,62.16,653.47,0.2219,22.2,Low,No
CUST-03914,30,Male,0,Month-to-Month,Electronic Check,Fiber Optic,Yes,No,No,0,3.8,109.05,113.78,0.8161,81.6,High,Yes
CUST-03915,21,Female,6,Two Year,Mailed Check,Fiber Optic,Yes,No,No Internet,3,4.0,93.59,612.56,0.2424,24.2,Low,No
CUST-03916,40,Male,8,Month-to-Month,Credit Card,Fiber Optic,Yes,No,No Internet,4,2.5,70.58,602.05,0.7549,75.5,High,Yes
CUST-03917,40,Female,23,Two Year,Credit Card,No,Yes,Yes,No,2,4.3,18.0,421.77,0.078,7.8,Low,No
CUST-03918,49,Male,4,Two Year,Credit Card,DSL,No,No Internet,No,3,3.1,34.14,167.09,0.178,17.8,Low,No
CUST-03919,55,Female,12,One Year,Electronic Check,Fiber Optic,Yes,No Internet,No,1,4.0,120.0,1419.57,0.4704,47.0,Medium,No
CUST-03920,41,Male,15,One Year,Mailed Check,DSL,Yes,Yes,No,2,2.5,83.44,1396.08,0.2479,24.8,Low,No
CUST-03921,67,Male,14,Month-to-Month,Electronic Check,Fiber Optic,No,No,Yes,3,5.0,68.98,978.2,0.8805,88.0,High,Yes
CUST-03922,45,Male,72,Month-to-Month,Credit Card,No,No Internet,Yes,No,2,3.8,32.26,2138.46,0.3183,31.8,Low,No
CUST-03923,37,Male,1,Month-to-Month,Electronic Check,No,No,No Internet,Yes,1,3.3,30.4,57.04,0.8265,82.7,High,Yes
CUST-03924,19,Male,72,Month-to-Month,Mailed Check,Fiber Optic,No Internet,No,No,0,1.9,90.47,6339.74,0.604,60.4,Medium,No
CUST-03925,38,Female,20,Month-to-Month,Credit Card,Fiber Optic,Yes,Yes,No,0,4.4,89.89,1764.49,0.6781,67.8,Medium,Yes
CUST-03926,37,Female,38,Month-to-Month,Mailed Check,DSL,No,Yes,Yes,1,2.0,63.67,2292.53,0.6212,62.1,Medium,Yes
CUST-03927,55,Female,13,Two Year,Mailed Check,DSL,Yes,Yes,No Internet,1,5.0,61.79,844.34,0.1297,13.0,Low,No
CUST-03928,48,Female,14,Month-to-Month,Electronic Check,Fiber Optic,No Internet,Yes,No,1,4.0,91.06,1392.48,0.7363,73.6,High,Yes
CUST-03929,25,Female,50,One Year,Mailed Check,DSL,No Internet,Yes,No,4,1.8,62.71,3216.53,0.1844,18.4,Low,No
CUST-03930,44,Male,54,One Year,Credit Card,Fiber Optic,No,No,Yes,2,3.4,66.63,3532.05,0.3813,38.1,Low,No
CUST-03931,51,Male,6,Month-to-Month,Mailed Check,DSL,No Internet,No,No,3,5.0,61.03,392.43,0.3201,32.0,Low,No
CUST-03932,63,Male,5,Month-to-Month,Electronic Check,Fiber Optic,No,No,Yes,1,3.2,95.77,599.46,0.8554,85.5,High,Yes
CUST-03933,54,Female,16,Month-to-Month,Electronic Check,DSL,Yes,No,Yes,3,2.8,48.01,775.78,0.5923,59.2,Medium,No
CUST-03934,52,Male,55,One Year,Electronic Check,DSL,No,Yes,Yes,5,3.5,54.54,2796.06,0.3637,36.4,Low,No
CUST-03935,42,Male,9,One Year,Bank Transfer,DSL,No,Yes,Yes,3,2.4,55.93,531.6,0.2805,28.0,Low,No
CUST-03936,47,Female,25,Month-to-Month,Electronic Check,DSL,Yes,No,No,2,4.7,53.67,1401.78,0.57,57.0,Medium,No
CUST-03937,59,Male,29,Two Year,Bank Transfer,DSL,No,Yes,No,3,2.3,49.91,1403.95,0.2937,29.4,Low,No
CUST-03938,23,Female,36,Month-to-Month,Mailed Check,Fiber Optic,No,Yes,No,3,3.7,61.39,2106.62,0.7779,77.8,High,Yes
CUST-03939,37,Female,19,One Year,Bank Transfer,Fiber Optic,Yes,Yes,No,4,4.6,76.51,1437.69,0.2696,27.0,Low,No
CUST-03940,31,Male,12,Month-to-Month,Electronic Check,Fiber Optic,No,No,No Internet,5,3.3,104.7,1337.63,0.8584,85.8,High,Yes
CUST-03941,47,Male,72,One Year,Bank Transfer,Fiber Optic,No,No Internet,Yes,2,4.6,55.57,4183.12,0.3993,39.9,Low,No
CUST-03942,59,Male,22,Two Year,Mailed Check,DSL,Yes,No,No,2,3.0,70.47,1490.84,0.1429,14.3,Low,No
CUST-03943,33,Female,31,One Year,Mailed Check,Fiber Optic,No,Yes,No Internet,4,2.0,76.39,2252.75,0.6144,61.4,Medium,No
CUST-03944,18,Male,10,Month-to-Month,Credit Card,Fiber Optic,No Internet,No Internet,Yes,1,4.0,76.26,808.89,0.6002,60.0,Medium,No
CUST-03945,36,Female,26,Month-to-Month,Electronic Check,No,No Internet,Yes,No,2,3.6,21.66,537.34,0.6687,66.9,Medium,Yes
CUST-03946,54,Female,7,Two Year,Mailed Check,DSL,No,No,No,5,2.1,35.05,293.54,0.1893,18.9,Low,No
CUST-03947,49,Male,6,Month-to-Month,Electronic Check,DSL,No,Yes,Yes,2,3.1,73.38,529.99,0.5696,57.0,Medium,No
CUST-03948,47,Male,30,Month-to-Month,Mailed Check,Fiber Optic,Yes,No Internet,Yes,3,2.1,77.03,2172.34,0.7425,74.3,High,Yes
CUST-03949,38,Female,17,One Year,Mailed Check,Fiber Optic,Yes,No,No,3,3.2,96.03,1790.82,0.2315,23.2,Low,No
CUST-03950,24,Male,27,Month-to-Month,Electronic Check,DSL,No,No,No,1,5.0,52.87,1395.49,0.7158,71.6,High,Yes
CUST-03951,49,Female,7,Month-to-Month,Bank Transfer,No,No Internet,No,No,1,4.3,18.0,136.58,0.4704,47.0,Medium,No
CUST-03952,30,Male,21,Two Year,Bank Transfer,Fiber Optic,No Internet,No,No,0,3.9,68.72,1437.41,0.2452,24.5,Low,No
CUST-03953,72,Female,14,Month-to-Month,Bank Transfer,DSL,No Internet,Yes,No,1,3.4,52.6,718.38,0.4033,40.3,Medium,No
CUST-03954,49,Female,21,Month-to-Month,Electronic Check,No,No,No,No,3,4.4,18.0,402.65,0.5861,58.6,Medium,No
CUST-03955,33,Female,8,One Year,Electronic Check,DSL,Yes,No,No,1,3.3,50.08,417.99,0.1869,18.7,Low,No
CUST-03956,33,Male,30,Two Year,Bank Transfer,Fiber Optic,No,No,No,3,1.2,91.67,2646.27,0.4294,42.9,Medium,No
CUST-03957,40,Male,39,Month-to-Month,Electronic Check,DSL,No,Yes,No,3,1.7,54.37,2208.05,0.6902,69.0,Medium,Yes
CUST-03958,38,Female,7,One Year,Bank Transfer,No,No,Yes,No,5,2.6,20.77,151.04,0.2733,27.3,Low,No
CUST-03959,57,Male,8,One Year,Electronic Check,DSL,No,No,Yes,0,2.7,58.57,500.98,0.4344,43.4,Medium,No
CUST-03960,44,Male,25,Month-to-Month,Electronic Check,No,No,No,No,7,3.2,18.0,460.59,0.7504,75.0,High,Yes
CUST-03961,31,Female,28,Month-to-Month,Credit Card,DSL,No,Yes,No,0,4.5,49.19,1308.64,0.4638,46.4,Medium,No
CUST-03962,68,Male,29,Month-to-Month,Bank Transfer,No,No,Yes,No Internet,6,3.6,29.49,852.68,0.5954,59.5,Medium,No
CUST-03963,42,Male,27,One Year,Bank Transfer,No,No Internet,No,No Internet,3,3.4,33.34,889.71,0.0961,9.6,Low,No
CUST-03964,52,Male,11,Two Year,Credit Card,DSL,Yes,Yes,No,2,2.0,51.21,582.72,0.1822,18.2,Low,No
CUST-03965,33,Female,12,Month-to-Month,Bank Transfer,DSL,No,No,No,2,3.0,61.16,747.82,0.5235,52.4,Medium,No
CUST-03966,47,Female,7,Two Year,Mailed Check,DSL,Yes,No,Yes,3,2.5,70.75,538.19,0.2614,26.1,Low,No
CUST-03967,46,Male,4,One Year,Credit Card,DSL,Yes,Yes,No,1,2.1,57.86,277.38,0.146,14.6,Low,No
CUST-03968,18,Male,28,Month-to-Month,Bank Transfer,No,Yes,No Internet,No,4,1.0,30.81,821.32,0.5523,55.2,Medium,No
CUST-03969,70,Male,2,One Year,Bank Transfer,Fiber Optic,Yes,Yes,No,4,1.9,90.25,252.11,0.3964,39.6,Low,No
CUST-03970,60,Female,66,Month-to-Month,Mailed Check,DSL,No Internet,No Internet,No Internet,2,5.0,89.27,6199.84,0.3332,33.3,Low,No
CUST-03971,36,Male,42,Two Year,Credit Card,DSL,No,No,Yes,2,4.5,58.37,2614.52,0.1947,19.5,Low,No
CUST-03972,26,Female,46,One Year,Electronic Check,DSL,No Internet,No,No,3,2.3,78.76,3882.71,0.2685,26.9,Low,No
CUST-03973,46,Male,56,One Year,Electronic Check,DSL,Yes,No Internet,No,2,2.7,69.62,3856.43,0.2535,25.3,Low,No
CUST-03974,43,Female,12,One Year,Electronic Check,Fiber Optic,Yes,No,Yes,2,5.0,111.67,1336.06,0.4403,44.0,Medium,No
CUST-03975,46,Male,45,One Year,Electronic Check,DSL,No,No Internet,No,5,5.0,50.38,2323.43,0.4381,43.8,Medium,No
CUST-03976,44,Female,4,Two Year,Electronic Check,No,No,No,No,1,3.4,24.38,126.84,0.3464,34.6,Low,No
CUST-03977,49,Male,0,One Year,Credit Card,No,No,No,No,0,4.0,23.51,21.27,0.222,22.2,Low,No
CUST-03978,62,Male,36,Two Year,Bank Transfer,Fiber Optic,No,No,Yes,8,3.5,78.22,2614.3,0.4503,45.0,Medium,No
CUST-03979,49,Female,1,One Year,Electronic Check,DSL,No Internet,Yes,No,2,2.9,46.35,91.95,0.2795,28.0,Low,No
CUST-03980,27,Female,72,Month-to-Month,Bank Transfer,No,No,No Internet,No Internet,0,3.5,28.06,1855.66,0.5129,51.3,Medium,No
CUST-03981,61,Male,26,Two Year,Mailed Check,DSL,No,No,No,3,3.9,47.26,1223.37,0.2162,21.6,Low,No
CUST-03982,64,Female,33,One Year,Mailed Check,DSL,No,No,No,6,4.4,70.79,2302.44,0.3106,31.1,Low,No
CUST-03983,80,Female,6,One Year,Mailed Check,Fiber Optic,No,No Internet,No,3,3.6,58.08,371.94,0.4074,40.7,Medium,No
CUST-03984,26,Female,26,Two Year,Credit Card,DSL,No,No Internet,Yes,2,3.5,42.11,1150.48,0.2961,29.6,Low,No
CUST-03985,45,Male,1,Month-to-Month,Electronic Check,DSL,No,Yes,No Internet,3,1.8,57.89,106.09,0.771,77.1,High,Yes
CUST-03986,18,Female,43,Month-to-Month,Electronic Check,DSL,Yes,No,Yes,4,2.3,50.28,2081.97,0.6575,65.8,Medium,Yes
CUST-03987,49,Male,4,Month-to-Month,Electronic Check,DSL,No,No,No Internet,2,1.2,59.24,298.89,0.7959,79.6,High,Yes
CUST-03988,34,Male,28,One Year,Bank Transfer,Fiber Optic,No Internet,No,Yes,1,3.7,80.6,2320.4,0.2837,28.4,Low,No
CUST-03989,68,Female,6,Two Year,Bank Transfer,No,Yes,No Internet,Yes,2,2.6,25.33,172.15,0.2124,21.2,Low,No
CUST-03990,31,Male,1,Two Year,Electronic Check,DSL,No Internet,No Internet,No,4,3.0,41.07,74.53,0.3111,31.1,Low,No
CUST-03991,18,Male,15,Month-to-Month,Electronic Check,DSL,No,No,No,0,3.3,52.25,848.09,0.6625,66.2,Medium,Yes
CUST-03992,35,Female,4,One Year,Bank Transfer,No,No,No,No Internet,2,3.5,18.0,92.14,0.2103,21.0,Low,No
CUST-03993,18,Female,31,Two Year,Bank Transfer,No,No Internet,No,No Internet,2,1.1,43.9,1285.85,0.0675,6.7,Low,No
CUST-03994,52,Male,6,One Year,Mailed Check,No,No,No,No,0,3.6,32.77,240.38,0.1587,15.9,Low,No
CUST-03995,18,Male,10,Month-to-Month,Credit Card,DSL,No Internet,Yes,Yes,0,2.8,50.57,529.63,0.4596,46.0,Medium,No
CUST-03996,42,Female,20,One Year,Credit Card,DSL,No,No,No,1,4.2,74.25,1502.58,0.2458,24.6,Low,No
CUST-03997,18,Male,8,Two Year,Electronic Check,Fiber Optic,Yes,Yes,No,1,2.8,113.42,982.17,0.5562,55.6,Medium,No
CUST-03998,37,Female,11,Two Year,Bank Transfer,Fiber Optic,No,No,No,3,2.5,63.13,753.73,0.473,47.3,Medium,No
CUST-03999,65,Female,40,One Year,Electronic Check,DSL,No Internet,No,Yes,5,4.5,68.91,2785.69,0.265,26.5,Low,No
CUST-04000,47,Male,4,Two Year,Bank Transfer,DSL,No Internet,Yes,No,1,2.1,66.68,328.11,0.1546,15.5,Low,No
CUST-04001,29,Female,2,Month-to-Month,Mailed Check,Fiber Optic,Yes,No,No,3,2.6,84.01,256.37,0.7224,72.2,High,Yes
CUST-04002,41,Female,9,Month-to-Month,Electronic Check,No,No,Yes,No,4,2.2,24.55,255.12,0.8004,80.0,High,Yes
CUST-04003,42,Male,13,Two Year,Bank Transfer,DSL,No,No,No,2,2.7,52.65,754.25,0.1865,18.6,Low,No
CUST-04004,48,Female,18,Month-to-Month,Credit Card,DSL,No,No,Yes,2,5.0,36.27,694.74,0.4869,48.7,Medium,No
CUST-04005,22,Female,11,Month-to-Month,Electronic Check,Fiber Optic,Yes,No,No Internet,1,1.9,71.9,783.06,0.8906,89.1,High,Yes
CUST-04006,50,Female,37,Month-to-Month,Electronic Check,Fiber Optic,Yes,No,Yes,6,2.9,79.57,2833.99,0.8905,89.1,High,Yes
CUST-04007,18,Female,0,One Year,Electronic Check,No,No,No,No,6,4.1,28.36,25.97,0.4249,42.5,Medium,No
CUST-04008,33,Male,13,One Year,Bank Transfer,Fiber Optic,No,Yes,No,3,3.0,67.07,965.47,0.399,39.9,Low,No
CUST-04009,35,Male,11,Month-to-Month,Credit Card,DSL,No Internet,No,No,3,3.6,61.01,730.52,0.5054,50.5,Medium,No
CUST-04010,50,Male,25,Two Year,Mailed Check,DSL,No Internet,No,Yes,4,2.6,44.95,1057.72,0.0757,7.6,Low,No
CUST-04011,42,Male,72,Two Year,Bank Transfer,DSL,No,Yes,No Internet,3,3.1,63.04,4640.98,0.1588,15.9,Low,No
CUST-04012,22,Male,17,Month-to-Month,Credit Card,DSL,No Internet,Yes,No,1,2.9,68.5,1172.04,0.456,45.6,Medium,No
CUST-04013,28,Female,72,Month-to-Month,Mailed Check,Fiber Optic,No,Yes,Yes,5,3.0,91.31,6542.38,0.8102,81.0,High,Yes
CUST-04014,44,Female,8,One Year,Bank Transfer,Fiber Optic,No Internet,Yes,No,1,4.5,73.19,650.12,0.2637,26.4,Low,No
CUST-04015,40,Female,0,One Year,Mailed Check,DSL,Yes,No,No,1,2.5,46.96,43.41,0.1876,18.8,Low,No
CUST-04016,33,Female,4,Month-to-Month,Credit Card,DSL,Yes,No,No,4,3.5,53.47,256.61,0.4269,42.7,Medium,No
CUST-04017,35,Female,12,Month-to-Month,Electronic Check,Fiber Optic,No,No,No Internet,1,4.3,94.52,1184.49,0.8727,87.3,High,Yes
CUST-04018,51,Male,9,Month-to-Month,Electronic Check,Fiber Optic,No Internet,Yes,No,2,3.8,81.3,806.69,0.8699,87.0,High,Yes
CUST-04019,34,Female,2,Month-to-Month,Electronic Check,Fiber Optic,No Internet,No Internet,No,3,2.9,97.66,302.78,0.8408,84.1,High,Yes
CUST-04020,40,Male,13,Month-to-Month,Credit Card,DSL,No,No,No Internet,4,4.7,66.78,927.71,0.6079,60.8,Medium,No
CUST-04021,72,Female,9,One Year,Mailed Check,Fiber Optic,No,No,No,2,3.4,75.93,761.24,0.4402,44.0,Medium,No
CUST-04022,22,Female,3,One Year,Mailed Check,Fiber Optic,No,Yes,No,1,4.2,84.87,339.38,0.4267,42.7,Medium,No
CUST-04023,18,Male,8,One Year,Credit Card,DSL,No Internet,No,No,4,2.6,56.02,460.15,0.1976,19.8,Low,No
CUST-04024,52,Female,52,Month-to-Month,Credit Card,Fiber Optic,No,No,No Internet,2,3.8,81.94,4103.81,0.6229,62.3,Medium,Yes
CUST-04025,32,Female,8,One Year,Credit Card,DSL,No,No,No,2,3.9,31.4,271.37,0.2614,26.1,Low,No
CUST-04026,37,Male,30,Month-to-Month,Electronic Check,Fiber Optic,Yes,No Internet,No,2,2.4,102.9,3083.55,0.8608,86.1,High,Yes
CUST-04027,31,Female,22,Month-to-Month,Credit Card,No,No,No,No,5,4.7,27.18,641.58,0.5475,54.8,Medium,No
CUST-04028,38,Male,13,One Year,Electronic Check,Fiber Optic,No,No Internet,No,0,4.4,94.0,1288.12,0.4861,48.6,Medium,No
CUST-04029,64,Male,6,One Year,Electronic Check,Fiber Optic,No Internet,Yes,No,2,2.6,85.74,613.58,0.5352,53.5,Medium,No
CUST-04030,53,Female,11,Month-to-Month,Mailed Check,No,No,Yes,No Internet,0,1.6,18.64,231.73,0.5547,55.5,Medium,No
CUST-04031,54,Female,21,One Year,Mailed Check,Fiber Optic,No,Yes,Yes,1,3.0,91.7,2026.27,0.3142,31.4,Low,No
CUST-04032,22,Female,10,Two Year,Electronic Check,DSL,No Internet,No,No,0,3.1,67.43,680.16,0.3656,36.6,Low,No
CUST-04033,25,Female,5,One Year,Mailed Check,Fiber Optic,Yes,No,No,3,2.5,98.42,549.27,0.4355,43.5,Medium,No
CUST-04034,18,Male,2,One Year,Credit Card,Fiber Optic,Yes,No,No,3,2.7,99.5,305.73,0.329,32.9,Low,No
CUST-04035,30,Female,50,Two Year,Mailed Check,DSL,No,No,No,1,4.1,52.82,2652.25,0.1339,13.4,Low,No
CUST-04036,55,Female,13,One Year,Mailed Check,No,No,Yes,Yes,2,5.0,25.97,355.36,0.1902,19.0,Low,No
CUST-04037,49,Female,23,One Year,Electronic Check,DSL,No,Yes,No,1,4.1,62.67,1572.25,0.3602,36.0,Low,No
CUST-04038,38,Male,16,Month-to-Month,Credit Card,DSL,No Internet,Yes,No Internet,6,4.6,51.85,841.95,0.4565,45.6,Medium,No
CUST-04039,41,Female,49,Month-to-Month,Electronic Check,DSL,No,Yes,No,2,3.2,41.56,1882.96,0.7133,71.3,High,Yes
CUST-04040,32,Female,19,One Year,Mailed Check,Fiber Optic,Yes,Yes,No,3,1.5,73.48,1378.89,0.3562,35.6,Low,No
CUST-04041,44,Female,15,One Year,Electronic Check,DSL,No,Yes,No Internet,2,2.6,46.03,694.29,0.3423,34.2,Low,No
CUST-04042,52,Female,62,Month-to-Month,Credit Card,Fiber Optic,Yes,No,No,1,2.4,95.91,5902.53,0.6362,63.6,Medium,Yes
CUST-04043,19,Male,30,Two Year,Electronic Check,Fiber Optic,No,No,No,4,4.3,106.14,2964.85,0.5661,56.6,Medium,No
CUST-04044,46,Female,2,Month-to-Month,Mailed Check,DSL,Yes,Yes,No,3,1.0,61.46,193.27,0.4707,47.1,Medium,No
CUST-04045,55,Female,4,One Year,Mailed Check,No,No Internet,Yes,No,1,3.4,23.45,106.61,0.151,15.1,Low,No
CUST-04046,36,Male,37,Month-to-Month,Credit Card,Fiber Optic,No,No Internet,Yes,7,3.0,73.57,2613.48,0.8787,87.9,High,Yes
CUST-04047,51,Female,43,Month-to-Month,Electronic Check,DSL,Yes,No,No Internet,0,3.6,55.84,2459.09,0.5158,51.6,Medium,No
CUST-04048,80,Male,18,Two Year,Bank Transfer,Fiber Optic,No,No Internet,Yes,1,2.2,77.74,1545.94,0.4128,41.3,Medium,No
CUST-04049,40,Male,19,Month-to-Month,Electronic Check,Fiber Optic,No,No,No,1,4.5,106.49,2080.34,0.812,81.2,High,Yes
CUST-04050,47,Female,23,Month-to-Month,Credit Card,DSL,No,No Internet,No,1,3.4,47.18,1077.14,0.465,46.5,Medium,No
CUST-04051,31,Male,13,Month-to-Month,Bank Transfer,DSL,No,Yes,No Internet,2,2.0,63.47,821.38,0.4389,43.9,Medium,No
CUST-04052,44,Male,27,Month-to-Month,Bank Transfer,DSL,No Internet,Yes,Yes,1,2.1,30.68,889.54,0.4209,42.1,Medium,No
CUST-04053,48,Female,2,One Year,Mailed Check,Fiber Optic,No,No,No,1,2.7,61.45,167.3,0.4022,40.2,Medium,No
CUST-04054,44,Male,72,Two Year,Mailed Check,No,No,No Internet,No,5,3.8,18.0,1196.39,0.2479,24.8,Low,No
CUST-04055,27,Male,33,Month-to-Month,Electronic Check,Fiber Optic,No Internet,No Internet,No,2,2.4,84.36,2608.86,0.829,82.9,High,Yes
CUST-04056,44,Male,23,One Year,Bank Transfer,DSL,No,No,No Internet,3,3.9,61.6,1434.0,0.2481,24.8,Low,No
CUST-04057,62,Male,9,One Year,Credit Card,DSL,Yes,Yes,Yes,1,3.2,62.55,650.32,0.1491,14.9,Low,No
CUST-04058,48,Female,4,Two Year,Mailed Check,DSL,Yes,Yes,No,0,4.8,61.1,300.42,0.1053,10.5,Low,No
CUST-04059,55,Female,12,Two Year,Credit Card,No,No Internet,Yes,Yes,5,2.6,35.56,440.65,0.2839,28.4,Low,No
CUST-04060,38,Female,26,One Year,Electronic Check,DSL,No Internet,Yes,No,3,3.1,42.61,1076.59,0.2649,26.5,Low,No
CUST-04061,52,Female,24,Month-to-Month,Credit Card,Fiber Optic,Yes,Yes,Yes,5,4.2,80.04,1955.32,0.6966,69.7,Medium,Yes
CUST-04062,45,Male,11,Month-to-Month,Mailed Check,Fiber Optic,No,No,No Internet,4,2.3,105.12,1218.84,0.7832,78.3,High,Yes
CUST-04063,28,Female,22,Month-to-Month,Mailed Check,Fiber Optic,Yes,No Internet,Yes,6,2.2,89.1,1873.1,0.7313,73.1,High,Yes
CUST-04064,46,Female,40,One Year,Mailed Check,Fiber Optic,No,Yes,No,0,1.9,94.97,3508.07,0.4683,46.8,Medium,No
CUST-04065,28,Female,0,One Year,Bank Transfer,No,Yes,Yes,No,3,3.8,35.65,35.27,0.1617,16.2,Low,No
CUST-04066,33,Female,14,One Year,Bank Transfer,Fiber Optic,Yes,Yes,No,4,1.6,70.94,1094.7,0.3554,35.5,Low,No
CUST-04067,44,Female,34,One Year,Mailed Check,DSL,No Internet,Yes,No,1,3.5,41.73,1447.88,0.146,14.6,Low,No
CUST-04068,46,Female,18,Month-to-Month,Mailed Check,DSL,No,Yes,Yes,2,2.4,76.21,1374.07,0.6218,62.2,Medium,Yes
CUST-04069,25,Male,25,One Year,Electronic Check,No,Yes,Yes,No,3,2.4,37.71,904.95,0.2697,27.0,Low,No
CUST-04070,56,Female,17,Month-to-Month,Electronic Check,DSL,No Internet,No Internet,Yes,1,1.1,54.54,992.38,0.6432,64.3,Medium,Yes
CUST-04071,50,Male,72,Month-to-Month,Mailed Check,DSL,No,No,Yes,0,3.1,53.86,3952.71,0.4401,44.0,Medium,No
CUST-04072,32,Male,1,Month-to-Month,Mailed Check,Fiber Optic,No,Yes,Yes,3,2.4,116.35,238.99,0.7903,79.0,High,Yes
CUST-04073,20,Male,16,Two Year,Mailed Check,DSL,No Internet,No,No,1,3.0,55.3,984.69,0.1717,17.2,Low,No
CUST-04074,39,Male,2,Month-to-Month,Bank Transfer,Fiber Optic,No,Yes,No,3,3.0,94.56,260.08,0.7917,79.2,High,Yes
CUST-04075,35,Male,4,Two Year,Bank Transfer,No,Yes,Yes,No Internet,1,5.0,19.89,93.45,0.1347,13.5,Low,No
CUST-04076,43,Male,11,Month-to-Month,Electronic Check,Fiber Optic,Yes,Yes,Yes,2,2.2,97.52,1113.56,0.9121,91.2,High,Yes
CUST-04077,36,Female,4,Month-to-Month,Bank Transfer,Fiber Optic,No,Yes,Yes,1,3.8,100.01,490.38,0.7567,75.7,High,Yes
CUST-04078,18,Female,72,Two Year,Electronic Check,DSL,Yes,No,No,1,2.8,60.6,4016.74,0.2767,27.7,Low,No
CUST-04079,36,Female,70,One Year,Bank Transfer,DSL,No,No Internet,No,1,3.8,49.55,3311.77,0.1363,13.6,Low,No
CUST-04080,37,Male,9,Month-to-Month,Electronic Check,DSL,Yes,No,Yes,1,3.0,49.94,508.95,0.6549,65.5,Medium,Yes
CUST-04081,50,Female,24,Month-to-Month,Bank Transfer,Fiber Optic,No,No,No,2,5.0,82.07,1861.46,0.7343,73.4,High,Yes
CUST-04082,32,Female,18,Two Year,Mailed Check,Fiber Optic,Yes,No,Yes,4,3.1,85.71,1665.43,0.3445,34.5,Low,No
CUST-04083,65,Male,40,Month-to-Month,Mailed Check,Fiber Optic,No,Yes,Yes,4,3.3,74.97,2851.52,0.7863,78.6,High,Yes
CUST-04084,18,Female,23,One Year,Bank Transfer,DSL,No,No,No,2,4.5,58.27,1322.63,0.1069,10.7,Low,No
CUST-04085,60,Female,0,Month-to-Month,Electronic Check,DSL,No,No,No,1,2.8,61.6,62.08,0.7526,75.3,High,Yes
CUST-04086,38,Male,34,Month-to-Month,Electronic Check,Fiber Optic,No,Yes,No Internet,5,4.3,104.24,3702.0,0.8064,80.6,High,Yes
CUST-04087,54,Female,32,Month-to-Month,Bank Transfer,DSL,No Internet,No,No Internet,1,4.5,61.13,1879.35,0.4462,44.6,Medium,No
CUST-04088,43,Female,17,One Year,Credit Card,Fiber Optic,No,No,No,3,2.6,94.04,1626.38,0.4463,44.6,Medium,No
CUST-04089,57,Male,55,One Year,Mailed Check,No,No,No Internet,No,1,4.1,36.62,1920.06,0.1283,12.8,Low,No
CUST-04090,36,Male,57,Month-to-Month,Electronic Check,Fiber Optic,No,Yes,Yes,2,2.1,104.9,5944.23,0.9116,91.2,High,Yes
CUST-04091,26,Male,17,One Year,Mailed Check,DSL,No,Yes,No,1,3.4,69.99,1257.12,0.2177,21.8,Low,No
CUST-04092,61,Male,22,Two Year,Bank Transfer,DSL,Yes,Yes,No,3,2.5,40.87,884.09,0.1707,17.1,Low,No
CUST-04093,40,Female,72,Two Year,Mailed Check,Fiber Optic,Yes,No Internet,No Internet,0,3.1,77.26,5466.96,0.1329,13.3,Low,No
CUST-04094,45,Female,8,Month-to-Month,Credit Card,Fiber Optic,No,No,Yes,1,4.0,84.89,749.01,0.7919,79.2,High,Yes
CUST-04095,59,Male,9,Month-to-Month,Mailed Check,Fiber Optic,No,No Internet,No,5,4.4,98.68,950.14,0.7809,78.1,High,Yes
CUST-04096,27,Female,4,Two Year,Electronic Check,Fiber Optic,Yes,No,No,1,1.0,83.48,407.84,0.5461,54.6,Medium,No
CUST-04097,50,Male,54,Month-to-Month,Electronic Check,DSL,No,No,No Internet,2,2.2,48.88,2477.63,0.6693,66.9,Medium,Yes
CUST-04098,33,Male,32,Month-to-Month,Mailed Check,Fiber Optic,Yes,Yes,No,3,4.7,84.96,2540.34,0.7105,71.1,High,Yes
CUST-04099,40,Male,2,Two Year,Bank Transfer,Fiber Optic,No Internet,No Internet,No,1,3.2,80.26,218.98,0.3457,34.6,Low,No
CUST-04100,43,Female,72,Month-to-Month,Electronic Check,DSL,Yes,No Internet,No Internet,5,3.2,44.89,3427.46,0.7109,71.1,High,Yes
CUST-04101,20,Male,31,Month-to-Month,Credit Card,Fiber Optic,Yes,No,Yes,5,4.3,46.72,1362.12,0.7506,75.1,High,Yes
CUST-04102,31,Male,45,Month-to-Month,Electronic Check,Fiber Optic,No,Yes,Yes,0,1.0,79.78,3515.39,0.8911,89.1,High,Yes
CUST-04103,60,Male,1,Two Year,Mailed Check,Fiber Optic,No,No,No,2,2.1,85.85,174.92,0.4924,49.2,Medium,No
CUST-04104,54,Female,16,Month-to-Month,Electronic Check,DSL,No,Yes,No,2,4.3,47.76,834.32,0.6165,61.6,Medium,No
CUST-04105,41,Female,28,Two Year,Credit Card,DSL,No,No Internet,Yes,1,1.4,42.87,1168.97,0.2693,26.9,Low,No
CUST-04106,45,Male,18,One Year,Bank Transfer,No,No,No,Yes,2,3.2,18.0,340.63,0.2197,22.0,Low,No
CUST-04107,37,Male,26,Month-to-Month,Electronic Check,Fiber Optic,No,No,Yes,4,1.0,78.67,2142.34,0.9079,90.8,High,Yes
CUST-04108,60,Female,40,Month-to-Month,Credit Card,Fiber Optic,Yes,No,No,4,2.6,59.73,2540.48,0.6892,68.9,Medium,Yes
CUST-04109,39,Female,11,Month-to-Month,Electronic Check,Fiber Optic,No,No,No,2,4.4,86.7,1075.12,0.895,89.5,High,Yes
CUST-04110,45,Male,45,One Year,Bank Transfer,DSL,No Internet,Yes,No Internet,2,1.2,66.58,2956.31,0.1481,14.8,Low,No
CUST-04111,58,Female,4,Month-to-Month,Credit Card,DSL,Yes,No Internet,No,2,2.8,48.09,235.93,0.4165,41.6,Medium,No
CUST-04112,31,Female,7,Two Year,Bank Transfer,Fiber Optic,No,No Internet,No,3,4.2,74.63,609.06,0.3664,36.6,Low,No
CUST-04113,63,Male,1,Month-to-Month,Credit Card,No,Yes,No,No,1,2.3,31.92,63.19,0.4143,41.4,Medium,No
CUST-04114,20,Female,10,Month-to-Month,Credit Card,DSL,Yes,No,No,2,3.6,53.66,562.76,0.4885,48.9,Medium,No
CUST-04115,64,Female,11,Month-to-Month,Credit Card,No,Yes,No,No,5,5.0,18.0,225.19,0.4196,42.0,Medium,No
CUST-04116,36,Female,39,One Year,Electronic Check,Fiber Optic,Yes,No,Yes,2,4.0,104.7,4395.97,0.4606,46.1,Medium,No
CUST-04117,38,Male,25,Month-to-Month,Electronic Check,Fiber Optic,Yes,No Internet,No Internet,4,3.4,81.82,2212.32,0.9007,90.1,High,Yes
CUST-04118,18,Male,13,Month-to-Month,Bank Transfer,Fiber Optic,No,Yes,No Internet,1,5.0,72.53,966.53,0.6658,66.6,Medium,Yes
CUST-04119,35,Male,25,Two Year,Bank Transfer,Fiber Optic,Yes,Yes,No,2,3.4,78.48,1910.6,0.2609,26.1,Low,No
CUST-04120,27,Male,1,One Year,Mailed Check,No,No,No Internet,No Internet,3,3.1,18.0,35.06,0.2422,24.2,Low,No
CUST-04121,33,Female,4,One Year,Electronic Check,Fiber Optic,No Internet,Yes,No,5,2.0,92.67,471.56,0.5751,57.5,Medium,No
CUST-04122,40,Female,23,One Year,Credit Card,DSL,No,No,No,1,4.1,61.79,1394.75,0.2322,23.2,Low,No
CUST-04123,55,Female,24,One Year,Credit Card,Fiber Optic,No Internet,Yes,No,3,5.0,83.61,2008.71,0.2808,28.1,Low,No
CUST-04124,44,Female,35,Month-to-Month,Mailed Check,Fiber Optic,No,No Internet,No,4,1.0,85.02,2824.17,0.7829,78.3,High,Yes
CUST-04125,46,Male,12,Month-to-Month,Electronic Check,Fiber Optic,No,No Internet,No,1,2.3,75.25,983.38,0.8478,84.8,High,Yes
CUST-04126,26,Female,30,Two Year,Electronic Check,Fiber Optic,Yes,No Internet,No,1,3.1,94.18,2950.56,0.5271,52.7,Medium,No
CUST-04127,29,Female,27,Month-to-Month,Electronic Check,DSL,No Internet,No Internet,No,1,2.2,48.38,1319.88,0.6224,62.2,Medium,Yes
CUST-04128,67,Male,72,One Year,Bank Transfer,No,No Internet,Yes,Yes,3,4.1,19.42,1432.7,0.1427,14.3,Low,No
CUST-04129,31,Female,5,Month-to-Month,Credit Card,DSL,Yes,No,Yes,2,3.9,71.24,426.01,0.3945,39.4,Low,No
CUST-04130,65,Male,19,Month-to-Month,Electronic Check,DSL,No,No,No Internet,3,3.6,48.45,1007.19,0.6686,66.9,Medium,Yes
CUST-04131,38,Female,22,Month-to-Month,Mailed Check,Fiber Optic,No,No Internet,No,0,5.0,78.86,1791.99,0.6506,65.1,Medium,Yes
CUST-04132,42,Female,72,Month-to-Month,Bank Transfer,No,No,Yes,Yes,4,3.6,30.63,2132.08,0.4802,48.0,Medium,No
CUST-04133,56,Male,5,One Year,Electronic Check,Fiber Optic,No,No Internet,No,8,2.6,91.26,552.73,0.7422,74.2,High,Yes
CUST-04134,59,Female,17,Month-to-Month,Mailed Check,No,Yes,Yes,No,7,1.9,21.31,348.49,0.4895,49.0,Medium,No
CUST-04135,40,Female,10,Month-to-Month,Bank Transfer,DSL,Yes,No Internet,Yes,2,3.7,60.85,650.24,0.38,38.0,Low,No
CUST-04136,36,Male,17,Two Year,Credit Card,Fiber Optic,Yes,No,No Internet,2,2.0,76.17,1432.61,0.3934,39.3,Low,No
CUST-04137,41,Male,6,Month-to-Month,Mailed Check,DSL,No,No,No Internet,4,4.0,48.31,340.12,0.5828,58.3,Medium,No
CUST-04138,46,Male,1,Two Year,Bank Transfer,No,No,Yes,Yes,1,2.7,18.0,37.79,0.2503,25.0,Low,No
CUST-04139,54,Female,20,Two Year,Electronic Check,Fiber Optic,No Internet,Yes,No Internet,4,1.0,99.17,1997.03,0.5443,54.4,Medium,No
CUST-04140,42,Female,9,Two Year,Electronic Check,Fiber Optic,No,Yes,No Internet,0,4.3,46.94,450.12,0.5496,55.0,Medium,No
CUST-04141,50,Female,4,Two Year,Electronic Check,Fiber Optic,Yes,No,No,1,3.8,73.79,335.35,0.4049,40.5,Medium,No
CUST-04142,64,Female,9,Month-to-Month,Mailed Check,DSL,Yes,No,No,4,4.1,56.1,535.25,0.3839,38.4,Low,No
CUST-04143,47,Female,1,Two Year,Electronic Check,Fiber Optic,No Internet,No,Yes,4,1.5,82.69,152.34,0.5857,58.6,Medium,No
CUST-04144,46,Male,72,Two Year,Electronic Check,DSL,No,Yes,Yes,2,4.7,38.29,2681.48,0.2936,29.4,Low,No
CUST-04145,20,Female,20,Two Year,Bank Transfer,No,No,No,No,1,5.0,25.46,481.35,0.2182,21.8,Low,No
CUST-04146,18,Male,40,Month-to-Month,Bank Transfer,No,Yes,No Internet,No Internet,4,2.1,28.73,1137.57,0.4698,47.0,Medium,No
CUST-04147,47,Male,13,Two Year,Electronic Check,Fiber Optic,No,No,No,2,3.6,93.42,1361.34,0.6234,62.3,Medium,Yes
CUST-04148,40,Female,56,One Year,Electronic Check,DSL,No,Yes,Yes,1,2.8,48.22,2787.99,0.2837,28.4,Low,No
CUST-04149,34,Male,15,One Year,Mailed Check,Fiber Optic,Yes,No Internet,No,2,2.7,76.3,1142.88,0.4138,41.4,Medium,No
CUST-04150,45,Female,20,Month-to-Month,Electronic Check,DSL,No,No Internet,No,2,3.5,64.07,1265.43,0.7461,74.6,High,Yes
CUST-04151,41,Female,16,Month-to-Month,Mailed Check,No,No,No Internet,No,7,2.6,39.42,634.21,0.6009,60.1,Medium,No
CUST-04152,57,Male,31,Two Year,Bank Transfer,DSL,No,No Internet,Yes,3,3.0,66.95,1957.95,0.197,19.7,Low,No
CUST-04153,43,Male,20,Month-to-Month,Electronic Check,No,No Internet,No,No,0,5.0,26.26,578.37,0.5562,55.6,Medium,No
CUST-04154,31,Female,7,Month-to-Month,Electronic Check,No,No,Yes,No,3,1.8,31.62,253.0,0.7433,74.3,High,Yes
CUST-04155,55,Female,3,Two Year,Electronic Check,Fiber Optic,Yes,No,Yes,5,3.6,110.94,448.54,0.5003,50.0,Medium,No
CUST-04156,38,Male,22,Month-to-Month,Electronic Check,DSL,No Internet,No,Yes,0,5.0,58.34,1347.47,0.5582,55.8,Medium,No
CUST-04157,49,Male,16,Month-to-Month,Credit Card,Fiber Optic,Yes,Yes,Yes,1,3.3,73.36,1209.41,0.673,67.3,Medium,Yes
CUST-04158,35,Female,2,Month-to-Month,Mailed Check,Fiber Optic,No Internet,Yes,No Internet,3,4.0,97.22,298.21,0.6609,66.1,Medium,Yes
CUST-04159,32,Female,12,Month-to-Month,Mailed Check,Fiber Optic,No Internet,No,No,3,2.4,74.72,908.86,0.7344,73.4,High,Yes
CUST-04160,43,Male,17,Month-to-Month,Bank Transfer,No,Yes,No,No,2,2.2,26.56,458.11,0.4016,40.2,Medium,No
CUST-04161,42,Male,42,Month-to-Month,Electronic Check,Fiber Optic,No,Yes,No,2,1.7,103.68,4230.33,0.9035,90.3,High,Yes
CUST-04162,48,Female,1,Month-to-Month,Electronic Check,DSL,Yes,No,No,2,3.3,41.53,86.62,0.6505,65.0,Medium,Yes
CUST-04163,38,Female,10,One Year,Credit Card,DSL,No,No Internet,Yes,6,5.0,68.04,677.98,0.1736,17.4,Low,No
CUST-04164,18,Female,41,Two Year,Credit Card,DSL,No,Yes,No,4,3.9,75.03,2871.77,0.1117,11.2,Low,No
CUST-04165,35,Female,25,Month-to-Month,Mailed Check,DSL,Yes,No Internet,No,1,3.4,45.76,1241.42,0.4446,44.5,Medium,No
CUST-04166,53,Female,8,Month-to-Month,Mailed Check,Fiber Optic,Yes,No,Yes,3,2.7,91.51,826.18,0.6802,68.0,Medium,Yes
CUST-04167,37,Male,44,Month-to-Month,Bank Transfer,DSL,No,Yes,Yes,5,2.7,53.61,2401.32,0.6106,61.1,Medium,No
CUST-04168,38,Female,16,Two Year,Electronic Check,DSL,No,Yes,No,4,2.3,40.07,696.78,0.4625,46.3,Medium,No
CUST-04169,55,Male,16,Two Year,Electronic Check,DSL,No,Yes,No,1,2.4,63.27,1115.95,0.4697,47.0,Medium,No
CUST-04170,32,Female,72,Month-to-Month,Electronic Check,Fiber Optic,No,Yes,Yes,2,3.8,59.33,4480.18,0.7491,74.9,High,Yes
CUST-04171,20,Male,70,Month-to-Month,Mailed Check,Fiber Optic,No,No Internet,No,2,5.0,89.06,6534.91,0.721,72.1,High,Yes
CUST-04172,39,Male,10,One Year,Electronic Check,No,No Internet,No,No Internet,4,4.2,20.81,234.82,0.2372,23.7,Low,No
CUST-04173,35,Female,3,One Year,Mailed Check,Fiber Optic,Yes,No Internet,Yes,2,2.6,73.03,268.18,0.3854,38.5,Low,No
CUST-04174,28,Female,9,Month-to-Month,Bank Transfer,Fiber Optic,No,No,No,5,2.4,49.69,494.56,0.8276,82.8,High,Yes
CUST-04175,39,Male,0,One Year,Mailed Check,Fiber Optic,No,No,No,4,2.3,84.26,82.04,0.5728,57.3,Medium,No
CUST-04176,48,Female,0,One Year,Electronic Check,Fiber Optic,No Internet,Yes,Yes,4,5.0,102.99,104.75,0.5188,51.9,Medium,No
CUST-04177,41,Male,12,Two Year,Mailed Check,Fiber Optic,No,No,No,3,4.2,79.71,1081.07,0.4738,47.4,Medium,No
CUST-04178,46,Male,67,Month-to-Month,Bank Transfer,DSL,No Internet,No,No Internet,1,3.7,49.26,3197.84,0.3753,37.5,Low,No
CUST-04179,67,Female,49,Two Year,Electronic Check,No,No,No,No Internet,2,4.5,27.39,1387.6,0.2574,25.7,Low,No
CUST-04180,37,Male,17,Month-to-Month,Electronic Check,Fiber Optic,No,No Internet,Yes,3,4.0,93.56,1569.25,0.97,97.0,High,Yes
CUST-04181,45,Female,19,One Year,Mailed Check,Fiber Optic,No,No,No Internet,4,1.0,107.94,2079.4,0.5354,53.5,Medium,No
CUST-04182,34,Male,0,One Year,Electronic Check,DSL,No,No Internet,No,3,2.1,44.12,44.49,0.404,40.4,Medium,No
CUST-04183,30,Female,5,Month-to-Month,Credit Card,Fiber Optic,No,No,Yes,2,4.5,99.92,547.4,0.7142,71.4,High,Yes
CUST-04184,33,Female,0,One Year,Bank Transfer,No,No,Yes,Yes,5,5.0,23.24,23.92,0.2632,26.3,Low,No
CUST-04185,35,Male,33,Month-to-Month,Electronic Check,Fiber Optic,No Internet,No,No Internet,0,4.7,98.05,3458.91,0.6586,65.9,Medium,Yes
CUST-04186,47,Male,3,Month-to-Month,Bank Transfer,DSL,No Internet,Yes,No,5,3.2,74.01,305.16,0.4354,43.5,Medium,No
CUST-04187,74,Female,48,Month-to-Month,Mailed Check,DSL,No Internet,No,No Internet,2,3.8,54.7,2412.57,0.3987,39.9,Low,No
CUST-04188,31,Female,24,Month-to-Month,Electronic Check,DSL,No,No,Yes,2,2.2,54.42,1388.42,0.6322,63.2,Medium,Yes
CUST-04189,36,Male,6,Month-to-Month,Electronic Check,DSL,Yes,Yes,No,2,3.7,44.8,324.43,0.5841,58.4,Medium,No
CUST-04190,41,Female,4,Two Year,Bank Transfer,Fiber Optic,No,No,Yes,2,3.5,68.52,358.9,0.4245,42.4,Medium,No
CUST-04191,47,Male,23,Month-to-Month,Electronic Check,Fiber Optic,No,Yes,Yes,2,3.2,96.89,2104.52,0.9187,91.9,High,Yes
CUST-04192,45,Male,55,Month-to-Month,Electronic Check,No,No Internet,Yes,No Internet,1,3.9,29.91,1649.12,0.6127,61.3,Medium,No
CUST-04193,59,Male,30,Month-to-Month,Electronic Check,No,No,No Internet,Yes,3,3.4,27.65,884.83,0.7483,74.8,High,Yes
CUST-04194,18,Male,10,Month-to-Month,Electronic Check,Fiber Optic,Yes,No,No,5,1.0,99.37,1103.63,0.799,79.9,High,Yes
CUST-04195,18,Female,21,Month-to-Month,Bank Transfer,No,No,Yes,No Internet,3,2.5,30.09,680.62,0.5214,52.1,Medium,No
CUST-04196,35,Female,8,Month-to-Month,Credit Card,DSL,No,No,No Internet,3,2.5,71.05,642.49,0.5784,57.8,Medium,No
CUST-04197,57,Female,72,Month-to-Month,Bank Transfer,DSL,No,No,No,1,3.0,56.79,3746.13,0.546,54.6,Medium,No
CUST-04198,20,Female,33,Month-to-Month,Bank Transfer,Fiber Optic,No,Yes,No,2,3.5,71.1,2494.11,0.784,78.4,High,Yes
CUST-04199,18,Female,22,One Year,Credit Card,DSL,Yes,No,No,5,3.7,57.07,1302.97,0.1735,17.3,Low,No
CUST-04200,49,Female,13,One Year,Electronic Check,Fiber Optic,Yes,No,Yes,1,3.0,120.0,1574.36,0.3989,39.9,Low,No
CUST-04201,45,Female,23,Month-to-Month,Electronic Check,DSL,No,No Internet,No,1,3.1,57.4,1380.32,0.7427,74.3,High,Yes
CUST-04202,26,Female,10,Month-to-Month,Mailed Check,Fiber Optic,Yes,No,No,2,1.0,99.04,1064.56,0.719,71.9,High,Yes
CUST-04203,28,Female,0,Two Year,Mailed Check,No,No,Yes,No,1,4.4,24.39,24.58,0.1507,15.1,Low,No
CUST-04204,28,Male,12,Month-to-Month,Mailed Check,Fiber Optic,No,No,Yes,4,3.4,87.78,1107.96,0.8234,82.3,High,Yes
CUST-04205,43,Female,63,Two Year,Electronic Check,Fiber Optic,No Internet,No,Yes,5,3.0,96.76,5668.56,0.4825,48.3,Medium,No
CUST-04206,33,Female,23,Month-to-Month,Electronic Check,Fiber Optic,No Internet,Yes,No,0,2.9,67.39,1676.91,0.8184,81.8,High,Yes
CUST-04207,48,Female,2,Month-to-Month,Mailed Check,Fiber Optic,No,No Internet,No,4,1.6,64.88,195.11,0.8347,83.5,High,Yes
CUST-04208,18,Female,51,One Year,Credit Card,DSL,No,Yes,No,3,5.0,68.53,3588.82,0.2606,26.1,Low,No
CUST-04209,30,Female,7,Two Year,Mailed Check,Fiber Optic,No,Yes,Yes,3,2.5,81.48,661.71,0.4422,44.2,Medium,No
CUST-04210,26,Female,6,Month-to-Month,Electronic Check,No,Yes,Yes,No,3,1.5,18.0,123.08,0.7392,73.9,High,Yes
CUST-04211,38,Male,8,Month-to-Month,Bank Transfer,DSL,Yes,No,No Internet,2,3.0,63.28,573.55,0.4024,40.2,Medium,No
CUST-04212,34,Female,20,Month-to-Month,Electronic Check,DSL,No,No,Yes,3,3.2,47.23,924.14,0.7361,73.6,High,Yes
CUST-04213,53,Male,18,Two Year,Electronic Check,Fiber Optic,No Internet,Yes,Yes,2,4.4,84.46,1557.1,0.452,45.2,Medium,No
CUST-04214,18,Female,16,One Year,Electronic Check,Fiber Optic,Yes,No Internet,No,5,3.0,78.63,1341.71,0.5683,56.8,Medium,No
CUST-04215,42,Female,30,Month-to-Month,Bank Transfer,Fiber Optic,No,Yes,No Internet,2,2.9,84.69,2679.84,0.7766,77.7,High,Yes
CUST-04216,49,Male,9,Month-to-Month,Credit Card,DSL,No,Yes,Yes,1,2.4,70.46,736.45,0.6233,62.3,Medium,Yes
CUST-04217,67,Male,36,Month-to-Month,Bank Transfer,Fiber Optic,No Internet,Yes,Yes,3,1.6,81.82,3115.48,0.7335,73.3,High,Yes
CUST-04218,35,Female,4,Month-to-Month,Electronic Check,DSL,Yes,No Internet,Yes,0,1.7,54.87,248.62,0.611,61.1,Medium,No
CUST-04219,46,Male,36,Month-to-Month,Electronic Check,Fiber Optic,Yes,No,No,4,3.8,90.81,3113.06,0.7392,73.9,High,Yes
CUST-04220,18,Male,26,One Year,Electronic Check,No,No Internet,No,No Internet,4,3.7,33.45,904.88,0.2525,25.3,Low,No
CUST-04221,18,Female,27,Month-to-Month,Credit Card,Fiber Optic,Yes,Yes,No,2,4.3,78.95,2016.76,0.6998,70.0,High,Yes
CUST-04222,53,Male,15,Month-to-Month,Bank Transfer,Fiber Optic,No,No,No,2,3.0,91.72,1539.87,0.8002,80.0,High,Yes
CUST-04223,41,Male,26,One Year,Electronic Check,DSL,No,No,No,2,4.9,67.79,1776.66,0.2909,29.1,Low,No
CUST-04224,58,Female,1,Month-to-Month,Bank Transfer,No,No,No,Yes,1,2.2,20.06,40.24,0.5465,54.7,Medium,No
CUST-04225,22,Male,45,Month-to-Month,Mailed Check,DSL,No,Yes,No,1,2.7,38.08,1589.07,0.5146,51.5,Medium,No
CUST-04226,49,Male,1,Month-to-Month,Credit Card,Fiber Optic,No Internet,No Internet,No,3,3.1,98.53,190.08,0.6531,65.3,Medium,Yes
CUST-04227,68,Female,3,Month-to-Month,Credit Card,DSL,Yes,Yes,Yes,4,3.1,52.14,195.2,0.5078,50.8,Medium,No
CUST-04228,47,Female,20,Two Year,Electronic Check,No,Yes,No,Yes,1,2.3,20.59,395.95,0.3022,30.2,Low,No
CUST-04229,45,Female,32,One Year,Bank Transfer,Fiber Optic,No,No,No,2,2.1,98.37,3249.1,0.5171,51.7,Medium,No
CUST-04230,42,Female,1,Month-to-Month,Mailed Check,Fiber Optic,No,No,No,3,1.0,97.34,203.74,0.8691,86.9,High,Yes
CUST-04231,20,Female,60,Month-to-Month,Electronic Check,No,No,Yes,No,3,4.9,36.34,2096.52,0.5479,54.8,Medium,No
CUST-04232,60,Male,72,Month-to-Month,Bank Transfer,No,No Internet,Yes,Yes,3,3.2,38.22,2899.67,0.4694,46.9,Medium,No
CUST-04233,33,Male,22,One Year,Mailed Check,DSL,No Internet,No,Yes,2,2.8,65.3,1352.41,0.1722,17.2,Low,No
CUST-04234,49,Male,15,Month-to-Month,Electronic Check,No,Yes,No Internet,Yes,7,2.3,25.9,414.17,0.7125,71.3,High,Yes
CUST-04235,20,Male,32,Month-to-Month,Bank Transfer,Fiber Optic,No,No Internet,No,2,3.3,79.01,2554.15,0.762,76.2,High,Yes
CUST-04236,25,Female,9,Month-to-Month,Bank Transfer,DSL,Yes,Yes,No,2,3.0,66.7,637.23,0.4718,47.2,Medium,No
CUST-04237,62,Female,16,Month-to-Month,Electronic Check,DSL,No Internet,Yes,Yes,4,5.0,59.66,976.32,0.6423,64.2,Medium,Yes
CUST-04238,37,Male,59,One Year,Mailed Check,DSL,No,No,No,1,2.7,48.0,2851.52,0.1649,16.5,Low,No
CUST-04239,62,Female,72,Two Year,Bank Transfer,No,No,No,No,3,2.9,23.57,1692.57,0.2408,24.1,Low,No
CUST-04240,40,Male,62,Two Year,Electronic Check,No,No Internet,No,No,3,4.0,26.68,1640.88,0.3749,37.5,Low,No
CUST-04241,18,Male,7,Month-to-Month,Credit Card,Fiber Optic,No,No,No,3,3.9,88.7,743.27,0.7152,71.5,High,Yes
CUST-04242,54,Female,6,One Year,Electronic Check,Fiber Optic,Yes,No,Yes,1,1.9,82.35,585.27,0.5112,51.1,Medium,No
CUST-04243,33,Male,8,One Year,Electronic Check,Fiber Optic,No,No,No,5,3.8,56.05,467.51,0.6373,63.7,Medium,Yes
CUST-04244,51,Male,13,Two Year,Electronic Check,DSL,No,Yes,No Internet,0,4.5,46.26,672.0,0.2319,23.2,Low,No
CUST-04245,42,Male,9,Month-to-Month,Mailed Check,Fiber Optic,No,No,No,0,4.8,77.91,758.74,0.7014,70.1,High,Yes
CUST-04246,20,Male,11,One Year,Bank Transfer,No,No,No,Yes,2,1.8,20.86,225.82,0.2942,29.4,Low,No
CUST-04247,44,Female,23,Month-to-Month,Mailed Check,Fiber Optic,Yes,No Internet,No Internet,4,3.2,71.88,1755.99,0.7058,70.6,High,Yes
CUST-04248,72,Female,34,One Year,Electronic Check,Fiber Optic,No,Yes,No,1,2.0,95.71,3192.15,0.5497,55.0,Medium,No
CUST-04249,48,Male,31,Month-to-Month,Credit Card,DSL,No,Yes,No,1,4.1,51.6,1733.48,0.5372,53.7,Medium,No
CUST-04250,41,Male,40,One Year,Electronic Check,DSL,No Internet,No Internet,No,4,3.4,41.02,1650.84,0.295,29.5,Low,No
CUST-04251,57,Female,0,Two Year,Electronic Check,Fiber Optic,Yes,No,Yes,2,4.5,99.12,93.23,0.5123,51.2,Medium,No
CUST-04252,44,Female,1,Month-to-Month,Electronic Check,DSL,Yes,No Internet,No,2,3.8,55.74,112.91,0.6586,65.9,Medium,Yes
CUST-04253,44,Male,37,Month-to-Month,Electronic Check,Fiber Optic,No,No,No,3,2.2,87.54,3132.65,0.931,93.1,High,Yes
CUST-04254,26,Male,18,Month-to-Month,Mailed Check,Fiber Optic,No,No Internet,No Internet,6,3.3,86.83,1490.91,0.8029,80.3,High,Yes
CUST-04255,45,Female,20,Month-to-Month,Electronic Check,Fiber Optic,Yes,Yes,Yes,1,2.4,74.04,1421.84,0.8436,84.4,High,Yes
CUST-04256,56,Female,1,Month-to-Month,Electronic Check,DSL,No,Yes,No,4,2.0,71.84,143.48,0.8031,80.3,High,Yes
CUST-04257,30,Male,7,Month-to-Month,Credit Card,Fiber Optic,No Internet,No Internet,No Internet,0,2.6,88.45,659.56,0.7036,70.4,High,Yes
CUST-04258,61,Female,24,Two Year,Electronic Check,No,No,No Internet,Yes,0,3.4,23.47,549.0,0.318,31.8,Low,No
CUST-04259,40,Male,47,Month-to-Month,Bank Transfer,DSL,No,No,No Internet,1,2.1,65.28,2890.1,0.5552,55.5,Medium,No
CUST-04260,29,Female,59,One Year,Bank Transfer,Fiber Optic,No Internet,No,Yes,3,3.3,93.14,5244.48,0.2325,23.2,Low,No
CUST-04261,55,Female,16,Two Year,Electronic Check,Fiber Optic,Yes,No Internet,Yes,5,1.7,52.98,913.26,0.6348,63.5,Medium,Yes
CUST-04262,37,Female,18,Two Year,Mailed Check,Fiber Optic,No,Yes,No,3,1.1,95.4,1771.02,0.5071,50.7,Medium,No
CUST-04263,52,Male,42,One Year,Mailed Check,DSL,No,No,No,3,5.0,59.14,2371.12,0.1449,14.5,Low,No
CUST-04264,37,Male,18,Month-to-Month,Electronic Check,DSL,No,Yes,Yes,6,2.8,57.1,1016.7,0.6917,69.2,Medium,Yes
CUST-04265,41,Male,17,Two Year,Credit Card,No,No Internet,Yes,No,4,3.0,28.82,496.32,0.1796,18.0,Low,No
CUST-04266,48,Female,56,Month-to-Month,Mailed Check,Fiber Optic,No,No,Yes,1,2.8,81.7,4887.19,0.6818,68.2,Medium,Yes
CUST-04267,46,Male,37,Two Year,Credit Card,Fiber Optic,Yes,No Internet,Yes,1,3.8,97.95,3447.0,0.2316,23.2,Low,No
CUST-04268,18,Male,57,One Year,Credit Card,Fiber Optic,No Internet,No,No,1,3.4,67.59,4000.32,0.1755,17.5,Low,No
CUST-04269,26,Male,5,One Year,Electronic Check,Fiber Optic,Yes,No Internet,No,1,4.2,65.6,405.35,0.5383,53.8,Medium,No
CUST-04270,55,Female,17,Month-to-Month,Electronic Check,Fiber Optic,No,Yes,Yes,1,3.5,97.08,1823.09,0.7928,79.3,High,Yes
CUST-04271,40,Male,44,One Year,Electronic Check,No,No,No,No,5,3.2,27.4,1221.56,0.4533,45.3,Medium,No
CUST-04272,34,Male,2,Two Year,Credit Card,DSL,No Internet,Yes,No,2,4.3,54.88,150.65,0.2105,21.0,Low,No
CUST-04273,22,Male,37,Two Year,Credit Card,DSL,No,Yes,Yes,4,2.8,68.81,2362.39,0.2108,21.1,Low,No
CUST-04274,26,Female,4,Month-to-Month,Mailed Check,Fiber Optic,No,Yes,No,6,3.1,89.88,434.32,0.8028,80.3,High,Yes
CUST-04275,18,Female,39,Two Year,Electronic Check,Fiber Optic,No,Yes,Yes,0,2.9,103.78,3954.47,0.5748,57.5,Medium,No
CUST-04276,40,Female,22,Month-to-Month,Electronic Check,Fiber Optic,No Internet,No,No,1,4.7,69.05,1634.74,0.7441,74.4,High,Yes
CUST-04277,33,Female,5,One Year,Credit Card,Fiber Optic,No Internet,Yes,No Internet,1,3.6,91.45,542.97,0.3035,30.3,Low,No
CUST-04278,28,Female,15,One Year,Credit Card,DSL,Yes,No,No Internet,2,3.3,62.54,1027.14,0.1109,11.1,Low,No
CUST-04279,41,Male,27,Month-to-Month,Electronic Check,Fiber Optic,No Internet,No Internet,Yes,3,1.0,89.62,2473.15,0.8176,81.8,High,Yes
CUST-04280,47,Female,24,Month-to-Month,Electronic Check,No,No Internet,No,No,5,3.6,33.23,776.01,0.7498,75.0,High,Yes
CUST-04281,71,Male,13,One Year,Electronic Check,No,No,No Internet,No,3,4.0,30.55,397.73,0.3776,37.8,Low,No
CUST-04282,20,Male,55,Month-to-Month,Electronic Check,Fiber Optic,No,No Internet,No Internet,5,4.2,94.12,5056.18,0.8963,89.6,High,Yes
CUST-04283,58,Female,17,Month-to-Month,Credit Card,DSL,No,No,No Internet,2,3.0,51.24,834.14,0.5346,53.5,Medium,No
CUST-04284,55,Male,16,One Year,Mailed Check,DSL,No,No,No,4,3.9,73.84,1223.39,0.1849,18.5,Low,No
CUST-04285,31,Male,1,Two Year,Bank Transfer,Fiber Optic,No,No,No Internet,2,3.7,81.32,153.03,0.3666,36.7,Low,No
CUST-04286,44,Male,61,One Year,Mailed Check,No,Yes,Yes,No Internet,3,1.0,19.5,1096.38,0.2002,20.0,Low,No
CUST-04287,35,Female,4,Month-to-Month,Mailed Check,Fiber Optic,Yes,No Internet,No,2,4.4,106.11,515.26,0.6327,63.3,Medium,Yes
CUST-04288,44,Male,18,Month-to-Month,Electronic Check,DSL,Yes,No,No,1,3.0,81.88,1549.73,0.6586,65.9,Medium,Yes
CUST-04289,63,Female,39,One Year,Bank Transfer,Fiber Optic,No Internet,Yes,No,2,3.5,60.95,2231.03,0.2775,27.8,Low,No
CUST-04290,50,Female,5,One Year,Bank Transfer,Fiber Optic,No,No,No,3,2.5,119.12,708.49,0.5066,50.7,Medium,No
CUST-04291,49,Female,17,One Year,Mailed Check,DSL,No,No,No,2,4.0,45.97,861.75,0.227,22.7,Low,No
CUST-04292,35,Male,6,Two Year,Electronic Check,No,No Internet,No,No,2,3.6,33.56,224.7,0.3814,38.1,Low,No
CUST-04293,21,Female,34,Month-to-Month,Electronic Check,Fiber Optic,No,Yes,Yes,2,1.4,81.82,2999.04,0.8598,86.0,High,Yes
CUST-04294,39,Male,19,Month-to-Month,Electronic Check,Fiber Optic,No Internet,No,No Internet,5,2.4,68.51,1393.89,0.8388,83.9,High,Yes
CUST-04295,58,Male,46,Two Year,Bank Transfer,Fiber Optic,Yes,No,No Internet,2,4.8,81.21,3440.69,0.2627,26.3,Low,No
CUST-04296,20,Male,53,Month-to-Month,Mailed Check,Fiber Optic,No,No Internet,Yes,4,4.1,98.92,5564.84,0.8015,80.2,High,Yes
CUST-04297,27,Female,25,One Year,Mailed Check,DSL,No,No Internet,No,3,2.8,55.53,1409.85,0.2307,23.1,Low,No
CUST-04298,43,Male,31,Two Year,Credit Card,DSL,Yes,No,No,0,2.9,40.83,1293.6,0.0756,7.6,Low,No
CUST-04299,28,Male,19,Two Year,Mailed Check,No,No,Yes,No,2,2.2,20.75,411.42,0.3007,30.1,Low,No
CUST-04300,30,Male,11,One Year,Mailed Check,DSL,No,Yes,No,3,2.3,42.44,488.23,0.1878,18.8,Low,No
CUST-04301,36,Male,25,Month-to-Month,Electronic Check,No,No Internet,Yes,No,0,3.4,38.18,959.54,0.5898,59.0,Medium,No
CUST-04302,22,Female,57,Two Year,Credit Card,DSL,No,No,No,0,5.0,55.77,3162.89,0.1045,10.5,Low,No
CUST-04303,28,Female,12,One Year,Bank Transfer,No,No,Yes,No Internet,4,2.9,20.57,279.4,0.2055,20.6,Low,No
CUST-04304,51,Female,9,Month-to-Month,Electronic Check,Fiber Optic,No,No,No,3,3.2,65.87,614.41,0.8331,83.3,High,Yes
CUST-04305,23,Male,11,One Year,Bank Transfer,DSL,Yes,Yes,No,2,2.4,58.42,727.11,0.2119,21.2,Low,No
CUST-04306,19,Male,13,Month-to-Month,Mailed Check,No,No Internet,No,No,2,3.1,18.0,263.69,0.4495,44.9,Medium,No
CUST-04307,33,Female,1,Two Year,Credit Card,DSL,No,Yes,No Internet,5,3.6,53.77,103.64,0.2236,22.4,Low,No
CUST-04308,52,Male,16,Month-to-Month,Credit Card,No,No,Yes,Yes,2,5.0,27.79,442.7,0.5486,54.9,Medium,No
CUST-04309,39,Female,16,Two Year,Bank Transfer,Fiber Optic,Yes,No,No,2,4.5,62.51,1030.02,0.3482,34.8,Low,No
CUST-04310,35,Male,21,Two Year,Bank Transfer,No,No,No,No Internet,3,4.5,18.62,374.92,0.1898,19.0,Low,No
CUST-04311,42,Female,10,Two Year,Electronic Check,DSL,No Internet,No,No,1,2.7,62.32,701.43,0.2549,25.5,Low,No
CUST-04312,18,Male,22,One Year,Mailed Check,Fiber Optic,No Internet,No,No Internet,3,2.2,101.97,2221.5,0.327,32.7,Low,No
CUST-04313,48,Male,50,Two Year,Bank Transfer,Fiber Optic,No,No Internet,Yes,2,3.2,78.02,3762.71,0.4078,40.8,Medium,No
CUST-04314,47,Female,72,Month-to-Month,Mailed Check,Fiber Optic,Yes,Yes,No Internet,2,2.5,100.25,7325.64,0.591,59.1,Medium,No
CUST-04315,36,Female,21,Month-to-Month,Bank Transfer,No,No,Yes,No Internet,2,2.7,18.0,389.74,0.546,54.6,Medium,No
CUST-04316,56,Male,1,Two Year,Credit Card,DSL,No,No,No Internet,4,3.5,61.33,121.17,0.1591,15.9,Low,No
CUST-04317,26,Female,72,Month-to-Month,Electronic Check,No,No,No Internet,No,3,3.9,24.35,1728.98,0.6454,64.5,Medium,Yes
CUST-04318,57,Female,29,Month-to-Month,Electronic Check,DSL,No,No,Yes,3,4.5,54.0,1567.51,0.7745,77.5,High,Yes
CUST-04319,44,Male,9,Month-to-Month,Bank Transfer,No,No,No,No,0,3.8,19.74,187.01,0.4966,49.7,Medium,No
CUST-04320,37,Male,3,Month-to-Month,Credit Card,DSL,No,Yes,No,4,3.4,69.69,262.71,0.6466,64.7,Medium,Yes
CUST-04321,41,Male,3,One Year,Credit Card,Fiber Optic,Yes,No,No,1,2.3,99.21,416.32,0.338,33.8,Low,No
CUST-04322,40,Male,4,One Year,Bank Transfer,Fiber Optic,No,No,No,3,4.5,60.62,291.11,0.4561,45.6,Medium,No
CUST-04323,59,Female,1,Month-to-Month,Credit Card,No,No Internet,No,No,3,4.1,25.89,50.54,0.3813,38.1,Low,No
CUST-04324,26,Male,55,Two Year,Bank Transfer,Fiber Optic,No,No,No,2,2.7,78.87,4238.15,0.3675,36.8,Low,No
CUST-04325,31,Male,18,Month-to-Month,Electronic Check,Fiber Optic,No Internet,Yes,No,1,4.1,85.21,1633.47,0.8591,85.9,High,Yes
CUST-04326,56,Male,28,One Year,Bank Transfer,Fiber Optic,No,Yes,Yes,1,3.3,58.91,1582.1,0.3881,38.8,Low,No
CUST-04327,33,Female,42,Month-to-Month,Electronic Check,Fiber Optic,No,Yes,Yes,3,4.4,75.82,2959.69,0.8116,81.2,High,Yes
CUST-04328,54,Male,37,One Year,Electronic Check,No,No Internet,No,No,0,2.9,28.58,1136.11,0.2739,27.4,Low,No
CUST-04329,65,Male,51,Month-to-Month,Mailed Check,DSL,No,Yes,No,4,3.0,61.09,3114.23,0.5481,54.8,Medium,No
CUST-04330,36,Male,72,Month-to-Month,Electronic Check,DSL,No,No,No Internet,7,1.5,71.86,5154.48,0.8175,81.8,High,Yes
CUST-04331,51,Female,13,Two Year,Electronic Check,No,No,No,No,1,2.7,18.0,244.45,0.3034,30.3,Low,No
CUST-04332,25,Male,72,Month-to-Month,Electronic Check,DSL,No Internet,Yes,No Internet,4,5.0,70.42,4665.06,0.5482,54.8,Medium,No
CUST-04333,52,Female,30,Two Year,Electronic Check,No,Yes,No,Yes,2,5.0,28.61,888.24,0.2255,22.6,Low,No
CUST-04334,44,Male,1,One Year,Electronic Check,Fiber Optic,No,No Internet,No Internet,4,3.7,114.41,225.36,0.6999,70.0,High,Yes
CUST-04335,48,Male,27,Month-to-Month,Mailed Check,No,No,No,No Internet,2,2.7,23.74,612.47,0.5834,58.3,Medium,No
CUST-04336,32,Female,27,One Year,Bank Transfer,Fiber Optic,No,No,No,6,2.9,85.65,2346.71,0.4314,43.1,Medium,No
CUST-04337,18,Male,56,Month-to-Month,Credit Card,DSL,No,No,Yes,1,3.1,43.54,2320.56,0.5287,52.9,Medium,No
CUST-04338,49,Female,11,Month-to-Month,Credit Card,DSL,No,No,No,3,2.8,54.02,645.65,0.4395,43.9,Medium,No
CUST-04339,18,Female,21,Two Year,Mailed Check,Fiber Optic,Yes,Yes,Yes,5,4.1,77.29,1700.69,0.2823,28.2,Low,No
CUST-04340,37,Female,0,Month-to-Month,Bank Transfer,Fiber Optic,No Internet,Yes,No,4,1.7,98.94,93.45,0.7946,79.5,High,Yes
CUST-04341,55,Female,9,One Year,Electronic Check,Fiber Optic,No,Yes,Yes,2,3.2,112.06,1024.36,0.6431,64.3,Medium,Yes
CUST-04342,44,Male,1,Month-to-Month,Electronic Check,Fiber Optic,No Internet,No Internet,No,2,5.0,114.09,232.67,0.7588,75.9,High,Yes
CUST-04343,69,Male,17,One Year,Bank Transfer,DSL,Yes,Yes,Yes,2,4.3,49.23,882.12,0.0773,7.7,Low,No
CUST-04344,56,Female,40,Month-to-Month,Bank Transfer,No,No,No Internet,Yes,2,5.0,31.85,1293.61,0.5092,50.9,Medium,No
CUST-04345,32,Female,5,Month-to-Month,Credit Card,DSL,No,No Internet,Yes,3,3.1,54.14,321.5,0.6118,61.2,Medium,No
CUST-04346,42,Female,17,Two Year,Bank Transfer,DSL,No,No,Yes,3,2.5,55.31,1003.43,0.2554,25.5,Low,No
CUST-04347,41,Male,5,Month-to-Month,Electronic Check,Fiber Optic,No Internet,No,No,2,3.6,86.16,482.98,0.8206,82.1,High,Yes
CUST-04348,19,Male,3,One Year,Credit Card,Fiber Optic,Yes,Yes,No,3,2.4,94.99,365.15,0.3382,33.8,Low,No
CUST-04349,28,Female,17,One Year,Bank Transfer,DSL,No,No,No,5,2.6,38.82,652.1,0.2811,28.1,Low,No
CUST-04350,34,Male,1,One Year,Credit Card,No,No,No Internet,No,2,3.0,18.0,32.78,0.1796,18.0,Low,No
CUST-04351,18,Male,21,One Year,Bank Transfer,No,No,Yes,Yes,3,4.6,33.08,753.96,0.1492,14.9,Low,No
CUST-04352,42,Male,0,Month-to-Month,Electronic Check,Fiber Optic,No,Yes,No,4,4.2,93.0,84.35,0.8355,83.5,High,Yes
CUST-04353,38,Female,2,Month-to-Month,Electronic Check,DSL,Yes,Yes,No,2,3.8,51.27,139.49,0.6672,66.7,Medium,Yes
CUST-04354,18,Male,19,Two Year,Electronic Check,DSL,No,No,No Internet,3,3.3,56.3,1067.79,0.3996,40.0,Medium,No
CUST-04355,47,Female,21,Two Year,Electronic Check,DSL,No,Yes,No,1,5.0,43.67,910.6,0.2412,24.1,Low,No
CUST-04356,52,Male,0,Month-to-Month,Electronic Check,DSL,No,No,No,1,3.7,39.18,35.5,0.6524,65.2,Medium,Yes
CUST-04357,45,Female,20,Month-to-Month,Mailed Check,DSL,No,No,No,2,2.2,50.62,1079.08,0.6787,67.9,Medium,Yes
CUST-04358,37,Female,43,One Year,Credit Card,Fiber Optic,No,Yes,No Internet,2,3.4,80.47,3248.94,0.4684,46.8,Medium,No
CUST-04359,50,Male,30,Two Year,Credit Card,No,No,No,No Internet,1,2.2,24.72,699.85,0.1556,15.6,Low,No
CUST-04360,51,Female,3,Two Year,Bank Transfer,Fiber Optic,No Internet,Yes,No,2,2.6,111.43,406.99,0.3893,38.9,Low,No
CUST-04361,46,Male,21,Two Year,Electronic Check,DSL,No,Yes,Yes,4,4.7,60.12,1318.21,0.219,21.9,Low,No
CUST-04362,30,Male,26,Month-to-Month,Mailed Check,No,No,Yes,No,4,3.5,36.11,902.22,0.522,52.2,Medium,No
CUST-04363,45,Female,0,Two Year,Bank Transfer,DSL,No,No Internet,Yes,1,3.3,62.14,61.32,0.1234,12.3,Low,No
CUST-04364,58,Male,46,Two Year,Electronic Check,Fiber Optic,No,No Internet,No,2,3.5,83.19,3636.77,0.5263,52.6,Medium,No
CUST-04365,33,Male,56,Month-to-Month,Credit Card,Fiber Optic,No,Yes,No,1,3.1,75.38,4406.14,0.7399,74.0,High,Yes
CUST-04366,71,Male,45,Month-to-Month,Credit Card,DSL,No,Yes,No,0,1.0,65.99,2817.16,0.5848,58.5,Medium,No
CUST-04367,34,Male,41,Month-to-Month,Mailed Check,Fiber Optic,No,No Internet,No,4,4.0,97.5,3949.51,0.7161,71.6,High,Yes
CUST-04368,42,Female,32,One Year,Bank Transfer,Fiber Optic,No,No,Yes,3,3.9,73.97,2399.18,0.4589,45.9,Medium,No
CUST-04369,32,Male,24,Month-to-Month,Electronic Check,Fiber Optic,Yes,Yes,No Internet,4,3.4,80.96,2088.83,0.8271,82.7,High,Yes
CUST-04370,45,Female,27,Month-to-Month,Bank Transfer,No,Yes,No,Yes,2,2.4,18.0,469.86,0.5153,51.5,Medium,No
CUST-04371,18,Female,39,Month-to-Month,Electronic Check,Fiber Optic,No,No Internet,Yes,6,5.0,113.42,4505.36,0.816,81.6,High,Yes
CUST-04372,34,Male,26,Month-to-Month,Electronic Check,DSL,Yes,Yes,No,1,2.7,51.69,1262.59,0.5188,51.9,Medium,No
CUST-04373,26,Male,9,Month-to-Month,Bank Transfer,Fiber Optic,No,Yes,No Internet,3,2.3,97.8,993.94,0.8362,83.6,High,Yes
CUST-04374,43,Female,11,One Year,Bank Transfer,DSL,Yes,Yes,No,2,3.3,59.28,696.47,0.0809,8.1,Low,No
CUST-04375,55,Male,54,Month-to-Month,Bank Transfer,Fiber Optic,No,No,No,3,4.0,74.84,4288.08,0.9025,90.2,High,Yes
CUST-04376,51,Male,0,Two Year,Mailed Check,DSL,Yes,Yes,No,2,3.7,55.2,56.1,0.0485,4.8,Low,No
CUST-04377,18,Male,28,Two Year,Bank Transfer,DSL,No,No Internet,Yes,3,3.8,57.65,1605.18,0.2686,26.9,Low,No
CUST-04378,70,Female,72,Two Year,Bank Transfer,Fiber Optic,No Internet,No,No,2,4.5,77.24,5426.33,0.3373,33.7,Low,No
CUST-04379,46,Female,29,One Year,Credit Card,No,No,No,No,3,3.5,22.57,610.05,0.2488,24.9,Low,No
CUST-04380,31,Male,72,Month-to-Month,Credit Card,No,No,Yes,No Internet,8,4.7,23.59,1766.35,0.5651,56.5,Medium,No
CUST-04381,44,Male,27,Month-to-Month,Credit Card,Fiber Optic,No,No Internet,Yes,1,3.8,59.65,1704.96,0.7052,70.5,High,Yes
CUST-04382,44,Female,0,Month-to-Month,Bank Transfer,DSL,Yes,No,No,1,3.1,42.38,41.76,0.4771,47.7,Medium,No
CUST-04383,32,Female,42,Two Year,Bank Transfer,DSL,Yes,No,No,6,2.7,29.43,1210.21,0.1825,18.2,Low,No
CUST-04384,44,Female,8,Month-to-Month,Electronic Check,Fiber Optic,Yes,No Internet,No,5,4.7,88.64,814.31,0.7454,74.5,High,Yes
CUST-04385,33,Female,14,One Year,Electronic Check,Fiber Optic,Yes,No Internet,No,4,3.9,94.24,1401.64,0.4529,45.3,Medium,No
CUST-04386,36,Male,8,One Year,Credit Card,No,Yes,No,No,0,2.8,32.5,271.58,0.1208,12.1,Low,No
CUST-04387,32,Female,7,Two Year,Credit Card,DSL,No,No,Yes,1,2.7,56.17,420.76,0.24,24.0,Low,No
CUST-04388,21,Male,13,One Year,Bank Transfer,No,Yes,Yes,No Internet,4,2.1,24.38,338.2,0.3075,30.7,Low,No
CUST-04389,44,Male,11,One Year,Mailed Check,DSL,No Internet,No Internet,No,3,5.0,44.83,538.88,0.1163,11.6,Low,No
CUST-04390,50,Female,24,Month-to-Month,Electronic Check,Fiber Optic,No Internet,No Internet,No,8,3.7,78.46,1798.68,0.8204,82.0,High,Yes
CUST-04391,49,Male,40,One Year,Electronic Check,Fiber Optic,No Internet,Yes,No,1,4.8,69.16,2909.16,0.4331,43.3,Medium,No
CUST-04392,53,Female,8,Month-to-Month,Mailed Check,DSL,Yes,No,No,0,5.0,59.3,520.63,0.3926,39.3,Low,No
CUST-04393,46,Male,5,Two Year,Mailed Check,DSL,No Internet,No,No,1,5.0,69.78,389.36,0.1207,12.1,Low,No
CUST-04394,34,Female,26,Month-to-Month,Credit Card,Fiber Optic,No Internet,Yes,No,1,2.8,94.08,2501.6,0.7093,70.9,High,Yes
CUST-04395,53,Female,26,Month-to-Month,Electronic Check,DSL,No Internet,No,Yes,0,5.0,56.62,1576.81,0.5926,59.3,Medium,No
CUST-04396,22,Male,55,Two Year,Mailed Check,No,No,Yes,No,5,4.1,26.22,1333.62,0.137,13.7,Low,No
CUST-04397,29,Female,0,Month-to-Month,Mailed Check,DSL,No,No,Yes,4,1.9,64.36,60.06,0.6217,62.2,Medium,Yes
CUST-04398,28,Male,46,Two Year,Credit Card,Fiber Optic,Yes,Yes,No,3,3.5,109.53,5068.04,0.3713,37.1,Low,No
CUST-04399,57,Female,17,Two Year,Credit Card,Fiber Optic,Yes,No,No,3,3.3,116.13,1881.89,0.2744,27.4,Low,No
CUST-04400,55,Male,23,Two Year,Mailed Check,No,Yes,Yes,Yes,2,3.7,18.0,400.45,0.1277,12.8,Low,No
CUST-04401,48,Female,2,Month-to-Month,Credit Card,No,No Internet,Yes,No,4,3.5,18.1,50.8,0.4362,43.6,Medium,No
CUST-04402,57,Male,13,Month-to-Month,Mailed Check,Fiber Optic,Yes,Yes,Yes,2,3.9,92.82,1341.86,0.7334,73.3,High,Yes
CUST-04403,29,Male,6,Two Year,Electronic Check,No,Yes,No,No Internet,1,2.4,31.72,217.3,0.2247,22.5,Low,No
CUST-04404,46,Male,7,Two Year,Mailed Check,Fiber Optic,No Internet,Yes,No,3,3.6,49.83,396.58,0.3725,37.3,Low,No
CUST-04405,40,Male,16,Month-to-Month,Electronic Check,Fiber Optic,Yes,No,No Internet,1,2.7,76.72,1174.42,0.8677,86.8,High,Yes
CUST-04406,53,Female,40,Month-to-Month,Bank Transfer,Fiber Optic,No Internet,No,No,2,3.4,91.08,3577.48,0.7175,71.8,High,Yes
CUST-04407,40,Female,32,Month-to-Month,Credit Card,Fiber Optic,No,No,Yes,4,3.0,62.61,1998.11,0.7737,77.4,High,Yes
CUST-04408,36,Female,21,Two Year,Bank Transfer,No,Yes,No,Yes,2,2.8,30.07,678.63,0.1358,13.6,Low,No
CUST-04409,49,Male,18,Month-to-Month,Electronic Check,DSL,Yes,Yes,Yes,1,4.0,48.16,850.25,0.6017,60.2,Medium,No
CUST-04410,54,Male,13,Month-to-Month,Electronic Check,Fiber Optic,No,Yes,Yes,6,3.8,61.37,781.67,0.97,97.0,High,Yes
CUST-04411,32,Male,72,One Year,Electronic Check,No,No Internet,Yes,Yes,2,3.7,25.5,1905.67,0.2153,21.5,Low,No
CUST-04412,41,Female,19,Month-to-Month,Electronic Check,No,No Internet,No,No,3,2.7,29.83,555.92,0.6164,61.6,Medium,No
CUST-04413,27,Female,7,Two Year,Electronic Check,Fiber Optic,No,No,Yes,3,3.8,84.85,681.26,0.6665,66.6,Medium,Yes
CUST-04414,18,Male,6,Month-to-Month,Mailed Check,DSL,No,Yes,No,3,3.2,50.05,320.13,0.5197,52.0,Medium,No
CUST-04415,44,Male,22,Month-to-Month,Bank Transfer,DSL,No,No,No,2,2.8,58.31,1342.31,0.6,60.0,Medium,No
CUST-04416,50,Male,17,Month-to-Month,Bank Transfer,DSL,No,Yes,No,1,4.3,55.02,954.2,0.5123,51.2,Medium,No
CUST-04417,45,Female,0,Month-to-Month,Electronic Check,DSL,No,Yes,Yes,3,4.1,47.4,49.26,0.7607,76.1,High,Yes
CUST-04418,18,Female,42,Month-to-Month,Electronic Check,Fiber Optic,Yes,No,No Internet,5,1.0,88.28,3530.56,0.7886,78.9,High,Yes
CUST-04419,37,Female,29,Month-to-Month,Electronic Check,Fiber Optic,No,Yes,No,5,1.0,70.65,1928.89,0.8727,87.3,High,Yes
CUST-04420,18,Male,26,Month-to-Month,Electronic Check,No,No,No,No,2,4.9,19.87,525.78,0.6362,63.6,Medium,Yes
CUST-04421,61,Female,1,Two Year,Mailed Check,No,Yes,No Internet,Yes,0,1.8,21.55,44.72,0.1582,15.8,Low,No
CUST-04422,26,Female,10,Month-to-Month,Electronic Check,Fiber Optic,No Internet,Yes,No,1,1.8,91.81,939.75,0.8401,84.0,High,Yes
CUST-04423,59,Male,65,Two Year,Bank Transfer,Fiber Optic,No,No,No,3,3.0,100.96,6831.47,0.3892,38.9,Low,No
CUST-04424,55,Female,47,One Year,Credit Card,No,No,No Internet,No Internet,0,3.5,19.81,904.2,0.1559,15.6,Low,No
CUST-04425,29,Male,8,Month-to-Month,Mailed Check,Fiber Optic,No,Yes,No Internet,2,2.7,85.51,704.06,0.6924,69.2,Medium,Yes
CUST-04426,26,Male,4,Month-to-Month,Bank Transfer,Fiber Optic,No,Yes,No,2,1.0,57.12,282.31,0.8493,84.9,High,Yes
CUST-04427,46,Female,14,Month-to-Month,Electronic Check,Fiber Optic,No,Yes,No,3,3.4,90.88,1333.61,0.825,82.5,High,Yes
CUST-04428,30,Male,10,Month-to-Month,Credit Card,Fiber Optic,No Internet,No,No,2,5.0,79.05,891.95,0.6744,67.4,Medium,Yes
CUST-04429,43,Female,27,Month-to-Month,Electronic Check,Fiber Optic,No,No,Yes,2,1.7,92.92,2381.76,0.8021,80.2,High,Yes
CUST-04430,35,Female,72,Month-to-Month,Electronic Check,DSL,No,No,No,2,5.0,49.69,3615.72,0.6422,64.2,Medium,Yes
CUST-04431,18,Male,10,One Year,Electronic Check,Fiber Optic,No,No,Yes,3,2.9,76.93,840.36,0.6389,63.9,Medium,Yes
CUST-04432,18,Female,1,One Year,Electronic Check,No,No,No,No,3,5.0,18.0,37.77,0.3379,33.8,Low,No
CUST-04433,45,Female,54,Month-to-Month,Mailed Check,No,Yes,Yes,Yes,2,3.9,27.69,1445.6,0.3412,34.1,Low,No
CUST-04434,34,Male,0,Month-to-Month,Credit Card,No,No,No Internet,No,5,2.6,25.19,22.84,0.6883,68.8,Medium,Yes
CUST-04435,34,Male,72,One Year,Credit Card,No,No,Yes,No,3,3.9,35.23,2473.25,0.1773,17.7,Low,No
CUST-04436,51,Male,26,Month-to-Month,Mailed Check,DSL,No,Yes,No,2,4.6,63.94,1674.01,0.4303,43.0,Medium,No
CUST-04437,58,Male,68,Two Year,Bank Transfer,Fiber Optic,No,No Internet,No,1,1.6,83.39,5496.96,0.4646,46.5,Medium,No
CUST-04438,38,Male,5,One Year,Bank Transfer,Fiber Optic,No,No Internet,No,2,3.3,102.12,609.39,0.3806,38.1,Low,No
CUST-04439,37,Male,0,Two Year,Credit Card,Fiber Optic,Yes,No,No Internet,3,4.3,74.38,69.91,0.31,31.0,Low,No
CUST-04440,49,Male,16,Month-to-Month,Bank Transfer,Fiber Optic,No,Yes,No,2,2.8,70.17,1106.37,0.8286,82.9,High,Yes
CUST-04441,23,Female,14,Two Year,Mailed Check,DSL,No,No Internet,No,5,1.8,46.66,677.44,0.2837,28.4,Low,No
CUST-04442,45,Male,9,One Year,Bank Transfer,No,No,No,No Internet,3,5.0,28.2,284.55,0.1179,11.8,Low,No
CUST-04443,49,Female,72,One Year,Bank Transfer,Fiber Optic,No,No,Yes,1,1.2,109.68,8276.63,0.352,35.2,Low,No
CUST-04444,51,Female,41,Month-to-Month,Electronic Check,DSL,Yes,No Internet,No,2,2.9,51.34,2155.32,0.5772,57.7,Medium,No
CUST-04445,18,Female,26,Month-to-Month,Electronic Check,DSL,No,Yes,No,4,3.1,47.68,1231.49,0.7455,74.5,High,Yes
CUST-04446,31,Male,4,Two Year,Bank Transfer,Fiber Optic,No,No,Yes,2,5.0,67.1,339.52,0.3861,38.6,Low,No
CUST-04447,29,Female,31,One Year,Credit Card,No,No,No,Yes,4,1.0,18.0,534.72,0.3661,36.6,Low,No
CUST-04448,43,Female,31,Month-to-Month,Mailed Check,DSL,No,No,No,3,3.2,51.97,1684.33,0.478,47.8,Medium,No
CUST-04449,48,Female,13,Month-to-Month,Credit Card,Fiber Optic,No,Yes,Yes,3,2.5,120.0,1633.19,0.8426,84.3,High,Yes
CUST-04450,62,Male,62,Month-to-Month,Electronic Check,No,No Internet,Yes,Yes,3,2.5,31.08,1841.77,0.6813,68.1,Medium,Yes
CUST-04451,35,Male,4,One Year,Mailed Check,DSL,No,No,No,1,4.9,49.77,249.81,0.2371,23.7,Low,No
CUST-04452,35,Female,7,One Year,Mailed Check,DSL,Yes,Yes,No,2,2.1,44.91,345.79,0.1132,11.3,Low,No
CUST-04453,58,Male,1,Month-to-Month,Credit Card,DSL,Yes,Yes,No,3,1.8,53.19,105.64,0.5014,50.1,Medium,No
CUST-04454,46,Male,38,Month-to-Month,Electronic Check,DSL,Yes,Yes,Yes,0,1.9,62.36,2430.95,0.6276,62.8,Medium,Yes
CUST-04455,59,Male,23,Month-to-Month,Mailed Check,Fiber Optic,No Internet,Yes,Yes,3,3.4,76.28,1755.63,0.6713,67.1,Medium,Yes
CUST-04456,46,Female,9,Month-to-Month,Electronic Check,No,No Internet,Yes,No,6,3.2,26.02,272.66,0.7034,70.3,High,Yes
CUST-04457,25,Female,4,Month-to-Month,Mailed Check,No,Yes,Yes,No,5,2.9,28.34,137.24,0.509,50.9,Medium,No
CUST-04458,23,Male,0,Month-to-Month,Credit Card,DSL,No,No Internet,No Internet,4,2.6,51.2,53.64,0.6703,67.0,Medium,Yes
CUST-04459,20,Female,4,Month-to-Month,Electronic Check,DSL,No Internet,Yes,No,3,4.8,71.34,333.61,0.6507,65.1,Medium,Yes
CUST-04460,51,Female,14,Two Year,Credit Card,No,No,No,No Internet,4,1.0,22.64,314.14,0.2125,21.3,Low,No
CUST-04461,58,Male,6,One Year,Credit Card,Fiber Optic,No,No,Yes,0,4.5,63.19,439.95,0.3714,37.1,Low,No
CUST-04462,67,Female,7,Two Year,Electronic Check,No,Yes,No,No,4,1.7,18.0,141.42,0.2849,28.5,Low,No
CUST-04463,53,Female,50,Month-to-Month,Bank Transfer,DSL,Yes,Yes,No,6,4.4,36.54,1828.22,0.3598,36.0,Low,No
CUST-04464,58,Female,17,Two Year,Electronic Check,Fiber Optic,No,No Internet,No,3,4.1,97.87,1848.43,0.5916,59.2,Medium,No
CUST-04465,33,Male,31,One Year,Electronic Check,DSL,No,No,No Internet,1,3.9,47.66,1372.85,0.2591,25.9,Low,No
CUST-04466,25,Female,0,Month-to-Month,Bank Transfer,DSL,No,Yes,No,1,3.1,67.39,65.24,0.6159,61.6,Medium,No
CUST-04467,53,Male,10,Month-to-Month,Bank Transfer,Fiber Optic,Yes,No,No,6,2.7,73.51,764.98,0.7354,73.5,High,Yes
CUST-04468,47,Male,15,One Year,Mailed Check,No,No Internet,Yes,No Internet,1,3.4,29.31,452.17,0.2177,21.8,Low,No
CUST-04469,43,Male,4,Two Year,Electronic Check,DSL,No Internet,Yes,Yes,4,4.4,50.33,261.9,0.2988,29.9,Low,No
CUST-04470,47,Female,3,Month-to-Month,Credit Card,No,Yes,No,Yes,1,2.8,31.21,127.5,0.4478,44.8,Medium,No
CUST-04471,46,Female,49,Month-to-Month,Bank Transfer,Fiber Optic,Yes,Yes,No,2,2.6,73.02,3396.34,0.662,66.2,Medium,Yes
CUST-04472,59,Male,67,One Year,Electronic Check,DSL,No,No,Yes,2,3.2,66.88,4573.47,0.2565,25.6,Low,No
CUST-04473,60,Male,1,Two Year,Mailed Check,DSL,Yes,No Internet,No,3,2.9,67.76,133.75,0.0807,8.1,Low,No
CUST-04474,49,Female,10,One Year,Electronic Check,No,Yes,Yes,No Internet,1,3.0,18.0,190.32,0.2575,25.7,Low,No
CUST-04475,53,Male,72,Month-to-Month,Electronic Check,No,Yes,Yes,No,0,5.0,30.99,2152.08,0.5135,51.3,Medium,No
CUST-04476,49,Female,2,Month-to-Month,Mailed Check,No,No Internet,No,No,2,2.4,29.7,88.19,0.5257,52.6,Medium,No
CUST-04477,35,Male,24,Month-to-Month,Mailed Check,Fiber Optic,No Internet,No,Yes,2,4.6,104.25,2528.99,0.6964,69.6,Medium,Yes
CUST-04478,52,Male,72,Two Year,Electronic Check,No,Yes,No,No,5,4.2,27.8,1993.8,0.176,17.6,Low,No
CUST-04479,22,Female,72,One Year,Bank Transfer,Fiber Optic,No Internet,No Internet,Yes,2,1.6,95.95,7116.04,0.3505,35.0,Low,No
CUST-04480,56,Male,15,One Year,Electronic Check,Fiber Optic,No,No Internet,No,4,2.4,96.03,1605.7,0.639,63.9,Medium,Yes
CUST-04481,25,Male,4,Month-to-Month,Bank Transfer,Fiber Optic,No,No,Yes,3,3.1,100.18,481.68,0.8795,87.9,High,Yes
CUST-04482,46,Male,5,Two Year,Electronic Check,No,No Internet,Yes,No,3,3.1,38.39,222.04,0.4115,41.2,Medium,No
CUST-04483,30,Female,52,One Year,Mailed Check,Fiber Optic,No,No,No,4,2.6,50.33,2737.11,0.4986,49.9,Medium,No
CUST-04484,49,Female,58,Two Year,Electronic Check,Fiber Optic,No Internet,No,No,3,4.3,87.36,4739.2,0.4233,42.3,Medium,No
CUST-04485,41,Male,22,One Year,Bank Transfer,Fiber Optic,No,No,Yes,2,3.4,102.62,2407.76,0.3181,31.8,Low,No
CUST-04486,19,Male,34,Two Year,Mailed Check,DSL,No,Yes,Yes,0,3.3,48.68,1633.39,0.1313,13.1,Low,No
CUST-04487,47,Female,32,Two Year,Electronic Check,No,No,No,No,2,4.6,21.44,680.83,0.3097,31.0,Low,No
CUST-04488,33,Male,26,Month-to-Month,Electronic Check,Fiber Optic,No,No,No Internet,1,2.4,85.59,2182.65,0.903,90.3,High,Yes
CUST-04489,54,Female,42,Two Year,Mailed Check,DSL,No,Yes,No,3,2.6,49.81,1967.07,0.1989,19.9,Low,No
CUST-04490,42,Male,27,Month-to-Month,Electronic Check,Fiber Optic,No Internet,No Internet,No,4,2.8,68.2,1932.12,0.8588,85.9,High,Yes
CUST-04491,47,Male,18,One Year,Bank Transfer,Fiber Optic,No,No Internet,No Internet,1,1.7,77.02,1514.34,0.4948,49.5,Medium,No
CUST-04492,28,Female,6,Two Year,Mailed Check,Fiber Optic,Yes,No,Yes,3,3.2,67.28,459.33,0.4099,41.0,Medium,No
CUST-04493,33,Male,32,Month-to-Month,Bank Transfer,Fiber Optic,Yes,No,No,0,3.9,93.34,2860.81,0.572,57.2,Medium,No
CUST-04494,35,Female,15,One Year,Credit Card,DSL,No Internet,Yes,No,2,1.8,43.95,665.59,0.1794,17.9,Low,No
CUST-04495,53,Male,8,One Year,Mailed Check,Fiber Optic,No,No,No,1,2.0,84.12,690.96,0.4697,47.0,Medium,No
CUST-04496,65,Male,38,One Year,Bank Transfer,No,No,No,No Internet,5,3.2,18.0,719.26,0.192,19.2,Low,No
CUST-04497,30,Female,28,Two Year,Bank Transfer,No,No Internet,No,No,3,3.6,18.0,510.57,0.1596,16.0,Low,No
CUST-04498,57,Male,66,One Year,Credit Card,Fiber Optic,No Internet,Yes,Yes,1,2.9,67.7,4748.19,0.3435,34.4,Low,No
CUST-04499,18,Female,4,Two Year,Electronic Check,Fiber Optic,No,No,Yes,2,2.8,69.15,351.23,0.7008,70.1,High,Yes
CUST-04500,25,Male,25,Month-to-Month,Credit Card,DSL,Yes,No Internet,No,3,4.7,49.11,1288.26,0.2699,27.0,Low,No
CUST-04501,28,Female,6,Month-to-Month,Credit Card,Fiber Optic,No,Yes,No,3,2.6,98.38,665.04,0.8111,81.1,High,Yes
CUST-04502,23,Female,56,Month-to-Month,Mailed Check,Fiber Optic,No,Yes,No Internet,3,4.9,105.07,5703.41,0.7252,72.5,High,Yes
CUST-04503,19,Male,2,One Year,Electronic Check,Fiber Optic,No Internet,No,No,2,2.6,89.94,254.01,0.5806,58.1,Medium,No
CUST-04504,47,Female,25,Month-to-Month,Credit Card,No,No Internet,No,No,0,3.8,31.91,869.71,0.4297,43.0,Medium,No
CUST-04505,39,Female,37,One Year,Bank Transfer,DSL,No,Yes,Yes,0,2.6,33.31,1183.01,0.1791,17.9,Low,No
CUST-04506,47,Male,10,Month-to-Month,Mailed Check,Fiber Optic,No Internet,No Internet,Yes,3,2.7,71.99,730.13,0.7072,70.7,High,Yes
CUST-04507,51,Female,72,One Year,Credit Card,Fiber Optic,Yes,Yes,No,1,2.5,83.72,5932.11,0.3147,31.5,Low,No
CUST-04508,45,Female,45,Month-to-Month,Electronic Check,Fiber Optic,Yes,No Internet,No Internet,0,4.0,94.72,4259.94,0.7204,72.0,High,Yes
CUST-04509,51,Male,8,One Year,Electronic Check,Fiber Optic,No,Yes,No,2,5.0,92.37,770.32,0.5505,55.0,Medium,No
CUST-04510,41,Male,0,One Year,Mailed Check,DSL,No Internet,Yes,No,1,3.3,50.34,47.95,0.1488,14.9,Low,No
CUST-04511,25,Male,8,Two Year,Mailed Check,No,Yes,No Internet,No,2,2.0,18.0,152.91,0.1494,14.9,Low,No
CUST-04512,56,Male,7,One Year,Credit Card,Fiber Optic,No,No Internet,No,3,3.9,85.86,694.59,0.3622,36.2,Low,No
CUST-04513,33,Female,52,One Year,Mailed Check,Fiber Optic,No Internet,No Internet,Yes,3,4.8,109.6,5653.4,0.282,28.2,Low,No
CUST-04514,28,Male,72,Two Year,Credit Card,Fiber Optic,No,Yes,No,5,4.2,91.91,6820.76,0.419,41.9,Medium,No
CUST-04515,39,Female,1,One Year,Electronic Check,Fiber Optic,Yes,No,No,2,1.7,87.21,159.38,0.6109,61.1,Medium,No
CUST-04516,29,Male,15,Month-to-Month,Bank Transfer,No,No,Yes,No,5,2.5,23.05,349.4,0.6289,62.9,Medium,Yes
CUST-04517,36,Male,19,Two Year,Electronic Check,Fiber Optic,No,Yes,No,5,2.3,73.59,1390.47,0.6643,66.4,Medium,Yes
CUST-04518,46,Female,2,One Year,Mailed Check,Fiber Optic,No,Yes,Yes,2,3.3,96.1,279.29,0.4408,44.1,Medium,No
CUST-04519,46,Female,11,Month-to-Month,Credit Card,Fiber Optic,No Internet,Yes,No,2,3.8,68.16,785.57,0.6331,63.3,Medium,Yes
CUST-04520,29,Female,9,One Year,Electronic Check,DSL,Yes,No Internet,No,4,4.4,65.23,612.61,0.3095,30.9,Low,No
CUST-04521,35,Male,18,Two Year,Credit Card,No,No Internet,Yes,Yes,6,3.6,23.86,463.62,0.0607,6.1,Low,No
CUST-04522,57,Male,25,Two Year,Electronic Check,Fiber Optic,No,No,No,5,4.9,107.1,2884.86,0.5672,56.7,Medium,No
CUST-04523,48,Male,29,Two Year,Electronic Check,DSL,No,No,No,2,5.0,48.77,1486.89,0.3187,31.9,Low,No
CUST-04524,71,Female,3,Month-to-Month,Electronic Check,Fiber Optic,No Internet,Yes,No Internet,4,4.8,90.36,363.27,0.7831,78.3,High,Yes
CUST-04525,58,Male,40,Month-to-Month,Bank Transfer,DSL,Yes,No Internet,No Internet,2,2.5,50.73,2055.68,0.437,43.7,Medium,No
CUST-04526,58,Female,27,Month-to-Month,Electronic Check,DSL,Yes,Yes,No,1,4.0,49.09,1306.29,0.581,58.1,Medium,No
CUST-04527,22,Female,52,Month-to-Month,Bank Transfer,DSL,No Internet,No Internet,Yes,2,3.8,51.91,2855.15,0.3597,36.0,Low,No
CUST-04528,52,Male,14,Two Year,Bank Transfer,DSL,Yes,No Internet,No,1,5.0,52.57,786.42,0.0774,7.7,Low,No
CUST-04529,41,Female,53,Month-to-Month,Mailed Check,No,Yes,No Internet,No,2,5.0,18.0,1004.48,0.3912,39.1,Low,No
CUST-04530,34,Female,48,One Year,Mailed Check,Fiber Optic,No,No,No,1,2.8,85.89,4073.66,0.4296,43.0,Medium,No
CUST-04531,44,Female,13,One Year,Mailed Check,DSL,Yes,Yes,Yes,3,3.5,41.94,564.74,0.1372,13.7,Low,No
CUST-04532,55,Male,11,One Year,Credit Card,DSL,No Internet,Yes,No,2,3.4,47.65,521.22,0.1143,11.4,Low,No
CUST-04533,49,Male,64,Month-to-Month,Electronic Check,DSL,No Internet,No,No,0,4.6,71.25,4402.5,0.519,51.9,Medium,No
CUST-04534,29,Male,30,Month-to-Month,Electronic Check,Fiber Optic,No,Yes,No,3,3.1,95.41,2833.12,0.8175,81.7,High,Yes
CUST-04535,52,Male,63,Month-to-Month,Mailed Check,Fiber Optic,No,No Internet,No Internet,1,4.0,59.77,3726.33,0.6486,64.9,Medium,Yes
CUST-04536,33,Female,38,Month-to-Month,Bank Transfer,Fiber Optic,No,No,No,1,3.3,63.27,2396.64,0.7005,70.1,High,Yes
CUST-04537,45,Female,22,Two Year,Bank Transfer,Fiber Optic,Yes,Yes,No,2,1.6,88.65,2115.79,0.4348,43.5,Medium,No
CUST-04538,37,Male,2,Two Year,Credit Card,DSL,No,Yes,No,4,3.2,64.69,189.43,0.2068,20.7,Low,No
CUST-04539,38,Female,8,Month-to-Month,Credit Card,Fiber Optic,Yes,Yes,Yes,2,3.5,103.58,957.2,0.7138,71.4,High,Yes
CUST-04540,52,Female,72,Two Year,Electronic Check,DSL,No,No,No,1,3.6,36.51,2450.05,0.233,23.3,Low,No
CUST-04541,27,Male,9,Month-to-Month,Mailed Check,No,No,Yes,No,5,4.4,18.0,177.45,0.5426,54.3,Medium,No
CUST-04542,69,Male,2,One Year,Bank Transfer,Fiber Optic,No Internet,No,No Internet,6,2.8,85.13,250.46,0.4431,44.3,Medium,No
CUST-04543,18,Female,29,Month-to-Month,Credit Card,Fiber Optic,No,No,No,3,2.1,74.2,2055.44,0.7998,80.0,High,Yes
CUST-04544,33,Female,31,One Year,Electronic Check,No,No,Yes,No,3,4.9,18.0,539.58,0.2934,29.3,Low,No
CUST-04545,47,Female,8,Month-to-Month,Mailed Check,DSL,No,No,No,2,2.8,45.93,403.06,0.5566,55.7,Medium,No
CUST-04546,50,Male,8,Month-to-Month,Credit Card,Fiber Optic,No Internet,No,No,5,3.5,93.79,825.7,0.8137,81.4,High,Yes
CUST-04547,40,Male,15,Month-to-Month,Mailed Check,Fiber Optic,No Internet,No,No,1,3.4,82.54,1366.88,0.7483,74.8,High,Yes
CUST-04548,41,Male,0,Month-to-Month,Mailed Check,DSL,No Internet,No Internet,No,2,1.6,57.32,53.0,0.4883,48.8,Medium,No
CUST-04549,47,Female,37,One Year,Credit Card,DSL,Yes,Yes,Yes,1,4.9,48.94,1758.76,0.0983,9.8,Low,No
CUST-04550,38,Female,9,Month-to-Month,Credit Card,DSL,No,No,No,2,3.6,50.42,471.94,0.5648,56.5,Medium,No
CUST-04551,61,Male,46,One Year,Electronic Check,DSL,No,No Internet,No,1,4.0,65.91,3151.64,0.3584,35.8,Low,No
CUST-04552,53,Female,38,One Year,Electronic Check,No,No,No,No,1,4.7,22.8,829.08,0.3984,39.8,Low,No
CUST-04553,54,Female,25,One Year,Mailed Check,Fiber Optic,No Internet,No,Yes,4,3.2,99.43,2675.17,0.2672,26.7,Low,No
CUST-04554,28,Female,9,One Year,Credit Card,DSL,No,No,No,1,4.0,50.35,523.43,0.1949,19.5,Low,No
CUST-04555,40,Female,17,Month-to-Month,Credit Card,No,Yes,No,No,0,3.5,40.95,675.77,0.3647,36.5,Low,No
CUST-04556,37,Male,14,One Year,Bank Transfer,Fiber Optic,No,Yes,Yes,2,4.2,90.59,1267.17,0.4356,43.6,Medium,No
CUST-04557,27,Female,9,Two Year,Mailed Check,No,No,No,No Internet,1,2.9,18.64,178.51,0.2174,21.7,Low,No
CUST-04558,47,Male,45,One Year,Electronic Check,Fiber Optic,No Internet,Yes,No,2,5.0,94.4,4472.95,0.4634,46.3,Medium,No
CUST-04559,34,Male,15,One Year,Bank Transfer,Fiber Optic,No,No,No Internet,1,2.1,86.15,1265.77,0.4806,48.1,Medium,No
CUST-04560,51,Female,42,One Year,Mailed Check,No,No,No,No,1,4.8,18.0,736.6,0.2014,20.1,Low,No
CUST-04561,27,Female,2,Month-to-Month,Bank Transfer,Fiber Optic,No,No,Yes,2,4.9,73.77,222.46,0.7378,73.8,High,Yes
CUST-04562,66,Female,3,One Year,Bank Transfer,Fiber Optic,Yes,No,No,5,3.7,72.99,294.43,0.3914,39.1,Low,No
CUST-04563,29,Female,72,Two Year,Mailed Check,DSL,No,Yes,No,4,3.3,56.76,3950.65,0.131,13.1,Low,No
CUST-04564,45,Female,21,Month-to-Month,Credit Card,Fiber Optic,No,Yes,No,6,4.8,89.08,2046.92,0.7022,70.2,High,Yes
CUST-04565,53,Female,17,Two Year,Electronic Check,DSL,No,Yes,No,5,4.4,50.72,869.93,0.4158,41.6,Medium,No
CUST-04566,34,Male,17,Month-to-Month,Bank Transfer,Fiber Optic,No Internet,Yes,No,2,2.4,80.16,1431.38,0.705,70.5,High,Yes
CUST-04567,53,Female,5,Month-to-Month,Mailed Check,Fiber Optic,No,No,Yes,2,3.9,96.53,574.72,0.7497,75.0,High,Yes
CUST-04568,24,Male,30,Two Year,Bank Transfer,Fiber Optic,No,No,No,5,3.1,113.0,3573.29,0.4349,43.5,Medium,No
CUST-04569,62,Male,2,Two Year,Bank Transfer,DSL,No Internet,Yes,No,4,3.8,58.49,167.32,0.1479,14.8,Low,No
CUST-04570,42,Male,20,Two Year,Electronic Check,DSL,No,No Internet,No,3,4.0,53.89,1088.17,0.3457,34.6,Low,No
CUST-04571,33,Female,20,Two Year,Electronic Check,DSL,No,No,No,4,2.4,50.3,1016.93,0.3656,36.6,Low,No
CUST-04572,37,Female,58,Month-to-Month,Electronic Check,DSL,Yes,Yes,No,1,1.8,54.32,2912.61,0.6438,64.4,Medium,Yes
CUST-04573,53,Female,17,One Year,Electronic Check,Fiber Optic,No,Yes,No,2,2.7,78.52,1427.35,0.6159,61.6,Medium,No
CUST-04574,33,Female,3,Month-to-Month,Bank Transfer,DSL,No Internet,No,No,2,4.7,41.71,169.39,0.4239,42.4,Medium,No
CUST-04575,31,Male,20,Month-to-Month,Electronic Check,Fiber Optic,No,Yes,No,3,3.5,80.06,1720.09,0.8962,89.6,High,Yes
CUST-04576,38,Female,2,Month-to-Month,Mailed Check,Fiber Optic,No,No Internet,No,2,4.7,116.04,350.61,0.6446,64.5,Medium,Yes
CUST-04577,25,Female,5,One Year,Electronic Check,DSL,No,No,Yes,3,5.0,46.68,276.97,0.3846,38.5,Low,No
CUST-04578,67,Female,0,Month-to-Month,Bank Transfer,Fiber Optic,No,No Internet,No Internet,2,3.5,96.02,94.54,0.7225,72.2,High,Yes
CUST-04579,34,Female,17,Two Year,Bank Transfer,DSL,Yes,Yes,No,2,3.9,63.29,1135.3,0.0891,8.9,Low,No
CUST-04580,53,Female,2,One Year,Electronic Check,Fiber Optic,No Internet,No,No,4,4.3,70.1,189.52,0.6463,64.6,Medium,Yes
CUST-04581,44,Female,15,Month-to-Month,Bank Transfer,DSL,No Internet,No Internet,No,0,1.1,50.12,775.6,0.5055,50.6,Medium,No
CUST-04582,28,Female,64,One Year,Credit Card,Fiber Optic,No,Yes,Yes,4,2.6,77.74,4577.89,0.4641,46.4,Medium,No
CUST-04583,41,Male,30,Month-to-Month,Electronic Check,No,Yes,Yes,No,2,3.3,27.85,840.26,0.5901,59.0,Medium,No
CUST-04584,52,Female,1,Month-to-Month,Bank Transfer,Fiber Optic,No,No,No,1,4.5,100.06,184.57,0.709,70.9,High,Yes
CUST-04585,39,Male,6,Two Year,Electronic Check,DSL,Yes,No Internet,No,3,1.7,59.52,375.56,0.2976,29.8,Low,No
CUST-04586,58,Male,26,Month-to-Month,Electronic Check,No,No,No,Yes,3,4.2,18.0,490.65,0.7056,70.6,High,Yes
CUST-04587,56,Female,54,Two Year,Mailed Check,DSL,Yes,No,No,0,2.8,47.05,2602.45,0.0238,2.4,Low,No
CUST-04588,54,Male,0,One Year,Electronic Check,DSL,No,No,Yes,4,3.9,60.23,57.7,0.3717,37.2,Low,No
CUST-04589,35,Female,40,One Year,Credit Card,DSL,No,Yes,No Internet,1,2.9,53.76,2005.39,0.2102,21.0,Low,No
CUST-04590,26,Male,19,One Year,Electronic Check,DSL,No Internet,No,Yes,3,3.0,45.9,960.45,0.3463,34.6,Low,No
CUST-04591,33,Male,18,Month-to-Month,Electronic Check,No,No Internet,Yes,No Internet,3,2.8,27.03,473.83,0.5854,58.5,Medium,No
CUST-04592,44,Male,72,Month-to-Month,Mailed Check,Fiber Optic,No Internet,Yes,No Internet,0,2.9,98.54,7000.98,0.6819,68.2,Medium,Yes
CUST-04593,49,Male,33,Month-to-Month,Bank Transfer,No,Yes,No Internet,No,3,4.7,24.03,768.66,0.4117,41.2,Medium,No
CUST-04594,18,Female,45,Month-to-Month,Bank Transfer,DSL,Yes,No,No Internet,4,2.2,51.3,2170.67,0.4093,40.9,Medium,No
CUST-04595,41,Male,10,Month-to-Month,Electronic Check,No,No,No Internet,No Internet,3,1.8,18.68,200.74,0.7741,77.4,High,Yes
CUST-04596,44,Male,19,Two Year,Credit Card,Fiber Optic,Yes,Yes,Yes,2,2.0,85.73,1593.52,0.3911,39.1,Low,No
CUST-04597,38,Male,22,Month-to-Month,Credit Card,No,Yes,No,No Internet,0,2.7,28.12,617.09,0.4754,47.5,Medium,No
CUST-04598,60,Male,9,One Year,Mailed Check,Fiber Optic,No,No Internet,Yes,4,3.2,70.36,697.25,0.4529,45.3,Medium,No
CUST-04599,47,Female,20,Month-to-Month,Bank Transfer,DSL,No,Yes,Yes,5,3.5,59.49,1196.85,0.6186,61.9,Medium,No
CUST-04600,60,Male,6,Month-to-Month,Mailed Check,Fiber Optic,Yes,Yes,No,3,3.2,71.64,490.41,0.6759,67.6,Medium,Yes
CUST-04601,38,Female,3,Month-to-Month,Electronic Check,DSL,No,No,Yes,2,2.6,73.97,276.59,0.7682,76.8,High,Yes
CUST-04602,55,Female,11,One Year,Electronic Check,DSL,No,No,Yes,4,5.0,70.18,845.87,0.3498,35.0,Low,No
CUST-04603,64,Female,32,Month-to-Month,Electronic Check,Fiber Optic,Yes,No Internet,No Internet,3,4.0,70.95,2330.07,0.7744,77.4,High,Yes
CUST-04604,60,Female,59,Month-to-Month,Credit Card,DSL,No Internet,No,No Internet,0,2.5,45.79,2758.24,0.3844,38.4,Low,No
CUST-04605,26,Male,14,One Year,Electronic Check,Fiber Optic,Yes,No Internet,No Internet,3,3.3,96.95,1382.94,0.6073,60.7,Medium,No
CUST-04606,38,Male,24,One Year,Bank Transfer,DSL,Yes,No Internet,No,1,4.5,52.72,1372.13,0.097,9.7,Low,No
CUST-04607,37,Female,2,Month-to-Month,Electronic Check,DSL,Yes,Yes,No Internet,6,2.7,59.07,176.08,0.7405,74.1,High,Yes
CUST-04608,48,Female,56,One Year,Bank Transfer,Fiber Optic,Yes,No,Yes,3,3.1,82.09,4300.51,0.3219,32.2,Low,No
CUST-04609,51,Female,20,One Year,Electronic Check,DSL,No Internet,Yes,No Internet,3,2.8,27.26,598.94,0.3118,31.2,Low,No
CUST-04610,30,Female,36,One Year,Bank Transfer,DSL,Yes,Yes,No,2,4.6,43.3,1578.61,0.1896,19.0,Low,No
CUST-04611,42,Male,37,Month-to-Month,Electronic Check,Fiber Optic,No,No Internet,No Internet,0,3.8,103.37,3946.77,0.8941,89.4,High,Yes
CUST-04612,18,Male,7,Month-to-Month,Credit Card,No,No,Yes,No,2,2.6,28.51,218.01,0.5517,55.2,Medium,No
CUST-04613,62,Female,18,Month-to-Month,Credit Card,DSL,No,Yes,No Internet,4,5.0,51.95,953.83,0.5729,57.3,Medium,No
CUST-04614,34,Female,72,Two Year,Bank Transfer,Fiber Optic,No Internet,Yes,No Internet,2,2.2,55.75,4109.93,0.3126,31.3,Low,No
CUST-04615,42,Male,2,Month-to-Month,Electronic Check,Fiber Optic,No Internet,Yes,No Internet,1,3.3,80.85,249.78,0.8991,89.9,High,Yes
CUST-04616,37,Female,27,Two Year,Electronic Check,DSL,Yes,No,No,2,4.6,41.45,1211.75,0.2746,27.5,Low,No
CUST-04617,58,Male,72,Month-to-Month,Credit Card,Fiber Optic,No Internet,No,No Internet,4,3.2,91.0,6965.17,0.6958,69.6,Medium,Yes
CUST-04618,18,Male,8,Month-to-Month,Electronic Check,Fiber Optic,No,No,No,3,3.0,82.17,731.61,0.9615,96.1,High,Yes
CUST-04619,41,Female,47,Month-to-Month,Electronic Check,Fiber Optic,No,No Internet,Yes,1,3.8,79.31,3476.13,0.9641,96.4,High,Yes
CUST-04620,40,Female,65,Month-to-Month,Mailed Check,DSL,No,Yes,No,2,3.5,64.0,4168.1,0.534,53.4,Medium,No
CUST-04621,35,Female,32,Two Year,Electronic Check,DSL,No Internet,Yes,Yes,2,2.4,65.84,2022.07,0.2791,27.9,Low,No
CUST-04622,66,Male,6,Two Year,Electronic Check,Fiber Optic,Yes,Yes,No Internet,2,4.1,70.11,489.42,0.4682,46.8,Medium,No
CUST-04623,29,Male,9,One Year,Bank Transfer,DSL,No,No,Yes,4,2.4,50.37,478.69,0.3177,31.8,Low,No
CUST-04624,52,Female,0,One Year,Mailed Check,No,Yes,No,No Internet,4,1.8,27.76,27.16,0.1447,14.5,Low,No
CUST-04625,46,Male,42,One Year,Electronic Check,No,No,No Internet,No,4,3.6,42.24,1814.76,0.3169,31.7,Low,No
CUST-04626,59,Female,45,Two Year,Mailed Check,No,No Internet,No,Yes,1,2.4,30.37,1447.66,0.1908,19.1,Low,No
CUST-04627,32,Female,24,Month-to-Month,Mailed Check,No,No,Yes,No Internet,0,3.4,31.0,789.65,0.4451,44.5,Medium,No
CUST-04628,31,Female,10,One Year,Bank Transfer,Fiber Optic,Yes,Yes,Yes,5,3.8,82.46,819.23,0.3034,30.3,Low,No
CUST-04629,57,Male,1,One Year,Electronic Check,Fiber Optic,No,No,No,3,3.6,74.81,138.09,0.6462,64.6,Medium,Yes
CUST-04630,47,Female,33,Two Year,Bank Transfer,DSL,No,No,No,2,5.0,69.94,2450.04,0.1975,19.8,Low,No
CUST-04631,20,Male,31,Two Year,Mailed Check,DSL,No,Yes,No,2,5.0,51.33,1661.42,0.1693,16.9,Low,No
CUST-04632,34,Male,58,Two Year,Mailed Check,No,Yes,No,No,2,4.0,33.19,1805.83,0.0871,8.7,Low,No
CUST-04633,47,Male,31,One Year,Electronic Check,Fiber Optic,No,No Internet,No,3,3.9,119.89,3791.74,0.6204,62.0,Medium,Yes
CUST-04634,53,Male,42,Month-to-Month,Electronic Check,DSL,No Internet,No,No Internet,3,4.3,43.35,1841.94,0.5985,59.9,Medium,No
CUST-04635,32,Female,32,Month-to-Month,Credit Card,DSL,No,No,Yes,2,3.4,56.65,1899.81,0.5139,51.4,Medium,No
CUST-04636,18,Male,23,One Year,Electronic Check,DSL,No,No,Yes,1,3.3,60.05,1472.92,0.301,30.1,Low,No
CUST-04637,49,Male,13,One Year,Bank Transfer,DSL,No,Yes,No,6,3.3,48.89,685.21,0.2771,27.7,Low,No
CUST-04638,24,Female,55,Month-to-Month,Credit Card,Fiber Optic,Yes,Yes,No,2,2.9,79.31,4472.38,0.6599,66.0,Medium,Yes
CUST-04639,18,Male,25,Month-to-Month,Mailed Check,No,No,Yes,No,1,5.0,18.0,468.0,0.4951,49.5,Medium,No
CUST-04640,18,Female,12,Month-to-Month,Mailed Check,DSL,No,Yes,No,2,2.3,66.94,802.91,0.6369,63.7,Medium,Yes
CUST-04641,53,Male,2,Two Year,Electronic Check,DSL,Yes,No Internet,No,1,4.4,53.95,162.28,0.3147,31.5,Low,No
CUST-04642,43,Male,8,Month-to-Month,Credit Card,Fiber Optic,Yes,Yes,No Internet,4,4.3,95.87,837.52,0.7489,74.9,High,Yes
CUST-04643,38,Female,18,One Year,Bank Transfer,DSL,No,No,Yes,0,4.2,63.3,1258.83,0.1501,15.0,Low,No
CUST-04644,61,Male,7,Month-to-Month,Bank Transfer,Fiber Optic,Yes,No,Yes,1,3.5,60.64,488.19,0.6209,62.1,Medium,Yes
CUST-04645,50,Female,6,Month-to-Month,Mailed Check,Fiber Optic,No,No,No,2,2.4,93.75,627.45,0.7757,77.6,High,Yes
CUST-04646,64,Male,17,Two Year,Credit Card,Fiber Optic,Yes,No,Yes,5,3.9,88.18,1645.19,0.3539,35.4,Low,No
CUST-04647,22,Male,4,Month-to-Month,Bank Transfer,Fiber Optic,Yes,No,No,0,3.9,101.66,475.04,0.7139,71.4,High,Yes
CUST-04648,41,Male,38,Month-to-Month,Electronic Check,DSL,No,No,No,2,5.0,53.73,2032.84,0.6524,65.2,Medium,Yes
CUST-04649,19,Male,15,Month-to-Month,Bank Transfer,Fiber Optic,No,No Internet,No,1,4.1,75.73,1102.08,0.79,79.0,High,Yes
CUST-04650,38,Male,20,Month-to-Month,Mailed Check,No,Yes,Yes,No,3,3.7,24.96,521.18,0.4503,45.0,Medium,No
CUST-04651,38,Female,3,One Year,Electronic Check,Fiber Optic,Yes,Yes,No,2,3.4,82.95,326.42,0.5279,52.8,Medium,No
CUST-04652,50,Male,9,Month-to-Month,Credit Card,Fiber Optic,No,No,No Internet,3,3.0,87.67,855.37,0.868,86.8,High,Yes
CUST-04653,42,Male,12,One Year,Electronic Check,No,No,Yes,No Internet,4,3.7,18.25,220.88,0.4555,45.5,Medium,No
CUST-04654,50,Male,39,Month-to-Month,Mailed Check,Fiber Optic,No,No,No,3,4.1,78.87,3073.28,0.6825,68.3,Medium,Yes
CUST-04655,51,Female,35,Two Year,Electronic Check,Fiber Optic,Yes,No Internet,No,4,2.6,80.59,2810.94,0.5528,55.3,Medium,No
CUST-04656,72,Female,6,Two Year,Mailed Check,Fiber Optic,No Internet,No,Yes,2,2.9,49.19,311.03,0.3456,34.6,Low,No
CUST-04657,37,Female,22,Two Year,Mailed Check,No,No,No Internet,No,3,2.4,18.0,382.68,0.1653,16.5,Low,No
CUST-04658,28,Female,6,Two Year,Credit Card,No,No,Yes,No,2,3.9,18.0,130.45,0.2354,23.5,Low,No
CUST-04659,45,Male,72,Month-to-Month,Mailed Check,Fiber Optic,Yes,Yes,Yes,1,4.6,75.72,5628.95,0.588,58.8,Medium,No
CUST-04660,30,Male,72,Month-to-Month,Electronic Check,DSL,Yes,No,Yes,2,1.0,58.16,3897.47,0.6998,70.0,High,Yes
CUST-04661,62,Female,19,One Year,Bank Transfer,DSL,No,No Internet,Yes,3,3.1,66.16,1383.95,0.1761,17.6,Low,No
CUST-04662,38,Female,28,Month-to-Month,Electronic Check,No,Yes,No,Yes,1,5.0,27.14,763.29,0.5852,58.5,Medium,No
CUST-04663,34,Male,38,Month-to-Month,Electronic Check,Fiber Optic,Yes,No Internet,No,3,4.2,76.19,3008.56,0.7329,73.3,High,Yes
CUST-04664,35,Male,30,Month-to-Month,Electronic Check,No,No,No Internet,No Internet,4,3.8,21.49,653.71,0.732,73.2,High,Yes
CUST-04665,52,Female,28,Month-to-Month,Electronic Check,Fiber Optic,No,No,No,4,2.1,68.25,2008.24,0.865,86.5,High,Yes
CUST-04666,39,Female,72,One Year,Mailed Check,Fiber Optic,No,Yes,No,3,4.4,76.2,5559.07,0.3313,33.1,Low,No
CUST-04667,33,Male,21,Month-to-Month,Mailed Check,Fiber Optic,No,No,No,2,3.3,65.77,1316.38,0.8031,80.3,High,Yes
CUST-04668,65,Female,24,Month-to-Month,Electronic Check,DSL,No,No Internet,No,4,4.2,60.11,1558.4,0.5683,56.8,Medium,No
CUST-04669,30,Male,45,One Year,Bank Transfer,DSL,No,Yes,No,2,5.0,63.31,2956.72,0.1975,19.8,Low,No
CUST-04670,42,Male,26,Month-to-Month,Electronic Check,DSL,No Internet,No,No,7,2.0,43.62,1099.11,0.6498,65.0,Medium,Yes
CUST-04671,51,Male,31,Two Year,Credit Card,DSL,No,No,Yes,0,5.0,72.62,2170.36,0.1617,16.2,Low,No
CUST-04672,19,Male,6,Month-to-Month,Bank Transfer,DSL,No,Yes,No,0,3.1,51.19,359.4,0.4414,44.1,Medium,No
CUST-04673,48,Male,11,One Year,Electronic Check,DSL,Yes,No,No,2,4.8,64.8,781.6,0.222,22.2,Low,No
CUST-04674,27,Female,3,Month-to-Month,Credit Card,Fiber Optic,No Internet,Yes,Yes,3,2.7,62.81,229.4,0.7309,73.1,High,Yes
CUST-04675,53,Male,16,Month-to-Month,Electronic Check,Fiber Optic,Yes,No Internet,Yes,1,2.3,77.67,1367.6,0.8123,81.2,High,Yes
CUST-04676,28,Female,14,Month-to-Month,Mailed Check,Fiber Optic,No,No,Yes,3,4.2,87.5,1328.3,0.8031,80.3,High,Yes
CUST-04677,51,Male,72,Month-to-Month,Electronic Check,Fiber Optic,No,No Internet,No,4,1.6,64.89,4962.48,0.7466,74.7,High,Yes
CUST-04678,57,Male,22,Two Year,Bank Transfer,DSL,No,Yes,No,0,2.6,44.21,981.15,0.2454,24.5,Low,No
CUST-04679,54,Female,37,One Year,Mailed Check,DSL,No,Yes,Yes,1,2.6,62.8,2178.62,0.2581,25.8,Low,No
CUST-04680,45,Female,9,Month-to-Month,Electronic Check,DSL,No,No Internet,Yes,4,2.6,47.28,489.75,0.7824,78.2,High,Yes
CUST-04681,38,Female,42,Month-to-Month,Electronic Check,Fiber Optic,Yes,No,Yes,3,4.1,105.69,4644.34,0.7088,70.9,High,Yes
CUST-04682,33,Female,22,Month-to-Month,Bank Transfer,DSL,No,Yes,No Internet,2,4.0,54.92,1136.89,0.4769,47.7,Medium,No
CUST-04683,62,Male,28,Month-to-Month,Electronic Check,Fiber Optic,No Internet,Yes,No,1,3.3,91.77,2606.78,0.8229,82.3,High,Yes
CUST-04684,32,Male,8,Month-to-Month,Electronic Check,No,Yes,No,Yes,3,2.5,32.05,259.93,0.6421,64.2,Medium,Yes
CUST-04685,27,Female,19,Two Year,Mailed Check,Fiber Optic,Yes,Yes,No,1,3.2,68.53,1305.81,0.2804,28.0,Low,No
CUST-04686,51,Female,24,Month-to-Month,Credit Card,DSL,No,No,Yes,1,2.0,60.45,1557.22,0.6143,61.4,Medium,No
CUST-04687,30,Female,21,One Year,Electronic Check,DSL,No Internet,No,No,3,2.0,58.49,1288.16,0.3031,30.3,Low,No
CUST-04688,28,Female,59,One Year,Electronic Check,No,Yes,No,Yes,2,2.6,32.23,1987.16,0.2717,27.2,Low,No
CUST-04689,21,Female,54,Two Year,Credit Card,Fiber Optic,Yes,No Internet,No Internet,2,1.8,94.7,5122.96,0.2558,25.6,Low,No
CUST-04690,35,Male,72,Month-to-Month,Electronic Check,Fiber Optic,No,Yes,No Internet,5,3.5,58.6,4346.78,0.8425,84.3,High,Yes
CUST-04691,40,Female,26,One Year,Bank Transfer,Fiber Optic,Yes,No,No,5,4.0,90.05,2365.53,0.3548,35.5,Low,No
CUST-04692,45,Female,72,Two Year,Credit Card,Fiber Optic,No,Yes,No,0,3.4,76.41,5440.81,0.335,33.5,Low,No
CUST-04693,55,Female,42,Month-to-Month,Credit Card,DSL,No Internet,No Internet,No,1,2.1,60.43,2571.72,0.4801,48.0,Medium,No
CUST-04694,49,Male,7,Month-to-Month,Electronic Check,No,Yes,No Internet,No Internet,4,2.8,27.26,200.87,0.7142,71.4,High,Yes
CUST-04695,39,Male,13,Two Year,Electronic Check,Fiber Optic,No,No,No,2,4.4,90.13,1257.42,0.6931,69.3,Medium,Yes
CUST-04696,39,Male,6,One Year,Electronic Check,DSL,No,Yes,Yes,0,4.6,38.64,278.15,0.2989,29.9,Low,No
CUST-04697,49,Male,0,Month-to-Month,Credit Card,No,No Internet,Yes,Yes,1,2.0,18.0,16.63,0.4489,44.9,Medium,No
CUST-04698,59,Female,4,One Year,Credit Card,Fiber Optic,No Internet,No Internet,Yes,7,3.8,73.21,350.14,0.4335,43.3,Medium,No
CUST-04699,43,Male,0,Month-to-Month,Electronic Check,DSL,No,No,No,2,2.4,59.68,61.95,0.7817,78.2,High,Yes
CUST-04700,35,Male,30,Month-to-Month,Bank Transfer,No,No,No Internet,Yes,0,4.6,23.83,699.36,0.4439,44.4,Medium,No
CUST-04701,28,Male,13,Month-to-Month,Credit Card,No,No,Yes,No,4,4.7,23.8,343.62,0.5693,56.9,Medium,No
CUST-04702,21,Female,8,Month-to-Month,Electronic Check,DSL,No,No,No,3,1.0,43.19,387.23,0.7316,73.2,High,Yes
CUST-04703,51,Female,34,One Year,Electronic Check,Fiber Optic,Yes,No,No Internet,4,2.3,81.93,2943.58,0.5643,56.4,Medium,No
CUST-04704,50,Male,42,One Year,Electronic Check,Fiber Optic,No Internet,No Internet,No,5,3.8,82.13,3254.05,0.5082,50.8,Medium,No
CUST-04705,50,Male,72,Two Year,Mailed Check,DSL,No,No,No,2,1.0,54.19,4027.29,0.2062,20.6,Low,No
CUST-04706,40,Male,24,Month-to-Month,Credit Card,Fiber Optic,Yes,Yes,No,4,5.0,69.21,1564.93,0.6305,63.0,Medium,Yes
CUST-04707,61,Female,14,Two Year,Credit Card,Fiber Optic,No Internet,No Internet,No Internet,2,3.8,102.11,1469.14,0.3864,38.6,Low,No
CUST-04708,35,Male,8,Month-to-Month,Electronic Check,DSL,No,Yes,Yes,1,1.6,60.72,514.77,0.7244,72.4,High,Yes
CUST-04709,55,Female,6,Month-to-Month,Electronic Check,DSL,Yes,No,Yes,3,4.4,40.15,279.97,0.6133,61.3,Medium,No
CUST-04710,41,Male,5,Two Year,Mailed Check,No,Yes,No,No,4,4.4,18.0,109.59,0.1462,14.6,Low,No
CUST-04711,33,Male,12,Month-to-Month,Bank Transfer,Fiber Optic,No,Yes,No,2,4.0,100.4,1242.24,0.7109,71.1,High,Yes
CUST-04712,50,Female,72,Month-to-Month,Bank Transfer,Fiber Optic,No Internet,No,No,2,3.8,82.2,6154.0,0.625,62.5,Medium,Yes
CUST-04713,47,Male,0,Month-to-Month,Mailed Check,No,No Internet,No,No,3,4.3,18.0,17.69,0.5031,50.3,Medium,No
CUST-04714,46,Female,5,Month-to-Month,Bank Transfer,DSL,No,Yes,Yes,0,2.1,42.35,257.39,0.4826,48.3,Medium,No
CUST-04715,43,Male,5,One Year,Electronic Check,No,No Internet,Yes,Yes,0,3.5,19.48,117.91,0.2538,25.4,Low,No
CUST-04716,41,Female,30,Two Year,Mailed Check,No,No,No,No Internet,2,2.4,18.0,513.78,0.299,29.9,Low,No
CUST-04717,75,Female,10,One Year,Credit Card,No,No,No Internet,No,2,4.5,22.8,253.24,0.092,9.2,Low,No
CUST-04718,58,Female,14,Two Year,Electronic Check,DSL,No,No,No,4,3.2,39.21,602.23,0.3632,36.3,Low,No
CUST-04719,52,Male,3,One Year,Mailed Check,Fiber Optic,No,No Internet,No,2,1.0,63.92,231.46,0.5353,53.5,Medium,No
CUST-04720,43,Male,12,Two Year,Electronic Check,DSL,No,No Internet,Yes,2,1.6,56.88,683.51,0.3054,30.5,Low,No
CUST-04721,56,Male,2,Month-to-Month,Mailed Check,DSL,Yes,No Internet,Yes,1,3.2,51.88,152.23,0.3638,36.4,Low,No
CUST-04722,49,Female,18,Two Year,Bank Transfer,Fiber Optic,Yes,No Internet,No,5,2.6,114.67,1980.09,0.3404,34.0,Low,No
CUST-04723,42,Female,2,Month-to-Month,Bank Transfer,DSL,No,No,No,1,2.6,44.98,128.86,0.5295,52.9,Medium,No
CUST-04724,37,Male,37,Two Year,Credit Card,Fiber Optic,No Internet,No,Yes,2,2.4,91.59,3570.59,0.3173,31.7,Low,No
CUST-04725,40,Male,20,Month-to-Month,Mailed Check,DSL,No Internet,No,Yes,2,2.3,50.53,971.1,0.4881,48.8,Medium,No
CUST-04726,18,Male,30,One Year,Mailed Check,Fiber Optic,No Internet,No Internet,No,3,3.6,82.29,2349.44,0.2681,26.8,Low,No
CUST-04727,44,Male,13,One Year,Electronic Check,DSL,Yes,No,Yes,2,4.0,63.23,812.53,0.2118,21.2,Low,No
CUST-04728,35,Male,11,Two Year,Bank Transfer,No,No,No,Yes,3,3.5,33.51,394.77,0.226,22.6,Low,No
CUST-04729,64,Male,2,One Year,Electronic Check,Fiber Optic,No,Yes,No,3,3.9,90.04,255.43,0.6674,66.7,Medium,Yes
CUST-04730,42,Female,17,Month-to-Month,Credit Card,DSL,No,No Internet,Yes,2,3.3,49.67,914.13,0.5295,52.9,Medium,No
CUST-04731,25,Female,17,One Year,Electronic Check,Fiber Optic,Yes,No,No,2,1.5,102.81,1827.13,0.6371,63.7,Medium,Yes
CUST-04732,41,Female,15,Month-to-Month,Electronic Check,No,No,Yes,Yes,1,4.8,21.52,344.49,0.6585,65.8,Medium,Yes
CUST-04733,27,Male,32,Month-to-Month,Electronic Check,No,Yes,No Internet,No,4,4.8,25.36,791.8,0.599,59.9,Medium,No
CUST-04734,48,Female,42,Month-to-Month,Credit Card,No,No Internet,Yes,No,3,3.9,36.14,1513.26,0.3875,38.7,Low,No
CUST-04735,46,Female,33,Month-to-Month,Electronic Check,No,No,Yes,No Internet,3,1.8,18.0,584.83,0.7718,77.2,High,Yes
CUST-04736,55,Male,3,Month-to-Month,Electronic Check,DSL,No,Yes,Yes,0,1.6,67.82,264.39,0.8029,80.3,High,Yes
CUST-04737,30,Female,23,Two Year,Electronic Check,Fiber Optic,No,Yes,Yes,0,2.4,102.74,2473.75,0.6268,62.7,Medium,Yes
CUST-04738,42,Male,2,Two Year,Electronic Check,Fiber Optic,Yes,Yes,No Internet,2,5.0,87.05,252.7,0.4223,42.2,Medium,No
CUST-04739,22,Male,28,Month-to-Month,Electronic Check,DSL,Yes,No,No Internet,4,3.6,37.31,984.61,0.6417,64.2,Medium,Yes
CUST-04740,51,Male,11,Month-to-Month,Mailed Check,DSL,No,No Internet,Yes,2,3.2,53.73,616.15,0.5126,51.3,Medium,No
CUST-04741,49,Male,3,Month-to-Month,Electronic Check,DSL,No Internet,No,Yes,1,3.3,25.45,105.19,0.6185,61.9,Medium,No
CUST-04742,48,Female,47,Month-to-Month,Mailed Check,Fiber Optic,Yes,No,No Internet,1,2.8,85.47,4198.89,0.7076,70.8,High,Yes
CUST-04743,42,Male,22,Month-to-Month,Electronic Check,Fiber Optic,No,No Internet,Yes,3,3.1,85.32,2011.3,0.8586,85.9,High,Yes
CUST-04744,47,Male,10,Month-to-Month,Mailed Check,DSL,Yes,Yes,No Internet,3,3.3,63.91,651.81,0.4934,49.3,Medium,No
CUST-04745,64,Male,0,One Year,Bank Transfer,Fiber Optic,Yes,No,No Internet,4,2.6,89.51,81.62,0.4515,45.1,Medium,No
CUST-04746,38,Female,18,One Year,Electronic Check,DSL,Yes,Yes,Yes,5,1.9,74.05,1437.89,0.3526,35.3,Low,No
CUST-04747,43,Male,61,Month-to-Month,Mailed Check,DSL,No,No,No Internet,1,3.3,52.19,3235.43,0.464,46.4,Medium,No
CUST-04748,26,Female,21,Month-to-Month,Electronic Check,DSL,No,Yes,No,3,2.4,58.28,1251.7,0.8413,84.1,High,Yes
CUST-04749,29,Female,72,One Year,Electronic Check,Fiber Optic,No,No Internet,No,2,4.4,115.34,8445.71,0.4325,43.2,Medium,No
CUST-04750,43,Male,3,Two Year,Bank Transfer,No,Yes,Yes,No,1,3.7,25.72,106.96,0.1588,15.9,Low,No
CUST-04751,57,Male,20,Month-to-Month,Bank Transfer,Fiber Optic,Yes,No,Yes,3,3.1,103.3,1994.38,0.646,64.6,Medium,Yes
CUST-04752,38,Female,38,Month-to-Month,Bank Transfer,Fiber Optic,No,Yes,No,2,2.4,96.89,3496.91,0.7803,78.0,High,Yes
CUST-04753,38,Male,17,Month-to-Month,Electronic Check,DSL,Yes,No,Yes,4,3.9,73.23,1302.96,0.6841,68.4,Medium,Yes
CUST-04754,36,Male,2,Month-to-Month,Electronic Check,Fiber Optic,Yes,No,No Internet,2,4.0,115.16,347.56,0.8257,82.6,High,Yes
CUST-04755,34,Female,20,Month-to-Month,Electronic Check,Fiber Optic,No,Yes,No,2,2.7,107.82,2256.38,0.97,97.0,High,Yes
CUST-04756,46,Male,22,Month-to-Month,Mailed Check,Fiber Optic,No,Yes,Yes,3,3.6,66.57,1436.32,0.8394,83.9,High,Yes
CUST-04757,21,Male,31,Month-to-Month,Mailed Check,DSL,No,Yes,Yes,6,2.3,38.09,1210.75,0.6321,63.2,Medium,Yes
CUST-04758,59,Male,34,Month-to-Month,Electronic Check,No,Yes,No,No Internet,1,3.4,27.43,944.72,0.7104,71.0,High,Yes
CUST-04759,32,Male,35,One Year,Bank Transfer,DSL,No,Yes,No,3,2.3,63.51,2066.01,0.2517,25.2,Low,No
CUST-04760,52,Female,26,Month-to-Month,Electronic Check,DSL,No,No,No Internet,1,2.7,54.65,1465.74,0.6936,69.4,Medium,Yes
CUST-04761,24,Female,5,One Year,Credit Card,Fiber Optic,No,No,Yes,3,4.1,95.72,555.75,0.3794,37.9,Low,No
CUST-04762,51,Female,12,Month-to-Month,Electronic Check,Fiber Optic,Yes,Yes,No,4,4.5,86.76,1159.46,0.8452,84.5,High,Yes
CUST-04763,51,Female,35,Month-to-Month,Bank Transfer,Fiber Optic,No,Yes,No Internet,7,1.7,73.88,2655.16,0.847,84.7,High,Yes
CUST-04764,47,Male,72,Two Year,Mailed Check,No,No,No Internet,Yes,2,3.0,18.0,1290.36,0.2012,20.1,Low,No
CUST-04765,28,Male,1,One Year,Credit Card,Fiber Optic,Yes,No,No,5,3.9,101.99,210.98,0.3462,34.6,Low,No
CUST-04766,45,Male,18,Month-to-Month,Electronic Check,No,No,Yes,No Internet,0,2.1,27.96,531.02,0.7386,73.9,High,Yes
CUST-04767,25,Male,8,One Year,Mailed Check,Fiber Optic,No,No,No,5,2.8,108.03,911.58,0.6028,60.3,Medium,No
CUST-04768,38,Female,6,One Year,Electronic Check,DSL,No,No Internet,No,4,3.8,34.79,236.26,0.397,39.7,Low,No
CUST-04769,56,Female,16,Month-to-Month,Credit Card,No,Yes,Yes,No Internet,2,2.6,18.85,320.73,0.5251,52.5,Medium,No
CUST-04770,53,Male,22,Month-to-Month,Credit Card,Fiber Optic,Yes,No,No,1,1.7,107.13,2520.92,0.7668,76.7,High,Yes
CUST-04771,42,Male,0,Two Year,Electronic Check,DSL,No,Yes,No Internet,4,2.8,46.28,43.62,0.3514,35.1,Low,No
CUST-04772,28,Male,36,Month-to-Month,Bank Transfer,Fiber Optic,No,Yes,No,3,3.0,60.86,2272.03,0.7864,78.6,High,Yes
CUST-04773,51,Male,41,Month-to-Month,Mailed Check,Fiber Optic,No,No,No,3,4.9,94.73,3988.29,0.7036,70.4,High,Yes
CUST-04774,42,Male,72,Month-to-Month,Electronic Check,Fiber Optic,No,No,Yes,5,5.0,99.47,6695.45,0.7885,78.9,High,Yes
CUST-04775,18,Female,4,One Year,Electronic Check,No,No,No,No Internet,4,3.6,29.96,138.26,0.2901,29.0,Low,No
CUST-04776,52,Female,21,Two Year,Credit Card,Fiber Optic,No,No,No Internet,3,3.3,73.64,1579.99,0.5067,50.7,Medium,No
CUST-04777,41,Female,13,Two Year,Mailed Check,Fiber Optic,Yes,Yes,Yes,3,2.0,82.09,1105.21,0.4335,43.4,Medium,No
CUST-04778,58,Male,9,One Year,Electronic Check,No,No,No,No,2,1.7,20.11,185.02,0.3692,36.9,Low,No
CUST-04779,26,Male,20,Two Year,Electronic Check,Fiber Optic,No,Yes,No,4,4.5,86.78,1664.1,0.5796,58.0,Medium,No
CUST-04780,18,Female,36,One Year,Electronic Check,Fiber Optic,Yes,No,No,1,1.6,74.43,2849.32,0.5445,54.4,Medium,No
CUST-04781,45,Female,0,One Year,Mailed Check,No,Yes,Yes,No Internet,2,3.9,24.28,22.55,0.1681,16.8,Low,No
CUST-04782,46,Female,72,Two Year,Electronic Check,Fiber Optic,Yes,No Internet,Yes,1,5.0,79.51,5543.83,0.3886,38.9,Low,No
CUST-04783,18,Female,39,Month-to-Month,Mailed Check,Fiber Optic,No,Yes,No Internet,5,2.1,70.1,2719.66,0.777,77.7,High,Yes
CUST-04784,28,Female,33,One Year,Electronic Check,No,No,No,Yes,3,1.1,35.64,1105.68,0.4864,48.6,Medium,No
CUST-04785,80,Female,34,One Year,Electronic Check,Fiber Optic,No Internet,No,No,2,3.7,102.27,3295.7,0.412,41.2,Medium,No
CUST-04786,37,Male,11,Two Year,Electronic Check,Fiber Optic,No Internet,No,No,5,4.6,76.29,896.09,0.459,45.9,Medium,No
CUST-04787,52,Female,33,Two Year,Credit Card,Fiber Optic,No Internet,No Internet,Yes,0,2.1,98.92,3379.79,0.3297,33.0,Low,No
CUST-04788,32,Male,11,Two Year,Electronic Check,DSL,No,Yes,No,1,4.3,60.29,742.78,0.3202,32.0,Low,No
CUST-04789,18,Male,54,Two Year,Bank Transfer,Fiber Optic,No Internet,No,No Internet,3,4.6,74.39,4211.64,0.2434,24.3,Low,No
CUST-04790,39,Female,4,Month-to-Month,Mailed Check,Fiber Optic,Yes,Yes,No,3,3.6,90.29,443.21,0.6001,60.0,Medium,No
CUST-04791,38,Male,8,Month-to-Month,Mailed Check,Fiber Optic,No,Yes,Yes,3,2.8,85.3,723.96,0.8194,81.9,High,Yes
CUST-04792,36,Male,19,Month-to-Month,Electronic Check,Fiber Optic,No,No Internet,No,4,4.1,68.08,1343.81,0.8137,81.4,High,Yes
CUST-04793,40,Male,9,Month-to-Month,Bank Transfer,DSL,Yes,Yes,No,2,2.6,68.97,685.18,0.446,44.6,Medium,No
CUST-04794,45,Male,13,Month-to-Month,Credit Card,Fiber Optic,Yes,Yes,No Internet,3,3.2,78.33,1034.15,0.7433,74.3,High,Yes
CUST-04795,39,Male,16,Month-to-Month,Electronic Check,DSL,No,Yes,Yes,4,2.8,81.24,1381.19,0.7398,74.0,High,Yes
CUST-04796,24,Male,46,Month-to-Month,Electronic Check,DSL,Yes,No,No Internet,5,3.5,42.95,1869.53,0.5681,56.8,Medium,No
CUST-04797,48,Male,17,Two Year,Bank Transfer,Fiber Optic,No,No Internet,No,2,3.4,77.22,1312.64,0.3737,37.4,Low,No
CUST-04798,18,Male,10,Month-to-Month,Electronic Check,Fiber Optic,No Internet,Yes,Yes,1,3.2,104.86,1199.03,0.9014,90.1,High,Yes
CUST-04799,18,Female,6,Two Year,Bank Transfer,Fiber Optic,Yes,No,No Internet,1,2.9,53.86,368.16,0.3172,31.7,Low,No
CUST-04800,52,Male,12,Two Year,Electronic Check,Fiber Optic,No,No,Yes,1,3.9,71.11,852.86,0.5593,55.9,Medium,No
CUST-04801,49,Male,17,Month-to-Month,Bank Transfer,DSL,No,Yes,No,3,2.4,71.75,1291.84,0.6263,62.6,Medium,Yes
CUST-04802,41,Female,32,Month-to-Month,Mailed Check,DSL,Yes,No,No,4,2.3,56.49,1741.99,0.4658,46.6,Medium,No
CUST-04803,22,Female,3,One Year,Electronic Check,Fiber Optic,No Internet,No,No,4,4.4,95.27,344.96,0.6446,64.5,Medium,Yes
CUST-04804,32,Female,6,One Year,Bank Transfer,DSL,No Internet,Yes,No,2,4.2,70.36,507.68,0.1554,15.5,Low,No
CUST-04805,38,Male,11,Month-to-Month,Mailed Check,No,Yes,No Internet,No,2,2.4,32.8,379.89,0.5056,50.6,Medium,No
CUST-04806,19,Female,10,Month-to-Month,Electronic Check,Fiber Optic,Yes,Yes,Yes,2,2.4,86.32,965.29,0.7843,78.4,High,Yes
CUST-04807,31,Female,11,Month-to-Month,Mailed Check,DSL,No Internet,Yes,No,1,2.4,68.44,844.42,0.4408,44.1,Medium,No
CUST-04808,51,Female,37,Month-to-Month,Mailed Check,DSL,No Internet,No Internet,No Internet,1,1.2,50.61,1896.3,0.5003,50.0,Medium,No
CUST-04809,61,Female,9,Month-to-Month,Electronic Check,Fiber Optic,No,No,No,0,4.2,94.46,863.87,0.8565,85.6,High,Yes
CUST-04810,36,Female,16,Month-to-Month,Credit Card,DSL,Yes,No Internet,No Internet,2,3.6,58.19,937.82,0.4123,41.2,Medium,No
CUST-04811,52,Female,23,One Year,Bank Transfer,No,No,No,No,2,2.2,18.0,405.19,0.2579,25.8,Low,No
CUST-04812,18,Female,6,Two Year,Electronic Check,Fiber Optic,No,No,No,0,4.0,88.46,613.42,0.6115,61.2,Medium,No
CUST-04813,51,Male,30,One Year,Credit Card,No,No Internet,No,No,7,4.2,33.05,985.24,0.2645,26.5,Low,No
CUST-04814,30,Female,19,Two Year,Electronic Check,Fiber Optic,No Internet,Yes,Yes,6,3.1,76.72,1475.84,0.526,52.6,Medium,No
CUST-04815,46,Female,14,One Year,Bank Transfer,Fiber Optic,No,No,No Internet,3,3.7,76.82,1150.21,0.5486,54.9,Medium,No
CUST-04816,38,Male,39,One Year,Electronic Check,DSL,Yes,No,No Internet,1,3.7,45.74,1655.38,0.3263,32.6,Low,No
CUST-04817,60,Female,6,Month-to-Month,Bank Transfer,Fiber Optic,No,No Internet,No Internet,2,3.2,112.07,721.61,0.8698,87.0,High,Yes
CUST-04818,29,Male,51,Month-to-Month,Bank Transfer,DSL,Yes,No,No,4,3.2,59.35,3188.91,0.4312,43.1,Medium,No
CUST-04819,50,Male,19,Two Year,Mailed Check,Fiber Optic,Yes,Yes,No Internet,2,3.6,87.74,1799.41,0.3404,34.0,Low,No
CUST-04820,38,Female,22,Two Year,Electronic Check,DSL,No,No,No,2,3.4,54.9,1314.68,0.3905,39.1,Low,No
CUST-04821,39,Male,49,Month-to-Month,Electronic Check,DSL,No,Yes,No,2,2.7,45.64,2125.59,0.6777,67.8,Medium,Yes
CUST-04822,39,Male,40,Month-to-Month,Mailed Check,DSL,No,No,No Internet,2,2.6,68.47,2670.15,0.482,48.2,Medium,No
CUST-04823,30,Male,22,One Year,Electronic Check,Fiber Optic,No Internet,No,No,1,5.0,109.63,2311.64,0.4011,40.1,Medium,No
CUST-04824,41,Male,33,Month-to-Month,Electronic Check,Fiber Optic,No,Yes,No,1,2.8,56.99,1930.02,0.8957,89.6,High,Yes
CUST-04825,41,Male,13,Month-to-Month,Bank Transfer,Fiber Optic,No,No Internet,Yes,5,1.8,63.51,904.45,0.8091,80.9,High,Yes
CUST-04826,45,Male,19,Two Year,Credit Card,DSL,No,No Internet,No Internet,2,4.5,66.29,1316.09,0.2958,29.6,Low,No
CUST-04827,43,Male,1,Month-to-Month,Electronic Check,Fiber Optic,No,No Internet,Yes,0,3.2,96.56,191.09,0.8913,89.1,High,Yes
CUST-04828,53,Female,2,One Year,Electronic Check,DSL,No,Yes,Yes,3,3.1,63.17,193.37,0.4221,42.2,Medium,No
CUST-04829,54,Female,42,Two Year,Credit Card,Fiber Optic,No,No,Yes,3,3.1,92.55,3634.39,0.3865,38.7,Low,No
CUST-04830,27,Male,1,Month-to-Month,Credit Card,DSL,No Internet,No Internet,No,0,4.6,44.66,90.33,0.4062,40.6,Medium,No
CUST-04831,54,Female,4,Month-to-Month,Mailed Check,DSL,No,No,Yes,4,2.1,47.66,246.37,0.6116,61.2,Medium,No
CUST-04832,25,Male,38,Month-to-Month,Electronic Check,Fiber Optic,Yes,Yes,No,3,4.4,98.57,3832.3,0.7505,75.1,High,Yes
CUST-04833,50,Male,0,Month-to-Month,Bank Transfer,DSL,Yes,No Internet,No,2,3.6,55.46,55.6,0.4519,45.2,Medium,No
CUST-04834,50,Male,7,One Year,Bank Transfer,Fiber Optic,No,No Internet,No,3,4.2,98.58,785.86,0.505,50.5,Medium,No
CUST-04835,18,Female,21,Month-to-Month,Electronic Check,No,No,No,Yes,1,2.7,20.08,452.17,0.6692,66.9,Medium,Yes
CUST-04836,43,Female,21,Month-to-Month,Bank Transfer,DSL,No,Yes,Yes,3,5.0,48.57,1025.28,0.4445,44.5,Medium,No
CUST-04837,35,Male,36,Month-to-Month,Bank Transfer,DSL,Yes,Yes,No Internet,3,3.1,59.86,2278.43,0.3554,35.5,Low,No
CUST-04838,31,Male,16,Month-to-Month,Mailed Check,No,No Internet,No,No,7,3.1,22.23,355.43,0.3955,39.6,Low,No
CUST-04839,60,Male,17,Month-to-Month,Bank Transfer,No,Yes,No,Yes,1,2.2,37.29,615.69,0.5279,52.8,Medium,No
CUST-04840,32,Female,31,One Year,Mailed Check,DSL,No,No,No Internet,5,3.1,41.19,1198.45,0.2856,28.6,Low,No
CUST-04841,30,Female,16,Month-to-Month,Bank Transfer,Fiber Optic,Yes,Yes,Yes,2,2.3,58.06,902.88,0.8049,80.5,High,Yes
CUST-04842,43,Male,22,Month-to-Month,Mailed Check,DSL,No,Yes,Yes,1,5.0,50.67,1128.63,0.4749,47.5,Medium,No
CUST-04843,51,Female,54,Month-to-Month,Electronic Check,Fiber Optic,No,Yes,No,1,1.2,105.81,5757.18,0.85,85.0,High,Yes
CUST-04844,40,Male,12,Two Year,Bank Transfer,DSL,No,Yes,Yes,1,1.0,58.9,762.13,0.2318,23.2,Low,No
CUST-04845,58,Female,11,Month-to-Month,Bank Transfer,DSL,No,No,Yes,6,2.6,55.41,654.73,0.6184,61.8,Medium,No
CUST-04846,49,Female,0,One Year,Credit Card,DSL,No,Yes,No Internet,4,3.6,72.91,67.88,0.2654,26.5,Low,No
CUST-04847,18,Male,22,One Year,Mailed Check,DSL,No,No,Yes,1,4.7,54.47,1290.21,0.241,24.1,Low,No
CUST-04848,34,Female,0,One Year,Electronic Check,DSL,No,No,Yes,2,3.3,58.72,54.71,0.4596,46.0,Medium,No
CUST-04849,34,Female,16,Month-to-Month,Credit Card,Fiber Optic,No Internet,Yes,No Internet,4,2.8,99.98,1740.21,0.7419,74.2,High,Yes
CUST-04850,48,Male,39,Two Year,Bank Transfer,Fiber Optic,No Internet,No Internet,No,1,3.2,96.33,3880.65,0.2724,27.2,Low,No
CUST-04851,18,Male,19,One Year,Credit Card,DSL,No,No,Yes,3,4.0,47.36,902.95,0.229,22.9,Low,No
CUST-04852,77,Female,7,Two Year,Electronic Check,Fiber Optic,Yes,No,No,3,1.9,94.57,728.8,0.5307,53.1,Medium,No
CUST-04853,49,Male,37,Month-to-Month,Mailed Check,DSL,No Internet,No Internet,Yes,2,4.3,68.07,2643.72,0.3629,36.3,Low,No
CUST-04854,44,Male,7,One Year,Electronic Check,Fiber Optic,No Internet,Yes,No,3,1.2,70.22,588.6,0.6324,63.2,Medium,Yes
CUST-04855,58,Male,31,One Year,Credit Card,Fiber Optic,No,No,No,0,2.9,94.61,2835.21,0.3456,34.6,Low,No
CUST-04856,74,Female,22,Month-to-Month,Credit Card,DSL,No,Yes,No Internet,0,3.1,51.6,1190.72,0.4906,49.1,Medium,No
CUST-04857,54,Female,4,Month-to-Month,Mailed Check,DSL,Yes,No,No,4,1.6,70.26,320.09,0.4635,46.4,Medium,No
CUST-04858,55,Female,56,One Year,Electronic Check,Fiber Optic,No,No,No,7,3.2,75.67,3934.17,0.6333,63.3,Medium,Yes
CUST-04859,43,Female,5,Month-to-Month,Electronic Check,Fiber Optic,No Internet,No,Yes,1,2.7,64.04,371.81,0.9073,90.7,High,Yes
CUST-04860,40,Male,72,One Year,Bank Transfer,Fiber Optic,No,Yes,No,2,3.5,114.56,7549.63,0.4019,40.2,Medium,No
CUST-04861,35,Female,0,Month-to-Month,Mailed Check,Fiber Optic,No,Yes,Yes,1,3.5,68.12,70.61,0.7849,78.5,High,Yes
CUST-04862,30,Female,7,Month-to-Month,Bank Transfer,Fiber Optic,Yes,No,No,5,3.6,76.32,584.88,0.6859,68.6,Medium,Yes
CUST-04863,32,Male,5,One Year,Electronic Check,DSL,No,Yes,No,3,2.6,42.26,242.7,0.3834,38.3,Low,No
CUST-04864,23,Male,0,Month-to-Month,Mailed Check,No,No,No,No Internet,1,3.4,18.0,17.08,0.4342,43.4,Medium,No
CUST-04865,40,Male,31,Two Year,Electronic Check,Fiber Optic,Yes,No,No Internet,2,4.5,88.39,2672.43,0.4935,49.3,Medium,No
CUST-04866,18,Female,28,Two Year,Bank Transfer,Fiber Optic,No,Yes,No,3,4.1,98.59,2613.2,0.4374,43.7,Medium,No
CUST-04867,44,Female,37,One Year,Mailed Check,DSL,No,Yes,Yes,1,3.5,48.32,1819.85,0.2208,22.1,Low,No
CUST-04868,41,Female,7,Two Year,Credit Card,No,No,Yes,No,7,2.1,26.61,199.68,0.3698,37.0,Low,No
CUST-04869,44,Female,14,Two Year,Bank Transfer,Fiber Optic,Yes,No,No Internet,2,1.0,67.86,969.1,0.4133,41.3,Medium,No
CUST-04870,34,Male,25,Month-to-Month,Mailed Check,Fiber Optic,No Internet,No Internet,Yes,3,1.0,100.07,2472.82,0.6842,68.4,Medium,Yes
CUST-04871,80,Female,13,Two Year,Electronic Check,Fiber Optic,Yes,Yes,No,0,3.9,94.5,1258.1,0.4681,46.8,Medium,No
CUST-04872,61,Female,28,Month-to-Month,Credit Card,Fiber Optic,No,No Internet,Yes,0,2.3,120.0,3591.05,0.8193,81.9,High,Yes
CUST-04873,24,Male,24,Month-to-Month,Electronic Check,DSL,No,No Internet,Yes,1,1.8,58.5,1419.57,0.7568,75.7,High,Yes
CUST-04874,45,Female,2,One Year,Electronic Check,No,No Internet,Yes,Yes,1,2.5,18.0,52.73,0.3008,30.1,Low,No
CUST-04875,33,Male,36,One Year,Credit Card,DSL,No Internet,No Internet,No Internet,5,3.1,62.24,2343.42,0.1603,16.0,Low,No
CUST-04876,27,Female,30,Month-to-Month,Bank Transfer,No,No,No,Yes,2,3.3,30.39,891.39,0.5914,59.1,Medium,No
CUST-04877,23,Female,25,Month-to-Month,Mailed Check,Fiber Optic,No,No Internet,Yes,0,2.4,76.9,2027.55,0.7079,70.8,High,Yes
CUST-04878,48,Female,4,One Year,Electronic Check,No,No Internet,No,No Internet,2,4.2,26.76,124.04,0.2045,20.5,Low,No
CUST-04879,32,Female,7,Month-to-Month,Credit Card,Fiber Optic,No,Yes,No,3,3.0,92.43,744.06,0.8276,82.8,High,Yes
CUST-04880,55,Male,11,One Year,Electronic Check,Fiber Optic,No,No Internet,No,3,2.9,75.4,833.84,0.6665,66.6,Medium,Yes
CUST-04881,55,Female,7,One Year,Electronic Check,DSL,No,Yes,No,0,2.2,84.9,681.47,0.4396,44.0,Medium,No
CUST-04882,61,Male,6,Month-to-Month,Electronic Check,Fiber Optic,No,No Internet,No,1,5.0,114.33,776.56,0.7699,77.0,High,Yes
CUST-04883,30,Female,39,Month-to-Month,Electronic Check,Fiber Optic,No,Yes,Yes,0,3.0,84.41,3071.81,0.8869,88.7,High,Yes
CUST-04884,48,Female,24,One Year,Credit Card,DSL,No,No,No,2,3.8,53.55,1325.56,0.2192,21.9,Low,No
CUST-04885,50,Female,20,Month-to-Month,Bank Transfer,Fiber Optic,No,No,No,2,3.4,116.28,2450.94,0.806,80.6,High,Yes
CUST-04886,35,Male,6,Month-to-Month,Bank Transfer,DSL,No Internet,No Internet,No,5,4.6,68.18,444.0,0.4753,47.5,Medium,No
CUST-04887,31,Female,60,Month-to-Month,Credit Card,Fiber Optic,No,Yes,No,5,2.3,72.17,4579.75,0.8395,84.0,High,Yes
CUST-04888,64,Female,5,Month-to-Month,Electronic Check,DSL,Yes,No,No,7,3.8,54.0,302.65,0.6369,63.7,Medium,Yes
CUST-04889,45,Female,38,Month-to-Month,Electronic Check,Fiber Optic,No,No,No,2,2.9,69.29,2558.28,0.9049,90.5,High,Yes
CUST-04890,50,Male,72,Month-to-Month,Bank Transfer,DSL,No,No Internet,No,1,3.4,46.8,3451.92,0.4695,47.0,Medium,No
CUST-04891,30,Male,31,One Year,Mailed Check,Fiber Optic,No Internet,Yes,Yes,1,2.8,77.27,2299.68,0.3493,34.9,Low,No
CUST-04892,24,Male,72,One Year,Mailed Check,No,No,No,No Internet,1,5.0,23.03,1745.4,0.1104,11.0,Low,No
CUST-04893,34,Female,25,Two Year,Electronic Check,DSL,No Internet,No,No,2,3.1,34.59,895.87,0.2829,28.3,Low,No
CUST-04894,40,Female,5,Month-to-Month,Mailed Check,Fiber Optic,No Internet,Yes,No,2,1.5,68.41,415.52,0.7623,76.2,High,Yes
CUST-04895,27,Female,5,Month-to-Month,Electronic Check,Fiber Optic,No Internet,No Internet,No,1,3.1,86.53,476.53,0.8372,83.7,High,Yes
CUST-04896,41,Male,9,One Year,Electronic Check,Fiber Optic,Yes,Yes,No Internet,2,3.3,66.38,679.24,0.5242,52.4,Medium,No
CUST-04897,18,Male,0,One Year,Electronic Check,DSL,No,No,No Internet,2,3.3,59.96,59.08,0.3365,33.6,Low,No
CUST-04898,26,Female,27,One Year,Electronic Check,DSL,No,No,Yes,3,1.8,63.9,1816.81,0.3913,39.1,Low,No
CUST-04899,51,Female,7,One Year,Mailed Check,Fiber Optic,No,Yes,No,4,1.9,81.64,594.82,0.3996,40.0,Medium,No
CUST-04900,50,Female,40,One Year,Electronic Check,DSL,No,No,Yes,2,5.0,56.41,2292.62,0.2867,28.7,Low,No
CUST-04901,36,Female,10,Month-to-Month,Credit Card,No,No,No Internet,Yes,0,3.0,26.23,289.52,0.5411,54.1,Medium,No
CUST-04902,27,Male,15,One Year,Credit Card,Fiber Optic,No,No,No Internet,3,3.1,118.27,1843.52,0.443,44.3,Medium,No
CUST-04903,27,Female,72,One Year,Bank Transfer,Fiber Optic,No,Yes,Yes,3,5.0,85.29,6383.66,0.2866,28.7,Low,No
CUST-04904,36,Female,6,Two Year,Credit Card,DSL,No,Yes,Yes,4,4.1,82.36,600.12,0.267,26.7,Low,No
CUST-04905,51,Male,30,One Year,Credit Card,DSL,No,No,No,1,3.2,65.82,1904.61,0.2146,21.5,Low,No
CUST-04906,54,Male,33,One Year,Mailed Check,Fiber Optic,No Internet,Yes,No Internet,2,3.5,89.85,2777.21,0.3132,31.3,Low,No
CUST-04907,35,Male,5,Month-to-Month,Mailed Check,Fiber Optic,No,No Internet,Yes,3,5.0,99.47,606.34,0.7122,71.2,High,Yes
CUST-04908,25,Male,16,Two Year,Credit Card,Fiber Optic,No Internet,No,Yes,5,2.5,87.59,1447.49,0.3494,34.9,Low,No
CUST-04909,45,Female,10,Two Year,Bank Transfer,DSL,No Internet,No,Yes,1,4.1,60.7,606.74,0.169,16.9,Low,No
CUST-04910,30,Male,35,One Year,Electronic Check,DSL,No,No,Yes,2,3.9,46.49,1528.65,0.3718,37.2,Low,No
CUST-04911,34,Male,23,One Year,Bank Transfer,Fiber Optic,Yes,No,Yes,1,3.3,101.22,2269.34,0.2793,27.9,Low,No
CUST-04912,60,Male,15,Month-to-Month,Electronic Check,Fiber Optic,No,No Internet,No Internet,5,2.6,78.21,1127.08,0.8144,81.4,High,Yes
CUST-04913,53,Female,36,One Year,Electronic Check,Fiber Optic,No,No,Yes,2,3.6,62.78,2254.36,0.5979,59.8,Medium,No
CUST-04914,44,Male,6,One Year,Electronic Check,No,No,Yes,No,1,3.2,18.0,120.4,0.4655,46.6,Medium,No
CUST-04915,24,Female,33,One Year,Electronic Check,Fiber Optic,Yes,No,No Internet,1,4.0,92.63,2856.08,0.4089,40.9,Medium,No
CUST-04916,44,Male,48,Month-to-Month,Electronic Check,DSL,No,No,No,2,1.4,50.22,2303.66,0.7363,73.6,High,Yes
CUST-04917,56,Male,50,One Year,Credit Card,DSL,Yes,No,Yes,3,5.0,46.73,2409.46,0.1283,12.8,Low,No
CUST-04918,36,Male,36,Month-to-Month,Electronic Check,No,No Internet,No Internet,No,2,3.9,20.9,789.62,0.5934,59.3,Medium,No
CUST-04919,60,Male,12,One Year,Electronic Check,DSL,No,No,No Internet,2,3.7,55.13,645.46,0.4167,41.7,Medium,No
CUST-04920,60,Male,72,Month-to-Month,Electronic Check,Fiber Optic,No,Yes,No,3,5.0,73.2,4894.52,0.7767,77.7,High,Yes
CUST-04921,65,Male,11,One Year,Mailed Check,No,Yes,No,No,4,2.5,21.77,274.23,0.2572,25.7,Low,No
CUST-04922,46,Female,24,Month-to-Month,Credit Card,DSL,No,No Internet,Yes,4,2.4,63.24,1576.75,0.5957,59.6,Medium,No
CUST-04923,50,Female,4,Month-to-Month,Electronic Check,DSL,No,No Internet,No,3,2.8,54.0,270.74,0.7711,77.1,High,Yes
CUST-04924,61,Male,72,One Year,Electronic Check,Fiber Optic,No,No Internet,Yes,0,5.0,111.93,7818.76,0.4826,48.3,Medium,No
CUST-04925,48,Male,29,Month-to-Month,Mailed Check,Fiber Optic,No,Yes,No,2,3.1,64.7,1893.75,0.7556,75.6,High,Yes
CUST-04926,34,Female,33,One Year,Mailed Check,DSL,No,No,No,2,5.0,64.48,2140.07,0.1435,14.3,Low,No
CUST-04927,35,Female,1,Two Year,Electronic Check,No,No,Yes,No,3,2.6,20.57,39.17,0.3963,39.6,Low,No
CUST-04928,45,Male,34,Two Year,Electronic Check,DSL,No Internet,Yes,No,4,1.0,51.49,1808.39,0.4494,44.9,Medium,No
CUST-04929,23,Female,35,Month-to-Month,Mailed Check,No,No,Yes,Yes,3,1.3,32.57,1155.98,0.6617,66.2,Medium,Yes
CUST-04930,39,Female,26,Two Year,Electronic Check,DSL,Yes,Yes,No,2,3.8,68.1,1915.11,0.2521,25.2,Low,No
CUST-04931,57,Female,8,Month-to-Month,Credit Card,Fiber Optic,No,No,No,3,3.9,97.34,789.35,0.8043,80.4,High,Yes
CUST-04932,18,Male,16,Two Year,Electronic Check,DSL,Yes,Yes,No,3,3.6,67.57,1186.33,0.312,31.2,Low,No
CUST-04933,63,Male,2,One Year,Electronic Check,DSL,No,Yes,Yes,3,2.1,51.76,161.86,0.3197,32.0,Low,No
CUST-04934,57,Male,15,Month-to-Month,Credit Card,DSL,No,Yes,No,1,1.9,65.94,972.83,0.5495,55.0,Medium,No
CUST-04935,35,Female,6,Month-to-Month,Credit Card,No,Yes,No,No,2,1.6,33.41,218.27,0.4343,43.4,Medium,No
CUST-04936,49,Female,10,Month-to-Month,Electronic Check,Fiber Optic,No Internet,Yes,No,2,2.9,94.76,946.03,0.8332,83.3,High,Yes
CUST-04937,42,Male,4,One Year,Credit Card,Fiber Optic,No,No,No,2,3.6,90.7,424.14,0.481,48.1,Medium,No
CUST-04938,59,Female,6,Month-to-Month,Bank Transfer,No,No,Yes,Yes,4,4.6,32.3,225.17,0.5718,57.2,Medium,No
CUST-04939,55,Female,1,One Year,Electronic Check,Fiber Optic,No,No Internet,No,5,4.2,73.63,137.32,0.6414,64.1,Medium,Yes
CUST-04940,22,Female,60,One Year,Mailed Check,DSL,No,Yes,No,0,3.4,83.87,5258.38,0.1318,13.2,Low,No
CUST-04941,50,Female,18,Two Year,Electronic Check,No,Yes,Yes,No,2,5.0,36.77,724.61,0.153,15.3,Low,No
CUST-04942,39,Female,12,Two Year,Electronic Check,Fiber Optic,Yes,No,No,3,3.3,100.58,1182.22,0.5507,55.1,Medium,No
CUST-04943,43,Male,18,Month-to-Month,Electronic Check,No,Yes,No Internet,No,3,1.0,31.28,580.08,0.7042,70.4,High,Yes
CUST-04944,31,Female,23,One Year,Bank Transfer,Fiber Optic,No,Yes,Yes,4,1.7,84.71,1834.51,0.5028,50.3,Medium,No
CUST-04945,66,Female,61,Two Year,Credit Card,No,Yes,Yes,No,3,3.3,18.0,1108.06,0.1342,13.4,Low,No
CUST-04946,56,Male,4,Two Year,Mailed Check,Fiber Optic,Yes,No Internet,No,2,1.7,85.42,406.65,0.3886,38.9,Low,No
CUST-04947,31,Male,8,Month-to-Month,Mailed Check,DSL,No Internet,Yes,No,3,4.6,63.09,583.07,0.4131,41.3,Medium,No
CUST-04948,23,Female,72,Month-to-Month,Mailed Check,DSL,Yes,Yes,No Internet,2,3.5,41.33,3130.6,0.3988,39.9,Low,No
CUST-04949,36,Male,11,Month-to-Month,Bank Transfer,DSL,No,No Internet,No,5,4.7,58.28,681.72,0.5339,53.4,Medium,No
CUST-04950,48,Female,0,Month-to-Month,Bank Transfer,DSL,Yes,No Internet,Yes,2,3.5,51.44,53.65,0.517,51.7,Medium,No
CUST-04951,45,Male,3,Month-to-Month,Electronic Check,No,Yes,Yes,No,1,1.0,29.27,120.59,0.6706,67.1,Medium,Yes
CUST-04952,59,Male,0,Month-to-Month,Bank Transfer,DSL,No,No Internet,No,2,4.9,59.87,54.75,0.6174,61.7,Medium,No
CUST-04953,53,Male,72,One Year,Mailed Check,No,Yes,No,No,3,3.1,23.42,1630.02,0.1699,17.0,Low,No
CUST-04954,55,Male,7,Month-to-Month,Bank Transfer,DSL,Yes,Yes,No Internet,2,3.2,66.22,503.84,0.3856,38.6,Low,No
CUST-04955,46,Female,61,One Year,Electronic Check,DSL,No,No,No,6,3.7,51.36,3010.93,0.4888,48.9,Medium,No
CUST-04956,22,Female,72,Month-to-Month,Electronic Check,Fiber Optic,Yes,No,No,3,3.0,83.12,6186.76,0.9014,90.1,High,Yes
CUST-04957,39,Male,21,Two Year,Mailed Check,No,No,No,No Internet,2,3.8,25.38,527.73,0.0849,8.5,Low,No
CUST-04958,56,Male,0,Two Year,Credit Card,Fiber Optic,Yes,No Internet,Yes,3,3.5,99.78,95.48,0.3467,34.7,Low,No
CUST-04959,41,Male,2,One Year,Bank Transfer,Fiber Optic,No,Yes,Yes,0,3.2,114.3,313.02,0.3106,31.1,Low,No
CUST-04960,49,Male,15,Two Year,Credit Card,Fiber Optic,Yes,No,No,0,1.6,98.01,1533.65,0.2833,28.3,Low,No
CUST-04961,37,Female,12,Month-to-Month,Electronic Check,Fiber Optic,No Internet,No,Yes,2,3.2,92.24,1100.27,0.7826,78.3,High,Yes
CUST-04962,27,Male,22,One Year,Mailed Check,No,No,Yes,Yes,4,3.1,18.0,426.57,0.2598,26.0,Low,No
CUST-04963,40,Male,13,Month-to-Month,Mailed Check,Fiber Optic,No,No,No Internet,2,4.0,102.03,1456.64,0.7479,74.8,High,Yes
CUST-04964,46,Male,65,Month-to-Month,Bank Transfer,No,No,No,No Internet,1,4.1,25.7,1603.49,0.4964,49.6,Medium,No
CUST-04965,32,Male,18,Month-to-Month,Credit Card,Fiber Optic,No Internet,No Internet,No,7,3.0,80.52,1377.94,0.8158,81.6,High,Yes
CUST-04966,38,Male,28,One Year,Credit Card,No,No,No Internet,No,3,2.9,27.6,728.94,0.148,14.8,Low,No
CUST-04967,28,Male,54,Month-to-Month,Bank Transfer,DSL,No,No,Yes,5,4.5,49.6,2544.39,0.5514,55.1,Medium,No
CUST-04968,57,Female,3,One Year,Bank Transfer,Fiber Optic,No,Yes,No,2,4.0,91.29,355.93,0.4515,45.2,Medium,No
CUST-04969,37,Female,6,Month-to-Month,Credit Card,DSL,No,No,Yes,2,2.5,31.07,219.6,0.4931,49.3,Medium,No
CUST-04970,62,Female,2,Two Year,Mailed Check,Fiber Optic,No Internet,Yes,No,2,1.5,82.3,225.87,0.4859,48.6,Medium,No
CUST-04971,63,Male,3,One Year,Credit Card,Fiber Optic,No Internet,Yes,No,3,5.0,106.6,429.06,0.3314,33.1,Low,No
CUST-04972,40,Male,17,Month-to-Month,Credit Card,Fiber Optic,Yes,No,No,3,4.1,69.42,1227.07,0.6771,67.7,Medium,Yes
CUST-04973,27,Female,9,Month-to-Month,Mailed Check,Fiber Optic,No,No,Yes,3,4.2,96.52,958.39,0.743,74.3,High,Yes
CUST-04974,18,Female,13,Two Year,Bank Transfer,Fiber Optic,No,No,Yes,5,2.0,52.4,762.33,0.6161,61.6,Medium,No
CUST-04975,21,Female,72,Month-to-Month,Mailed Check,DSL,Yes,No Internet,No,4,4.1,77.22,5879.11,0.3509,35.1,Low,No
CUST-04976,22,Male,4,Month-to-Month,Electronic Check,Fiber Optic,No Internet,Yes,No,6,2.1,73.12,369.48,0.97,97.0,High,Yes
CUST-04977,61,Male,18,One Year,Bank Transfer,DSL,No,Yes,No,1,4.4,52.19,995.48,0.0457,4.6,Low,No
CUST-04978,43,Female,2,Month-to-Month,Electronic Check,No,No,No,Yes,4,3.1,31.43,95.65,0.7121,71.2,High,Yes
CUST-04979,47,Female,9,Month-to-Month,Mailed Check,Fiber Optic,Yes,No,No Internet,3,1.7,79.35,794.26,0.7376,73.8,High,Yes
CUST-04980,18,Female,17,Month-to-Month,Credit Card,DSL,Yes,Yes,Yes,1,3.4,64.6,1048.31,0.4732,47.3,Medium,No
CUST-04981,25,Female,70,Month-to-Month,Electronic Check,Fiber Optic,Yes,Yes,No,1,3.8,95.56,7120.62,0.7368,73.7,High,Yes
CUST-04982,54,Female,11,Month-to-Month,Electronic Check,Fiber Optic,Yes,Yes,Yes,4,3.9,103.47,1236.1,0.7947,79.5,High,Yes
CUST-04983,46,Female,1,Month-to-Month,Bank Transfer,DSL,No,No Internet,No,0,3.3,56.57,110.12,0.5351,53.5,Medium,No
CUST-04984,39,Female,11,Month-to-Month,Electronic Check,Fiber Optic,No Internet,No Internet,No,0,1.0,83.33,967.88,0.7934,79.3,High,Yes
CUST-04985,49,Female,3,Month-to-Month,Mailed Check,Fiber Optic,No,Yes,No Internet,4,4.8,102.68,384.08,0.7999,80.0,High,Yes
CUST-04986,64,Female,6,Two Year,Mailed Check,Fiber Optic,Yes,Yes,No,2,3.9,88.76,603.64,0.2283,22.8,Low,No
CUST-04987,38,Male,23,One Year,Electronic Check,No,Yes,Yes,Yes,3,3.3,18.0,436.33,0.2305,23.1,Low,No
CUST-04988,42,Male,1,One Year,Electronic Check,DSL,No,Yes,No Internet,2,4.6,54.28,101.84,0.3002,30.0,Low,No
CUST-04989,44,Female,14,Month-to-Month,Credit Card,No,No,Yes,No,1,1.8,25.97,399.98,0.5755,57.6,Medium,No
CUST-04990,75,Male,22,Month-to-Month,Electronic Check,No,No Internet,Yes,No Internet,2,2.8,33.29,713.3,0.6351,63.5,Medium,Yes
CUST-04991,18,Female,13,Two Year,Mailed Check,Fiber Optic,No,No,No,0,4.3,110.05,1585.0,0.4896,49.0,Medium,No
CUST-04992,51,Male,0,One Year,Credit Card,Fiber Optic,No Internet,Yes,No,5,5.0,85.64,84.58,0.3395,34.0,Low,No
CUST-04993,40,Male,72,Month-to-Month,Credit Card,Fiber Optic,Yes,No,No Internet,0,2.7,68.66,5140.73,0.6193,61.9,Medium,No
CUST-04994,49,Female,10,Month-to-Month,Electronic Check,DSL,No,Yes,No,5,1.2,47.47,502.61,0.7818,78.2,High,Yes
CUST-04995,32,Male,36,Month-to-Month,Mailed Check,DSL,Yes,No Internet,No,1,4.0,44.28,1553.48,0.4164,41.6,Medium,No
CUST-04996,41,Male,9,Two Year,Bank Transfer,Fiber Optic,No,No Internet,No,2,4.7,77.82,781.82,0.3017,30.2,Low,No
CUST-04997,51,Male,15,Month-to-Month,Bank Transfer,Fiber Optic,No,No,No,2,1.3,100.59,1536.12,0.7305,73.0,High,Yes
CUST-04998,80,Female,11,One Year,Bank Transfer,Fiber Optic,No,Yes,No,6,3.0,76.77,960.78,0.3586,35.9,Low,No
CUST-04999,53,Male,10,One Year,Mailed Check,No,Yes,Yes,No Internet,2,4.4,20.94,232.89,0.0901,9.0,Low,No
CUST-05000,30,Female,0,Two Year,Electronic Check,No,No,Yes,No,5,4.8,20.7,19.96,0.4586,45.9,Medium,No
CUST-05001,36,Male,10,Two Year,Mailed Check,Fiber Optic,Yes,Yes,No,3,1.5,61.05,621.87,0.3702,37.0,Low,No
CUST-05002,35,Female,52,Month-to-Month,Bank Transfer,Fiber Optic,Yes,No,No,2,2.9,85.82,4473.33,0.5939,59.4,Medium,No
CUST-05003,18,Male,28,One Year,Bank Transfer,Fiber Optic,No,No,Yes,5,2.6,85.48,2452.53,0.4879,48.8,Medium,No
CUST-05004,37,Male,3,One Year,Electronic Check,No,No Internet,Yes,Yes,0,2.1,18.0,75.26,0.3529,35.3,Low,No
CUST-05005,52,Male,21,One Year,Electronic Check,No,No,No,Yes,1,3.4,35.79,796.48,0.3653,36.5,Low,No
CUST-05006,24,Male,53,Two Year,Credit Card,Fiber Optic,No,Yes,No,3,3.6,74.76,3786.94,0.4234,42.3,Medium,No
CUST-05007,56,Female,28,Two Year,Electronic Check,Fiber Optic,Yes,Yes,No Internet,2,5.0,82.3,2241.79,0.5116,51.2,Medium,No
CUST-05008,48,Male,3,Month-to-Month,Electronic Check,Fiber Optic,Yes,No,No,2,1.0,65.92,260.26,0.8523,85.2,High,Yes
CUST-05009,31,Male,48,Month-to-Month,Bank Transfer,DSL,Yes,Yes,No Internet,1,3.8,54.23,2439.11,0.3241,32.4,Low,No
CUST-05010,40,Female,8,One Year,Mailed Check,DSL,No Internet,No,Yes,2,2.3,52.57,475.18,0.2025,20.3,Low,No
CUST-05011,64,Male,14,Month-to-Month,Electronic Check,DSL,No,No Internet,No,3,1.9,55.07,753.26,0.7628,76.3,High,Yes
CUST-05012,52,Male,17,Month-to-Month,Mailed Check,No,No Internet,No Internet,No,0,2.9,22.98,407.85,0.3805,38.1,Low,No
CUST-05013,42,Female,45,Month-to-Month,Mailed Check,Fiber Optic,No,Yes,Yes,2,3.5,81.29,3916.42,0.6505,65.0,Medium,Yes
CUST-05014,38,Female,64,Two Year,Mailed Check,No,No,No,No Internet,1,2.6,34.48,2310.55,0.238,23.8,Low,No
CUST-05015,43,Male,63,Month-to-Month,Credit Card,Fiber Optic,No Internet,No,Yes,2,2.9,93.72,6157.93,0.6092,60.9,Medium,No
CUST-05016,34,Male,0,One Year,Electronic Check,Fiber Optic,Yes,No Internet,Yes,3,3.2,82.55,83.58,0.5576,55.8,Medium,No
CUST-05017,18,Female,61,Month-to-Month,Bank Transfer,DSL,No,No Internet,No,4,3.7,64.69,4168.51,0.5022,50.2,Medium,No
CUST-05018,70,Male,1,Month-to-Month,Electronic Check,No,No Internet,Yes,No,3,4.5,18.0,37.42,0.683,68.3,Medium,Yes
CUST-05019,44,Female,7,Month-to-Month,Mailed Check,DSL,No,No Internet,No,4,3.0,57.16,422.67,0.6258,62.6,Medium,Yes
CUST-05020,47,Male,17,Month-to-Month,Bank Transfer,DSL,Yes,Yes,Yes,2,3.3,54.17,910.98,0.4663,46.6,Medium,No
CUST-05021,41,Female,15,Two Year,Electronic Check,DSL,Yes,Yes,Yes,1,3.2,61.58,1023.36,0.2793,27.9,Low,No
CUST-05022,31,Male,22,Two Year,Bank Transfer,Fiber Optic,No,Yes,Yes,2,5.0,71.34,1544.34,0.2859,28.6,Low,No
CUST-05023,39,Female,15,One Year,Electronic Check,DSL,Yes,Yes,Yes,6,3.7,54.59,835.85,0.3202,32.0,Low,No
CUST-05024,19,Male,65,Month-to-Month,Electronic Check,DSL,No Internet,No Internet,No Internet,2,3.6,40.3,2410.41,0.5536,55.4,Medium,No
CUST-05025,73,Female,6,Month-to-Month,Mailed Check,DSL,Yes,Yes,No Internet,0,3.2,46.74,338.59,0.4322,43.2,Medium,No
CUST-05026,24,Male,7,Month-to-Month,Bank Transfer,DSL,No,No Internet,No Internet,4,3.2,56.3,410.24,0.5729,57.3,Medium,No
CUST-05027,27,Male,60,Month-to-Month,Electronic Check,DSL,No,No Internet,No Internet,2,1.1,66.41,3967.78,0.6673,66.7,Medium,Yes
CUST-05028,35,Female,1,Month-to-Month,Credit Card,No,No,No Internet,No Internet,2,2.7,18.0,33.59,0.5727,57.3,Medium,No
CUST-05029,60,Female,22,One Year,Electronic Check,Fiber Optic,No,Yes,No Internet,1,3.8,92.86,1931.01,0.4882,48.8,Medium,No
CUST-05030,42,Female,27,Month-to-Month,Electronic Check,No,No Internet,No,No Internet,4,3.2,22.43,592.54,0.7018,70.2,High,Yes
CUST-05031,24,Male,16,Month-to-Month,Electronic Check,No,No,No,No Internet,4,3.0,28.68,487.37,0.7705,77.1,High,Yes
CUST-05032,59,Female,28,Two Year,Electronic Check,Fiber Optic,No,No,No,4,4.8,73.24,1939.97,0.5451,54.5,Medium,No
CUST-05033,52,Male,4,Month-to-Month,Electronic Check,DSL,Yes,Yes,No,1,3.6,62.3,320.13,0.5857,58.6,Medium,No
CUST-05034,49,Female,45,Two Year,Credit Card,Fiber Optic,Yes,No,No,1,1.9,100.76,4652.42,0.215,21.5,Low,No
CUST-05035,52,Female,3,Two Year,Mailed Check,Fiber Optic,Yes,No,No,2,1.5,96.35,350.24,0.3923,39.2,Low,No
CUST-05036,75,Male,12,Month-to-Month,Mailed Check,DSL,Yes,No,No,2,4.2,56.0,699.3,0.3939,39.4,Low,No
CUST-05037,72,Female,1,Month-to-Month,Credit Card,No,No,No Internet,No,2,2.2,23.36,47.72,0.674,67.4,Medium,Yes
CUST-05038,32,Female,18,One Year,Mailed Check,Fiber Optic,No,Yes,No,2,3.5,67.01,1323.85,0.4168,41.7,Medium,No
CUST-05039,64,Male,26,Month-to-Month,Electronic Check,No,No,Yes,Yes,2,4.1,21.99,590.37,0.7492,74.9,High,Yes
CUST-05040,47,Female,68,Month-to-Month,Electronic Check,DSL,Yes,No,No,3,3.5,65.3,4515.47,0.5903,59.0,Medium,No
CUST-05041,48,Male,32,One Year,Electronic Check,No,No,Yes,No Internet,3,4.9,21.92,746.15,0.3796,38.0,Low,No
CUST-05042,18,Female,18,Month-to-Month,Mailed Check,No,No Internet,Yes,No,2,3.0,20.98,385.93,0.4134,41.3,Medium,No
CUST-05043,39,Male,64,Month-to-Month,Electronic Check,No,No Internet,Yes,No,2,3.5,31.36,2050.82,0.6107,61.1,Medium,No
CUST-05044,30,Male,15,One Year,Mailed Check,DSL,No Internet,No Internet,No Internet,5,2.7,39.42,622.3,0.1681,16.8,Low,No
CUST-05045,53,Male,19,One Year,Bank Transfer,No,No Internet,No Internet,Yes,6,2.9,30.55,613.6,0.2557,25.6,Low,No
CUST-05046,56,Female,21,Month-to-Month,Bank Transfer,Fiber Optic,No,Yes,No,2,4.1,66.16,1502.61,0.7021,70.2,High,Yes
CUST-05047,18,Female,12,Month-to-Month,Bank Transfer,Fiber Optic,No Internet,Yes,Yes,3,4.2,98.58,1305.23,0.6534,65.3,Medium,Yes
CUST-05048,41,Female,43,Month-to-Month,Electronic Check,Fiber Optic,No,Yes,No Internet,5,1.5,68.01,2750.4,0.9247,92.5,High,Yes
CUST-05049,57,Male,4,Month-to-Month,Electronic Check,DSL,No Internet,No,No,3,2.3,49.91,259.48,0.6482,64.8,Medium,Yes
CUST-05050,39,Male,19,One Year,Mailed Check,Fiber Optic,Yes,No Internet,No,2,3.4,100.14,1817.54,0.3672,36.7,Low,No
CUST-05051,52,Female,30,One Year,Electronic Check,Fiber Optic,No Internet,Yes,No Internet,7,3.8,55.99,1759.12,0.582,58.2,Medium,No
CUST-05052,46,Female,56,One Year,Electronic Check,No,No,No,No Internet,1,1.9,24.53,1318.24,0.4797,48.0,Medium,No
CUST-05053,46,Male,51,Month-to-Month,Mailed Check,DSL,Yes,Yes,No,0,2.6,46.76,2472.8,0.4751,47.5,Medium,No
CUST-05054,38,Male,17,Month-to-Month,Electronic Check,No,Yes,No Internet,No Internet,2,3.8,18.42,299.14,0.6335,63.4,Medium,Yes
CUST-05055,24,Female,24,Month-to-Month,Bank Transfer,Fiber Optic,No Internet,No Internet,No,1,4.0,93.33,2177.13,0.62,62.0,Medium,No
CUST-05056,26,Male,12,Month-to-Month,Electronic Check,Fiber Optic,No,No Internet,No,3,3.6,86.71,1028.02,0.9115,91.1,High,Yes
CUST-05057,51,Female,15,Month-to-Month,Credit Card,Fiber Optic,No Internet,Yes,No,2,3.0,91.76,1487.06,0.683,68.3,Medium,Yes
CUST-05058,42,Female,56,Month-to-Month,Bank Transfer,Fiber Optic,Yes,No,Yes,6,2.1,90.34,4784.32,0.8297,83.0,High,Yes
CUST-05059,40,Female,64,Month-to-Month,Electronic Check,Fiber Optic,No,Yes,Yes,2,2.8,93.11,6289.07,0.8581,85.8,High,Yes
CUST-05060,36,Female,54,One Year,Mailed Check,Fiber Optic,No,No,No Internet,2,4.3,64.5,3411.45,0.2995,30.0,Low,No
CUST-05061,37,Male,3,One Year,Mailed Check,Fiber Optic,No,Yes,Yes,4,4.2,77.2,311.24,0.4347,43.5,Medium,No
CUST-05062,56,Female,45,One Year,Bank Transfer,DSL,No,No,No,5,2.3,66.9,3150.45,0.2617,26.2,Low,No
CUST-05063,37,Female,71,Month-to-Month,Mailed Check,Fiber Optic,No,No,Yes,3,5.0,87.64,6581.24,0.7036,70.4,High,Yes
CUST-05064,23,Male,10,Two Year,Mailed Check,Fiber Optic,Yes,No,No,4,2.4,80.46,857.84,0.4298,43.0,Medium,No
CUST-05065,52,Female,17,Two Year,Mailed Check,DSL,Yes,No Internet,No,3,3.4,60.81,1095.3,0.1013,10.1,Low,No
CUST-05066,39,Male,36,Month-to-Month,Electronic Check,DSL,Yes,No,No Internet,1,2.0,61.07,2157.1,0.6426,64.3,Medium,Yes
CUST-05067,42,Female,19,One Year,Credit Card,No,No Internet,Yes,No Internet,4,5.0,18.0,339.31,0.0865,8.7,Low,No
CUST-05068,64,Male,72,Two Year,Electronic Check,DSL,No,No,No Internet,1,4.1,37.85,2771.41,0.1379,13.8,Low,No
CUST-05069,41,Female,14,Month-to-Month,Electronic Check,No,No,No Internet,No,3,3.4,18.0,259.37,0.7073,70.7,High,Yes
CUST-05070,46,Male,30,Month-to-Month,Electronic Check,No,No,No,No Internet,6,2.7,18.22,556.84,0.7234,72.3,High,Yes
CUST-05071,25,Male,37,Month-to-Month,Credit Card,DSL,No Internet,No,No,3,5.0,54.55,1927.36,0.465,46.5,Medium,No
CUST-05072,38,Female,16,Month-to-Month,Bank Transfer,DSL,Yes,No Internet,No,3,3.8,52.13,892.6,0.4502,45.0,Medium,No
CUST-05073,50,Female,46,Month-to-Month,Bank Transfer,Fiber Optic,Yes,No,Yes,1,5.0,89.03,4374.42,0.6023,60.2,Medium,No
CUST-05074,20,Male,18,Two Year,Credit Card,DSL,No,No Internet,No Internet,2,3.4,89.84,1673.97,0.2177,21.8,Low,No
CUST-05075,44,Male,12,One Year,Credit Card,DSL,No Internet,Yes,Yes,0,3.4,43.82,557.13,0.1509,15.1,Low,No
CUST-05076,43,Male,2,Month-to-Month,Mailed Check,No,No,No,No,2,4.1,27.25,84.05,0.6178,61.8,Medium,No
CUST-05077,42,Female,11,One Year,Electronic Check,DSL,Yes,Yes,No Internet,1,3.4,65.76,728.15,0.213,21.3,Low,No
CUST-05078,56,Female,31,One Year,Electronic Check,No,No,No,No,3,3.5,18.0,552.4,0.2544,25.4,Low,No
CUST-05079,46,Female,61,Month-to-Month,Bank Transfer,No,No Internet,Yes,Yes,6,3.6,18.0,1033.48,0.4368,43.7,Medium,No
CUST-05080,62,Female,6,Month-to-Month,Mailed Check,No,No,Yes,No,1,4.2,29.38,201.95,0.5001,50.0,Medium,No
CUST-05081,28,Female,10,Two Year,Mailed Check,Fiber Optic,No,Yes,No,6,2.4,79.14,863.97,0.5238,52.4,Medium,No
CUST-05082,43,Male,4,One Year,Mailed Check,Fiber Optic,No,Yes,Yes,5,3.2,94.25,488.73,0.561,56.1,Medium,No
CUST-05083,43,Male,28,Month-to-Month,Bank Transfer,No,No Internet,Yes,No,0,2.6,19.1,567.54,0.4517,45.2,Medium,No
CUST-05084,27,Female,72,Month-to-Month,Electronic Check,DSL,No,No Internet,No Internet,3,3.9,49.28,3586.54,0.6801,68.0,Medium,Yes
CUST-05085,55,Female,24,Month-to-Month,Electronic Check,Fiber Optic,No,Yes,No Internet,0,3.2,116.14,2950.54,0.898,89.8,High,Yes
CUST-05086,74,Female,23,Month-to-Month,Bank Transfer,DSL,Yes,No,No,3,2.6,49.97,1192.45,0.4432,44.3,Medium,No
CUST-05087,41,Female,19,Month-to-Month,Electronic Check,DSL,No,Yes,Yes,3,4.8,61.15,1205.43,0.6035,60.4,Medium,No
CUST-05088,49,Female,2,One Year,Bank Transfer,Fiber Optic,No,Yes,No,1,4.5,92.06,250.54,0.3401,34.0,Low,No
CUST-05089,43,Female,31,Month-to-Month,Mailed Check,DSL,Yes,No Internet,No,6,4.5,44.37,1283.05,0.4627,46.3,Medium,No
CUST-05090,32,Male,22,Month-to-Month,Credit Card,No,No Internet,No Internet,No Internet,2,4.6,18.0,425.52,0.518,51.8,Medium,No
CUST-05091,18,Male,25,Month-to-Month,Credit Card,DSL,No,No Internet,No Internet,6,3.8,51.41,1259.52,0.5777,57.8,Medium,No
CUST-05092,32,Female,54,Month-to-Month,Mailed Check,DSL,Yes,No,No Internet,2,3.9,40.34,2113.62,0.4341,43.4,Medium,No
CUST-05093,22,Female,36,Two Year,Bank Transfer,Fiber Optic,No Internet,Yes,No,3,3.0,71.38,2554.97,0.4158,41.6,Medium,No
CUST-05094,65,Male,36,Month-to-Month,Electronic Check,DSL,Yes,Yes,No,1,4.7,54.95,1842.77,0.6052,60.5,Medium,No
CUST-05095,40,Male,62,One Year,Mailed Check,No,No,No,Yes,2,3.4,18.0,1184.17,0.2235,22.3,Low,No
CUST-05096,37,Male,72,Month-to-Month,Bank Transfer,DSL,No,No Internet,No,4,2.6,58.91,3936.83,0.5744,57.4,Medium,No
CUST-05097,54,Male,20,Month-to-Month,Bank Transfer,Fiber Optic,No Internet,No Internet,No Internet,4,3.7,76.63,1682.01,0.6528,65.3,Medium,Yes
CUST-05098,26,Female,2,One Year,Mailed Check,DSL,No Internet,Yes,No,2,2.8,75.28,227.24,0.2098,21.0,Low,No
CUST-05099,31,Male,14,Month-to-Month,Electronic Check,No,No,Yes,No,2,4.2,26.17,408.83,0.7407,74.1,High,Yes
CUST-05100,42,Female,37,One Year,Credit Card,Fiber Optic,No,Yes,Yes,2,4.1,110.53,3813.06,0.2566,25.7,Low,No
CUST-05101,56,Male,0,Month-to-Month,Electronic Check,Fiber Optic,No,No,Yes,2,4.2,85.73,82.91,0.8805,88.0,High,Yes
CUST-05102,49,Female,1,One Year,Credit Card,Fiber Optic,No Internet,Yes,No,0,1.7,103.54,215.97,0.3446,34.5,Low,No
CUST-05103,45,Male,1,One Year,Bank Transfer,DSL,Yes,No,No Internet,2,1.3,49.95,99.6,0.1518,15.2,Low,No
CUST-05104,43,Female,31,One Year,Mailed Check,DSL,No Internet,No Internet,Yes,4,3.4,82.02,2577.45,0.1696,17.0,Low,No
CUST-05105,47,Female,16,One Year,Electronic Check,No,Yes,No,Yes,3,3.4,22.92,389.93,0.2679,26.8,Low,No
CUST-05106,44,Female,11,One Year,Electronic Check,Fiber Optic,Yes,Yes,No,5,4.7,74.52,829.8,0.5973,59.7,Medium,No
CUST-05107,27,Male,2,Two Year,Credit Card,DSL,Yes,Yes,No,3,2.5,62.2,188.82,0.191,19.1,Low,No
CUST-05108,42,Male,31,Month-to-Month,Credit Card,No,Yes,No,Yes,2,2.2,24.82,747.66,0.406,40.6,Medium,No
CUST-05109,26,Male,9,One Year,Bank Transfer,Fiber Optic,No Internet,No,Yes,0,2.4,116.84,1100.93,0.4085,40.9,Medium,No
CUST-05110,43,Male,7,Month-to-Month,Mailed Check,DSL,No Internet,No,No,0,2.0,80.64,638.42,0.402,40.2,Medium,No
CUST-05111,35,Female,25,Month-to-Month,Bank Transfer,DSL,No,Yes,No,3,2.7,44.93,1055.06,0.6908,69.1,Medium,Yes
CUST-05112,77,Female,19,Month-to-Month,Mailed Check,Fiber Optic,No,No Internet,No Internet,2,1.9,103.1,1872.51,0.8062,80.6,High,Yes
CUST-05113,41,Female,10,Two Year,Bank Transfer,Fiber Optic,No,No,No,8,3.3,61.12,606.69,0.4785,47.8,Medium,No
CUST-05114,22,Female,24,Month-to-Month,Electronic Check,DSL,No Internet,No Internet,No,2,3.2,42.59,1080.74,0.6617,66.2,Medium,Yes
CUST-05115,40,Male,7,One Year,Credit Card,Fiber Optic,No Internet,Yes,Yes,2,2.5,84.66,612.29,0.3673,36.7,Low,No
CUST-05116,49,Male,38,Month-to-Month,Bank Transfer,Fiber Optic,Yes,Yes,No,4,2.1,79.6,2838.53,0.6721,67.2,Medium,Yes
CUST-05117,65,Male,6,Month-to-Month,Electronic Check,No,No,Yes,No,3,2.0,30.4,210.88,0.7411,74.1,High,Yes
CUST-05118,33,Female,4,Two Year,Credit Card,DSL,No,No Internet,Yes,4,1.0,56.85,276.07,0.3721,37.2,Low,No
CUST-05119,19,Female,36,Month-to-Month,Mailed Check,No,No Internet,Yes,No,3,2.4,24.27,857.5,0.496,49.6,Medium,No
CUST-05120,53,Male,29,Month-to-Month,Electronic Check,Fiber Optic,No,Yes,Yes,1,2.7,101.67,2907.79,0.812,81.2,High,Yes
CUST-05121,22,Male,4,Month-to-Month,Electronic Check,No,No Internet,Yes,No,1,1.0,26.77,137.72,0.7424,74.2,High,Yes
CUST-05122,35,Female,2,One Year,Bank Transfer,No,No Internet,No,No,7,4.7,25.11,68.68,0.2078,20.8,Low,No
CUST-05123,38,Female,43,Month-to-Month,Credit Card,No,No,No Internet,No,2,4.2,27.79,1270.35,0.4028,40.3,Medium,No
CUST-05124,41,Female,35,Month-to-Month,Credit Card,Fiber Optic,No Internet,No Internet,No Internet,1,3.0,86.29,2905.65,0.7235,72.3,High,Yes
CUST-05125,51,Male,9,One Year,Bank Transfer,DSL,No,No,No Internet,0,1.0,75.45,734.25,0.3137,31.4,Low,No
CUST-05126,32,Male,25,Month-to-Month,Electronic Check,DSL,No,No Internet,No Internet,3,4.4,39.09,1060.6,0.6682,66.8,Medium,Yes
CUST-05127,38,Female,3,One Year,Electronic Check,DSL,No,Yes,No Internet,1,2.7,41.68,166.02,0.4008,40.1,Medium,No
CUST-05128,41,Female,16,Month-to-Month,Mailed Check,No,Yes,No Internet,Yes,2,1.5,22.86,364.41,0.602,60.2,Medium,No
CUST-05129,44,Male,0,Month-to-Month,Credit Card,Fiber Optic,No,No,No,0,1.8,86.61,90.71,0.7474,74.7,High,Yes
CUST-05130,43,Female,11,One Year,Credit Card,No,No,No,Yes,2,2.6,18.0,220.79,0.3035,30.4,Low,No
CUST-05131,48,Female,1,Two Year,Electronic Check,No,No,Yes,Yes,1,2.2,23.17,43.89,0.4583,45.8,Medium,No
CUST-05132,53,Male,15,One Year,Bank Transfer,DSL,No Internet,Yes,No,4,2.5,38.4,608.18,0.1326,13.3,Low,No
CUST-05133,47,Male,13,One Year,Bank Transfer,Fiber Optic,No Internet,Yes,No Internet,1,1.0,83.44,1148.8,0.3049,30.5,Low,No
CUST-05134,48,Male,14,Month-to-Month,Electronic Check,No,No,Yes,No,3,4.8,34.6,515.11,0.6625,66.2,Medium,Yes
CUST-05135,19,Male,1,Month-to-Month,Mailed Check,DSL,No,No,No,4,4.3,44.37,81.5,0.5058,50.6,Medium,No
CUST-05136,42,Female,10,Month-to-Month,Credit Card,No,No,Yes,No,3,2.4,24.01,263.27,0.5562,55.6,Medium,No
CUST-05137,48,Male,33,Two Year,Electronic Check,No,No,Yes,No,0,4.1,20.8,659.2,0.3409,34.1,Low,No
CUST-05138,52,Female,11,Two Year,Credit Card,Fiber Optic,Yes,No Internet,No Internet,2,2.7,95.92,1091.07,0.3811,38.1,Low,No
CUST-05139,32,Female,30,Two Year,Electronic Check,DSL,No,No Internet,No,0,3.2,52.99,1612.81,0.3613,36.1,Low,No
CUST-05140,32,Male,11,Month-to-Month,Electronic Check,DSL,No,No Internet,No Internet,2,1.9,47.67,533.11,0.7385,73.8,High,Yes
CUST-05141,33,Male,13,Month-to-Month,Electronic Check,No,Yes,No,Yes,3,3.8,18.0,260.53,0.7703,77.0,High,Yes
CUST-05142,49,Female,19,One Year,Credit Card,Fiber Optic,No Internet,No,No Internet,0,4.1,95.83,1844.98,0.3618,36.2,Low,No
CUST-05143,56,Female,72,One Year,Mailed Check,Fiber Optic,No,No Internet,Yes,2,3.4,83.27,5621.72,0.385,38.5,Low,No
CUST-05144,36,Female,2,One Year,Credit Card,No,Yes,No,No,1,2.6,32.03,87.36,0.1957,19.6,Low,No
CUST-05145,54,Male,0,One Year,Mailed Check,Fiber Optic,No,Yes,No Internet,4,1.0,77.86,79.2,0.5495,54.9,Medium,No
CUST-05146,43,Male,22,Month-to-Month,Mailed Check,DSL,Yes,Yes,No,2,4.1,45.3,1067.16,0.4283,42.8,Medium,No
CUST-05147,40,Female,71,Month-to-Month,Credit Card,Fiber Optic,Yes,Yes,No,1,3.0,95.76,6287.99,0.6822,68.2,Medium,Yes
CUST-05148,39,Female,72,Month-to-Month,Mailed Check,DSL,No Internet,No Internet,No,3,2.3,44.73,3204.54,0.4408,44.1,Medium,No
CUST-05149,52,Male,15,Month-to-Month,Credit Card,DSL,No Internet,No,No,3,2.5,45.59,727.98,0.457,45.7,Medium,No
CUST-05150,46,Female,15,Month-to-Month,Electronic Check,Fiber Optic,Yes,No,Yes,1,3.5,72.82,1207.35,0.8254,82.5,High,Yes
CUST-05151,73,Male,24,Month-to-Month,Bank Transfer,No,No Internet,Yes,Yes,1,1.9,23.46,532.1,0.445,44.5,Medium,No
CUST-05152,30,Female,19,Month-to-Month,Bank Transfer,Fiber Optic,Yes,Yes,Yes,3,3.7,81.64,1554.64,0.6716,67.2,Medium,Yes
CUST-05153,49,Female,24,One Year,Credit Card,Fiber Optic,Yes,No,No Internet,3,2.9,95.58,2193.34,0.2742,27.4,Low,No
CUST-05154,34,Male,49,Two Year,Electronic Check,Fiber Optic,Yes,No,No Internet,4,2.4,88.53,4268.46,0.5575,55.8,Medium,No
CUST-05155,29,Female,32,Two Year,Bank Transfer,DSL,Yes,No,No,3,2.3,56.8,1791.6,0.1851,18.5,Low,No
CUST-05156,41,Male,16,Month-to-Month,Mailed Check,Fiber Optic,No,Yes,No Internet,3,3.6,111.96,1882.96,0.7811,78.1,High,Yes
CUST-05157,43,Male,14,Month-to-Month,Mailed Check,Fiber Optic,No Internet,No,Yes,3,1.0,85.31,1281.28,0.7396,74.0,High,Yes
CUST-05158,80,Male,24,Month-to-Month,Electronic Check,No,Yes,No Internet,Yes,5,2.5,30.56,798.13,0.7029,70.3,High,Yes
CUST-05159,39,Male,14,Two Year,Electronic Check,Fiber Optic,No,No Internet,No,1,3.9,104.59,1450.29,0.5877,58.8,Medium,No
CUST-05160,26,Male,14,Month-to-Month,Credit Card,Fiber Optic,No,Yes,No,1,3.1,70.24,1074.55,0.7315,73.1,High,Yes
CUST-05161,45,Female,0,Month-to-Month,Bank Transfer,DSL,No,No,Yes,4,4.5,62.8,64.49,0.6099,61.0,Medium,No
CUST-05162,18,Female,4,Two Year,Mailed Check,Fiber Optic,No,Yes,No,2,3.3,85.32,420.1,0.3557,35.6,Low,No
CUST-05163,40,Male,16,Month-to-Month,Credit Card,Fiber Optic,No,No,No Internet,3,2.5,62.98,1090.11,0.8405,84.1,High,Yes
CUST-05164,42,Female,41,Two Year,Electronic Check,Fiber Optic,Yes,No,No,3,2.9,99.62,3985.07,0.5307,53.1,Medium,No
CUST-05165,53,Female,7,Month-to-Month,Bank Transfer,Fiber Optic,No,Yes,Yes,1,3.4,104.28,755.15,0.7928,79.3,High,Yes
CUST-05166,55,Female,17,Month-to-Month,Credit Card,Fiber Optic,Yes,No,No,7,2.3,99.03,1644.58,0.7521,75.2,High,Yes
CUST-05167,34,Female,10,Month-to-Month,Credit Card,Fiber Optic,No,No,No,1,3.9,73.84,751.41,0.719,71.9,High,Yes
CUST-05168,39,Male,2,Two Year,Mailed Check,DSL,No,No Internet,No,7,5.0,54.4,168.31,0.2127,21.3,Low,No
CUST-05169,31,Male,72,Two Year,Bank Transfer,DSL,No,Yes,No Internet,4,1.9,64.65,4925.61,0.2676,26.8,Low,No
CUST-05170,26,Female,46,One Year,Mailed Check,Fiber Optic,No,Yes,No Internet,4,3.9,95.6,4315.24,0.4171,41.7,Medium,No
CUST-05171,46,Male,1,Month-to-Month,Credit Card,No,No,No,No Internet,1,2.3,19.95,39.84,0.5306,53.1,Medium,No
CUST-05172,24,Male,30,Month-to-Month,Mailed Check,No,No,No,No,1,2.4,30.96,907.46,0.5437,54.4,Medium,No
CUST-05173,36,Male,10,Two Year,Bank Transfer,No,No,No,No,0,2.8,18.0,191.43,0.2039,20.4,Low,No
CUST-05174,28,Male,72,One Year,Electronic Check,Fiber Optic,No,No Internet,No,2,2.5,92.03,6671.85,0.6372,63.7,Medium,Yes
CUST-05175,49,Male,8,One Year,Bank Transfer,DSL,No Internet,No,No,1,3.9,48.04,444.65,0.063,6.3,Low,No
CUST-05176,67,Male,6,Month-to-Month,Mailed Check,Fiber Optic,No Internet,No,Yes,1,3.3,86.43,583.24,0.681,68.1,Medium,Yes
CUST-05177,23,Male,20,Month-to-Month,Bank Transfer,No,No,No Internet,No,1,3.0,39.23,827.83,0.5579,55.8,Medium,No
CUST-05178,18,Female,43,Month-to-Month,Bank Transfer,Fiber Optic,Yes,No,Yes,1,3.6,88.16,3635.87,0.5798,58.0,Medium,No
CUST-05179,40,Female,5,One Year,Credit Card,Fiber Optic,No,Yes,No Internet,5,3.7,99.62,567.41,0.4049,40.5,Medium,No
CUST-05180,42,Male,29,Two Year,Bank Transfer,DSL,Yes,No,No,3,3.2,57.02,1595.86,0.1439,14.4,Low,No
CUST-05181,45,Male,1,Month-to-Month,Electronic Check,DSL,No,No,No Internet,5,4.3,38.65,79.6,0.6704,67.0,Medium,Yes
CUST-05182,35,Male,60,Month-to-Month,Credit Card,DSL,Yes,Yes,No,3,3.3,49.47,2769.54,0.3972,39.7,Low,No
CUST-05183,39,Male,2,Month-to-Month,Electronic Check,Fiber Optic,No,Yes,No,3,5.0,84.62,257.79,0.8301,83.0,High,Yes
CUST-05184,47,Male,58,Month-to-Month,Bank Transfer,Fiber Optic,Yes,No,Yes,2,2.2,59.08,3467.53,0.7215,72.1,High,Yes
CUST-05185,56,Male,16,Two Year,Credit Card,No,No Internet,Yes,No,1,1.6,33.52,568.42,0.1786,17.9,Low,No
CUST-05186,18,Female,14,Month-to-Month,Electronic Check,No,Yes,No Internet,Yes,3,3.4,18.0,278.52,0.7082,70.8,High,Yes
CUST-05187,36,Female,72,Two Year,Credit Card,DSL,No,Yes,No,2,4.2,50.71,3626.39,0.1867,18.7,Low,No
CUST-05188,44,Male,72,One Year,Credit Card,DSL,No Internet,Yes,Yes,2,2.8,58.98,3923.96,0.1966,19.7,Low,No
CUST-05189,29,Male,25,One Year,Mailed Check,Fiber Optic,Yes,No,No,4,2.3,85.5,2311.18,0.3625,36.3,Low,No
CUST-05190,66,Female,3,Two Year,Electronic Check,Fiber Optic,No Internet,No,No Internet,5,3.2,65.44,248.83,0.6458,64.6,Medium,Yes
CUST-05191,33,Female,16,One Year,Mailed Check,Fiber Optic,No,No,No,2,2.9,97.49,1499.0,0.3668,36.7,Low,No
CUST-05192,41,Female,18,Two Year,Credit Card,DSL,No Internet,Yes,Yes,1,3.0,41.73,776.99,0.0348,3.5,Low,No
CUST-05193,49,Female,17,Month-to-Month,Electronic Check,DSL,No Internet,No Internet,No,1,2.3,57.45,986.29,0.6238,62.4,Medium,Yes
CUST-05194,33,Male,20,One Year,Bank Transfer,DSL,Yes,No,No Internet,4,2.6,32.95,717.39,0.2591,25.9,Low,No
CUST-05195,18,Male,0,One Year,Electronic Check,Fiber Optic,No Internet,No,No,1,4.3,81.58,79.67,0.5192,51.9,Medium,No
CUST-05196,35,Female,29,Month-to-Month,Electronic Check,Fiber Optic,Yes,No Internet,Yes,6,4.6,66.59,1813.93,0.7962,79.6,High,Yes
CUST-05197,56,Male,29,One Year,Bank Transfer,Fiber Optic,Yes,Yes,No,3,3.0,92.29,2590.7,0.2714,27.1,Low,No
CUST-05198,37,Female,2,One Year,Electronic Check,DSL,Yes,No Internet,No,5,2.0,66.46,186.12,0.2508,25.1,Low,No
CUST-05199,30,Female,20,Two Year,Credit Card,Fiber Optic,Yes,No,Yes,2,2.1,83.17,1772.09,0.3463,34.6,Low,No
CUST-05200,54,Female,20,Month-to-Month,Mailed Check,DSL,No,No Internet,No,3,1.8,59.05,1128.3,0.5667,56.7,Medium,No
CUST-05201,37,Male,27,One Year,Mailed Check,DSL,No,Yes,No,1,4.2,62.12,1650.35,0.2035,20.3,Low,No
CUST-05202,34,Female,2,Month-to-Month,Electronic Check,Fiber Optic,No Internet,No Internet,Yes,2,3.4,70.51,211.66,0.8769,87.7,High,Yes
CUST-05203,44,Male,23,One Year,Credit Card,Fiber Optic,No,No,No,3,3.0,93.46,2225.11,0.4333,43.3,Medium,No
CUST-05204,52,Male,7,Month-to-Month,Electronic Check,DSL,No Internet,No,No Internet,2,4.2,45.69,364.48,0.5548,55.5,Medium,No
CUST-05205,75,Male,16,One Year,Mailed Check,Fiber Optic,Yes,No,No,2,3.7,73.09,1222.53,0.3282,32.8,Low,No
CUST-05206,53,Female,35,Month-to-Month,Mailed Check,DSL,Yes,No Internet,Yes,4,1.0,47.05,1569.06,0.5925,59.3,Medium,No
CUST-05207,58,Female,29,Month-to-Month,Mailed Check,DSL,No,No,No,1,2.4,62.49,1876.86,0.5575,55.7,Medium,No
CUST-05208,34,Male,3,Month-to-Month,Bank Transfer,Fiber Optic,No Internet,No,Yes,3,3.2,87.25,363.88,0.7063,70.6,High,Yes
CUST-05209,27,Male,21,Month-to-Month,Bank Transfer,DSL,No Internet,No,No Internet,2,5.0,55.78,1112.01,0.3412,34.1,Low,No
CUST-05210,42,Female,72,One Year,Electronic Check,No,No,Yes,No Internet,1,5.0,35.65,2483.45,0.3186,31.9,Low,No
CUST-05211,43,Female,4,Two Year,Mailed Check,DSL,Yes,Yes,No Internet,1,1.0,43.35,204.56,0.2025,20.2,Low,No
CUST-05212,26,Female,46,Month-to-Month,Credit Card,No,Yes,No,No,4,1.8,19.13,829.18,0.4845,48.5,Medium,No
CUST-05213,39,Female,29,Month-to-Month,Mailed Check,Fiber Optic,No,Yes,No,4,3.4,92.39,2604.46,0.752,75.2,High,Yes
CUST-05214,47,Male,35,Month-to-Month,Electronic Check,DSL,No,No Internet,No Internet,2,3.9,45.25,1472.32,0.6916,69.2,Medium,Yes
CUST-05215,47,Female,7,One Year,Electronic Check,DSL,No,No,Yes,5,2.5,42.37,337.74,0.3548,35.5,Low,No
CUST-05216,49,Male,8,Month-to-Month,Electronic Check,No,No,No,Yes,1,3.8,18.0,160.68,0.5941,59.4,Medium,No
CUST-05217,46,Female,56,Month-to-Month,Electronic Check,Fiber Optic,No,Yes,No,4,2.5,69.63,3871.73,0.8455,84.6,High,Yes
CUST-05218,34,Female,10,Month-to-Month,Mailed Check,Fiber Optic,No,No,No Internet,3,2.5,93.23,971.28,0.8334,83.3,High,Yes
CUST-05219,34,Male,1,Month-to-Month,Mailed Check,Fiber Optic,Yes,No Internet,No,0,2.0,63.93,133.8,0.6642,66.4,Medium,Yes
CUST-05220,25,Male,22,Month-to-Month,Electronic Check,No,No,No,No,3,1.7,41.61,950.22,0.7583,75.8,High,Yes
CUST-05221,66,Female,3,Month-to-Month,Bank Transfer,Fiber Optic,Yes,No,No,5,2.6,86.6,357.87,0.7615,76.2,High,Yes
CUST-05222,42,Male,38,One Year,Credit Card,No,Yes,Yes,No,4,4.4,21.53,794.25,0.1229,12.3,Low,No
CUST-05223,38,Male,24,One Year,Credit Card,Fiber Optic,No,No,Yes,2,3.7,96.08,2433.91,0.2829,28.3,Low,No
CUST-05224,28,Female,49,Month-to-Month,Credit Card,Fiber Optic,No,No,No,1,3.5,82.09,3697.69,0.7512,75.1,High,Yes
CUST-05225,80,Male,36,One Year,Electronic Check,Fiber Optic,No,Yes,No,1,2.9,85.14,3154.99,0.7109,71.1,High,Yes
CUST-05226,26,Female,2,Month-to-Month,Electronic Check,DSL,Yes,No Internet,No,5,3.7,45.42,137.93,0.6069,60.7,Medium,No
CUST-05227,35,Male,11,Two Year,Credit Card,No,No Internet,No Internet,No,4,2.7,18.98,214.21,0.2289,22.9,Low,No
CUST-05228,47,Female,35,Month-to-Month,Electronic Check,Fiber Optic,Yes,Yes,No,3,2.3,102.4,3869.68,0.7344,73.4,High,Yes
CUST-05229,50,Male,12,One Year,Electronic Check,No,No Internet,No,No Internet,2,3.8,24.18,306.4,0.3196,32.0,Low,No
CUST-05230,55,Male,72,One Year,Mailed Check,Fiber Optic,No,No Internet,No,2,2.6,57.09,3981.73,0.2871,28.7,Low,No
CUST-05231,67,Female,31,Month-to-Month,Electronic Check,DSL,Yes,No Internet,No,2,2.0,32.04,951.2,0.6609,66.1,Medium,Yes
CUST-05232,49,Female,0,Two Year,Credit Card,DSL,Yes,Yes,No,4,3.7,43.46,40.13,0.1704,17.0,Low,No
CUST-05233,27,Male,50,Month-to-Month,Bank Transfer,Fiber Optic,Yes,Yes,No Internet,3,1.7,115.3,5474.54,0.7605,76.1,High,Yes
CUST-05234,38,Male,2,One Year,Bank Transfer,Fiber Optic,No,No Internet,No,3,3.6,77.44,227.77,0.491,49.1,Medium,No
CUST-05235,46,Female,3,Month-to-Month,Credit Card,Fiber Optic,No Internet,Yes,Yes,3,3.6,93.23,365.64,0.6851,68.5,Medium,Yes
CUST-05236,70,Female,31,Month-to-Month,Electronic Check,Fiber Optic,No,No,No,1,1.8,93.94,2944.68,0.849,84.9,High,Yes
CUST-05237,22,Female,48,One Year,Bank Transfer,No,No,No,Yes,2,1.9,18.94,954.91,0.1944,19.4,Low,No
CUST-05238,58,Female,18,Month-to-Month,Mailed Check,No,No Internet,No,No,6,4.6,24.03,411.02,0.4473,44.7,Medium,No
CUST-05239,44,Female,8,Month-to-Month,Bank Transfer,DSL,No,Yes,No,1,3.9,40.76,344.84,0.5282,52.8,Medium,No
CUST-05240,53,Male,10,Month-to-Month,Electronic Check,DSL,No,No Internet,No Internet,4,3.7,59.54,676.45,0.7473,74.7,High,Yes
CUST-05241,40,Male,10,One Year,Bank Transfer,Fiber Optic,No Internet,Yes,No,2,3.4,89.12,896.98,0.3007,30.1,Low,No
CUST-05242,30,Female,9,Month-to-Month,Credit Card,Fiber Optic,Yes,No,Yes,3,4.0,93.57,869.46,0.7093,70.9,High,Yes
CUST-05243,52,Male,6,Month-to-Month,Electronic Check,No,No,No,Yes,2,4.0,29.81,198.03,0.7388,73.9,High,Yes
CUST-05244,51,Male,22,One Year,Electronic Check,DSL,No Internet,Yes,No,5,2.3,46.63,1095.97,0.4553,45.5,Medium,No
CUST-05245,55,Male,55,Month-to-Month,Electronic Check,DSL,Yes,Yes,No,1,3.0,49.41,2732.59,0.6559,65.6,Medium,Yes
CUST-05246,41,Male,8,Month-to-Month,Mailed Check,DSL,No,No Internet,No Internet,1,2.7,54.21,479.77,0.5801,58.0,Medium,No
CUST-05247,33,Male,4,Month-to-Month,Electronic Check,Fiber Optic,Yes,No,No Internet,2,3.8,75.29,391.04,0.8064,80.6,High,Yes
CUST-05248,20,Male,43,Month-to-Month,Credit Card,Fiber Optic,Yes,No,No Internet,2,3.4,68.79,2945.34,0.572,57.2,Medium,No
CUST-05249,53,Female,32,Month-to-Month,Mailed Check,No,Yes,No,No,3,4.6,37.09,1275.44,0.3213,32.1,Low,No
CUST-05250,47,Male,64,Two Year,Mailed Check,DSL,No Internet,Yes,No,6,3.5,64.16,3837.27,0.195,19.5,Low,No
CUST-05251,28,Male,4,Month-to-Month,Bank Transfer,No,No Internet,No,Yes,4,3.2,36.35,174.47,0.4887,48.9,Medium,No
CUST-05252,34,Male,3,Month-to-Month,Mailed Check,Fiber Optic,Yes,Yes,Yes,2,4.1,94.43,386.54,0.6233,62.3,Medium,Yes
CUST-05253,35,Female,18,Month-to-Month,Mailed Check,Fiber Optic,Yes,No,Yes,5,4.1,46.99,823.66,0.6922,69.2,Medium,Yes
CUST-05254,21,Male,22,Month-to-Month,Bank Transfer,Fiber Optic,No,Yes,Yes,4,4.5,87.17,1857.22,0.728,72.8,High,Yes
CUST-05255,30,Female,15,One Year,Bank Transfer,DSL,No,No Internet,Yes,0,3.4,53.83,824.47,0.183,18.3,Low,No
CUST-05256,26,Female,21,Month-to-Month,Electronic Check,DSL,No Internet,No,No Internet,5,5.0,57.69,1319.06,0.5686,56.9,Medium,No
CUST-05257,36,Male,4,Month-to-Month,Electronic Check,Fiber Optic,No Internet,No,No,5,4.2,109.66,508.43,0.8684,86.8,High,Yes
CUST-05258,31,Male,15,Month-to-Month,Electronic Check,DSL,No,Yes,No Internet,1,5.0,47.72,796.61,0.6427,64.3,Medium,Yes
CUST-05259,19,Male,25,Two Year,Mailed Check,DSL,No,Yes,No Internet,3,3.3,44.12,1148.03,0.262,26.2,Low,No
CUST-05260,70,Female,13,Month-to-Month,Electronic Check,Fiber Optic,Yes,No Internet,No Internet,1,5.0,92.63,1258.81,0.7664,76.6,High,Yes
CUST-05261,59,Female,27,Month-to-Month,Bank Transfer,Fiber Optic,Yes,Yes,No Internet,2,4.0,64.14,1621.08,0.6632,66.3,Medium,Yes
CUST-05262,31,Female,14,One Year,Credit Card,Fiber Optic,No,No,No,2,2.1,96.58,1417.85,0.4517,45.2,Medium,No
CUST-05263,45,Male,9,Month-to-Month,Electronic Check,Fiber Optic,No,Yes,No,3,2.2,92.42,889.4,0.8651,86.5,High,Yes
CUST-05264,47,Female,8,One Year,Mailed Check,DSL,No Internet,No Internet,No,3,2.9,45.65,418.5,0.071,7.1,Low,No
CUST-05265,58,Male,12,One Year,Mailed Check,Fiber Optic,No,No,No Internet,3,2.9,86.74,1109.45,0.5114,51.1,Medium,No
CUST-05266,30,Male,0,Month-to-Month,Mailed Check,Fiber Optic,Yes,Yes,No Internet,3,3.6,76.77,80.31,0.7384,73.8,High,Yes
CUST-05267,57,Female,26,Month-to-Month,Bank Transfer,Fiber Optic,No,No,No Internet,1,5.0,89.13,2206.26,0.6674,66.7,Medium,Yes
CUST-05268,34,Female,44,Two Year,Credit Card,Fiber Optic,No Internet,No Internet,No,3,3.6,101.57,4740.88,0.3492,34.9,Low,No
CUST-05269,23,Male,10,One Year,Electronic Check,No,No Internet,No,No,3,2.1,23.05,242.63,0.2143,21.4,Low,No
CUST-05270,52,Male,1,Two Year,Electronic Check,Fiber Optic,Yes,No,No Internet,2,3.7,82.98,162.0,0.5131,51.3,Medium,No
CUST-05271,60,Male,72,Month-to-Month,Bank Transfer,DSL,No Internet,Yes,No Internet,2,2.8,57.67,4327.71,0.4114,41.1,Medium,No
CUST-05272,78,Male,7,Month-to-Month,Mailed Check,Fiber Optic,No,Yes,No,2,2.8,87.6,702.71,0.8369,83.7,High,Yes
CUST-05273,25,Male,3,Two Year,Electronic Check,No,No,Yes,No,2,3.0,23.1,96.27,0.4094,40.9,Medium,No
CUST-05274,51,Female,11,Month-to-Month,Electronic Check,No,No,No,No Internet,1,2.8,32.48,408.35,0.66,66.0,Medium,Yes
CUST-05275,36,Female,32,Two Year,Mailed Check,Fiber Optic,No,No,No,2,1.8,106.75,3509.47,0.4825,48.3,Medium,No
CUST-05276,52,Female,8,Month-to-Month,Electronic Check,No,No,No Internet,No Internet,3,3.3,23.92,211.83,0.7715,77.1,High,Yes
CUST-05277,21,Female,20,Two Year,Credit Card,Fiber Optic,No,No Internet,Yes,3,5.0,95.07,1872.58,0.4241,42.4,Medium,No
CUST-05278,24,Female,12,Month-to-Month,Mailed Check,Fiber Optic,No,Yes,No,5,4.1,79.1,967.96,0.7595,75.9,High,Yes
CUST-05279,31,Female,3,Month-to-Month,Electronic Check,Fiber Optic,Yes,No,No,5,1.9,69.88,262.21,0.97,97.0,High,Yes
CUST-05280,43,Female,9,Two Year,Bank Transfer,Fiber Optic,Yes,No,No,4,1.0,107.02,1089.16,0.4246,42.5,Medium,No
CUST-05281,33,Male,30,Month-to-Month,Electronic Check,Fiber Optic,No Internet,No,Yes,4,3.6,81.84,2517.56,0.8346,83.5,High,Yes
CUST-05282,51,Female,22,Month-to-Month,Mailed Check,Fiber Optic,No,No,Yes,6,3.8,73.56,1709.42,0.7485,74.8,High,Yes
CUST-05283,56,Female,3,Month-to-Month,Mailed Check,Fiber Optic,No,Yes,No Internet,7,3.8,78.18,319.74,0.9217,92.2,High,Yes
CUST-05284,50,Female,4,One Year,Mailed Check,DSL,Yes,Yes,No,2,3.3,55.64,287.66,0.0942,9.4,Low,No
CUST-05285,64,Female,24,Two Year,Credit Card,Fiber Optic,Yes,No,No,0,2.1,103.46,2384.86,0.2938,29.4,Low,No
CUST-05286,47,Male,40,Month-to-Month,Electronic Check,Fiber Optic,No,Yes,No,2,5.0,106.69,4511.04,0.9123,91.2,High,Yes
CUST-05287,24,Female,10,Month-to-Month,Credit Card,DSL,Yes,No,No,5,3.1,75.27,825.37,0.4751,47.5,Medium,No
CUST-05288,61,Male,21,Month-to-Month,Credit Card,DSL,No,Yes,No Internet,1,2.6,43.15,985.09,0.5337,53.4,Medium,No
CUST-05289,33,Female,4,One Year,Electronic Check,Fiber Optic,No Internet,No Internet,No,1,3.7,88.2,458.33,0.4718,47.2,Medium,No
CUST-05290,54,Male,8,Month-to-Month,Electronic Check,Fiber Optic,Yes,No Internet,No,1,2.6,67.91,589.18,0.8728,87.3,High,Yes
CUST-05291,64,Male,0,Month-to-Month,Electronic Check,DSL,No Internet,No Internet,No,4,2.0,42.03,42.33,0.7292,72.9,High,Yes
CUST-05292,48,Male,35,Month-to-Month,Electronic Check,Fiber Optic,No,No Internet,No Internet,2,2.7,82.53,3042.06,0.9057,90.6,High,Yes
CUST-05293,21,Female,12,One Year,Mailed Check,No,Yes,No Internet,No,1,3.5,18.0,219.64,0.2279,22.8,Low,No
CUST-05294,29,Male,40,Two Year,Electronic Check,Fiber Optic,No,No,No,3,4.6,78.71,3139.67,0.5936,59.4,Medium,No
CUST-05295,60,Female,29,Month-to-Month,Credit Card,Fiber Optic,Yes,No Internet,No Internet,2,1.2,84.58,2382.34,0.7525,75.3,High,Yes
CUST-05296,39,Male,42,Month-to-Month,Electronic Check,DSL,No,No,No,7,3.7,51.54,2024.01,0.7723,77.2,High,Yes
CUST-05297,43,Female,8,One Year,Electronic Check,No,Yes,No Internet,No,5,4.1,31.26,282.66,0.344,34.4,Low,No
CUST-05298,52,Female,4,One Year,Electronic Check,DSL,No,Yes,No,2,3.6,62.94,310.24,0.309,30.9,Low,No
CUST-05299,51,Male,72,Month-to-Month,Electronic Check,Fiber Optic,No,No,No,0,3.9,95.41,6686.3,0.8266,82.7,High,Yes
CUST-05300,45,Male,30,Month-to-Month,Credit Card,Fiber Optic,Yes,No Internet,No,2,4.8,77.66,2243.47,0.701,70.1,High,Yes
CUST-05301,39,Female,43,Month-to-Month,Bank Transfer,DSL,Yes,No,Yes,1,4.2,55.5,2267.2,0.2338,23.4,Low,No
CUST-05302,37,Female,0,One Year,Electronic Check,Fiber Optic,No,Yes,No,2,2.8,81.57,76.83,0.6356,63.6,Medium,Yes
CUST-05303,54,Female,10,One Year,Credit Card,DSL,No,No,No Internet,5,4.3,49.3,567.96,0.2493,24.9,Low,No
CUST-05304,49,Male,32,Month-to-Month,Credit Card,DSL,No Internet,No,Yes,0,3.4,55.14,1900.39,0.3758,37.6,Low,No
CUST-05305,38,Male,1,Month-to-Month,Bank Transfer,Fiber Optic,Yes,No,Yes,6,4.1,87.49,179.66,0.6689,66.9,Medium,Yes
CUST-05306,57,Female,20,Month-to-Month,Credit Card,Fiber Optic,No,No,Yes,2,1.8,73.51,1405.18,0.7946,79.5,High,Yes
CUST-05307,40,Male,13,Two Year,Bank Transfer,DSL,No,Yes,No Internet,2,3.0,58.11,833.7,0.2891,28.9,Low,No
CUST-05308,30,Male,0,Month-to-Month,Mailed Check,DSL,No,No Internet,No,1,3.9,40.73,41.27,0.505,50.5,Medium,No
CUST-05309,31,Male,6,Two Year,Mailed Check,No,No,No,No,1,3.1,23.58,171.79,0.1685,16.8,Low,No
CUST-05310,28,Female,8,One Year,Electronic Check,Fiber Optic,Yes,Yes,No Internet,7,3.8,69.07,603.0,0.5852,58.5,Medium,No
CUST-05311,38,Female,2,Month-to-Month,Mailed Check,DSL,No,No Internet,No,3,4.7,51.0,149.52,0.4095,41.0,Medium,No
CUST-05312,59,Male,23,Month-to-Month,Credit Card,Fiber Optic,No,Yes,No,3,2.9,56.28,1330.67,0.7451,74.5,High,Yes
CUST-05313,30,Male,6,Two Year,Bank Transfer,Fiber Optic,Yes,Yes,Yes,1,4.2,103.46,711.11,0.2542,25.4,Low,No
CUST-05314,44,Male,7,Month-to-Month,Credit Card,DSL,No,No Internet,Yes,4,2.1,49.7,376.55,0.6708,67.1,Medium,Yes
CUST-05315,32,Male,54,Two Year,Mailed Check,No,No,No Internet,Yes,2,4.0,31.15,1583.41,0.198,19.8,Low,No
CUST-05316,38,Male,15,Month-to-Month,Bank Transfer,Fiber Optic,No,No,No,2,1.4,65.19,1050.1,0.8298,83.0,High,Yes
CUST-05317,20,Female,11,One Year,Bank Transfer,No,Yes,Yes,No,1,3.4,18.0,223.97,0.121,12.1,Low,No
CUST-05318,38,Male,30,Two Year,Bank Transfer,DSL,Yes,Yes,Yes,1,3.4,47.02,1457.56,0.1428,14.3,Low,No
CUST-05319,39,Male,57,Two Year,Bank Transfer,Fiber Optic,No,No Internet,Yes,2,5.0,73.14,4345.5,0.3839,38.4,Low,No
CUST-05320,49,Female,0,Month-to-Month,Electronic Check,No,Yes,No Internet,Yes,0,2.7,36.3,35.51,0.6705,67.0,Medium,Yes
CUST-05321,45,Male,14,One Year,Electronic Check,DSL,No,No,Yes,1,1.0,55.91,818.33,0.3696,37.0,Low,No
CUST-05322,25,Female,22,Month-to-Month,Credit Card,DSL,No,Yes,Yes,2,3.8,61.59,1484.31,0.485,48.5,Medium,No
CUST-05323,57,Male,9,Month-to-Month,Electronic Check,DSL,No Internet,Yes,Yes,5,2.1,68.28,716.38,0.7407,74.1,High,Yes
CUST-05324,44,Male,35,Month-to-Month,Mailed Check,DSL,No,No Internet,No Internet,5,3.3,46.12,1645.89,0.5654,56.5,Medium,No
CUST-05325,44,Female,72,Month-to-Month,Mailed Check,No,No,Yes,No,3,2.5,21.85,1524.28,0.5578,55.8,Medium,No
CUST-05326,41,Female,68,Month-to-Month,Mailed Check,Fiber Optic,No,No,No,2,3.0,82.02,5409.6,0.7498,75.0,High,Yes
CUST-05327,34,Male,7,Month-to-Month,Bank Transfer,Fiber Optic,No Internet,No,No Internet,4,1.0,106.85,855.47,0.7628,76.3,High,Yes
CUST-05328,45,Female,6,Two Year,Bank Transfer,No,Yes,Yes,No,0,1.3,29.9,195.41,0.2127,21.3,Low,No
CUST-05329,48,Female,72,One Year,Credit Card,No,Yes,Yes,No,3,3.6,25.52,1950.58,0.0623,6.2,Low,No
CUST-05330,18,Male,14,Month-to-Month,Mailed Check,Fiber Optic,Yes,Yes,No,1,3.0,95.08,1436.11,0.6741,67.4,Medium,Yes
CUST-05331,34,Female,5,Two Year,Mailed Check,Fiber Optic,No,No,No,2,1.9,72.85,403.95,0.4134,41.3,Medium,No
CUST-05332,38,Female,29,Month-to-Month,Credit Card,DSL,Yes,No Internet,No Internet,1,2.6,51.52,1475.47,0.43,43.0,Medium,No
CUST-05333,45,Male,8,Month-to-Month,Credit Card,Fiber Optic,Yes,No,Yes,4,3.7,59.07,496.31,0.6994,69.9,Medium,Yes
CUST-05334,58,Female,7,One Year,Credit Card,Fiber Optic,No,Yes,Yes,3,2.9,89.62,654.52,0.4562,45.6,Medium,No
CUST-05335,31,Female,50,Month-to-Month,Bank Transfer,Fiber Optic,No Internet,No,Yes,6,3.7,98.9,5027.38,0.7144,71.4,High,Yes
CUST-05336,35,Female,4,One Year,Electronic Check,DSL,No Internet,Yes,No Internet,5,2.2,43.44,198.88,0.3491,34.9,Low,No
CUST-05337,34,Male,1,Month-to-Month,Electronic Check,Fiber Optic,No,Yes,No,4,3.8,93.84,180.06,0.8374,83.7,High,Yes
CUST-05338,30,Male,7,Month-to-Month,Credit Card,DSL,No,No,No Internet,1,2.9,37.67,301.49,0.5179,51.8,Medium,No
CUST-05339,37,Female,22,Month-to-Month,Credit Card,DSL,No Internet,No Internet,No,3,3.6,48.97,1040.92,0.4406,44.1,Medium,No
CUST-05340,52,Male,3,Two Year,Bank Transfer,DSL,No Internet,No Internet,No,2,3.5,65.75,271.58,0.1299,13.0,Low,No
CUST-05341,27,Male,15,One Year,Electronic Check,Fiber Optic,No Internet,No,No,3,2.8,78.4,1163.76,0.497,49.7,Medium,No
CUST-05342,47,Male,23,One Year,Bank Transfer,Fiber Optic,No,No,No,3,2.8,79.09,1882.2,0.4402,44.0,Medium,No
CUST-05343,18,Male,45,One Year,Electronic Check,Fiber Optic,Yes,No Internet,No,4,3.0,90.38,4317.83,0.5391,53.9,Medium,No
CUST-05344,34,Female,6,Month-to-Month,Mailed Check,DSL,Yes,No,No,3,4.0,60.76,388.87,0.4906,49.1,Medium,No
CUST-05345,37,Male,40,One Year,Mailed Check,DSL,No Internet,No,No,1,5.0,60.01,2253.1,0.162,16.2,Low,No
CUST-05346,65,Female,6,Month-to-Month,Credit Card,Fiber Optic,Yes,Yes,Yes,3,2.3,45.58,293.17,0.7132,71.3,High,Yes
CUST-05347,38,Male,27,Month-to-Month,Electronic Check,DSL,No,Yes,No,4,4.3,46.77,1248.83,0.7634,76.3,High,Yes
CUST-05348,18,Female,13,One Year,Bank Transfer,DSL,No,No,No,9,2.9,60.31,844.96,0.2869,28.7,Low,No
CUST-05349,18,Male,2,Month-to-Month,Mailed Check,DSL,Yes,No Internet,No Internet,4,3.1,50.01,147.15,0.6069,60.7,Medium,No
CUST-05350,42,Female,30,Month-to-Month,Bank Transfer,Fiber Optic,No Internet,No,No Internet,0,3.5,73.52,2153.15,0.6382,63.8,Medium,Yes
CUST-05351,50,Female,5,Two Year,Mailed Check,No,Yes,Yes,No,2,2.7,23.43,139.56,0.1514,15.1,Low,No
CUST-05352,47,Male,4,One Year,Credit Card,DSL,Yes,No,Yes,2,2.8,67.8,327.8,0.1407,14.1,Low,No
CUST-05353,44,Female,10,One Year,Electronic Check,No,No Internet,No,No Internet,1,5.0,28.35,297.16,0.1754,17.5,Low,No
CUST-05354,58,Male,25,Month-to-Month,Electronic Check,Fiber Optic,No,No Internet,Yes,0,3.3,90.86,2261.65,0.9432,94.3,High,Yes
CUST-05355,34,Female,6,Month-to-Month,Bank Transfer,No,No Internet,Yes,No,3,3.7,21.26,141.96,0.5064,50.6,Medium,No
CUST-05356,54,Female,4,One Year,Mailed Check,Fiber Optic,No,No,Yes,0,5.0,80.03,390.85,0.4084,40.8,Medium,No
CUST-05357,19,Female,0,One Year,Electronic Check,Fiber Optic,No,No,No,3,5.0,81.14,77.65,0.6302,63.0,Medium,Yes
CUST-05358,29,Female,15,Month-to-Month,Mailed Check,DSL,Yes,No Internet,No,5,3.0,59.29,899.24,0.5478,54.8,Medium,No
CUST-05359,18,Male,13,Two Year,Bank Transfer,DSL,No,No,No,4,2.3,45.79,607.82,0.3288,32.9,Low,No
CUST-05360,38,Male,6,Two Year,Electronic Check,DSL,Yes,No Internet,No Internet,3,2.0,58.57,382.46,0.3109,31.1,Low,No
CUST-05361,41,Male,1,Month-to-Month,Electronic Check,Fiber Optic,No Internet,Yes,No,4,1.9,100.8,187.78,0.8296,83.0,High,Yes
CUST-05362,43,Female,13,Two Year,Credit Card,No,Yes,Yes,No,6,2.7,24.03,317.21,0.2253,22.5,Low,No
CUST-05363,42,Female,37,Month-to-Month,Mailed Check,DSL,Yes,Yes,No,4,2.0,55.11,2190.17,0.5233,52.3,Medium,No
CUST-05364,29,Male,30,Month-to-Month,Electronic Check,No,No Internet,No,Yes,4,3.1,29.66,855.67,0.6728,67.3,Medium,Yes
CUST-05365,39,Female,47,Month-to-Month,Electronic Check,Fiber Optic,No,No,No,0,2.4,84.37,3914.85,0.861,86.1,High,Yes
CUST-05366,21,Male,0,One Year,Bank Transfer,DSL,No,Yes,No,3,2.8,48.92,50.69,0.2137,21.4,Low,No
CUST-05367,61,Male,72,Two Year,Electronic Check,Fiber Optic,No,No,No,2,3.1,73.73,4853.35,0.5762,57.6,Medium,No
CUST-05368,37,Female,10,One Year,Credit Card,DSL,Yes,No,No,2,2.8,56.38,614.43,0.1307,13.1,Low,No
CUST-05369,35,Male,72,One Year,Bank Transfer,DSL,Yes,No,No,1,2.0,55.33,4162.4,0.0979,9.8,Low,No
CUST-05370,64,Female,6,Month-to-Month,Mailed Check,Fiber Optic,No Internet,Yes,No,2,3.6,92.82,601.1,0.701,70.1,High,Yes
CUST-05371,24,Male,15,Month-to-Month,Credit Card,Fiber Optic,Yes,No Internet,No,3,4.6,78.06,1276.32,0.6243,62.4,Medium,Yes
CUST-05372,26,Female,10,Month-to-Month,Mailed Check,DSL,No,No,No,3,4.5,58.08,636.91,0.5721,57.2,Medium,No
CUST-05373,26,Male,10,Month-to-Month,Electronic Check,DSL,No,Yes,No Internet,2,4.1,45.32,510.08,0.6463,64.6,Medium,Yes
CUST-05374,41,Male,44,One Year,Bank Transfer,Fiber Optic,Yes,No,No,2,2.9,67.79,2777.95,0.3578,35.8,Low,No
CUST-05375,48,Female,32,Month-to-Month,Bank Transfer,DSL,No,Yes,Yes,3,2.5,43.81,1316.55,0.4893,48.9,Medium,No
CUST-05376,52,Female,72,One Year,Electronic Check,DSL,No,No,No,1,4.0,46.05,3097.58,0.235,23.5,Low,No
CUST-05377,78,Male,22,Month-to-Month,Mailed Check,DSL,No Internet,Yes,No,3,3.6,49.62,1194.72,0.5261,52.6,Medium,No
CUST-05378,18,Male,14,Month-to-Month,Mailed Check,Fiber Optic,Yes,No Internet,Yes,2,4.0,77.48,1199.28,0.7365,73.6,High,Yes
CUST-05379,50,Female,2,Month-to-Month,Electronic Check,DSL,Yes,No Internet,No,4,5.0,58.49,172.99,0.5592,55.9,Medium,No
CUST-05380,34,Male,72,Two Year,Bank Transfer,DSL,No Internet,Yes,No,3,3.2,59.77,4272.75,0.1401,14.0,Low,No
CUST-05381,33,Female,19,Month-to-Month,Bank Transfer,DSL,No,Yes,No,4,2.4,43.0,806.91,0.5358,53.6,Medium,No
CUST-05382,33,Female,28,Month-to-Month,Mailed Check,No,No,Yes,No Internet,3,2.6,29.58,799.3,0.6052,60.5,Medium,No
CUST-05383,29,Male,12,Two Year,Mailed Check,DSL,No Internet,No,No Internet,1,3.4,54.91,667.56,0.1579,15.8,Low,No
CUST-05384,65,Male,19,Two Year,Mailed Check,Fiber Optic,No,Yes,Yes,2,2.6,73.86,1491.25,0.4368,43.7,Medium,No
CUST-05385,53,Female,68,One Year,Electronic Check,Fiber Optic,No,No Internet,No,1,4.0,71.08,4880.5,0.5007,50.1,Medium,No
CUST-05386,42,Male,4,Month-to-Month,Electronic Check,Fiber Optic,Yes,No,No,4,4.0,75.1,366.21,0.869,86.9,High,Yes
CUST-05387,60,Female,8,Month-to-Month,Electronic Check,Fiber Optic,No,No,No,3,4.6,117.27,1081.85,0.8817,88.2,High,Yes
CUST-05388,20,Male,3,Two Year,Electronic Check,No,Yes,No,Yes,3,4.6,34.75,126.34,0.1912,19.1,Low,No
CUST-05389,23,Female,37,Two Year,Mailed Check,No,No Internet,No Internet,Yes,0,1.0,26.18,900.76,0.1619,16.2,Low,No
CUST-05390,18,Male,1,One Year,Bank Transfer,Fiber Optic,Yes,Yes,Yes,2,2.3,97.7,199.91,0.3232,32.3,Low,No
CUST-05391,32,Female,2,Month-to-Month,Mailed Check,Fiber Optic,No Internet,No,No Internet,4,3.3,93.16,268.98,0.729,72.9,High,Yes
CUST-05392,44,Male,8,Month-to-Month,Credit Card,Fiber Optic,No,No,Yes,1,2.0,102.41,921.53,0.7862,78.6,High,Yes
CUST-05393,43,Male,17,Month-to-Month,Credit Card,No,Yes,No,Yes,2,3.1,21.8,376.95,0.4592,45.9,Medium,No
CUST-05394,44,Female,12,One Year,Credit Card,No,No,No,Yes,2,2.3,20.27,254.49,0.2621,26.2,Low,No
CUST-05395,22,Male,1,Month-to-Month,Credit Card,Fiber Optic,Yes,Yes,No,2,2.7,73.9,133.52,0.6544,65.4,Medium,Yes
CUST-05396,53,Male,72,Two Year,Bank Transfer,DSL,Yes,No,Yes,1,5.0,47.79,3417.37,0.1071,10.7,Low,No
CUST-05397,45,Male,72,Month-to-Month,Bank Transfer,Fiber Optic,Yes,No Internet,Yes,1,4.6,74.3,4910.35,0.6453,64.5,Medium,Yes
CUST-05398,52,Male,7,One Year,Electronic Check,Fiber Optic,No Internet,Yes,No,2,3.2,82.19,626.43,0.5597,56.0,Medium,No
CUST-05399,18,Female,31,Month-to-Month,Bank Transfer,Fiber Optic,Yes,No,No,5,2.2,92.94,2737.66,0.7134,71.3,High,Yes
CUST-05400,46,Female,20,Month-to-Month,Bank Transfer,DSL,No Internet,Yes,No,5,3.6,48.7,953.85,0.4881,48.8,Medium,No
CUST-05401,25,Male,6,Month-to-Month,Mailed Check,Fiber Optic,Yes,No,No,1,1.0,90.33,655.15,0.7052,70.5,High,Yes
CUST-05402,36,Female,7,One Year,Bank Transfer,Fiber Optic,No,No,Yes,0,3.9,82.32,688.46,0.4159,41.6,Medium,No
CUST-05403,49,Female,16,One Year,Mailed Check,Fiber Optic,No Internet,No,Yes,5,3.8,71.49,1099.83,0.3196,32.0,Low,No
CUST-05404,43,Female,13,Month-to-Month,Mailed Check,Fiber Optic,No Internet,Yes,Yes,2,1.9,96.64,1403.16,0.6503,65.0,Medium,Yes
CUST-05405,30,Male,8,Two Year,Mailed Check,DSL,Yes,Yes,No Internet,1,4.7,64.66,598.05,0.1651,16.5,Low,No
CUST-05406,42,Female,39,Month-to-Month,Bank Transfer,Fiber Optic,No,No Internet,Yes,5,2.6,106.55,4165.81,0.8916,89.2,High,Yes
CUST-05407,20,Female,15,Two Year,Credit Card,No,Yes,Yes,No Internet,3,2.2,29.45,458.27,0.229,22.9,Low,No
CUST-05408,58,Male,25,Two Year,Credit Card,Fiber Optic,No,Yes,No Internet,3,3.4,100.3,2498.4,0.488,48.8,Medium,No
CUST-05409,39,Male,5,Two Year,Bank Transfer,Fiber Optic,No,No,No,2,1.8,114.14,683.48,0.4225,42.3,Medium,No
CUST-05410,57,Male,18,Month-to-Month,Electronic Check,Fiber Optic,No,Yes,No,2,2.3,88.03,1551.09,0.9383,93.8,High,Yes
CUST-05411,34,Female,9,Month-to-Month,Credit Card,Fiber Optic,No,No Internet,No,4,3.6,69.35,631.87,0.8339,83.4,High,Yes
CUST-05412,34,Male,17,Two Year,Electronic Check,Fiber Optic,Yes,Yes,No,0,2.7,102.88,1938.82,0.5263,52.6,Medium,No
CUST-05413,31,Female,36,Month-to-Month,Credit Card,Fiber Optic,Yes,No,No,2,4.8,81.39,3081.24,0.5588,55.9,Medium,No
CUST-05414,54,Male,35,Month-to-Month,Electronic Check,No,Yes,Yes,No,5,1.5,19.62,675.95,0.7584,75.8,High,Yes
CUST-05415,32,Female,10,One Year,Mailed Check,DSL,No Internet,No,Yes,2,3.3,60.89,609.4,0.1963,19.6,Low,No
CUST-05416,51,Female,28,Month-to-Month,Bank Transfer,No,Yes,No,No,0,4.3,18.0,544.75,0.373,37.3,Low,No
CUST-05417,36,Female,68,One Year,Bank Transfer,Fiber Optic,No,No Internet,No,4,4.1,87.63,5488.43,0.3626,36.3,Low,No
CUST-05418,18,Female,23,Two Year,Mailed Check,DSL,No,No,No,3,2.5,50.5,1091.28,0.2831,28.3,Low,No
CUST-05419,34,Female,3,One Year,Bank Transfer,Fiber Optic,No,Yes,No Internet,1,5.0,103.62,390.98,0.3005,30.1,Low,No
CUST-05420,25,Male,27,Month-to-Month,Mailed Check,DSL,No,Yes,Yes,0,1.2,60.41,1711.42,0.5443,54.4,Medium,No
CUST-05421,42,Female,2,Month-to-Month,Electronic Check,No,No,No Internet,No Internet,1,3.2,18.0,55.45,0.8086,80.9,High,Yes
CUST-05422,25,Male,49,Month-to-Month,Bank Transfer,No,No,No,No,3,4.2,22.86,1128.98,0.4563,45.6,Medium,No
CUST-05423,54,Female,17,Month-to-Month,Electronic Check,Fiber Optic,No,No,No,3,4.6,99.69,1738.84,0.9469,94.7,High,Yes
CUST-05424,40,Male,11,Month-to-Month,Bank Transfer,Fiber Optic,No Internet,No Internet,No Internet,4,2.2,74.66,808.33,0.7227,72.3,High,Yes
CUST-05425,39,Female,1,Month-to-Month,Electronic Check,Fiber Optic,No Internet,Yes,No Internet,1,3.4,77.97,148.49,0.7891,78.9,High,Yes
CUST-05426,51,Female,11,Month-to-Month,Mailed Check,Fiber Optic,No,No,No,1,4.1,90.34,989.3,0.7881,78.8,High,Yes
CUST-05427,55,Male,56,Month-to-Month,Mailed Check,Fiber Optic,Yes,Yes,No,1,3.0,82.55,4389.64,0.6771,67.7,Medium,Yes
CUST-05428,41,Male,0,Two Year,Electronic Check,Fiber Optic,No,Yes,Yes,3,1.9,88.53,80.59,0.7737,77.4,High,Yes
CUST-05429,31,Female,15,Month-to-Month,Mailed Check,Fiber Optic,No,Yes,No,1,1.3,69.82,1155.67,0.7821,78.2,High,Yes
CUST-05430,18,Male,64,Month-to-Month,Bank Transfer,Fiber Optic,No,No Internet,No Internet,2,2.5,74.66,4882.95,0.7233,72.3,High,Yes
CUST-05431,32,Male,12,One Year,Credit Card,Fiber Optic,No,Yes,Yes,4,2.6,86.12,1083.9,0.4857,48.6,Medium,No
CUST-05432,33,Male,13,One Year,Credit Card,DSL,No,Yes,Yes,3,2.4,58.57,852.5,0.2285,22.8,Low,No
CUST-05433,43,Female,20,Month-to-Month,Bank Transfer,Fiber Optic,No,Yes,No,3,5.0,88.2,1724.91,0.7804,78.0,High,Yes
CUST-05434,37,Female,14,One Year,Mailed Check,Fiber Optic,Yes,Yes,No,4,3.8,65.78,1029.17,0.3722,37.2,Low,No
CUST-05435,51,Female,4,Month-to-Month,Mailed Check,DSL,No,No Internet,No,1,2.9,43.46,197.99,0.5665,56.7,Medium,No
CUST-05436,33,Female,0,Month-to-Month,Electronic Check,DSL,Yes,No,No,4,3.0,54.84,55.93,0.788,78.8,High,Yes
CUST-05437,41,Male,22,Two Year,Mailed Check,Fiber Optic,No,No Internet,No,2,3.0,78.92,1723.13,0.3201,32.0,Low,No
CUST-05438,58,Female,60,Two Year,Credit Card,No,Yes,No Internet,No,2,3.9,18.73,1050.89,0.1089,10.9,Low,No
CUST-05439,46,Male,2,One Year,Mailed Check,Fiber Optic,Yes,No Internet,No,2,2.0,78.44,235.14,0.37,37.0,Low,No
CUST-05440,41,Male,5,One Year,Mailed Check,Fiber Optic,Yes,Yes,No Internet,2,2.1,80.17,478.76,0.4222,42.2,Medium,No
CUST-05441,33,Male,11,Two Year,Electronic Check,Fiber Optic,No Internet,Yes,No Internet,2,3.2,102.72,1282.1,0.5489,54.9,Medium,No
CUST-05442,33,Female,39,Two Year,Electronic Check,Fiber Optic,No,No,No,3,1.0,66.0,2485.34,0.6269,62.7,Medium,Yes
CUST-05443,30,Female,7,Month-to-Month,Electronic Check,DSL,No,No,Yes,4,2.3,73.51,596.86,0.7116,71.2,High,Yes
CUST-05444,34,Male,51,One Year,Bank Transfer,Fiber Optic,No,No,No,2,4.2,53.61,2894.3,0.3305,33.0,Low,No
CUST-05445,52,Female,1,Month-to-Month,Mailed Check,Fiber Optic,No,Yes,No Internet,2,4.1,102.71,198.94,0.7428,74.3,High,Yes
CUST-05446,38,Male,67,Month-to-Month,Bank Transfer,No,No,No Internet,No,0,1.4,29.48,1929.56,0.6006,60.1,Medium,No
CUST-05447,23,Male,19,Month-to-Month,Mailed Check,Fiber Optic,No,Yes,No Internet,1,3.1,66.41,1268.81,0.7869,78.7,High,Yes
CUST-05448,66,Male,25,One Year,Credit Card,DSL,Yes,Yes,No,2,1.7,54.44,1482.77,0.1215,12.1,Low,No
CUST-05449,46,Female,11,Two Year,Bank Transfer,Fiber Optic,Yes,No,No Internet,3,2.4,91.74,1091.24,0.3505,35.1,Low,No
CUST-05450,22,Female,36,Two Year,Bank Transfer,Fiber Optic,Yes,Yes,Yes,1,2.5,93.88,3606.79,0.3812,38.1,Low,No
CUST-05451,35,Male,4,Month-to-Month,Mailed Check,Fiber Optic,No,Yes,No,1,3.9,100.19,484.63,0.7395,74.0,High,Yes
CUST-05452,43,Female,1,Month-to-Month,Mailed Check,DSL,Yes,Yes,No,1,4.2,49.18,101.54,0.4688,46.9,Medium,No
CUST-05453,65,Male,12,Month-to-Month,Credit Card,DSL,No,Yes,No Internet,2,2.6,50.3,633.88,0.586,58.6,Medium,No
CUST-05454,26,Female,46,Month-to-Month,Electronic Check,Fiber Optic,No,Yes,No,3,1.5,59.57,2586.02,0.9236,92.4,High,Yes
CUST-05455,55,Female,33,Two Year,Electronic Check,Fiber Optic,Yes,Yes,Yes,1,1.2,99.59,3351.73,0.6385,63.8,Medium,Yes
CUST-05456,61,Male,17,Month-to-Month,Mailed Check,No,No Internet,No,No Internet,4,4.4,27.92,517.84,0.4366,43.7,Medium,No
CUST-05457,33,Female,20,One Year,Bank Transfer,No,No Internet,No,No,3,2.9,28.86,548.57,0.115,11.5,Low,No
CUST-05458,38,Female,3,Month-to-Month,Electronic Check,DSL,Yes,No,Yes,4,3.0,44.76,168.75,0.644,64.4,Medium,Yes
CUST-05459,27,Male,44,Month-to-Month,Bank Transfer,DSL,No Internet,No,No,5,1.9,62.11,2912.17,0.51,51.0,Medium,No
CUST-05460,39,Female,37,One Year,Mailed Check,No,No,Yes,No,3,4.2,18.65,666.55,0.191,19.1,Low,No
CUST-05461,41,Male,25,Month-to-Month,Mailed Check,Fiber Optic,No,Yes,No,1,3.9,87.49,2183.19,0.7037,70.4,High,Yes
CUST-05462,51,Male,15,Month-to-Month,Mailed Check,DSL,Yes,No Internet,No Internet,0,2.7,48.24,732.61,0.5026,50.3,Medium,No
CUST-05463,57,Male,72,Month-to-Month,Mailed Check,DSL,Yes,No,No,4,2.2,54.87,3761.45,0.4667,46.7,Medium,No
CUST-05464,31,Male,50,One Year,Electronic Check,DSL,No Internet,Yes,No,5,3.4,52.79,2581.4,0.3171,31.7,Low,No
CUST-05465,18,Female,24,Two Year,Electronic Check,Fiber Optic,No Internet,No Internet,Yes,1,1.2,69.16,1777.01,0.4792,47.9,Medium,No
CUST-05466,41,Female,11,Two Year,Electronic Check,DSL,No,No,No,3,3.7,63.08,718.73,0.2944,29.4,Low,No
CUST-05467,46,Female,23,Two Year,Bank Transfer,DSL,No Internet,Yes,Yes,1,2.9,54.96,1326.29,0.1146,11.5,Low,No
CUST-05468,45,Male,20,Two Year,Bank Transfer,No,No,No Internet,Yes,3,3.4,42.22,830.66,0.2553,25.5,Low,No
CUST-05469,37,Male,12,Two Year,Mailed Check,DSL,Yes,Yes,Yes,2,3.2,55.59,670.02,0.0767,7.7,Low,No
CUST-05470,43,Male,8,One Year,Bank Transfer,No,No,No Internet,Yes,3,4.1,32.9,302.33,0.1551,15.5,Low,No
CUST-05471,63,Female,12,Month-to-Month,Mailed Check,No,Yes,Yes,Yes,2,4.2,19.01,227.16,0.3272,32.7,Low,No
CUST-05472,47,Female,20,Month-to-Month,Electronic Check,Fiber Optic,No,Yes,No,1,4.3,95.58,2039.32,0.7423,74.2,High,Yes
CUST-05473,36,Female,13,Two Year,Electronic Check,Fiber Optic,No Internet,No,Yes,2,3.3,87.76,1223.07,0.5313,53.1,Medium,No
CUST-05474,34,Male,7,Month-to-Month,Credit Card,DSL,No,Yes,Yes,6,3.1,59.4,465.91,0.692,69.2,Medium,Yes
CUST-05475,39,Female,34,Month-to-Month,Bank Transfer,No,No,Yes,No Internet,2,2.5,20.42,692.61,0.5868,58.7,Medium,No
CUST-05476,64,Female,18,Two Year,Bank Transfer,Fiber Optic,No,No Internet,No,3,2.6,81.01,1508.89,0.4704,47.0,Medium,No
CUST-05477,39,Male,1,Month-to-Month,Mailed Check,DSL,Yes,Yes,No,1,3.6,49.49,90.94,0.4185,41.8,Medium,No
CUST-05478,41,Female,11,Two Year,Bank Transfer,Fiber Optic,No,No Internet,Yes,2,3.2,85.49,961.23,0.4437,44.4,Medium,No
CUST-05479,35,Male,51,One Year,Bank Transfer,Fiber Optic,No,No,No,1,4.5,86.57,4064.33,0.3348,33.5,Low,No
CUST-05480,57,Male,33,Month-to-Month,Electronic Check,DSL,No,No Internet,No,0,2.9,49.85,1703.12,0.72,72.0,High,Yes
CUST-05481,69,Male,9,One Year,Credit Card,DSL,No Internet,No,No,2,1.6,56.55,576.61,0.164,16.4,Low,No
CUST-05482,48,Male,66,Two Year,Electronic Check,DSL,Yes,No,No,4,3.4,46.3,3112.76,0.2857,28.6,Low,No
CUST-05483,43,Male,1,Month-to-Month,Electronic Check,No,No,Yes,No,3,4.2,18.0,36.23,0.6238,62.4,Medium,Yes
CUST-05484,42,Male,72,One Year,Electronic Check,Fiber Optic,No,No,No Internet,3,3.8,71.5,5373.61,0.4524,45.2,Medium,No
CUST-05485,18,Male,6,Two Year,Bank Transfer,Fiber Optic,Yes,Yes,No Internet,4,3.7,91.91,646.79,0.4115,41.2,Medium,No
CUST-05486,52,Female,0,Month-to-Month,Bank Transfer,No,No,Yes,Yes,2,4.3,22.98,21.89,0.4863,48.6,Medium,No
CUST-05487,43,Female,13,Month-to-Month,Bank Transfer,DSL,Yes,Yes,No,2,3.4,61.14,801.09,0.5088,50.9,Medium,No
CUST-05488,47,Female,10,Month-to-Month,Credit Card,Fiber Optic,No,Yes,Yes,4,1.4,96.92,1025.15,0.8532,85.3,High,Yes
CUST-05489,32,Male,18,Month-to-Month,Mailed Check,DSL,No,Yes,No,2,4.1,64.36,1185.52,0.4849,48.5,Medium,No
CUST-05490,36,Male,38,Month-to-Month,Mailed Check,No,Yes,No,No,3,3.5,18.37,674.1,0.437,43.7,Medium,No
CUST-05491,36,Male,44,One Year,Bank Transfer,DSL,No Internet,Yes,No,2,3.1,51.98,2208.25,0.1358,13.6,Low,No
CUST-05492,56,Male,12,Month-to-Month,Credit Card,No,No,Yes,No,4,1.9,31.42,411.1,0.6714,67.1,Medium,Yes
CUST-05493,36,Female,13,Two Year,Electronic Check,Fiber Optic,Yes,No Internet,No,2,2.3,86.19,1123.52,0.4943,49.4,Medium,No
CUST-05494,71,Female,3,Month-to-Month,Credit Card,Fiber Optic,No,No,No,2,1.2,83.32,338.32,0.8577,85.8,High,Yes
CUST-05495,48,Female,1,Month-to-Month,Electronic Check,No,No Internet,No Internet,Yes,3,2.6,18.0,33.79,0.6369,63.7,Medium,Yes
CUST-05496,24,Female,24,One Year,Bank Transfer,DSL,Yes,No Internet,No,1,2.5,48.97,1176.46,0.0859,8.6,Low,No
CUST-05497,40,Male,1,Two Year,Bank Transfer,Fiber Optic,No,Yes,No Internet,0,3.1,102.85,193.63,0.3455,34.6,Low,No
CUST-05498,32,Male,31,Month-to-Month,Credit Card,DSL,No,No Internet,Yes,3,4.9,60.7,1987.54,0.4509,45.1,Medium,No
CUST-05499,18,Female,18,Month-to-Month,Electronic Check,DSL,No,Yes,No,1,4.3,56.16,1023.42,0.6342,63.4,Medium,Yes
CUST-05500,64,Male,5,Two Year,Electronic Check,Fiber Optic,Yes,No Internet,No Internet,3,3.2,111.71,701.61,0.5136,51.4,Medium,No
